TEAM_NAME,Season,Month,TEAM_ID_base,GP_base,W_base,L_base,W_PCT_base,MIN_base,FGM,FGA,FG_PCT,FG3M,FG3A,FG3_PCT,FTM,FTA,FT_PCT,OREB,DREB,REB,AST,TOV,STL,BLK,BLKA,PF,PFD,PTS,PLUS_MINUS,GP_RANK_base,W_RANK_base,L_RANK_base,W_PCT_RANK_base,MIN_RANK_base,FGM_RANK,FGA_RANK,FG_PCT_RANK,FG3M_RANK,FG3A_RANK,FG3_PCT_RANK,FTM_RANK,FTA_RANK,FT_PCT_RANK,OREB_RANK,DREB_RANK,REB_RANK,AST_RANK,TOV_RANK,STL_RANK,BLK_RANK,BLKA_RANK,PF_RANK,PFD_RANK,PTS_RANK,PLUS_MINUS_RANK,SeasonType_base,TEAM_ID_adv,GP_adv,W_adv,L_adv,W_PCT_adv,MIN_adv,E_OFF_RATING,OFF_RATING,E_DEF_RATING,DEF_RATING,E_NET_RATING,NET_RATING,AST_PCT,AST_TO,AST_RATIO,OREB_PCT,DREB_PCT,REB_PCT,TM_TOV_PCT,EFG_PCT,TS_PCT,E_PACE,PACE,PACE_PER40,POSS,PIE,GP_RANK_adv,W_RANK_adv,L_RANK_adv,W_PCT_RANK_adv,MIN_RANK_adv,OFF_RATING_RANK,DEF_RATING_RANK,NET_RATING_RANK,AST_PCT_RANK,AST_TO_RANK,AST_RATIO_RANK,OREB_PCT_RANK,DREB_PCT_RANK,REB_PCT_RANK,TM_TOV_PCT_RANK,EFG_PCT_RANK,TS_PCT_RANK,PACE_RANK,PIE_RANK,SeasonType_adv
atlanta hawks,2020-21,1,,,,,,,,,,,,,,,,,,,,,,,,,,,,,,,,,,,,,,,,,,,,,,,,,,,,,,,,,,,,,,,,,,,,,,,,,,,,,,,,,,,,,,,,,,,,,,,,,,,,
boston celtics,2020-21,1,,,,,,,,,,,,,,,,,,,,,,,,,,,,,,,,,,,,,,,,,,,,,,,,,,,,,,,,,,,,,,,,,,,,,,,,,,,,,,,,,,,,,,,,,,,,,,,,,,,,
brooklyn nets,2020-21,1,,,,,,,,,,,,,,,,,,,,,,,,,,,,,,,,,,,,,,,,,,,,,,,,,,,,,,,,,,,,,,,,,,,,,,,,,,,,,,,,,,,,,,,,,,,,,,,,,,,,
charlotte hornets,2020-21,1,,,,,,,,,,,,,,,,,,,,,,,,,,,,,,,,,,,,,,,,,,,,,,,,,,,,,,,,,,,,,,,,,,,,,,,,,,,,,,,,,,,,,,,,,,,,,,,,,,,,
chicago bulls,2020-21,1,,,,,,,,,,,,,,,,,,,,,,,,,,,,,,,,,,,,,,,,,,,,,,,,,,,,,,,,,,,,,,,,,,,,,,,,,,,,,,,,,,,,,,,,,,,,,,,,,,,,
cleveland cavaliers,2020-21,1,,,,,,,,,,,,,,,,,,,,,,,,,,,,,,,,,,,,,,,,,,,,,,,,,,,,,,,,,,,,,,,,,,,,,,,,,,,,,,,,,,,,,,,,,,,,,,,,,,,,
dallas mavericks,2020-21,1,,,,,,,,,,,,,,,,,,,,,,,,,,,,,,,,,,,,,,,,,,,,,,,,,,,,,,,,,,,,,,,,,,,,,,,,,,,,,,,,,,,,,,,,,,,,,,,,,,,,
denver nuggets,2020-21,1,,,,,,,,,,,,,,,,,,,,,,,,,,,,,,,,,,,,,,,,,,,,,,,,,,,,,,,,,,,,,,,,,,,,,,,,,,,,,,,,,,,,,,,,,,,,,,,,,,,,
detroit pistons,2020-21,1,,,,,,,,,,,,,,,,,,,,,,,,,,,,,,,,,,,,,,,,,,,,,,,,,,,,,,,,,,,,,,,,,,,,,,,,,,,,,,,,,,,,,,,,,,,,,,,,,,,,
golden state warriors,2020-21,1,,,,,,,,,,,,,,,,,,,,,,,,,,,,,,,,,,,,,,,,,,,,,,,,,,,,,,,,,,,,,,,,,,,,,,,,,,,,,,,,,,,,,,,,,,,,,,,,,,,,
houston rockets,2020-21,1,,,,,,,,,,,,,,,,,,,,,,,,,,,,,,,,,,,,,,,,,,,,,,,,,,,,,,,,,,,,,,,,,,,,,,,,,,,,,,,,,,,,,,,,,,,,,,,,,,,,
indiana pacers,2020-21,1,,,,,,,,,,,,,,,,,,,,,,,,,,,,,,,,,,,,,,,,,,,,,,,,,,,,,,,,,,,,,,,,,,,,,,,,,,,,,,,,,,,,,,,,,,,,,,,,,,,,
la clippers,2020-21,1,,,,,,,,,,,,,,,,,,,,,,,,,,,,,,,,,,,,,,,,,,,,,,,,,,,,,,,,,,,,,,,,,,,,,,,,,,,,,,,,,,,,,,,,,,,,,,,,,,,,
los angeles lakers,2020-21,1,,,,,,,,,,,,,,,,,,,,,,,,,,,,,,,,,,,,,,,,,,,,,,,,,,,,,,,,,,,,,,,,,,,,,,,,,,,,,,,,,,,,,,,,,,,,,,,,,,,,
memphis grizzlies,2020-21,1,,,,,,,,,,,,,,,,,,,,,,,,,,,,,,,,,,,,,,,,,,,,,,,,,,,,,,,,,,,,,,,,,,,,,,,,,,,,,,,,,,,,,,,,,,,,,,,,,,,,
miami heat,2020-21,1,,,,,,,,,,,,,,,,,,,,,,,,,,,,,,,,,,,,,,,,,,,,,,,,,,,,,,,,,,,,,,,,,,,,,,,,,,,,,,,,,,,,,,,,,,,,,,,,,,,,
milwaukee bucks,2020-21,1,,,,,,,,,,,,,,,,,,,,,,,,,,,,,,,,,,,,,,,,,,,,,,,,,,,,,,,,,,,,,,,,,,,,,,,,,,,,,,,,,,,,,,,,,,,,,,,,,,,,
minnesota timberwolves,2020-21,1,,,,,,,,,,,,,,,,,,,,,,,,,,,,,,,,,,,,,,,,,,,,,,,,,,,,,,,,,,,,,,,,,,,,,,,,,,,,,,,,,,,,,,,,,,,,,,,,,,,,
new orleans pelicans,2020-21,1,,,,,,,,,,,,,,,,,,,,,,,,,,,,,,,,,,,,,,,,,,,,,,,,,,,,,,,,,,,,,,,,,,,,,,,,,,,,,,,,,,,,,,,,,,,,,,,,,,,,
new york knicks,2020-21,1,,,,,,,,,,,,,,,,,,,,,,,,,,,,,,,,,,,,,,,,,,,,,,,,,,,,,,,,,,,,,,,,,,,,,,,,,,,,,,,,,,,,,,,,,,,,,,,,,,,,
oklahoma city thunder,2020-21,1,,,,,,,,,,,,,,,,,,,,,,,,,,,,,,,,,,,,,,,,,,,,,,,,,,,,,,,,,,,,,,,,,,,,,,,,,,,,,,,,,,,,,,,,,,,,,,,,,,,,
orlando magic,2020-21,1,,,,,,,,,,,,,,,,,,,,,,,,,,,,,,,,,,,,,,,,,,,,,,,,,,,,,,,,,,,,,,,,,,,,,,,,,,,,,,,,,,,,,,,,,,,,,,,,,,,,
philadelphia 76ers,2020-21,1,,,,,,,,,,,,,,,,,,,,,,,,,,,,,,,,,,,,,,,,,,,,,,,,,,,,,,,,,,,,,,,,,,,,,,,,,,,,,,,,,,,,,,,,,,,,,,,,,,,,
phoenix suns,2020-21,1,,,,,,,,,,,,,,,,,,,,,,,,,,,,,,,,,,,,,,,,,,,,,,,,,,,,,,,,,,,,,,,,,,,,,,,,,,,,,,,,,,,,,,,,,,,,,,,,,,,,
portland trail blazers,2020-21,1,,,,,,,,,,,,,,,,,,,,,,,,,,,,,,,,,,,,,,,,,,,,,,,,,,,,,,,,,,,,,,,,,,,,,,,,,,,,,,,,,,,,,,,,,,,,,,,,,,,,
sacramento kings,2020-21,1,,,,,,,,,,,,,,,,,,,,,,,,,,,,,,,,,,,,,,,,,,,,,,,,,,,,,,,,,,,,,,,,,,,,,,,,,,,,,,,,,,,,,,,,,,,,,,,,,,,,
san antonio spurs,2020-21,1,,,,,,,,,,,,,,,,,,,,,,,,,,,,,,,,,,,,,,,,,,,,,,,,,,,,,,,,,,,,,,,,,,,,,,,,,,,,,,,,,,,,,,,,,,,,,,,,,,,,
toronto raptors,2020-21,1,,,,,,,,,,,,,,,,,,,,,,,,,,,,,,,,,,,,,,,,,,,,,,,,,,,,,,,,,,,,,,,,,,,,,,,,,,,,,,,,,,,,,,,,,,,,,,,,,,,,
utah jazz,2020-21,1,,,,,,,,,,,,,,,,,,,,,,,,,,,,,,,,,,,,,,,,,,,,,,,,,,,,,,,,,,,,,,,,,,,,,,,,,,,,,,,,,,,,,,,,,,,,,,,,,,,,
washington wizards,2020-21,1,,,,,,,,,,,,,,,,,,,,,,,,,,,,,,,,,,,,,,,,,,,,,,,,,,,,,,,,,,,,,,,,,,,,,,,,,,,,,,,,,,,,,,,,,,,,,,,,,,,,
atlanta hawks,2020-21,2,,,,,,,,,,,,,,,,,,,,,,,,,,,,,,,,,,,,,,,,,,,,,,,,,,,,,,,,,,,,,,,,,,,,,,,,,,,,,,,,,,,,,,,,,,,,,,,,,,,,
boston celtics,2020-21,2,,,,,,,,,,,,,,,,,,,,,,,,,,,,,,,,,,,,,,,,,,,,,,,,,,,,,,,,,,,,,,,,,,,,,,,,,,,,,,,,,,,,,,,,,,,,,,,,,,,,
brooklyn nets,2020-21,2,,,,,,,,,,,,,,,,,,,,,,,,,,,,,,,,,,,,,,,,,,,,,,,,,,,,,,,,,,,,,,,,,,,,,,,,,,,,,,,,,,,,,,,,,,,,,,,,,,,,
charlotte hornets,2020-21,2,,,,,,,,,,,,,,,,,,,,,,,,,,,,,,,,,,,,,,,,,,,,,,,,,,,,,,,,,,,,,,,,,,,,,,,,,,,,,,,,,,,,,,,,,,,,,,,,,,,,
chicago bulls,2020-21,2,,,,,,,,,,,,,,,,,,,,,,,,,,,,,,,,,,,,,,,,,,,,,,,,,,,,,,,,,,,,,,,,,,,,,,,,,,,,,,,,,,,,,,,,,,,,,,,,,,,,
cleveland cavaliers,2020-21,2,,,,,,,,,,,,,,,,,,,,,,,,,,,,,,,,,,,,,,,,,,,,,,,,,,,,,,,,,,,,,,,,,,,,,,,,,,,,,,,,,,,,,,,,,,,,,,,,,,,,
dallas mavericks,2020-21,2,,,,,,,,,,,,,,,,,,,,,,,,,,,,,,,,,,,,,,,,,,,,,,,,,,,,,,,,,,,,,,,,,,,,,,,,,,,,,,,,,,,,,,,,,,,,,,,,,,,,
denver nuggets,2020-21,2,,,,,,,,,,,,,,,,,,,,,,,,,,,,,,,,,,,,,,,,,,,,,,,,,,,,,,,,,,,,,,,,,,,,,,,,,,,,,,,,,,,,,,,,,,,,,,,,,,,,
detroit pistons,2020-21,2,,,,,,,,,,,,,,,,,,,,,,,,,,,,,,,,,,,,,,,,,,,,,,,,,,,,,,,,,,,,,,,,,,,,,,,,,,,,,,,,,,,,,,,,,,,,,,,,,,,,
golden state warriors,2020-21,2,,,,,,,,,,,,,,,,,,,,,,,,,,,,,,,,,,,,,,,,,,,,,,,,,,,,,,,,,,,,,,,,,,,,,,,,,,,,,,,,,,,,,,,,,,,,,,,,,,,,
houston rockets,2020-21,2,,,,,,,,,,,,,,,,,,,,,,,,,,,,,,,,,,,,,,,,,,,,,,,,,,,,,,,,,,,,,,,,,,,,,,,,,,,,,,,,,,,,,,,,,,,,,,,,,,,,
indiana pacers,2020-21,2,,,,,,,,,,,,,,,,,,,,,,,,,,,,,,,,,,,,,,,,,,,,,,,,,,,,,,,,,,,,,,,,,,,,,,,,,,,,,,,,,,,,,,,,,,,,,,,,,,,,
la clippers,2020-21,2,,,,,,,,,,,,,,,,,,,,,,,,,,,,,,,,,,,,,,,,,,,,,,,,,,,,,,,,,,,,,,,,,,,,,,,,,,,,,,,,,,,,,,,,,,,,,,,,,,,,
los angeles lakers,2020-21,2,,,,,,,,,,,,,,,,,,,,,,,,,,,,,,,,,,,,,,,,,,,,,,,,,,,,,,,,,,,,,,,,,,,,,,,,,,,,,,,,,,,,,,,,,,,,,,,,,,,,
memphis grizzlies,2020-21,2,,,,,,,,,,,,,,,,,,,,,,,,,,,,,,,,,,,,,,,,,,,,,,,,,,,,,,,,,,,,,,,,,,,,,,,,,,,,,,,,,,,,,,,,,,,,,,,,,,,,
miami heat,2020-21,2,,,,,,,,,,,,,,,,,,,,,,,,,,,,,,,,,,,,,,,,,,,,,,,,,,,,,,,,,,,,,,,,,,,,,,,,,,,,,,,,,,,,,,,,,,,,,,,,,,,,
milwaukee bucks,2020-21,2,,,,,,,,,,,,,,,,,,,,,,,,,,,,,,,,,,,,,,,,,,,,,,,,,,,,,,,,,,,,,,,,,,,,,,,,,,,,,,,,,,,,,,,,,,,,,,,,,,,,
minnesota timberwolves,2020-21,2,,,,,,,,,,,,,,,,,,,,,,,,,,,,,,,,,,,,,,,,,,,,,,,,,,,,,,,,,,,,,,,,,,,,,,,,,,,,,,,,,,,,,,,,,,,,,,,,,,,,
new orleans pelicans,2020-21,2,,,,,,,,,,,,,,,,,,,,,,,,,,,,,,,,,,,,,,,,,,,,,,,,,,,,,,,,,,,,,,,,,,,,,,,,,,,,,,,,,,,,,,,,,,,,,,,,,,,,
new york knicks,2020-21,2,,,,,,,,,,,,,,,,,,,,,,,,,,,,,,,,,,,,,,,,,,,,,,,,,,,,,,,,,,,,,,,,,,,,,,,,,,,,,,,,,,,,,,,,,,,,,,,,,,,,
oklahoma city thunder,2020-21,2,,,,,,,,,,,,,,,,,,,,,,,,,,,,,,,,,,,,,,,,,,,,,,,,,,,,,,,,,,,,,,,,,,,,,,,,,,,,,,,,,,,,,,,,,,,,,,,,,,,,
orlando magic,2020-21,2,,,,,,,,,,,,,,,,,,,,,,,,,,,,,,,,,,,,,,,,,,,,,,,,,,,,,,,,,,,,,,,,,,,,,,,,,,,,,,,,,,,,,,,,,,,,,,,,,,,,
philadelphia 76ers,2020-21,2,,,,,,,,,,,,,,,,,,,,,,,,,,,,,,,,,,,,,,,,,,,,,,,,,,,,,,,,,,,,,,,,,,,,,,,,,,,,,,,,,,,,,,,,,,,,,,,,,,,,
phoenix suns,2020-21,2,,,,,,,,,,,,,,,,,,,,,,,,,,,,,,,,,,,,,,,,,,,,,,,,,,,,,,,,,,,,,,,,,,,,,,,,,,,,,,,,,,,,,,,,,,,,,,,,,,,,
portland trail blazers,2020-21,2,,,,,,,,,,,,,,,,,,,,,,,,,,,,,,,,,,,,,,,,,,,,,,,,,,,,,,,,,,,,,,,,,,,,,,,,,,,,,,,,,,,,,,,,,,,,,,,,,,,,
sacramento kings,2020-21,2,,,,,,,,,,,,,,,,,,,,,,,,,,,,,,,,,,,,,,,,,,,,,,,,,,,,,,,,,,,,,,,,,,,,,,,,,,,,,,,,,,,,,,,,,,,,,,,,,,,,
san antonio spurs,2020-21,2,,,,,,,,,,,,,,,,,,,,,,,,,,,,,,,,,,,,,,,,,,,,,,,,,,,,,,,,,,,,,,,,,,,,,,,,,,,,,,,,,,,,,,,,,,,,,,,,,,,,
toronto raptors,2020-21,2,,,,,,,,,,,,,,,,,,,,,,,,,,,,,,,,,,,,,,,,,,,,,,,,,,,,,,,,,,,,,,,,,,,,,,,,,,,,,,,,,,,,,,,,,,,,,,,,,,,,
utah jazz,2020-21,2,,,,,,,,,,,,,,,,,,,,,,,,,,,,,,,,,,,,,,,,,,,,,,,,,,,,,,,,,,,,,,,,,,,,,,,,,,,,,,,,,,,,,,,,,,,,,,,,,,,,
washington wizards,2020-21,2,,,,,,,,,,,,,,,,,,,,,,,,,,,,,,,,,,,,,,,,,,,,,,,,,,,,,,,,,,,,,,,,,,,,,,,,,,,,,,,,,,,,,,,,,,,,,,,,,,,,
atlanta hawks,2020-21,3,1610612737.0,4.0,2.0,2.0,0.5,48.0,36.0,90.3,0.399,12.8,39.3,0.325,28.0,35.0,0.8,11.8,42.0,53.8,24.0,17.8,7.3,3.3,6.3,24.0,27.0,112.8,-4.0,1.0,7.0,15.0,14.0,3.0,26.0,13.0,29.0,15.0,11.0,22.0,1.0,3.0,2.0,4.0,3.0,2.0,14.0,13.0,23.0,23.0,24.0,15.0,5.0,9.0,18.0,Pre Season,1610612737.0,4.0,2.0,2.0,0.5,192.0,101.0,103.2,104.5,106.6,-3.5,-3.4,0.667,1.35,16.2,0.267,0.77,0.515,0.162,0.47,0.534,111.7,109.38,91.15,437.0,0.482,1.0,7.0,15.0,14.0,1.0,14.0,22.0,18.0,6.0,16.0,21.0,8.0,11.0,8.0,12.0,28.0,23.0,4.0,18.0,Pre Season
boston celtics,2020-21,3,1610612738.0,2.0,0.0,2.0,0.0,48.0,34.0,87.5,0.389,9.5,42.0,0.226,16.5,21.5,0.767,11.5,33.5,45.0,18.5,21.0,10.0,6.0,6.5,24.5,21.5,94.0,-16.5,26.0,25.0,15.0,25.0,3.0,29.0,20.0,30.0,28.0,7.0,30.0,19.0,23.0,8.0,5.0,27.0,18.0,30.0,26.0,9.0,8.0,26.0,19.0,21.0,29.0,29.0,Pre Season,1610612738.0,2.0,0.0,2.0,0.0,96.0,88.3,90.4,102.7,104.7,-14.4,-14.4,0.544,0.88,13.5,0.273,0.703,0.479,0.202,0.443,0.485,107.0,104.75,87.29,208.0,0.379,26.0,25.0,15.0,25.0,26.0,30.0,17.0,29.0,29.0,30.0,30.0,7.0,28.0,24.0,27.0,30.0,30.0,16.0,30.0,Pre Season
brooklyn nets,2020-21,3,1610612751.0,2.0,2.0,0.0,1.0,48.0,38.0,81.0,0.469,15.0,32.5,0.462,25.0,36.0,0.694,6.5,40.5,47.0,24.5,18.0,9.0,8.0,3.0,19.5,28.0,116.0,14.5,26.0,7.0,1.0,1.0,3.0,18.0,26.0,7.0,6.0,26.0,2.0,3.0,2.0,25.0,28.0,6.0,12.0,10.0,16.0,15.0,1.0,4.0,4.0,2.0,6.0,4.0,Pre Season,1610612751.0,2.0,2.0,0.0,1.0,96.0,107.1,107.4,91.5,94.4,15.6,13.0,0.645,1.36,17.3,0.219,0.73,0.505,0.167,0.562,0.599,109.7,107.75,89.79,216.0,0.61,26.0,7.0,1.0,1.0,26.0,7.0,3.0,4.0,9.0,15.0,10.0,24.0,21.0,12.0,16.0,3.0,3.0,10.0,2.0,Pre Season
charlotte hornets,2020-21,3,1610612766.0,4.0,1.0,3.0,0.25,48.0,39.3,88.3,0.445,14.5,36.8,0.395,19.3,26.3,0.733,9.3,37.5,46.8,27.5,19.8,7.3,4.3,5.0,22.0,23.0,112.3,-2.3,1.0,19.0,24.0,23.0,3.0,11.0,17.0,11.0,11.0,19.0,6.0,13.0,12.0,15.0,19.0,14.0,13.0,4.0,24.0,23.0,19.0,19.0,13.0,17.0,11.0,15.0,Pre Season,1610612766.0,4.0,1.0,3.0,0.25,192.0,101.8,103.9,103.1,105.8,-1.3,-1.8,0.701,1.39,18.6,0.249,0.74,0.498,0.183,0.527,0.562,110.7,108.13,90.1,432.0,0.492,1.0,19.0,24.0,23.0,1.0,13.0,19.0,15.0,2.0,13.0,4.0,12.0,18.0,15.0,21.0,11.0,10.0,8.0,15.0,Pre Season
chicago bulls,2020-21,3,1610612741.0,4.0,3.0,1.0,0.75,48.0,41.0,92.3,0.444,11.8,37.0,0.318,15.5,22.8,0.681,12.5,45.0,57.5,24.8,18.5,6.5,5.3,6.3,18.5,20.8,109.3,3.8,1.0,2.0,6.0,6.0,3.0,5.0,4.0,12.0,24.0,16.0,23.0,26.0,19.0,29.0,3.0,1.0,1.0,8.0,19.0,26.0,13.0,24.0,2.0,23.0,17.0,11.0,Pre Season,1610612741.0,4.0,3.0,1.0,0.75,192.0,100.9,102.8,98.5,99.5,2.4,3.3,0.604,1.34,16.9,0.295,0.798,0.557,0.174,0.508,0.534,107.7,106.13,88.44,425.0,0.538,1.0,2.0,6.0,6.0,1.0,15.0,10.0,11.0,18.0,19.0,12.0,4.0,4.0,2.0,19.0,16.0,22.0,12.0,10.0,Pre Season
cleveland cavaliers,2020-21,3,1610612739.0,4.0,2.0,2.0,0.5,48.0,34.8,77.3,0.45,11.5,29.5,0.39,18.8,26.3,0.714,9.8,35.0,44.8,21.8,24.0,8.0,4.3,5.8,25.3,24.0,99.8,-7.5,1.0,7.0,15.0,14.0,3.0,27.0,30.0,10.0,25.0,29.0,7.0,14.0,12.0,19.0,10.0,24.0,20.0,23.0,30.0,19.0,19.0,22.0,21.0,13.0,26.0,24.0,Pre Season,1610612739.0,4.0,2.0,2.0,0.5,192.0,96.8,99.5,104.5,106.2,-7.7,-6.7,0.626,0.91,16.1,0.281,0.78,0.535,0.239,0.524,0.562,102.9,100.63,83.85,401.0,0.443,1.0,7.0,15.0,14.0,1.0,23.0,20.0,23.0,12.0,29.0,22.0,6.0,5.0,4.0,30.0,13.0,11.0,26.0,24.0,Pre Season
dallas mavericks,2020-21,3,1610612742.0,3.0,2.0,1.0,0.667,49.7,42.3,97.7,0.433,19.7,44.3,0.444,18.0,22.0,0.818,9.7,38.7,48.3,25.7,12.3,4.3,4.0,8.0,20.7,26.0,122.3,8.0,14.0,7.0,6.0,10.0,1.0,3.0,1.0,17.0,1.0,3.0,3.0,16.0,20.0,1.0,13.0,10.0,11.0,5.0,1.0,30.0,21.0,30.0,7.0,7.0,1.0,9.0,Pre Season,1610612742.0,3.0,2.0,1.0,0.667,149.0,111.2,113.3,105.3,106.5,5.9,6.7,0.606,2.08,17.5,0.237,0.772,0.495,0.114,0.534,0.57,105.6,104.05,86.71,324.0,0.514,14.0,7.0,6.0,10.0,14.0,4.0,21.0,10.0,17.0,1.0,9.0,17.0,9.0,16.0,1.0,8.0,8.0,18.0,12.0,Pre Season
denver nuggets,2020-21,3,1610612743.0,3.0,2.0,1.0,0.667,48.0,43.3,91.3,0.474,14.7,38.3,0.383,18.7,25.0,0.747,13.3,38.7,52.0,29.7,17.7,9.3,6.7,4.3,25.3,25.7,120.0,20.7,14.0,7.0,6.0,10.0,3.0,1.0,10.0,6.0,8.0,13.0,9.0,15.0,14.0,13.0,2.0,10.0,3.0,1.0,12.0,11.0,6.0,15.0,22.0,8.0,3.0,1.0,Pre Season,1610612743.0,3.0,2.0,1.0,0.667,144.0,112.5,114.3,92.4,95.5,20.1,18.8,0.685,1.68,19.7,0.32,0.772,0.556,0.168,0.555,0.586,107.1,104.5,87.08,315.0,0.64,14.0,7.0,6.0,10.0,16.0,3.0,4.0,1.0,4.0,3.0,2.0,3.0,8.0,3.0,17.0,5.0,7.0,17.0,1.0,Pre Season
detroit pistons,2020-21,3,1610612765.0,4.0,2.0,2.0,0.5,48.0,33.0,80.5,0.41,12.3,37.5,0.327,15.8,22.0,0.716,7.3,36.8,44.0,19.5,21.5,11.8,2.5,3.8,21.3,21.3,94.0,2.5,1.0,7.0,15.0,14.0,3.0,30.0,27.0,26.0,18.0,15.0,21.0,25.0,20.0,18.0,26.0,17.0,22.0,28.0,28.0,3.0,29.0,10.0,10.0,22.0,29.0,13.0,Pre Season,1610612765.0,4.0,2.0,2.0,0.5,192.0,90.0,91.0,87.0,89.1,3.0,2.0,0.591,0.91,14.7,0.214,0.754,0.488,0.208,0.486,0.521,104.8,103.0,85.83,413.0,0.506,1.0,7.0,15.0,14.0,1.0,29.0,1.0,13.0,19.0,28.0,27.0,25.0,16.0,21.0,28.0,25.0,25.0,22.0,13.0,Pre Season
golden state warriors,2020-21,3,1610612744.0,3.0,2.0,1.0,0.667,48.0,38.3,89.3,0.429,14.7,42.0,0.349,19.7,27.3,0.72,8.0,40.7,48.7,24.3,17.0,10.0,7.7,7.0,27.0,23.7,111.0,3.0,14.0,7.0,6.0,10.0,3.0,14.0,15.0,18.0,8.0,7.0,15.0,11.0,11.0,17.0,23.0,5.0,9.0,12.0,10.0,9.0,2.0,27.0,25.0,15.0,12.0,12.0,Pre Season,1610612744.0,3.0,2.0,1.0,0.667,144.0,100.6,101.8,94.3,99.4,6.3,2.4,0.635,1.43,17.0,0.205,0.731,0.479,0.156,0.511,0.548,112.5,108.83,90.69,327.0,0.525,14.0,7.0,6.0,10.0,16.0,17.0,8.0,12.0,11.0,10.0,11.0,26.0,20.0,23.0,10.0,14.0,14.0,5.0,11.0,Pre Season
houston rockets,2020-21,3,1610612745.0,4.0,3.0,1.0,0.75,48.0,40.5,92.5,0.438,17.0,46.8,0.364,16.0,20.8,0.771,8.8,38.0,46.8,22.3,13.3,10.3,6.8,4.3,24.3,18.5,114.0,11.0,1.0,2.0,6.0,6.0,3.0,7.0,3.0,15.0,4.0,2.0,11.0,22.0,27.0,7.0,20.0,13.0,13.0,21.0,3.0,8.0,4.0,13.0,17.0,30.0,8.0,5.0,Pre Season,1610612745.0,4.0,3.0,1.0,0.75,192.0,107.4,109.6,97.8,99.5,9.6,10.1,0.549,1.68,16.1,0.235,0.716,0.478,0.127,0.53,0.561,105.7,103.75,86.46,416.0,0.545,1.0,2.0,6.0,6.0,1.0,5.0,9.0,6.0,26.0,3.0,23.0,18.0,26.0,26.0,3.0,10.0,12.0,19.0,9.0,Pre Season
indiana pacers,2020-21,3,1610612754.0,3.0,0.0,3.0,0.0,48.0,38.0,92.0,0.413,14.3,42.0,0.341,15.3,23.0,0.667,11.3,27.3,38.7,23.7,17.0,10.7,2.7,4.3,29.7,26.3,105.7,-6.3,14.0,25.0,24.0,25.0,3.0,18.0,6.0,25.0,12.0,7.0,18.0,28.0,18.0,30.0,6.0,30.0,30.0,16.0,10.0,5.0,27.0,15.0,29.0,6.0,21.0,22.0,Pre Season,1610612754.0,3.0,0.0,3.0,0.0,144.0,98.0,100.3,105.1,107.0,-7.0,-6.7,0.623,1.39,16.6,0.256,0.712,0.445,0.161,0.491,0.517,107.2,105.0,87.5,316.0,0.425,14.0,25.0,24.0,25.0,16.0,22.0,23.0,24.0,14.0,14.0,14.0,10.0,27.0,30.0,11.0,23.0,27.0,14.0,26.0,Pre Season
la clippers,2020-21,3,1610612746.0,3.0,0.0,3.0,0.0,48.0,34.7,81.3,0.426,12.0,33.7,0.356,16.0,21.3,0.75,7.7,34.3,42.0,21.7,18.7,5.3,5.3,2.3,24.3,20.0,97.3,-17.0,14.0,25.0,24.0,25.0,3.0,28.0,25.0,19.0,20.0,24.0,12.0,22.0,25.0,12.0,24.0,25.0,28.0,24.0,21.0,28.0,12.0,1.0,18.0,27.0,28.0,30.0,Pre Season,1610612746.0,3.0,0.0,3.0,0.0,144.0,95.7,97.7,112.0,115.1,-16.3,-17.4,0.625,1.16,16.3,0.243,0.755,0.495,0.187,0.5,0.536,101.9,99.5,82.92,299.0,0.398,14.0,25.0,24.0,25.0,16.0,27.0,29.0,30.0,13.0,25.0,19.0,15.0,15.0,17.0,24.0,20.0,21.0,28.0,29.0,Pre Season
los angeles lakers,2020-21,3,1610612747.0,4.0,4.0,0.0,1.0,48.0,39.0,82.0,0.476,12.8,25.5,0.5,20.3,28.8,0.704,6.8,36.0,42.8,22.0,15.8,9.0,2.8,4.8,20.0,27.3,111.0,9.3,1.0,1.0,1.0,1.0,3.0,12.0,23.0,5.0,15.0,30.0,1.0,9.0,7.0,23.0,27.0,19.0,27.0,22.0,8.0,15.0,26.0,18.0,5.0,4.0,12.0,8.0,Pre Season,1610612747.0,4.0,4.0,0.0,1.0,192.0,107.1,108.8,96.9,99.3,10.2,9.6,0.564,1.4,16.5,0.204,0.725,0.478,0.154,0.553,0.586,104.3,102.25,85.21,408.0,0.561,1.0,1.0,1.0,1.0,1.0,6.0,7.0,7.0,24.0,12.0,15.0,28.0,23.0,25.0,8.0,6.0,6.0,24.0,8.0,Pre Season
memphis grizzlies,2020-21,3,1610612763.0,4.0,3.0,1.0,0.75,48.0,41.5,92.0,0.451,15.0,42.8,0.351,20.5,28.8,0.713,9.8,40.5,50.3,28.3,18.3,10.8,6.8,5.0,24.8,24.5,118.5,10.5,1.0,2.0,6.0,6.0,3.0,4.0,6.0,9.0,6.0,5.0,14.0,8.0,7.0,21.0,10.0,6.0,8.0,2.0,18.0,4.0,4.0,19.0,20.0,11.0,4.0,6.0,Pre Season,1610612763.0,4.0,3.0,1.0,0.75,192.0,104.7,106.8,95.0,97.3,9.7,9.5,0.681,1.55,18.6,0.239,0.778,0.512,0.164,0.533,0.566,113.4,111.0,92.5,444.0,0.562,1.0,2.0,6.0,6.0,1.0,9.0,5.0,8.0,5.0,8.0,5.0,16.0,6.0,9.0,15.0,9.0,9.0,1.0,7.0,Pre Season
miami heat,2020-21,3,1610612748.0,2.0,1.0,1.0,0.5,48.0,37.0,77.5,0.477,16.0,41.5,0.386,14.5,19.0,0.763,5.5,37.5,43.0,28.0,20.0,6.0,3.0,2.5,26.0,20.0,104.5,-5.0,26.0,19.0,6.0,14.0,3.0,22.0,29.0,3.0,5.0,10.0,8.0,29.0,30.0,10.0,30.0,14.0,24.0,3.0,25.0,27.0,24.0,3.0,23.0,27.0,22.0,21.0,Pre Season,1610612748.0,2.0,1.0,1.0,0.5,96.0,104.1,104.0,107.9,109.5,-3.8,-5.5,0.757,1.4,20.6,0.186,0.731,0.49,0.199,0.581,0.609,100.9,100.25,83.54,201.0,0.49,26.0,19.0,6.0,14.0,26.0,12.0,25.0,22.0,1.0,11.0,1.0,30.0,19.0,18.0,26.0,2.0,2.0,27.0,16.0,Pre Season
milwaukee bucks,2020-21,3,1610612749.0,3.0,0.0,3.0,0.0,48.0,39.7,90.0,0.441,10.3,37.0,0.279,19.3,24.3,0.795,9.3,37.0,46.3,24.7,15.3,5.3,6.0,3.3,26.7,20.7,109.0,-13.3,14.0,25.0,24.0,25.0,3.0,9.0,14.0,13.0,27.0,16.0,29.0,12.0,16.0,5.0,17.0,16.0,15.0,9.0,6.0,28.0,8.0,7.0,24.0,25.0,18.0,26.0,Pre Season,1610612749.0,3.0,0.0,3.0,0.0,144.0,102.1,105.5,115.6,117.6,-13.5,-12.1,0.622,1.61,17.5,0.244,0.72,0.485,0.148,0.498,0.541,106.3,103.67,86.39,310.0,0.447,14.0,25.0,24.0,25.0,16.0,11.0,30.0,26.0,15.0,7.0,8.0,14.0,25.0,22.0,6.0,21.0,17.0,20.0,23.0,Pre Season
minnesota timberwolves,2020-21,3,1610612750.0,3.0,1.0,2.0,0.333,49.7,38.3,90.3,0.424,12.7,37.0,0.342,23.3,31.0,0.753,9.7,41.3,51.0,21.3,21.0,9.3,7.3,7.7,27.3,23.7,112.7,-6.3,14.0,19.0,15.0,20.0,1.0,14.0,12.0,21.0,17.0,16.0,17.0,4.0,6.0,11.0,13.0,4.0,5.0,25.0,26.0,11.0,3.0,29.0,26.0,15.0,10.0,22.0,Pre Season,1610612750.0,3.0,1.0,2.0,0.333,149.0,97.7,99.1,103.6,104.4,-5.8,-5.3,0.557,1.02,14.4,0.234,0.777,0.505,0.185,0.494,0.542,111.3,110.01,91.68,341.0,0.448,14.0,19.0,15.0,20.0,14.0,25.0,15.0,21.0,25.0,27.0,28.0,19.0,7.0,13.0,23.0,22.0,15.0,2.0,22.0,Pre Season
new orleans pelicans,2020-21,3,1610612740.0,2.0,2.0,0.0,1.0,48.0,41.0,85.5,0.48,12.0,35.5,0.338,26.5,37.5,0.707,15.0,36.0,51.0,22.5,12.5,7.5,4.5,4.0,19.0,29.0,120.5,18.0,26.0,7.0,1.0,1.0,3.0,5.0,21.0,2.0,20.0,21.0,19.0,2.0,1.0,22.0,1.0,19.0,5.0,19.0,2.0,21.0,16.0,11.0,3.0,1.0,2.0,2.0,Pre Season,1610612740.0,2.0,2.0,0.0,1.0,96.0,121.1,121.7,101.5,104.6,19.6,17.1,0.549,1.8,16.1,0.37,0.757,0.567,0.126,0.55,0.591,100.3,98.5,82.08,198.0,0.607,26.0,7.0,1.0,1.0,26.0,1.0,16.0,3.0,27.0,2.0,24.0,1.0,14.0,1.0,2.0,7.0,4.0,29.0,3.0,Pre Season
new york knicks,2020-21,3,1610612752.0,4.0,3.0,1.0,0.75,48.0,37.0,81.5,0.454,9.0,29.8,0.303,17.0,24.8,0.687,9.8,35.5,45.3,24.3,18.5,10.5,5.8,4.3,23.0,24.5,100.0,10.3,1.0,2.0,6.0,6.0,3.0,22.0,24.0,8.0,29.0,28.0,27.0,18.0,15.0,26.0,10.0,22.0,17.0,13.0,19.0,6.0,10.0,13.0,14.0,11.0,25.0,7.0,Pre Season,1610612752.0,4.0,3.0,1.0,0.75,192.0,98.9,101.5,88.2,91.1,10.6,10.4,0.655,1.31,17.8,0.288,0.728,0.516,0.188,0.509,0.541,101.4,98.5,82.08,394.0,0.598,1.0,2.0,6.0,6.0,1.0,18.0,2.0,5.0,7.0,20.0,6.0,5.0,22.0,7.0,25.0,15.0,16.0,29.0,4.0,Pre Season
oklahoma city thunder,2020-21,3,1610612760.0,3.0,1.0,2.0,0.333,48.0,39.0,91.7,0.425,14.7,35.3,0.415,16.3,21.3,0.766,9.3,42.3,51.7,21.3,18.0,8.0,4.0,5.7,17.3,20.3,109.0,-3.3,14.0,19.0,15.0,20.0,3.0,12.0,9.0,20.0,8.0,22.0,4.0,20.0,25.0,9.0,17.0,2.0,4.0,25.0,16.0,19.0,21.0,21.0,1.0,26.0,18.0,17.0,Pre Season,1610612760.0,3.0,1.0,2.0,0.333,144.0,99.3,99.4,101.0,102.7,-1.7,-3.4,0.547,1.19,15.0,0.205,0.763,0.49,0.164,0.505,0.539,110.5,109.5,91.25,329.0,0.483,14.0,19.0,15.0,20.0,16.0,24.0,14.0,17.0,28.0,23.0,26.0,27.0,12.0,19.0,13.0,18.0,18.0,3.0,17.0,Pre Season
orlando magic,2020-21,3,1610612753.0,4.0,2.0,2.0,0.5,48.0,42.8,97.0,0.441,13.0,38.8,0.335,16.0,21.5,0.744,11.3,39.8,51.0,24.5,14.8,8.8,5.5,3.3,21.3,23.0,114.5,-2.5,1.0,7.0,15.0,14.0,3.0,2.0,2.0,14.0,13.0,12.0,20.0,22.0,23.0,14.0,7.0,8.0,5.0,10.0,5.0,17.0,11.0,6.0,10.0,17.0,7.0,16.0,Pre Season,1610612753.0,4.0,2.0,2.0,0.5,192.0,104.1,105.8,106.6,108.3,-2.5,-2.6,0.573,1.66,16.7,0.256,0.722,0.489,0.136,0.508,0.538,109.9,108.13,90.1,433.0,0.503,1.0,7.0,15.0,14.0,1.0,10.0,24.0,16.0,22.0,5.0,13.0,11.0,24.0,20.0,5.0,17.0,20.0,8.0,14.0,Pre Season
philadelphia 76ers,2020-21,3,1610612755.0,2.0,2.0,0.0,1.0,48.0,40.0,80.0,0.5,9.0,30.0,0.3,21.5,31.5,0.683,9.5,35.5,45.0,23.0,21.5,7.5,5.0,4.0,27.5,27.5,110.5,7.5,26.0,7.0,1.0,1.0,3.0,8.0,28.0,1.0,29.0,27.0,28.0,7.0,4.0,28.0,15.0,22.0,18.0,17.0,28.0,21.0,14.0,11.0,27.0,3.0,14.0,10.0,Pre Season,1610612755.0,2.0,2.0,0.0,1.0,96.0,104.4,107.3,97.6,100.5,6.8,6.8,0.575,1.07,16.4,0.322,0.664,0.517,0.209,0.556,0.589,105.7,102.75,85.62,206.0,0.585,26.0,7.0,1.0,1.0,26.0,8.0,13.0,9.0,21.0,26.0,17.0,2.0,30.0,6.0,29.0,4.0,5.0,23.0,6.0,Pre Season
phoenix suns,2020-21,3,1610612756.0,4.0,0.0,4.0,0.0,48.0,38.3,88.0,0.435,12.3,35.8,0.343,15.5,19.8,0.785,8.3,35.8,44.0,22.5,17.8,9.3,2.5,3.0,28.3,20.8,104.3,-9.8,1.0,25.0,30.0,25.0,3.0,16.0,18.0,16.0,18.0,20.0,16.0,26.0,29.0,6.0,22.0,21.0,22.0,19.0,13.0,13.0,29.0,4.0,28.0,23.0,23.0,25.0,Pre Season,1610612756.0,4.0,0.0,4.0,0.0,192.0,98.2,100.7,109.4,110.4,-11.2,-9.7,0.588,1.27,16.3,0.231,0.813,0.503,0.171,0.504,0.539,105.2,103.38,86.15,414.0,0.442,1.0,25.0,30.0,25.0,1.0,20.0,26.0,25.0,20.0,21.0,18.0,20.0,3.0,14.0,18.0,19.0,19.0,21.0,25.0,Pre Season
portland trail blazers,2020-21,3,1610612757.0,4.0,1.0,3.0,0.25,48.0,38.3,92.3,0.415,12.0,32.8,0.366,17.5,22.0,0.795,10.0,33.0,43.0,19.5,15.8,8.8,5.0,6.0,24.0,22.8,106.0,-13.5,1.0,19.0,24.0,23.0,3.0,16.0,4.0,24.0,20.0,25.0,10.0,17.0,20.0,3.0,9.0,28.0,24.0,28.0,8.0,17.0,14.0,23.0,15.0,19.0,20.0,27.0,Pre Season,1610612757.0,4.0,1.0,3.0,0.25,192.0,98.4,101.2,110.8,113.5,-12.4,-12.3,0.51,1.24,14.1,0.246,0.698,0.467,0.15,0.48,0.52,107.8,105.0,87.5,419.0,0.412,1.0,19.0,24.0,23.0,1.0,19.0,28.0,27.0,30.0,22.0,29.0,13.0,29.0,27.0,7.0,26.0,26.0,14.0,28.0,Pre Season
sacramento kings,2020-21,3,1610612758.0,4.0,2.0,2.0,0.5,48.0,37.5,91.8,0.409,13.0,42.8,0.304,22.5,31.3,0.72,9.5,39.0,48.5,24.0,17.8,9.3,6.3,7.5,21.5,25.0,110.5,-4.3,1.0,7.0,15.0,14.0,3.0,20.0,8.0,27.0,13.0,5.0,26.0,5.0,5.0,16.0,15.0,9.0,10.0,14.0,13.0,13.0,7.0,28.0,12.0,10.0,14.0,19.0,Pre Season,1610612758.0,4.0,2.0,2.0,0.5,192.0,97.1,102.3,104.5,105.8,-7.4,-3.4,0.64,1.35,16.4,0.266,0.771,0.508,0.164,0.48,0.524,111.8,108.25,90.21,432.0,0.474,1.0,7.0,15.0,14.0,1.0,16.0,18.0,19.0,10.0,16.0,16.0,9.0,10.0,10.0,14.0,27.0,24.0,7.0,21.0,Pre Season
san antonio spurs,2020-21,3,1610612759.0,3.0,0.0,3.0,0.0,48.0,36.7,91.0,0.403,10.7,34.0,0.314,20.0,28.0,0.714,10.3,32.7,43.0,21.0,14.3,10.3,4.3,4.7,20.3,22.0,104.0,-16.3,14.0,25.0,24.0,25.0,3.0,25.0,11.0,28.0,26.0,23.0,24.0,10.0,9.0,19.0,8.0,29.0,24.0,27.0,4.0,7.0,17.0,17.0,6.0,20.0,24.0,28.0,Pre Season,1610612759.0,3.0,0.0,3.0,0.0,144.0,96.9,98.4,110.9,112.5,-14.0,-14.0,0.573,1.47,15.1,0.223,0.745,0.459,0.136,0.462,0.503,107.9,106.33,88.61,317.0,0.412,14.0,25.0,24.0,25.0,16.0,26.0,27.0,28.0,23.0,9.0,25.0,22.0,17.0,28.0,4.0,29.0,29.0,11.0,27.0,Pre Season
toronto raptors,2020-21,3,1610612761.0,3.0,2.0,1.0,0.667,48.0,37.3,88.7,0.421,18.3,51.7,0.355,16.3,23.3,0.7,6.3,33.7,40.0,25.7,19.0,14.0,4.3,3.7,29.7,24.0,109.3,0.7,14.0,7.0,6.0,10.0,3.0,21.0,16.0,22.0,2.0,1.0,13.0,20.0,17.0,24.0,29.0,26.0,29.0,5.0,22.0,1.0,17.0,9.0,29.0,13.0,16.0,14.0,Pre Season,1610612761.0,3.0,2.0,1.0,0.667,144.0,98.0,100.6,97.9,99.7,0.1,0.9,0.688,1.35,17.7,0.2,0.759,0.458,0.175,0.524,0.553,111.3,108.83,90.69,326.0,0.476,14.0,7.0,6.0,10.0,16.0,21.0,12.0,14.0,3.0,18.0,7.0,29.0,13.0,29.0,20.0,12.0,13.0,5.0,20.0,Pre Season
utah jazz,2020-21,3,1610612762.0,3.0,3.0,0.0,1.0,48.0,39.3,82.7,0.476,17.7,44.0,0.402,22.0,27.7,0.795,7.7,38.7,46.3,25.7,15.7,6.7,2.7,2.3,21.0,25.7,118.3,17.7,14.0,2.0,1.0,1.0,3.0,10.0,22.0,4.0,3.0,4.0,5.0,6.0,10.0,4.0,24.0,10.0,15.0,5.0,7.0,25.0,27.0,1.0,9.0,8.0,5.0,3.0,Pre Season,1610612762.0,3.0,3.0,0.0,1.0,144.0,115.1,117.2,97.4,99.7,17.6,17.5,0.653,1.64,18.7,0.223,0.819,0.531,0.155,0.583,0.624,103.1,101.0,84.17,303.0,0.597,14.0,2.0,1.0,1.0,16.0,2.0,11.0,2.0,8.0,6.0,3.0,21.0,2.0,5.0,9.0,1.0,1.0,25.0,5.0,Pre Season
washington wizards,2020-21,3,1610612764.0,3.0,1.0,2.0,0.333,48.0,37.0,88.0,0.42,12.0,38.3,0.313,13.7,20.0,0.683,8.3,36.3,44.7,22.7,19.3,12.0,3.0,3.3,20.7,20.0,99.7,-4.3,14.0,19.0,15.0,20.0,3.0,22.0,18.0,23.0,20.0,13.0,25.0,30.0,28.0,27.0,21.0,18.0,21.0,18.0,23.0,2.0,24.0,7.0,7.0,27.0,27.0,20.0,Pre Season,1610612764.0,3.0,1.0,2.0,0.333,144.0,92.5,94.3,98.6,98.4,-6.1,-4.1,0.613,1.17,16.2,0.222,0.836,0.507,0.183,0.489,0.515,106.7,105.67,88.06,317.0,0.479,14.0,19.0,15.0,20.0,16.0,28.0,6.0,20.0,16.0,24.0,20.0,23.0,1.0,11.0,22.0,24.0,28.0,13.0,19.0,Pre Season
atlanta hawks,2020-21,4,1610612737.0,15.0,7.0,8.0,0.467,48.7,38.9,88.9,0.437,11.3,34.0,0.333,20.0,24.9,0.802,11.6,35.7,47.3,23.4,14.2,7.1,5.3,6.1,19.7,20.2,109.1,1.6,15.0,12.0,17.0,15.0,4.0,25.0,10.0,28.0,25.0,19.0,29.0,2.0,4.0,6.0,3.0,10.0,3.0,22.0,15.0,19.0,12.0,27.0,14.0,12.0,20.0,13.0,Regular Season,1610612737.0,15.0,7.0,8.0,0.467,730.0,106.4,108.1,105.1,106.7,1.3,1.4,0.602,1.65,16.8,0.296,0.728,0.512,0.141,0.501,0.546,101.0,99.45,82.88,1514.0,0.502,15.0,12.0,17.0,15.0,15.0,23.0,4.0,13.0,16.0,19.0,23.0,4.0,19.0,9.0,13.0,28.0,26.0,15.0,14.0,Regular Season
boston celtics,2020-21,4,1610612738.0,13.0,7.0,6.0,0.538,48.0,41.8,88.5,0.472,11.9,32.2,0.37,15.5,20.5,0.759,10.7,34.5,45.2,22.7,15.5,8.5,5.3,5.0,21.3,19.5,111.0,3.7,25.0,12.0,8.0,12.0,17.0,10.0,13.0,9.0,20.0,24.0,12.0,25.0,27.0,18.0,8.0,17.0,10.0,23.0,26.0,7.0,11.0,14.0,25.0,15.0,17.0,7.0,Regular Season,1610612738.0,13.0,7.0,6.0,0.538,624.0,108.6,111.2,106.5,107.4,2.1,3.8,0.543,1.47,16.6,0.292,0.739,0.515,0.155,0.54,0.569,101.5,99.88,83.24,1298.0,0.515,25.0,12.0,8.0,12.0,28.0,13.0,5.0,8.0,28.0,27.0,25.0,6.0,13.0,8.0,27.0,10.0,16.0,14.0,10.0,Regular Season
brooklyn nets,2020-21,4,1610612751.0,17.0,10.0,7.0,0.588,48.9,44.6,88.4,0.505,14.4,36.3,0.397,18.6,22.5,0.828,8.2,36.8,45.0,27.6,14.8,5.9,6.1,4.1,20.0,19.3,122.4,2.8,1.0,6.0,10.0,8.0,3.0,1.0,15.0,1.0,6.0,11.0,3.0,5.0,7.0,3.0,28.0,3.0,13.0,4.0,22.0,28.0,5.0,6.0,15.0,18.0,1.0,9.0,Regular Season,1610612751.0,17.0,10.0,7.0,0.588,831.0,116.6,117.5,112.2,115.1,4.4,2.5,0.619,1.87,19.5,0.233,0.746,0.507,0.142,0.587,0.623,103.8,102.12,85.1,1770.0,0.526,1.0,6.0,10.0,8.0,1.0,2.0,27.0,10.0,9.0,11.0,4.0,26.0,11.0,12.0,19.0,1.0,1.0,5.0,8.0,Regular Season
charlotte hornets,2020-21,4,1610612766.0,16.0,7.0,9.0,0.438,48.0,39.1,87.1,0.448,13.3,36.4,0.364,16.6,21.7,0.764,10.4,33.2,43.6,28.0,14.4,8.4,5.1,5.6,16.9,19.1,107.9,-2.1,2.0,12.0,20.0,18.0,17.0,24.0,24.0,23.0,14.0,10.0,16.0,17.0,15.0,17.0,14.0,24.0,21.0,2.0,18.0,8.0,15.0,19.0,1.0,22.0,23.0,20.0,Regular Season,1610612766.0,16.0,7.0,9.0,0.438,768.0,107.2,108.9,109.7,111.0,-2.5,-2.1,0.717,1.94,20.0,0.274,0.707,0.49,0.146,0.524,0.558,100.5,99.13,82.6,1586.0,0.495,2.0,12.0,20.0,18.0,8.0,19.0,18.0,19.0,1.0,5.0,2.0,15.0,29.0,18.0,20.0,21.0,22.0,19.0,18.0,Regular Season
chicago bulls,2020-21,4,1610612741.0,13.0,5.0,8.0,0.385,48.4,42.6,88.1,0.484,14.3,36.2,0.395,15.5,19.4,0.802,9.2,35.9,45.1,25.8,17.7,7.8,3.9,3.5,21.0,18.7,115.1,-1.7,25.0,23.0,17.0,23.0,8.0,4.0,16.0,3.0,7.0,12.0,4.0,25.0,28.0,7.0,22.0,8.0,11.0,9.0,30.0,15.0,26.0,3.0,23.0,24.0,8.0,19.0,Regular Season,1610612741.0,13.0,5.0,8.0,0.385,629.0,109.4,111.1,111.4,113.5,-2.0,-2.3,0.606,1.46,18.3,0.267,0.762,0.521,0.171,0.565,0.596,104.1,102.41,85.34,1346.0,0.5,25.0,23.0,17.0,23.0,26.0,14.0,25.0,20.0,14.0,28.0,11.0,16.0,1.0,5.0,30.0,5.0,3.0,3.0,15.0,Regular Season
cleveland cavaliers,2020-21,4,1610612739.0,15.0,6.0,9.0,0.4,48.7,38.6,86.7,0.445,9.3,27.0,0.343,15.6,21.5,0.727,11.8,31.6,43.4,21.8,16.0,9.0,4.6,7.1,18.7,20.5,102.1,-6.7,15.0,21.0,20.0,22.0,4.0,26.0,26.0,26.0,29.0,29.0,26.0,24.0,17.0,27.0,2.0,30.0,24.0,28.0,28.0,4.0,21.0,30.0,9.0,11.0,29.0,27.0,Regular Season,1610612739.0,15.0,6.0,9.0,0.4,730.0,101.7,103.6,109.1,110.0,-7.3,-6.5,0.565,1.36,16.1,0.301,0.716,0.502,0.162,0.499,0.531,98.7,97.35,81.12,1478.0,0.462,15.0,21.0,20.0,22.0,15.0,29.0,13.0,27.0,26.0,30.0,28.0,3.0,25.0,14.0,29.0,29.0,29.0,29.0,28.0,Regular Season
dallas mavericks,2020-21,4,1610612742.0,16.0,7.0,9.0,0.438,48.3,40.3,87.5,0.461,11.8,35.4,0.332,16.0,21.6,0.742,8.3,35.0,43.3,22.5,12.8,6.4,5.0,3.9,21.6,20.9,108.4,-2.9,2.0,12.0,20.0,18.0,13.0,18.0,22.0,16.0,22.0,15.0,30.0,23.0,16.0,25.0,26.0,13.0,25.0,25.0,6.0,26.0,16.0,5.0,26.0,8.0,22.0,21.0,Regular Season,1610612742.0,16.0,7.0,9.0,0.438,773.0,106.9,108.9,109.8,111.7,-2.9,-2.8,0.558,1.76,16.9,0.23,0.724,0.48,0.128,0.528,0.559,100.7,98.95,82.46,1593.0,0.485,2.0,12.0,20.0,18.0,4.0,20.0,19.0,22.0,27.0,14.0,22.0,27.0,20.0,28.0,5.0,19.0,21.0,20.0,20.0,Regular Season
denver nuggets,2020-21,4,1610612743.0,16.0,11.0,5.0,0.688,49.3,43.3,90.4,0.478,13.8,35.2,0.391,16.2,20.7,0.782,11.6,34.2,45.8,27.0,13.8,9.2,3.6,4.1,20.1,20.6,116.4,6.9,2.0,4.0,5.0,5.0,2.0,3.0,7.0,7.0,8.0,16.0,5.0,22.0,24.0,10.0,4.0,20.0,8.0,5.0,11.0,2.0,29.0,7.0,16.0,9.0,4.0,3.0,Regular Season,1610612743.0,16.0,11.0,5.0,0.688,788.0,114.4,116.3,108.7,109.4,5.7,6.9,0.624,1.95,19.0,0.31,0.761,0.532,0.138,0.554,0.585,98.7,97.58,81.32,1602.0,0.533,2.0,4.0,5.0,5.0,2.0,5.0,10.0,3.0,8.0,4.0,5.0,1.0,2.0,2.0,10.0,7.0,6.0,28.0,6.0,Regular Season
detroit pistons,2020-21,4,1610612765.0,16.0,5.0,11.0,0.313,48.6,37.3,87.0,0.429,13.3,36.1,0.369,19.6,24.8,0.793,9.9,31.6,41.6,23.8,14.6,7.9,4.9,6.4,20.4,21.6,107.6,-3.1,2.0,23.0,28.0,27.0,7.0,30.0,25.0,29.0,12.0,13.0,13.0,4.0,5.0,8.0,18.0,29.0,29.0,21.0,21.0,11.0,18.0,29.0,18.0,2.0,24.0,22.0,Regular Season,1610612765.0,16.0,5.0,11.0,0.313,778.0,104.9,108.2,110.0,110.9,-5.1,-2.7,0.637,1.62,17.3,0.28,0.712,0.487,0.147,0.505,0.549,100.3,98.31,81.93,1591.0,0.473,2.0,23.0,28.0,27.0,3.0,22.0,16.0,21.0,6.0,23.0,19.0,12.0,26.0,21.0,21.0,26.0,23.0,23.0,24.0,Regular Season
golden state warriors,2020-21,4,1610612744.0,16.0,9.0,7.0,0.563,48.0,41.2,88.4,0.466,13.4,36.6,0.367,17.0,22.2,0.766,8.4,36.1,44.5,27.8,14.5,7.3,5.4,5.0,23.1,21.4,112.8,2.3,2.0,7.0,10.0,10.0,17.0,13.0,14.0,12.0,10.0,9.0,14.0,11.0,11.0,15.0,25.0,6.0,16.0,3.0,19.0,17.0,9.0,14.0,30.0,5.0,12.0,11.0,Regular Season,1610612744.0,16.0,9.0,7.0,0.563,768.0,108.3,109.8,105.5,107.5,2.8,2.3,0.674,1.91,19.6,0.225,0.72,0.481,0.141,0.542,0.575,104.5,102.81,85.68,1644.0,0.521,2.0,7.0,10.0,10.0,8.0,18.0,6.0,11.0,4.0,8.0,3.0,28.0,23.0,26.0,15.0,9.0,10.0,2.0,9.0,Regular Season
houston rockets,2020-21,4,1610612745.0,15.0,8.0,7.0,0.533,48.0,39.4,87.6,0.45,13.7,38.9,0.352,16.8,22.4,0.75,8.7,35.9,44.7,22.4,15.5,8.1,6.7,6.1,20.4,20.1,109.3,2.5,15.0,10.0,10.0,13.0,17.0,22.0,20.0,21.0,9.0,5.0,23.0,13.0,8.0,22.0,24.0,7.0,15.0,27.0,27.0,10.0,1.0,28.0,19.0,13.0,19.0,10.0,Regular Season,1610612745.0,15.0,8.0,7.0,0.533,720.0,104.9,107.9,102.6,105.0,2.2,2.9,0.569,1.45,16.5,0.242,0.716,0.483,0.153,0.528,0.561,104.1,101.47,84.56,1519.0,0.511,15.0,10.0,10.0,13.0,20.0,24.0,3.0,9.0,23.0,29.0,27.0,23.0,24.0,25.0,26.0,20.0,18.0,7.0,11.0,Regular Season
indiana pacers,2020-21,4,1610612754.0,15.0,7.0,8.0,0.467,48.7,41.5,88.9,0.467,12.7,35.1,0.363,16.2,20.7,0.781,8.9,33.5,42.3,26.0,13.7,7.9,5.9,5.7,20.1,18.4,111.9,-0.7,15.0,12.0,17.0,15.0,4.0,11.0,11.0,10.0,17.0,17.0,17.0,21.0,23.0,11.0,23.0,23.0,27.0,8.0,9.0,12.0,7.0,23.0,17.0,26.0,14.0,17.0,Regular Season,1610612754.0,15.0,7.0,8.0,0.467,730.0,108.8,111.3,109.4,111.7,-0.6,-0.4,0.627,1.9,18.8,0.25,0.71,0.481,0.136,0.538,0.571,101.4,99.22,82.68,1507.0,0.496,15.0,12.0,17.0,15.0,15.0,12.0,20.0,17.0,7.0,9.0,9.0,21.0,27.0,27.0,9.0,13.0,15.0,17.0,16.0,Regular Season
la clippers,2020-21,4,1610612746.0,16.0,12.0,4.0,0.75,48.0,41.2,85.8,0.48,15.0,35.5,0.423,17.8,20.5,0.866,9.4,35.0,44.4,24.4,12.7,7.4,4.6,3.0,17.6,18.1,115.1,9.3,2.0,2.0,3.0,2.0,17.0,13.0,28.0,5.0,4.0,14.0,1.0,8.0,26.0,1.0,21.0,13.0,18.0,15.0,5.0,16.0,20.0,1.0,5.0,28.0,7.0,1.0,Regular Season,1610612746.0,16.0,12.0,4.0,0.75,768.0,117.3,117.7,106.4,108.5,10.9,9.2,0.593,1.93,18.2,0.26,0.761,0.518,0.13,0.567,0.607,98.8,97.69,81.41,1565.0,0.547,2.0,2.0,3.0,2.0,8.0,1.0,8.0,1.0,18.0,7.0,12.0,19.0,3.0,6.0,6.0,4.0,2.0,26.0,1.0,Regular Season
los angeles lakers,2020-21,4,1610612747.0,16.0,12.0,4.0,0.75,48.0,40.7,87.6,0.464,11.5,30.8,0.373,16.5,22.3,0.742,10.7,35.8,46.4,23.9,13.9,7.0,6.1,4.5,17.8,20.6,109.4,6.5,2.0,2.0,3.0,2.0,17.0,17.0,19.0,14.0,23.0,25.0,10.0,18.0,10.0,26.0,9.0,9.0,5.0,20.0,14.0,20.0,4.0,10.0,6.0,10.0,18.0,4.0,Regular Season,1610612747.0,16.0,12.0,4.0,0.75,768.0,108.7,110.9,101.8,104.4,6.9,6.5,0.587,1.71,17.6,0.284,0.749,0.517,0.141,0.53,0.561,100.9,98.59,82.16,1578.0,0.535,2.0,2.0,3.0,2.0,8.0,15.0,2.0,4.0,20.0,17.0,16.0,10.0,9.0,7.0,17.0,17.0,17.0,22.0,3.0,Regular Season
memphis grizzlies,2020-21,4,1610612763.0,10.0,7.0,3.0,0.7,48.0,42.4,91.0,0.466,10.6,29.6,0.358,10.7,14.0,0.764,10.4,34.1,44.5,29.4,13.8,11.3,4.9,5.7,18.9,16.3,106.1,4.4,30.0,12.0,1.0,4.0,17.0,7.0,4.0,13.0,28.0,28.0,19.0,30.0,30.0,16.0,15.0,21.0,16.0,1.0,10.0,1.0,17.0,24.0,10.0,30.0,26.0,6.0,Regular Season,1610612763.0,10.0,7.0,3.0,0.7,480.0,105.5,107.4,100.6,102.9,4.9,4.5,0.693,2.13,20.8,0.275,0.729,0.5,0.14,0.524,0.546,100.8,98.8,82.33,988.0,0.535,30.0,12.0,1.0,4.0,30.0,25.0,1.0,6.0,2.0,2.0,1.0,14.0,18.0,15.0,12.0,22.0,25.0,21.0,4.0,Regular Season
miami heat,2020-21,4,1610612748.0,15.0,5.0,10.0,0.333,48.3,38.0,82.5,0.461,12.9,37.7,0.342,16.6,21.3,0.781,6.9,34.5,41.4,25.7,16.2,5.6,3.7,4.1,19.5,21.0,105.5,-4.8,15.0,23.0,27.0,26.0,11.0,28.0,30.0,15.0,16.0,8.0,28.0,15.0,20.0,12.0,30.0,18.0,30.0,10.0,29.0,30.0,28.0,8.0,12.0,7.0,27.0,25.0,Regular Season,1610612748.0,15.0,5.0,10.0,0.333,725.0,104.3,105.5,109.1,110.6,-4.8,-5.1,0.675,1.58,18.9,0.217,0.733,0.483,0.162,0.539,0.574,100.4,99.18,82.65,1500.0,0.483,15.0,23.0,27.0,26.0,18.0,27.0,15.0,25.0,3.0,24.0,8.0,29.0,16.0,24.0,28.0,11.0,11.0,18.0,21.0,Regular Season
milwaukee bucks,2020-21,4,1610612749.0,14.0,9.0,5.0,0.643,48.0,44.2,90.6,0.488,14.5,38.3,0.379,15.3,21.4,0.713,10.3,37.6,47.9,26.9,14.2,7.9,4.6,5.1,17.3,18.6,118.2,5.8,21.0,7.0,5.0,7.0,17.0,2.0,5.0,2.0,5.0,6.0,9.0,28.0,18.0,29.0,17.0,1.0,2.0,6.0,16.0,13.0,19.0,17.0,3.0,25.0,2.0,5.0,Regular Season,1610612749.0,14.0,9.0,5.0,0.643,672.0,113.7,117.2,109.6,110.9,4.1,6.3,0.607,1.89,19.0,0.28,0.75,0.522,0.141,0.568,0.591,103.3,101.11,84.26,1412.0,0.534,21.0,7.0,5.0,7.0,22.0,3.0,17.0,5.0,13.0,10.0,6.0,11.0,8.0,4.0,14.0,3.0,5.0,9.0,5.0,Regular Season
minnesota timberwolves,2020-21,4,1610612750.0,15.0,3.0,12.0,0.2,48.3,39.4,89.2,0.442,11.9,33.7,0.352,16.6,22.1,0.752,10.3,33.1,43.5,24.2,15.4,8.7,6.0,5.6,22.1,19.4,107.3,-9.3,15.0,30.0,29.0,30.0,11.0,22.0,8.0,27.0,21.0,22.0,22.0,15.0,13.0,21.0,16.0,26.0,23.0,17.0,25.0,6.0,6.0,20.0,28.0,16.0,25.0,30.0,Regular Season,1610612750.0,15.0,3.0,12.0,0.2,725.0,103.2,104.4,111.3,112.9,-8.2,-8.5,0.614,1.57,17.3,0.254,0.704,0.474,0.15,0.508,0.542,103.6,102.29,85.24,1541.0,0.451,15.0,30.0,29.0,30.0,18.0,28.0,24.0,28.0,11.0,26.0,20.0,20.0,30.0,29.0,25.0,25.0,27.0,4.0,29.0,Regular Season
new orleans pelicans,2020-21,4,1610612740.0,13.0,4.0,9.0,0.308,48.4,42.0,88.6,0.474,11.5,32.3,0.355,18.5,25.5,0.726,11.5,34.8,46.3,24.7,15.1,6.7,3.7,5.5,17.9,21.5,114.0,-4.0,25.0,27.0,20.0,28.0,8.0,8.0,12.0,8.0,24.0,23.0,20.0,6.0,3.0,28.0,6.0,15.0,7.0,13.0,23.0,23.0,27.0,18.0,7.0,4.0,10.0,23.0,Regular Season,1610612740.0,13.0,4.0,9.0,0.308,629.0,110.2,112.6,115.1,116.7,-5.0,-4.0,0.588,1.64,17.6,0.294,0.755,0.523,0.149,0.539,0.571,102.2,100.39,83.66,1316.0,0.481,25.0,27.0,20.0,28.0,26.0,9.0,29.0,24.0,19.0,21.0,15.0,5.0,6.0,3.0,23.0,12.0,14.0,11.0,23.0,Regular Season
new york knicks,2020-21,4,1610612752.0,16.0,7.0,9.0,0.438,48.0,38.3,85.2,0.449,9.1,26.4,0.346,17.0,22.1,0.768,11.1,35.6,46.6,20.4,12.4,6.6,5.1,5.9,20.4,19.1,102.6,-0.9,2.0,12.0,20.0,18.0,17.0,27.0,29.0,22.0,30.0,30.0,25.0,11.0,12.0,13.0,7.0,11.0,4.0,29.0,4.0,24.0,13.0,25.0,20.0,22.0,28.0,18.0,Regular Season,1610612752.0,16.0,7.0,9.0,0.438,768.0,106.6,108.3,108.0,109.0,-1.4,-0.7,0.534,1.64,15.9,0.279,0.735,0.51,0.131,0.503,0.541,96.1,94.84,79.04,1516.0,0.495,2.0,12.0,20.0,18.0,8.0,21.0,9.0,18.0,29.0,20.0,29.0,13.0,15.0,11.0,7.0,27.0,28.0,30.0,17.0,Regular Season
oklahoma city thunder,2020-21,4,1610612760.0,14.0,7.0,7.0,0.5,48.4,39.6,87.6,0.453,13.4,39.1,0.343,16.3,21.9,0.743,7.0,36.6,43.6,22.4,12.9,6.5,4.5,3.6,18.6,19.2,109.0,-6.0,21.0,12.0,10.0,14.0,10.0,21.0,21.0,20.0,11.0,4.0,27.0,20.0,14.0,24.0,29.0,4.0,22.0,26.0,7.0,25.0,22.0,4.0,8.0,19.0,21.0,26.0,Regular Season,1610612760.0,14.0,7.0,7.0,0.5,677.0,105.7,106.9,110.2,112.9,-4.5,-6.0,0.566,1.73,16.8,0.192,0.735,0.469,0.127,0.529,0.561,103.0,101.18,84.31,1428.0,0.47,21.0,12.0,10.0,14.0,21.0,26.0,23.0,26.0,25.0,16.0,24.0,30.0,14.0,30.0,4.0,18.0,19.0,8.0,26.0,Regular Season
orlando magic,2020-21,4,1610612753.0,16.0,4.0,12.0,0.25,48.3,37.8,90.6,0.418,11.9,33.9,0.352,14.0,18.3,0.767,11.9,34.5,46.4,22.6,13.9,6.9,4.2,5.6,17.4,17.6,101.6,-9.1,2.0,27.0,29.0,29.0,13.0,29.0,6.0,30.0,19.0,21.0,21.0,29.0,29.0,14.0,1.0,19.0,5.0,24.0,12.0,21.0,24.0,21.0,4.0,29.0,30.0,29.0,Regular Season,1610612753.0,16.0,4.0,12.0,0.25,773.0,101.0,103.3,110.5,112.5,-9.5,-9.2,0.597,1.63,16.6,0.291,0.748,0.506,0.141,0.483,0.515,99.7,97.68,81.4,1573.0,0.447,2.0,27.0,29.0,29.0,4.0,30.0,21.0,30.0,17.0,22.0,26.0,8.0,10.0,13.0,16.0,30.0,30.0,27.0,30.0,Regular Season
philadelphia 76ers,2020-21,4,1610612755.0,16.0,11.0,5.0,0.688,48.3,42.4,87.8,0.483,11.2,30.2,0.371,20.1,26.6,0.756,10.6,34.6,45.3,24.1,15.3,9.1,6.3,4.3,20.9,21.8,116.2,3.4,2.0,4.0,5.0,5.0,13.0,6.0,18.0,4.0,26.0,27.0,11.0,1.0,1.0,20.0,11.0,16.0,9.0,18.0,24.0,3.0,2.0,9.0,22.0,1.0,5.0,8.0,Regular Season,1610612755.0,16.0,11.0,5.0,0.688,773.0,111.5,113.4,107.3,109.5,4.2,4.0,0.568,1.58,17.2,0.284,0.723,0.51,0.149,0.547,0.584,104.0,102.05,85.05,1639.0,0.526,2.0,4.0,5.0,5.0,4.0,8.0,11.0,7.0,24.0,25.0,21.0,9.0,22.0,10.0,24.0,8.0,7.0,6.0,7.0,Regular Season
phoenix suns,2020-21,4,1610612756.0,13.0,6.0,7.0,0.462,49.5,40.3,87.9,0.458,13.3,37.8,0.352,17.3,20.5,0.843,8.2,36.5,44.8,26.2,13.5,6.2,4.0,3.4,21.0,19.6,111.2,0.0,25.0,21.0,10.0,17.0,1.0,19.0,17.0,17.0,13.0,7.0,24.0,10.0,25.0,2.0,27.0,5.0,14.0,7.0,8.0,27.0,25.0,2.0,23.0,14.0,16.0,16.0,Regular Season,1610612756.0,13.0,6.0,7.0,0.462,644.0,108.8,110.0,108.7,110.3,0.0,-0.3,0.651,1.94,18.9,0.235,0.757,0.499,0.134,0.534,0.574,99.1,97.83,81.52,1314.0,0.504,25.0,21.0,10.0,17.0,25.0,17.0,14.0,16.0,5.0,6.0,7.0,25.0,5.0,17.0,8.0,16.0,12.0,25.0,13.0,Regular Season
portland trail blazers,2020-21,4,1610612757.0,14.0,8.0,6.0,0.571,48.0,41.1,92.1,0.446,16.3,42.9,0.379,17.4,21.3,0.819,10.5,33.5,44.0,20.4,11.4,8.2,5.1,4.9,20.5,19.1,115.9,1.2,21.0,10.0,8.0,9.0,17.0,15.0,3.0,25.0,2.0,2.0,8.0,9.0,19.0,5.0,13.0,22.0,19.0,30.0,2.0,9.0,14.0,12.0,21.0,21.0,6.0,14.0,Regular Season,1610612757.0,14.0,8.0,6.0,0.571,672.0,113.3,115.3,112.4,114.1,0.9,1.2,0.496,1.79,15.2,0.266,0.731,0.489,0.113,0.535,0.571,102.2,100.5,83.75,1407.0,0.482,21.0,10.0,8.0,9.0,22.0,6.0,26.0,14.0,30.0,13.0,30.0,17.0,17.0,19.0,2.0,15.0,13.0,10.0,22.0,Regular Season
sacramento kings,2020-21,4,1610612758.0,14.0,5.0,9.0,0.357,48.0,41.4,86.4,0.479,13.1,33.9,0.385,16.8,23.9,0.701,9.6,32.2,41.8,25.5,14.2,6.9,5.4,4.9,19.6,21.2,112.6,-8.6,21.0,23.0,20.0,25.0,17.0,12.0,27.0,6.0,15.0,20.0,6.0,14.0,6.0,30.0,20.0,27.0,28.0,11.0,16.0,22.0,10.0,12.0,13.0,6.0,13.0,28.0,Regular Season,1610612758.0,14.0,5.0,9.0,0.357,672.0,110.9,112.1,118.3,121.0,-7.4,-9.0,0.617,1.79,18.4,0.263,0.709,0.485,0.142,0.555,0.581,102.0,100.29,83.57,1406.0,0.467,21.0,23.0,20.0,25.0,22.0,10.0,30.0,29.0,10.0,12.0,10.0,18.0,28.0,22.0,18.0,6.0,8.0,13.0,27.0,Regular Season
san antonio spurs,2020-21,4,1610612759.0,16.0,9.0,7.0,0.563,48.3,41.9,92.2,0.455,11.1,30.3,0.365,16.4,20.9,0.785,9.9,35.2,45.1,24.1,10.4,7.3,4.4,5.6,16.9,18.2,111.4,0.6,2.0,7.0,10.0,10.0,13.0,9.0,2.0,19.0,27.0,26.0,15.0,19.0,21.0,9.0,19.0,12.0,12.0,19.0,1.0,18.0,23.0,21.0,1.0,27.0,15.0,15.0,Regular Season,1610612759.0,16.0,9.0,7.0,0.563,773.0,109.2,110.1,108.3,109.9,1.0,0.1,0.574,2.31,17.5,0.241,0.742,0.484,0.103,0.515,0.549,101.5,100.35,83.62,1619.0,0.504,2.0,7.0,10.0,10.0,4.0,16.0,12.0,15.0,22.0,1.0,17.0,24.0,12.0,23.0,1.0,24.0,24.0,12.0,12.0,Regular Season
toronto raptors,2020-21,4,1610612761.0,16.0,7.0,9.0,0.438,48.0,39.7,88.9,0.446,15.9,41.5,0.384,18.4,22.3,0.824,10.6,32.1,42.6,24.4,13.9,9.0,5.5,5.9,21.8,19.3,113.7,1.8,2.0,12.0,20.0,18.0,17.0,20.0,9.0,24.0,3.0,3.0,7.0,7.0,9.0,4.0,12.0,28.0,26.0,16.0,12.0,4.0,8.0,25.0,27.0,17.0,11.0,12.0,Regular Season,1610612761.0,16.0,7.0,9.0,0.438,768.0,111.4,114.3,109.9,112.7,1.5,1.5,0.614,1.76,17.6,0.291,0.724,0.499,0.139,0.536,0.576,101.9,99.38,82.81,1592.0,0.493,2.0,12.0,20.0,18.0,8.0,7.0,22.0,12.0,12.0,15.0,14.0,7.0,21.0,16.0,11.0,14.0,9.0,16.0,19.0,Regular Season
utah jazz,2020-21,4,1610612762.0,16.0,13.0,3.0,0.813,48.0,40.8,87.4,0.466,17.8,43.4,0.41,15.4,20.8,0.744,11.5,37.4,48.9,24.7,14.6,5.7,6.2,4.7,18.9,19.2,114.8,8.9,2.0,1.0,1.0,1.0,17.0,16.0,23.0,11.0,1.0,1.0,2.0,27.0,22.0,23.0,5.0,2.0,1.0,14.0,20.0,29.0,3.0,11.0,11.0,20.0,9.0,2.0,Regular Season,1610612762.0,16.0,13.0,3.0,0.813,768.0,115.2,116.5,105.5,107.9,9.8,8.6,0.606,1.7,18.0,0.302,0.753,0.535,0.148,0.568,0.595,100.0,98.31,81.93,1576.0,0.54,2.0,1.0,1.0,1.0,8.0,4.0,7.0,2.0,15.0,18.0,13.0,2.0,7.0,1.0,22.0,2.0,4.0,24.0,2.0,Regular Season
washington wizards,2020-21,4,1610612764.0,11.0,4.0,7.0,0.364,48.0,42.5,93.5,0.455,12.4,34.5,0.359,20.0,26.4,0.759,10.6,33.2,43.8,24.8,12.1,7.9,3.0,5.0,22.2,21.5,117.5,-4.1,29.0,27.0,10.0,24.0,17.0,5.0,1.0,18.0,18.0,18.0,18.0,2.0,2.0,19.0,10.0,25.0,20.0,12.0,3.0,14.0,30.0,14.0,29.0,3.0,3.0,24.0,Regular Season,1610612764.0,11.0,4.0,7.0,0.364,528.0,110.3,111.9,113.9,115.9,-3.6,-4.0,0.583,2.05,17.3,0.25,0.76,0.488,0.115,0.521,0.559,106.6,104.95,87.46,1155.0,0.472,29.0,27.0,10.0,24.0,29.0,11.0,28.0,23.0,21.0,3.0,18.0,21.0,4.0,20.0,3.0,23.0,20.0,1.0,25.0,Regular Season
atlanta hawks,2020-21,5,1610612737.0,15.0,4.0,11.0,0.267,48.0,40.1,86.6,0.463,12.3,33.7,0.366,20.3,24.7,0.824,11.3,31.9,43.2,24.7,13.7,7.3,4.5,5.7,19.2,21.5,112.9,-4.0,6.0,25.0,28.0,28.0,15.0,22.0,24.0,18.0,18.0,18.0,16.0,3.0,4.0,6.0,4.0,28.0,18.0,17.0,18.0,16.0,18.0,27.0,14.0,4.0,17.0,23.0,Regular Season,1610612737.0,15.0,4.0,11.0,0.267,720.0,113.0,114.6,116.9,118.8,-3.9,-4.2,0.615,1.8,17.9,0.302,0.735,0.511,0.139,0.535,0.579,100.0,98.47,82.06,1478.0,0.485,6.0,25.0,28.0,28.0,9.0,11.0,27.0,23.0,11.0,18.0,15.0,3.0,16.0,10.0,20.0,15.0,14.0,20.0,20.0,Regular Season
boston celtics,2020-21,5,1610612738.0,16.0,7.0,9.0,0.438,48.3,39.6,87.8,0.452,12.2,34.1,0.357,18.8,24.1,0.777,11.0,32.6,43.6,21.6,13.4,6.8,4.2,4.6,21.8,20.3,110.2,-1.5,1.0,15.0,22.0,20.0,13.0,25.0,17.0,23.0,19.0,17.0,21.0,9.0,6.0,21.0,6.0,23.0,17.0,28.0,13.0,21.0,24.0,13.0,29.0,10.0,21.0,20.0,Regular Season,1610612738.0,16.0,7.0,9.0,0.438,773.0,109.4,111.7,111.8,113.4,-2.4,-1.7,0.544,1.61,15.9,0.301,0.745,0.515,0.136,0.521,0.56,99.7,97.96,81.63,1579.0,0.475,1.0,15.0,22.0,20.0,3.0,17.0,19.0,21.0,28.0,23.0,29.0,4.0,9.0,7.0,14.0,22.0,22.0,25.0,23.0,Regular Season
brooklyn nets,2020-21,5,1610612751.0,13.0,9.0,4.0,0.692,48.0,42.8,85.3,0.501,16.0,39.0,0.41,16.7,21.3,0.783,8.3,32.7,41.0,26.5,13.7,6.9,4.2,5.0,17.3,16.4,118.2,4.4,23.0,5.0,4.0,3.0,15.0,8.0,28.0,2.0,3.0,4.0,2.0,17.0,19.0,18.0,25.0,22.0,29.0,10.0,15.0,19.0,23.0,16.0,3.0,30.0,4.0,6.0,Regular Season,1610612751.0,13.0,9.0,4.0,0.692,624.0,118.2,119.4,112.6,115.3,5.5,4.2,0.619,1.93,19.4,0.253,0.739,0.504,0.138,0.595,0.624,100.6,98.88,82.4,1287.0,0.516,23.0,5.0,4.0,3.0,25.0,4.0,23.0,6.0,10.0,11.0,3.0,19.0,12.0,15.0,18.0,1.0,1.0,18.0,12.0,Regular Season
charlotte hornets,2020-21,5,1610612766.0,13.0,7.0,6.0,0.538,48.4,42.8,89.7,0.478,14.7,36.3,0.405,17.1,20.2,0.844,10.7,33.2,43.8,24.8,16.3,7.2,3.9,4.8,19.6,18.8,117.5,-1.2,23.0,15.0,11.0,14.0,8.0,7.0,8.0,12.0,6.0,10.0,3.0,15.0,22.0,2.0,7.0,19.0,15.0,16.0,30.0,17.0,28.0,14.0,19.0,17.0,6.0,19.0,Regular Season,1610612766.0,13.0,7.0,6.0,0.538,629.0,112.7,114.3,114.5,115.8,-1.8,-1.5,0.578,1.52,17.6,0.284,0.746,0.513,0.159,0.56,0.596,103.1,101.84,84.86,1336.0,0.484,23.0,15.0,11.0,14.0,23.0,13.0,24.0,19.0,22.0,29.0,18.0,9.0,8.0,9.0,30.0,11.0,9.0,4.0,21.0,Regular Season
chicago bulls,2020-21,5,1610612741.0,14.0,8.0,6.0,0.571,48.7,44.2,88.6,0.499,11.6,31.9,0.365,13.4,16.7,0.799,8.3,35.7,44.0,26.5,14.0,6.1,4.9,5.1,18.9,17.6,113.4,3.3,14.0,10.0,11.0,11.0,3.0,4.0,12.0,4.0,22.0,23.0,19.0,30.0,30.0,16.0,26.0,9.0,14.0,9.0,20.0,28.0,13.0,19.0,12.0,24.0,15.0,9.0,Regular Season,1610612741.0,14.0,8.0,6.0,0.571,682.0,111.6,112.7,107.4,109.6,4.2,3.1,0.599,1.89,19.3,0.234,0.749,0.506,0.139,0.565,0.591,100.6,99.1,82.58,1409.0,0.524,14.0,10.0,11.0,11.0,15.0,15.0,8.0,10.0,16.0,13.0,6.0,25.0,7.0,14.0,19.0,8.0,12.0,16.0,8.0,Regular Season
cleveland cavaliers,2020-21,5,1610612739.0,14.0,4.0,10.0,0.286,48.4,39.8,88.3,0.451,9.0,27.5,0.327,16.4,22.6,0.728,11.5,31.5,43.0,23.6,14.8,6.8,5.8,5.5,19.4,20.4,105.0,-13.4,14.0,25.0,24.0,26.0,10.0,24.0,15.0,24.0,30.0,29.0,27.0,21.0,11.0,29.0,3.0,30.0,19.0,23.0,24.0,23.0,3.0,24.0,16.0,9.0,29.0,30.0,Regular Season,1610612739.0,14.0,4.0,10.0,0.286,677.0,103.4,105.8,117.2,119.6,-13.7,-13.9,0.594,1.6,17.1,0.307,0.731,0.507,0.149,0.502,0.535,100.5,98.38,81.98,1390.0,0.442,14.0,25.0,24.0,26.0,17.0,27.0,29.0,30.0,19.0,24.0,25.0,2.0,18.0,12.0,27.0,29.0,29.0,21.0,29.0,Regular Season
dallas mavericks,2020-21,5,1610612742.0,12.0,8.0,4.0,0.667,48.0,41.3,86.7,0.476,15.3,39.0,0.393,19.7,23.3,0.843,8.6,33.6,42.2,23.0,12.5,5.4,4.7,4.0,19.9,21.3,117.5,0.7,28.0,10.0,4.0,4.0,15.0,14.0,23.0,13.0,4.0,4.0,8.0,4.0,8.0,3.0,22.0,16.0,24.0,24.0,7.0,30.0,16.0,4.0,22.0,5.0,5.0,15.0,Regular Season,1610612742.0,12.0,8.0,4.0,0.667,576.0,116.5,118.5,115.0,117.0,1.5,1.5,0.558,1.84,17.2,0.242,0.722,0.487,0.126,0.564,0.606,101.2,99.5,82.92,1190.0,0.503,28.0,10.0,4.0,4.0,29.0,5.0,26.0,14.0,26.0,14.0,23.0,23.0,23.0,22.0,7.0,9.0,4.0,15.0,16.0,Regular Season
denver nuggets,2020-21,5,1610612743.0,13.0,6.0,7.0,0.462,48.0,42.5,88.3,0.482,14.0,35.8,0.391,14.8,18.0,0.821,8.8,32.5,41.3,25.3,12.5,7.5,4.8,4.8,18.7,18.8,113.8,3.5,23.0,20.0,15.0,19.0,15.0,10.0,14.0,8.0,9.0,13.0,10.0,25.0,27.0,8.0,21.0,25.0,28.0,13.0,8.0,14.0,15.0,14.0,10.0,18.0,12.0,8.0,Regular Season,1610612743.0,13.0,6.0,7.0,0.462,624.0,113.9,116.2,110.9,112.5,3.0,3.6,0.595,2.02,18.7,0.257,0.724,0.492,0.128,0.561,0.592,99.7,98.04,81.7,1274.0,0.509,23.0,20.0,15.0,19.0,25.0,9.0,17.0,7.0,18.0,7.0,11.0,17.0,21.0,18.0,10.0,10.0,11.0,24.0,14.0,Regular Season
detroit pistons,2020-21,5,1610612765.0,14.0,4.0,10.0,0.286,48.7,38.7,85.7,0.452,11.4,34.5,0.329,17.4,22.8,0.765,9.8,32.6,42.4,23.8,14.5,7.7,5.6,5.2,20.4,19.6,106.2,-4.9,14.0,25.0,24.0,26.0,3.0,29.0,27.0,22.0,23.0,15.0,26.0,14.0,10.0,24.0,16.0,24.0,23.0,21.0,22.0,8.0,4.0,20.0,25.0,14.0,26.0,25.0,Regular Season,1610612765.0,14.0,4.0,10.0,0.286,682.0,105.7,107.4,110.3,112.5,-4.6,-5.1,0.614,1.64,17.6,0.265,0.718,0.486,0.147,0.518,0.555,99.1,97.37,81.14,1384.0,0.467,14.0,25.0,24.0,26.0,15.0,25.0,16.0,26.0,12.0,20.0,21.0,14.0,26.0,23.0,24.0,24.0,24.0,30.0,25.0,Regular Season
golden state warriors,2020-21,5,1610612744.0,15.0,8.0,7.0,0.533,48.3,42.3,87.7,0.482,14.7,38.5,0.381,17.0,21.1,0.804,6.7,35.1,41.7,30.0,15.2,8.4,4.6,4.3,19.9,20.2,116.2,4.0,6.0,10.0,15.0,16.0,11.0,11.0,19.0,7.0,7.0,7.0,14.0,16.0,20.0,13.0,30.0,13.0,26.0,1.0,27.0,3.0,17.0,8.0,23.0,11.0,8.0,7.0,Regular Season,1610612744.0,15.0,8.0,7.0,0.533,725.0,110.1,111.6,106.1,108.0,4.1,3.6,0.71,1.97,21.0,0.2,0.729,0.476,0.146,0.566,0.599,104.9,103.28,86.07,1562.0,0.534,6.0,10.0,15.0,16.0,7.0,18.0,5.0,8.0,1.0,10.0,1.0,30.0,19.0,28.0,23.0,7.0,7.0,2.0,4.0,Regular Season
houston rockets,2020-21,5,1610612745.0,14.0,2.0,12.0,0.143,48.0,37.1,89.6,0.414,13.3,43.8,0.303,16.5,21.6,0.765,9.0,32.4,41.4,21.6,14.1,7.6,4.8,5.6,20.4,19.3,103.9,-12.6,14.0,29.0,29.0,29.0,15.0,30.0,10.0,30.0,12.0,1.0,29.0,18.0,18.0,23.0,19.0,26.0,27.0,27.0,21.0,11.0,14.0,26.0,24.0,16.0,30.0,29.0,Regular Season,1610612745.0,14.0,2.0,12.0,0.143,672.0,99.8,102.0,111.7,113.8,-11.9,-11.8,0.584,1.54,16.0,0.222,0.721,0.453,0.138,0.488,0.525,104.2,102.11,85.09,1426.0,0.416,14.0,29.0,29.0,29.0,18.0,30.0,22.0,29.0,21.0,27.0,28.0,28.0,25.0,30.0,17.0,30.0,30.0,3.0,30.0,Regular Season
indiana pacers,2020-21,5,1610612754.0,12.0,4.0,8.0,0.333,48.8,41.1,89.4,0.459,12.6,33.0,0.381,18.1,22.5,0.804,8.4,34.0,42.4,26.7,13.1,7.8,6.8,5.0,19.8,19.6,112.8,-0.7,28.0,25.0,19.0,24.0,2.0,15.0,11.0,20.0,17.0,19.0,13.0,11.0,12.0,14.0,23.0,14.0,21.0,5.0,10.0,7.0,1.0,16.0,20.0,13.0,18.0,17.0,Regular Season,1610612754.0,12.0,4.0,8.0,0.333,586.0,108.5,109.9,108.5,111.4,0.0,-1.5,0.649,2.04,18.9,0.244,0.723,0.482,0.127,0.53,0.568,102.5,100.55,83.79,1232.0,0.497,28.0,25.0,19.0,24.0,28.0,21.0,11.0,20.0,4.0,6.0,9.0,22.0,22.0,25.0,9.0,20.0,18.0,10.0,18.0,Regular Season
la clippers,2020-21,5,1610612746.0,15.0,8.0,7.0,0.533,48.0,43.0,87.7,0.49,13.5,32.5,0.417,15.9,19.3,0.824,9.8,35.7,45.5,23.7,13.2,6.6,4.4,4.0,18.5,17.8,115.4,3.3,6.0,10.0,15.0,16.0,15.0,6.0,18.0,5.0,11.0,22.0,1.0,24.0,25.0,7.0,15.0,8.0,9.0,22.0,11.0,26.0,19.0,4.0,8.0,22.0,10.0,10.0,Regular Season,1610612746.0,15.0,8.0,7.0,0.533,720.0,115.9,116.7,111.5,113.7,4.4,3.0,0.552,1.8,17.6,0.269,0.752,0.52,0.134,0.567,0.6,100.1,98.73,82.28,1483.0,0.517,6.0,10.0,15.0,16.0,9.0,7.0,21.0,11.0,27.0,17.0,19.0,12.0,5.0,5.0,12.0,5.0,6.0,19.0,11.0,Regular Season
los angeles lakers,2020-21,5,1610612747.0,14.0,9.0,5.0,0.643,49.8,41.5,86.5,0.48,9.1,30.9,0.296,18.2,24.6,0.741,9.5,35.4,44.9,24.8,16.1,8.2,6.5,3.4,19.6,23.0,110.4,2.7,14.0,5.0,6.0,8.0,1.0,13.0,26.0,11.0,29.0,25.0,30.0,10.0,5.0,27.0,17.0,11.0,11.0,15.0,29.0,4.0,2.0,2.0,18.0,2.0,20.0,12.0,Regular Season,1610612747.0,14.0,9.0,5.0,0.643,697.0,106.2,108.4,102.9,105.6,3.3,2.8,0.597,1.54,17.8,0.26,0.736,0.506,0.159,0.533,0.567,100.6,98.2,81.84,1425.0,0.528,14.0,5.0,6.0,8.0,14.0,24.0,1.0,12.0,17.0,28.0,17.0,16.0,15.0,13.0,29.0,16.0,20.0,23.0,6.0,Regular Season
memphis grizzlies,2020-21,5,1610612763.0,16.0,7.0,9.0,0.438,48.0,42.6,90.6,0.471,11.1,30.3,0.365,17.4,21.6,0.806,11.3,32.9,44.2,26.9,13.4,9.6,3.8,5.3,18.6,18.4,113.8,0.3,1.0,15.0,22.0,20.0,15.0,9.0,5.0,15.0,25.0,26.0,18.0,13.0,16.0,12.0,5.0,20.0,13.0,4.0,14.0,1.0,29.0,22.0,9.0,20.0,13.0,16.0,Regular Season,1610612763.0,16.0,7.0,9.0,0.438,768.0,111.2,113.3,111.2,112.7,0.0,0.6,0.63,2.0,18.9,0.296,0.756,0.515,0.134,0.532,0.568,102.1,100.56,83.8,1607.0,0.506,1.0,15.0,22.0,20.0,5.0,14.0,18.0,15.0,6.0,9.0,8.0,6.0,4.0,8.0,13.0,18.0,17.0,9.0,15.0,Regular Season
miami heat,2020-21,5,1610612748.0,15.0,10.0,5.0,0.667,48.7,39.2,85.3,0.46,13.3,36.2,0.366,18.1,22.3,0.811,8.9,36.3,45.2,26.7,14.6,7.5,4.1,3.7,19.9,20.7,109.7,3.2,6.0,3.0,6.0,4.0,5.0,27.0,29.0,19.0,13.0,11.0,15.0,12.0,14.0,10.0,20.0,6.0,10.0,5.0,23.0,13.0,25.0,3.0,21.0,7.0,22.0,11.0,Regular Season,1610612748.0,15.0,10.0,5.0,0.667,730.0,108.9,111.1,105.9,107.8,3.0,3.4,0.68,1.83,19.3,0.264,0.738,0.508,0.148,0.538,0.577,99.3,97.45,81.21,1481.0,0.53,6.0,3.0,6.0,4.0,6.0,20.0,4.0,9.0,2.0,15.0,5.0,15.0,13.0,11.0,25.0,14.0,15.0,28.0,5.0,Regular Season
milwaukee bucks,2020-21,5,1610612749.0,15.0,10.0,5.0,0.667,48.0,44.7,91.4,0.489,14.2,35.9,0.396,15.9,21.6,0.738,9.9,38.4,48.3,25.5,12.4,8.0,5.1,4.4,17.3,18.1,119.5,8.1,6.0,3.0,6.0,4.0,15.0,3.0,3.0,6.0,8.0,12.0,7.0,23.0,17.0,28.0,13.0,1.0,1.0,12.0,6.0,5.0,10.0,10.0,4.0,21.0,3.0,3.0,Regular Season,1610612749.0,15.0,10.0,5.0,0.667,720.0,115.5,117.6,107.7,109.2,7.8,8.4,0.57,2.05,18.3,0.256,0.758,0.515,0.122,0.566,0.592,103.4,101.8,84.83,1524.0,0.541,6.0,3.0,6.0,4.0,9.0,6.0,7.0,3.0,25.0,5.0,13.0,18.0,3.0,6.0,3.0,6.0,10.0,5.0,3.0,Regular Season
minnesota timberwolves,2020-21,5,1610612750.0,16.0,2.0,14.0,0.125,48.6,41.0,94.1,0.436,13.9,38.7,0.36,13.8,17.9,0.769,10.1,32.9,42.9,26.6,13.9,8.5,5.6,5.5,22.0,17.2,109.7,-6.9,1.0,29.0,30.0,30.0,6.0,16.0,1.0,28.0,10.0,6.0,20.0,29.0,28.0,22.0,10.0,21.0,20.0,7.0,19.0,2.0,6.0,24.0,30.0,26.0,23.0,27.0,Regular Season,1610612750.0,16.0,2.0,14.0,0.125,778.0,103.7,107.3,111.4,113.5,-7.7,-6.2,0.649,1.91,18.6,0.268,0.714,0.477,0.136,0.51,0.538,103.9,101.15,84.29,1636.0,0.455,1.0,29.0,30.0,30.0,1.0,26.0,20.0,27.0,3.0,12.0,12.0,13.0,28.0,26.0,15.0,26.0,27.0,7.0,28.0,Regular Season
new orleans pelicans,2020-21,5,1610612740.0,15.0,7.0,8.0,0.467,48.3,44.8,89.7,0.499,12.7,32.8,0.386,19.1,25.2,0.759,12.5,33.2,45.7,27.5,12.1,7.1,4.1,5.7,17.3,20.5,121.4,2.3,6.0,15.0,19.0,18.0,11.0,1.0,7.0,3.0,16.0,20.0,12.0,6.0,3.0,25.0,1.0,18.0,7.0,3.0,3.0,18.0,25.0,27.0,4.0,8.0,1.0,13.0,Regular Season,1610612740.0,15.0,7.0,8.0,0.467,725.0,120.8,122.7,117.9,120.5,2.9,2.2,0.613,2.26,19.4,0.326,0.74,0.531,0.123,0.57,0.602,100.1,98.22,81.85,1484.0,0.519,6.0,15.0,19.0,18.0,7.0,1.0,30.0,13.0,13.0,2.0,4.0,1.0,11.0,2.0,4.0,4.0,5.0,22.0,9.0,Regular Season
new york knicks,2020-21,5,1610612752.0,14.0,9.0,5.0,0.643,48.0,40.6,87.1,0.467,11.4,28.4,0.401,16.5,20.6,0.799,9.9,37.0,46.9,21.3,13.7,6.9,4.4,4.5,21.1,17.3,109.1,4.9,14.0,5.0,6.0,8.0,15.0,17.0,22.0,17.0,23.0,28.0,4.0,18.0,21.0,15.0,14.0,3.0,2.0,29.0,16.0,20.0,20.0,11.0,27.0,25.0,25.0,4.0,Regular Season,1610612752.0,14.0,9.0,5.0,0.643,672.0,109.1,111.5,104.6,106.7,4.6,4.8,0.524,1.55,16.0,0.282,0.775,0.534,0.14,0.532,0.568,99.8,97.82,81.52,1371.0,0.514,14.0,5.0,6.0,8.0,18.0,19.0,2.0,4.0,29.0,26.0,27.0,10.0,1.0,1.0,21.0,17.0,19.0,26.0,13.0,Regular Season
oklahoma city thunder,2020-21,5,1610612760.0,16.0,6.0,10.0,0.375,48.6,39.3,88.0,0.447,12.8,36.6,0.35,14.6,19.3,0.754,8.0,36.8,44.8,24.5,15.1,7.6,3.8,5.4,17.8,16.9,106.0,-4.3,1.0,20.0,24.0,23.0,6.0,26.0,16.0,26.0,15.0,9.0,23.0,27.0,24.0,26.0,29.0,4.0,12.0,18.0,26.0,12.0,29.0,23.0,6.0,28.0,27.0,24.0,Regular Season,1610612760.0,16.0,6.0,10.0,0.375,778.0,102.4,104.4,107.4,108.9,-5.0,-4.5,0.623,1.63,17.9,0.228,0.749,0.489,0.148,0.52,0.549,101.8,100.1,83.42,1625.0,0.475,1.0,20.0,24.0,23.0,1.0,29.0,6.0,24.0,7.0,22.0,16.0,26.0,6.0,20.0,26.0,23.0,25.0,12.0,22.0,Regular Season
orlando magic,2020-21,5,1610612753.0,13.0,5.0,8.0,0.385,48.0,39.2,89.8,0.436,12.2,34.2,0.356,14.8,18.9,0.78,9.2,37.4,46.6,23.0,12.7,6.7,5.1,4.4,15.8,17.6,105.2,-7.2,23.0,23.0,19.0,22.0,15.0,28.0,6.0,29.0,20.0,16.0,22.0,25.0,26.0,20.0,18.0,2.0,3.0,24.0,9.0,25.0,11.0,9.0,1.0,23.0,28.0,28.0,Regular Season,1610612753.0,13.0,5.0,8.0,0.385,624.0,103.5,105.5,111.4,112.4,-7.9,-6.9,0.587,1.81,17.1,0.222,0.772,0.488,0.127,0.503,0.536,101.3,99.88,83.24,1297.0,0.464,23.0,23.0,19.0,22.0,25.0,28.0,15.0,28.0,20.0,16.0,24.0,29.0,2.0,21.0,8.0,28.0,28.0,13.0,27.0,Regular Season
philadelphia 76ers,2020-21,5,1610612755.0,13.0,7.0,6.0,0.538,48.4,39.9,84.5,0.473,9.7,26.5,0.366,24.0,29.6,0.81,10.5,35.2,45.7,22.9,15.2,7.7,5.5,5.3,19.2,21.8,113.5,1.1,23.0,15.0,11.0,14.0,8.0,23.0,30.0,14.0,28.0,30.0,17.0,1.0,1.0,11.0,9.0,12.0,6.0,26.0,28.0,9.0,8.0,21.0,13.0,3.0,14.0,14.0,Regular Season,1610612755.0,13.0,7.0,6.0,0.538,629.0,111.0,112.1,109.0,111.6,2.0,0.5,0.574,1.51,16.6,0.297,0.737,0.524,0.15,0.53,0.582,101.9,100.24,83.53,1317.0,0.525,23.0,15.0,11.0,14.0,23.0,16.0,13.0,16.0,23.0,30.0,26.0,5.0,14.0,4.0,28.0,19.0,13.0,11.0,7.0,Regular Season
phoenix suns,2020-21,5,1610612756.0,15.0,12.0,3.0,0.8,48.0,44.8,87.6,0.511,12.9,32.7,0.396,14.3,17.2,0.833,8.4,34.0,42.4,27.8,12.1,6.8,4.3,4.0,18.4,16.5,116.9,9.5,6.0,1.0,2.0,2.0,15.0,1.0,20.0,1.0,14.0,21.0,6.0,28.0,29.0,4.0,24.0,14.0,22.0,2.0,3.0,22.0,22.0,4.0,7.0,29.0,7.0,2.0,Regular Season,1610612756.0,15.0,12.0,3.0,0.8,720.0,118.2,120.0,109.1,110.2,9.1,9.8,0.621,2.29,20.5,0.247,0.732,0.501,0.125,0.585,0.614,98.7,97.43,81.19,1461.0,0.55,6.0,1.0,2.0,2.0,9.0,2.0,10.0,2.0,8.0,1.0,2.0,21.0,17.0,16.0,5.0,2.0,3.0,29.0,2.0,Regular Season
portland trail blazers,2020-21,5,1610612757.0,14.0,8.0,6.0,0.571,48.0,40.2,91.4,0.44,16.1,41.8,0.386,16.5,19.9,0.831,12.1,33.4,45.6,18.6,11.6,5.9,5.2,4.2,19.5,16.9,113.1,-1.2,14.0,10.0,11.0,11.0,15.0,21.0,2.0,27.0,2.0,3.0,11.0,18.0,23.0,5.0,2.0,17.0,8.0,30.0,2.0,29.0,9.0,7.0,17.0,27.0,16.0,18.0,Regular Season,1610612757.0,14.0,8.0,6.0,0.571,672.0,113.5,115.8,114.8,116.9,-1.4,-1.1,0.462,1.6,14.2,0.29,0.721,0.497,0.119,0.528,0.564,99.6,97.71,81.43,1367.0,0.466,14.0,10.0,11.0,11.0,18.0,10.0,25.0,17.0,30.0,25.0,30.0,7.0,24.0,17.0,2.0,21.0,21.0,27.0,26.0,Regular Season
sacramento kings,2020-21,5,1610612758.0,15.0,5.0,10.0,0.333,48.0,43.8,91.3,0.48,12.1,34.8,0.349,16.1,22.2,0.727,10.5,31.5,42.0,26.5,13.2,6.5,4.3,4.6,19.3,19.4,115.9,-5.1,6.0,23.0,24.0,24.0,15.0,5.0,4.0,10.0,21.0,14.0,24.0,22.0,15.0,30.0,8.0,29.0,25.0,8.0,11.0,27.0,21.0,12.0,15.0,15.0,9.0,26.0,Regular Season,1610612758.0,15.0,5.0,10.0,0.333,720.0,111.7,114.5,117.8,119.3,-6.1,-4.8,0.606,2.01,18.8,0.281,0.715,0.492,0.13,0.546,0.573,103.3,101.3,84.42,1518.0,0.471,6.0,23.0,24.0,24.0,9.0,12.0,28.0,25.0,14.0,8.0,10.0,11.0,27.0,19.0,11.0,13.0,16.0,6.0,24.0,Regular Season
san antonio spurs,2020-21,5,1610612759.0,9.0,6.0,3.0,0.667,48.0,40.2,89.7,0.449,10.0,29.4,0.34,18.8,23.6,0.797,8.2,35.4,43.7,24.9,11.3,7.7,5.6,5.8,17.0,18.7,109.2,-2.0,30.0,20.0,2.0,4.0,15.0,20.0,9.0,25.0,27.0,27.0,25.0,8.0,7.0,17.0,27.0,10.0,16.0,14.0,1.0,10.0,7.0,29.0,2.0,19.0,24.0,21.0,Regular Season,1610612759.0,9.0,6.0,3.0,0.667,432.0,105.9,108.7,108.2,110.1,-2.3,-1.4,0.619,2.2,18.2,0.226,0.726,0.474,0.113,0.504,0.546,103.0,100.72,83.94,904.0,0.494,30.0,20.0,2.0,4.0,30.0,22.0,9.0,18.0,9.0,3.0,14.0,27.0,20.0,29.0,1.0,27.0,26.0,8.0,19.0,Regular Season
toronto raptors,2020-21,5,1610612761.0,14.0,9.0,5.0,0.643,48.0,40.6,86.6,0.469,14.7,37.1,0.397,19.1,22.4,0.856,8.1,32.0,40.1,26.0,12.4,8.0,5.6,5.8,21.6,21.1,115.1,4.4,14.0,5.0,6.0,8.0,15.0,17.0,25.0,16.0,5.0,8.0,5.0,5.0,13.0,1.0,28.0,27.0,30.0,11.0,5.0,5.0,4.0,30.0,28.0,6.0,11.0,5.0,Regular Season,1610612761.0,14.0,9.0,5.0,0.643,672.0,114.3,116.2,109.5,111.8,4.9,4.5,0.64,2.1,19.2,0.236,0.714,0.477,0.125,0.554,0.597,100.9,99.07,82.56,1387.0,0.518,14.0,5.0,6.0,8.0,18.0,8.0,14.0,5.0,5.0,4.0,7.0,24.0,29.0,27.0,6.0,12.0,8.0,17.0,10.0,Regular Season
utah jazz,2020-21,5,1610612762.0,14.0,12.0,2.0,0.857,48.0,42.1,87.4,0.481,16.9,43.3,0.391,18.9,23.0,0.82,10.0,36.3,46.3,24.1,13.7,6.8,4.9,3.2,18.8,20.0,119.9,13.1,14.0,1.0,1.0,1.0,15.0,12.0,21.0,9.0,1.0,2.0,9.0,7.0,9.0,9.0,11.0,5.0,4.0,20.0,16.0,23.0,12.0,1.0,11.0,12.0,2.0,1.0,Regular Season,1610612762.0,14.0,12.0,2.0,0.857,672.0,118.4,119.8,105.4,107.2,13.0,12.6,0.572,1.76,17.6,0.285,0.745,0.527,0.137,0.578,0.615,101.3,99.86,83.21,1401.0,0.565,14.0,1.0,1.0,1.0,18.0,3.0,3.0,1.0,24.0,19.0,20.0,8.0,10.0,3.0,16.0,3.0,2.0,14.0,1.0,Regular Season
washington wizards,2020-21,5,1610612764.0,16.0,9.0,7.0,0.563,48.3,40.4,88.5,0.457,10.3,31.6,0.326,21.5,27.5,0.782,9.9,36.1,45.9,24.3,14.9,7.4,4.1,5.1,20.6,23.3,112.7,-3.6,1.0,5.0,15.0,13.0,13.0,19.0,13.0,21.0,26.0,24.0,28.0,2.0,2.0,19.0,12.0,7.0,5.0,19.0,25.0,15.0,27.0,18.0,26.0,1.0,19.0,22.0,Regular Season,1610612764.0,16.0,9.0,7.0,0.563,773.0,106.7,108.5,109.6,111.6,-2.9,-3.0,0.601,1.63,17.3,0.25,0.711,0.486,0.143,0.515,0.56,105.2,103.36,86.13,1661.0,0.5,1.0,5.0,15.0,13.0,3.0,23.0,12.0,22.0,15.0,21.0,22.0,20.0,30.0,24.0,22.0,25.0,23.0,1.0,17.0,Regular Season
atlanta hawks,2020-21,6,1610612737.0,13.0,9.0,4.0,0.692,48.0,40.2,84.4,0.477,13.2,34.6,0.38,17.1,20.8,0.819,9.8,34.5,44.2,24.2,12.5,6.7,4.8,4.0,19.7,17.5,110.7,5.0,15.0,6.0,5.0,6.0,15.0,20.0,27.0,12.0,10.0,14.0,9.0,12.0,17.0,5.0,15.0,15.0,13.0,18.0,9.0,23.0,14.0,6.0,24.0,26.0,17.0,7.0,Regular Season,1610612737.0,13.0,9.0,4.0,0.692,624.0,115.0,116.3,109.8,111.4,5.2,4.9,0.602,1.94,18.3,0.287,0.723,0.514,0.131,0.555,0.592,96.2,95.0,79.17,1237.0,0.528,15.0,6.0,5.0,6.0,21.0,7.0,15.0,7.0,15.0,9.0,12.0,5.0,21.0,10.0,13.0,11.0,8.0,29.0,8.0,Regular Season
boston celtics,2020-21,6,1610612738.0,14.0,6.0,8.0,0.429,48.4,43.1,90.2,0.478,15.0,39.1,0.383,14.0,18.6,0.751,10.4,33.1,43.6,24.4,12.7,7.9,5.7,4.4,18.9,17.9,115.3,1.6,5.0,17.0,18.0,20.0,7.0,7.0,5.0,11.0,4.0,6.0,8.0,28.0,26.0,21.0,8.0,23.0,16.0,16.0,11.0,13.0,5.0,11.0,17.0,23.0,7.0,12.0,Regular Season,1610612738.0,14.0,6.0,8.0,0.429,677.0,114.5,116.3,112.8,115.2,1.7,1.1,0.566,1.92,17.8,0.286,0.714,0.499,0.128,0.561,0.586,100.0,98.16,81.8,1388.0,0.513,5.0,17.0,18.0,20.0,5.0,8.0,25.0,13.0,23.0,13.0,15.0,6.0,24.0,18.0,10.0,6.0,12.0,17.0,11.0,Regular Season
brooklyn nets,2020-21,6,1610612751.0,13.0,11.0,2.0,0.846,48.4,42.2,87.7,0.482,11.6,33.2,0.35,18.8,24.0,0.782,10.3,34.9,45.2,25.3,11.8,6.8,4.4,5.3,18.5,20.5,114.8,4.0,15.0,1.0,1.0,1.0,2.0,12.0,17.0,8.0,19.0,18.0,22.0,4.0,5.0,12.0,9.0,10.0,10.0,10.0,4.0,22.0,23.0,22.0,13.0,4.0,10.0,8.0,Regular Season,1610612751.0,13.0,11.0,2.0,0.846,629.0,115.2,116.3,110.5,112.8,4.7,3.5,0.599,2.15,18.5,0.286,0.729,0.516,0.119,0.548,0.584,99.2,97.76,81.46,1284.0,0.534,15.0,1.0,1.0,1.0,16.0,9.0,21.0,8.0,16.0,2.0,11.0,7.0,19.0,9.0,2.0,13.0,13.0,20.0,5.0,Regular Season
charlotte hornets,2020-21,6,1610612766.0,13.0,8.0,5.0,0.615,48.4,39.4,85.3,0.462,14.5,36.9,0.392,17.3,22.7,0.763,10.0,34.8,44.8,26.5,16.0,8.0,4.8,4.1,17.7,19.2,110.5,1.2,15.0,11.0,9.0,11.0,2.0,21.0,25.0,17.0,8.0,8.0,4.0,11.0,8.0,19.0,12.0,12.0,12.0,6.0,29.0,9.0,14.0,7.0,8.0,11.0,18.0,14.0,Regular Season,1610612766.0,13.0,8.0,5.0,0.615,629.0,109.1,111.0,108.7,110.1,0.4,0.9,0.672,1.65,19.1,0.27,0.739,0.507,0.161,0.546,0.58,100.1,98.67,82.23,1295.0,0.508,15.0,11.0,9.0,11.0,16.0,14.0,11.0,14.0,1.0,22.0,5.0,11.0,14.0,16.0,29.0,14.0,14.0,15.0,14.0,Regular Season
chicago bulls,2020-21,6,1610612741.0,14.0,4.0,10.0,0.286,48.4,41.6,90.9,0.458,11.3,32.4,0.348,13.5,16.4,0.822,11.9,34.9,46.8,26.8,15.3,6.1,4.5,6.7,18.9,16.5,108.1,-4.1,5.0,23.0,26.0,26.0,7.0,13.0,3.0,20.0,24.0,19.0,23.0,29.0,29.0,4.0,1.0,9.0,5.0,5.0,25.0,28.0,20.0,30.0,16.0,29.0,21.0,22.0,Regular Season,1610612741.0,14.0,4.0,10.0,0.286,677.0,106.5,108.5,111.0,112.6,-4.6,-4.2,0.643,1.75,18.9,0.307,0.769,0.532,0.153,0.52,0.551,100.5,98.87,82.39,1395.0,0.478,5.0,23.0,26.0,26.0,5.0,21.0,20.0,22.0,7.0,20.0,7.0,3.0,2.0,3.0,25.0,21.0,23.0,14.0,21.0,Regular Season
cleveland cavaliers,2020-21,6,1610612739.0,13.0,4.0,9.0,0.308,48.0,36.7,83.5,0.439,8.9,28.5,0.314,16.5,22.2,0.74,9.6,31.8,41.5,22.2,15.2,8.0,4.6,5.7,17.3,19.6,98.8,-8.2,15.0,23.0,23.0,24.0,15.0,30.0,28.0,27.0,30.0,28.0,30.0,14.0,12.0,26.0,17.0,26.0,25.0,27.0,24.0,9.0,17.0,24.0,5.0,9.0,30.0,29.0,Regular Season,1610612739.0,13.0,4.0,9.0,0.308,624.0,99.8,101.5,108.5,109.5,-8.7,-8.0,0.606,1.46,16.8,0.263,0.708,0.48,0.157,0.493,0.529,98.8,97.5,81.25,1265.0,0.461,15.0,23.0,23.0,24.0,21.0,30.0,9.0,29.0,13.0,29.0,25.0,16.0,27.0,24.0,28.0,30.0,30.0,21.0,28.0,Regular Season
dallas mavericks,2020-21,6,1610612742.0,14.0,9.0,5.0,0.643,48.0,41.6,85.6,0.486,15.0,39.5,0.38,14.3,18.4,0.775,8.4,36.6,45.0,22.9,12.1,5.5,4.4,3.1,17.8,17.9,112.6,6.6,5.0,6.0,9.0,9.0,15.0,13.0,24.0,6.0,4.0,5.0,10.0,27.0,27.0,15.0,28.0,5.0,11.0,25.0,7.0,30.0,24.0,1.0,9.0,20.0,13.0,6.0,Regular Season,1610612742.0,14.0,9.0,5.0,0.643,672.0,115.5,116.9,109.0,110.0,6.5,6.9,0.551,1.89,17.6,0.254,0.761,0.524,0.126,0.574,0.6,97.3,96.29,80.24,1348.0,0.539,5.0,6.0,9.0,9.0,11.0,4.0,10.0,5.0,26.0,15.0,20.0,21.0,6.0,4.0,8.0,1.0,1.0,27.0,3.0,Regular Season
denver nuggets,2020-21,6,1610612743.0,14.0,11.0,3.0,0.786,48.4,45.2,90.1,0.502,13.0,33.6,0.386,12.1,15.5,0.783,11.0,34.6,45.6,28.2,12.9,8.1,4.5,4.5,17.5,16.1,115.6,7.1,5.0,1.0,2.0,2.0,7.0,1.0,6.0,1.0,12.0,16.0,5.0,30.0,30.0,10.0,5.0,13.0,9.0,2.0,12.0,8.0,20.0,12.0,7.0,30.0,6.0,5.0,Regular Season,1610612743.0,14.0,11.0,3.0,0.786,677.0,117.0,118.9,110.3,112.0,6.7,6.9,0.624,2.19,20.3,0.31,0.75,0.533,0.132,0.574,0.596,97.9,96.32,80.27,1361.0,0.537,5.0,1.0,2.0,2.0,5.0,2.0,19.0,6.0,9.0,1.0,1.0,2.0,12.0,2.0,14.0,2.0,5.0,26.0,4.0,Regular Season
detroit pistons,2020-21,6,1610612765.0,13.0,4.0,9.0,0.308,48.0,38.1,82.5,0.462,11.5,31.4,0.368,18.2,24.3,0.75,8.8,33.2,42.1,25.4,14.9,8.0,5.3,5.8,20.5,20.4,105.9,-2.4,15.0,23.0,23.0,24.0,15.0,27.0,30.0,16.0,21.0,23.0,15.0,9.0,4.0,22.0,25.0,22.0,24.0,8.0,22.0,9.0,9.0,25.0,26.0,5.0,25.0,21.0,Regular Season,1610612765.0,13.0,4.0,9.0,0.308,624.0,106.7,109.4,109.7,111.7,-2.9,-2.3,0.667,1.7,18.9,0.265,0.736,0.502,0.154,0.532,0.569,99.0,96.92,80.77,1259.0,0.495,15.0,23.0,23.0,24.0,21.0,19.0,17.0,21.0,2.0,21.0,8.0,15.0,15.0,17.0,26.0,19.0,17.0,25.0,18.0,Regular Season
golden state warriors,2020-21,6,1610612744.0,12.0,4.0,8.0,0.333,48.0,40.3,87.8,0.458,13.5,35.9,0.376,14.7,19.7,0.746,7.8,33.3,41.1,26.3,14.3,8.1,4.3,4.6,21.0,18.9,108.7,-7.0,30.0,23.0,18.0,23.0,15.0,19.0,16.0,21.0,9.0,12.0,12.0,25.0,22.0,25.0,30.0,21.0,27.0,7.0,21.0,6.0,25.0,14.0,27.0,13.0,20.0,27.0,Regular Season,1610612744.0,12.0,4.0,8.0,0.333,576.0,105.6,107.1,112.5,113.8,-6.9,-6.7,0.652,1.84,19.0,0.214,0.729,0.466,0.14,0.535,0.563,102.8,101.58,84.65,1218.0,0.463,30.0,23.0,18.0,23.0,30.0,26.0,23.0,26.0,5.0,16.0,6.0,29.0,20.0,29.0,20.0,18.0,19.0,4.0,27.0,Regular Season
houston rockets,2020-21,6,1610612745.0,15.0,2.0,13.0,0.133,48.0,38.6,88.7,0.435,13.1,39.5,0.331,15.7,21.9,0.717,9.4,31.0,40.4,23.0,13.0,7.7,5.3,4.3,19.3,19.5,106.0,-9.7,2.0,29.0,29.0,29.0,15.0,23.0,11.0,28.0,11.0,4.0,27.0,17.0,13.0,30.0,19.0,28.0,28.0,23.0,13.0,15.0,8.0,10.0,21.0,10.0,24.0,30.0,Regular Season,1610612745.0,15.0,2.0,13.0,0.133,720.0,103.9,106.4,113.4,115.7,-9.4,-9.2,0.596,1.77,17.0,0.248,0.714,0.468,0.131,0.509,0.539,102.0,99.8,83.17,1494.0,0.436,2.0,29.0,29.0,29.0,3.0,27.0,27.0,30.0,17.0,19.0,24.0,25.0,23.0,27.0,11.0,26.0,28.0,12.0,30.0,Regular Season
indiana pacers,2020-21,6,1610612754.0,14.0,6.0,8.0,0.429,48.4,42.4,90.9,0.466,13.0,36.4,0.357,14.4,18.4,0.782,9.4,31.0,40.4,27.4,14.1,9.2,6.0,5.1,19.4,17.7,112.1,-2.2,5.0,17.0,18.0,20.0,7.0,10.0,2.0,15.0,12.0,10.0,19.0,26.0,28.0,11.0,20.0,28.0,29.0,3.0,18.0,4.0,2.0,19.0,22.0,24.0,15.0,20.0,Regular Season,1610612754.0,14.0,6.0,8.0,0.429,677.0,108.1,110.4,110.0,111.8,-1.9,-1.4,0.646,1.94,19.4,0.254,0.695,0.467,0.139,0.537,0.566,103.0,101.1,84.25,1421.0,0.487,5.0,17.0,18.0,20.0,5.0,15.0,18.0,19.0,6.0,10.0,4.0,22.0,29.0,28.0,17.0,15.0,18.0,7.0,20.0,Regular Season
la clippers,2020-21,6,1610612746.0,13.0,8.0,5.0,0.615,48.0,42.3,88.3,0.479,14.7,35.2,0.418,15.7,18.8,0.836,9.8,34.1,43.8,23.8,11.7,7.5,3.5,4.3,19.3,18.2,115.0,7.8,15.0,11.0,9.0,11.0,15.0,11.0,13.0,9.0,6.0,13.0,1.0,18.0,24.0,2.0,15.0,18.0,14.0,19.0,2.0,17.0,30.0,9.0,20.0,18.0,8.0,3.0,Regular Season,1610612746.0,13.0,8.0,5.0,0.615,624.0,116.8,118.1,109.0,110.4,7.7,7.7,0.564,2.04,17.8,0.265,0.772,0.516,0.12,0.562,0.595,98.4,97.23,81.03,1266.0,0.533,15.0,11.0,9.0,11.0,21.0,3.0,12.0,3.0,25.0,5.0,14.0,14.0,1.0,8.0,3.0,5.0,6.0,22.0,6.0,Regular Season
los angeles lakers,2020-21,6,1610612747.0,13.0,6.0,7.0,0.462,48.0,39.4,83.2,0.474,10.3,29.8,0.345,18.8,25.2,0.747,8.8,34.4,43.2,24.3,15.5,8.0,3.8,5.3,19.5,21.1,107.9,0.4,15.0,17.0,14.0,16.0,15.0,21.0,29.0,13.0,25.0,25.0,25.0,3.0,2.0,24.0,25.0,16.0,18.0,17.0,26.0,9.0,27.0,22.0,23.0,3.0,22.0,15.0,Regular Season,1610612747.0,13.0,6.0,7.0,0.462,624.0,106.9,108.1,106.9,107.6,0.0,0.5,0.617,1.56,17.9,0.252,0.766,0.514,0.156,0.536,0.573,100.8,99.88,83.24,1298.0,0.501,15.0,17.0,14.0,16.0,21.0,22.0,2.0,15.0,11.0,25.0,13.0,23.0,3.0,12.0,27.0,17.0,16.0,11.0,16.0,Regular Season
memphis grizzlies,2020-21,6,1610612763.0,15.0,7.0,8.0,0.467,48.3,42.7,93.5,0.457,9.5,29.1,0.328,17.5,22.6,0.776,11.7,36.9,48.7,25.3,13.1,9.5,4.4,5.3,18.1,18.7,112.5,-0.1,2.0,13.0,18.0,15.0,13.0,8.0,1.0,22.0,29.0,26.0,28.0,10.0,9.0,14.0,2.0,3.0,1.0,9.0,14.0,2.0,22.0,21.0,10.0,15.0,14.0,16.0,Regular Season,1610612763.0,15.0,7.0,8.0,0.467,725.0,107.4,108.8,106.7,108.5,0.6,0.4,0.593,1.94,17.7,0.27,0.758,0.508,0.126,0.508,0.544,104.4,102.89,85.74,1551.0,0.506,2.0,13.0,18.0,15.0,2.0,20.0,6.0,16.0,18.0,11.0,17.0,12.0,8.0,15.0,9.0,28.0,25.0,3.0,15.0,Regular Season
miami heat,2020-21,6,1610612748.0,14.0,7.0,7.0,0.5,48.4,37.5,85.1,0.44,11.5,36.3,0.317,15.5,20.1,0.772,9.1,33.6,42.7,24.9,11.7,8.2,4.6,5.1,16.7,18.4,102.0,-0.1,5.0,13.0,14.0,14.0,7.0,29.0,26.0,26.0,22.0,11.0,29.0,20.0,19.0,16.0,21.0,19.0,20.0,14.0,3.0,5.0,19.0,20.0,4.0,17.0,29.0,17.0,Regular Season,1610612748.0,14.0,7.0,7.0,0.5,677.0,105.6,107.1,104.6,107.8,1.1,-0.6,0.663,2.12,18.8,0.254,0.713,0.484,0.123,0.508,0.543,96.4,94.3,78.58,1333.0,0.51,5.0,13.0,14.0,14.0,5.0,25.0,3.0,17.0,3.0,3.0,9.0,20.0,25.0,21.0,6.0,27.0,26.0,30.0,13.0,Regular Season
milwaukee bucks,2020-21,6,1610612749.0,13.0,9.0,4.0,0.692,48.4,43.3,90.5,0.478,14.5,36.7,0.396,15.6,19.8,0.79,10.2,37.2,47.5,24.6,15.8,8.1,4.8,5.0,15.7,17.9,116.8,2.8,15.0,6.0,5.0,6.0,2.0,5.0,4.0,10.0,7.0,9.0,3.0,19.0,21.0,8.0,11.0,2.0,3.0,15.0,28.0,7.0,16.0,17.0,1.0,21.0,2.0,10.0,Regular Season,1610612749.0,13.0,9.0,4.0,0.692,629.0,111.4,112.1,107.3,109.1,4.1,3.0,0.568,1.55,17.4,0.259,0.749,0.514,0.152,0.559,0.588,104.7,103.44,86.2,1354.0,0.519,15.0,6.0,5.0,6.0,16.0,13.0,7.0,9.0,22.0,26.0,22.0,18.0,13.0,11.0,24.0,7.0,9.0,2.0,10.0,Regular Season
minnesota timberwolves,2020-21,6,1610612750.0,13.0,5.0,8.0,0.385,48.0,40.4,89.8,0.449,12.5,37.5,0.335,18.3,23.9,0.765,10.3,32.4,42.7,24.9,13.9,9.2,5.5,5.8,19.2,20.3,111.6,-6.0,15.0,22.0,18.0,22.0,15.0,18.0,8.0,23.0,15.0,7.0,26.0,7.0,6.0,18.0,9.0,25.0,21.0,13.0,17.0,3.0,6.0,25.0,19.0,6.0,16.0,25.0,Regular Season,1610612750.0,13.0,5.0,8.0,0.385,624.0,107.3,109.8,112.8,115.8,-5.5,-6.0,0.617,1.79,17.7,0.273,0.711,0.482,0.137,0.519,0.556,104.1,101.58,84.65,1321.0,0.471,15.0,22.0,18.0,22.0,21.0,18.0,28.0,25.0,12.0,18.0,16.0,10.0,26.0,23.0,15.0,22.0,21.0,5.0,23.0,Regular Season
new orleans pelicans,2020-21,6,1610612740.0,13.0,7.0,6.0,0.538,48.0,43.3,86.8,0.499,9.9,28.5,0.348,18.5,25.0,0.738,10.8,35.5,46.3,28.5,14.2,6.5,4.6,6.5,18.2,20.2,115.0,2.9,15.0,13.0,13.0,13.0,15.0,5.0,22.0,3.0,27.0,27.0,24.0,5.0,3.0,28.0,6.0,8.0,7.0,1.0,20.0,26.0,17.0,28.0,11.0,7.0,8.0,9.0,Regular Season,1610612740.0,13.0,7.0,6.0,0.538,624.0,113.7,116.3,112.2,114.0,1.5,2.3,0.659,2.01,20.1,0.321,0.756,0.544,0.144,0.556,0.588,100.5,98.58,82.15,1285.0,0.533,15.0,13.0,13.0,13.0,21.0,6.0,24.0,10.0,4.0,6.0,2.0,1.0,9.0,1.0,21.0,10.0,10.0,16.0,7.0,Regular Season
new york knicks,2020-21,6,1610612752.0,13.0,6.0,7.0,0.462,48.4,38.5,87.1,0.443,12.2,32.3,0.379,15.1,20.8,0.723,10.5,33.1,43.6,20.0,13.3,7.7,4.9,6.5,19.8,17.9,104.4,-1.4,15.0,17.0,14.0,16.0,2.0,24.0,21.0,25.0,16.0,20.0,11.0,23.0,17.0,29.0,7.0,24.0,15.0,30.0,15.0,14.0,12.0,28.0,25.0,21.0,27.0,18.0,Regular Season,1610612752.0,13.0,6.0,7.0,0.462,629.0,105.4,107.9,107.5,109.4,-2.0,-1.5,0.519,1.5,15.3,0.288,0.751,0.509,0.138,0.513,0.542,97.9,95.96,79.97,1258.0,0.466,15.0,17.0,14.0,16.0,16.0,23.0,8.0,20.0,30.0,28.0,30.0,4.0,10.0,14.0,16.0,25.0,27.0,28.0,25.0,Regular Season
oklahoma city thunder,2020-21,6,1610612760.0,13.0,6.0,7.0,0.462,48.0,38.4,86.0,0.446,12.2,33.5,0.365,16.2,21.8,0.739,11.2,36.2,47.4,20.5,16.4,6.7,5.2,5.0,16.4,18.8,105.2,-6.3,15.0,17.0,14.0,16.0,15.0,25.0,23.0,24.0,16.0,17.0,17.0,15.0,14.0,27.0,3.0,7.0,4.0,29.0,30.0,23.0,10.0,17.0,3.0,14.0,26.0,26.0,Regular Season,1610612760.0,13.0,6.0,7.0,0.462,624.0,104.4,104.9,110.1,111.6,-5.7,-6.7,0.535,1.25,15.3,0.279,0.762,0.518,0.163,0.517,0.55,101.0,100.04,83.37,1303.0,0.468,15.0,17.0,14.0,16.0,21.0,29.0,16.0,27.0,27.0,30.0,29.0,9.0,4.0,7.0,30.0,23.0,24.0,9.0,24.0,Regular Season
orlando magic,2020-21,6,1610612753.0,13.0,3.0,10.0,0.231,48.0,37.6,87.2,0.432,12.7,34.2,0.372,14.8,19.0,0.777,9.8,36.2,46.1,22.8,12.7,5.6,3.8,4.9,16.2,16.9,102.7,-5.5,15.0,28.0,26.0,28.0,15.0,28.0,20.0,29.0,14.0,15.0,14.0,24.0,23.0,13.0,14.0,6.0,8.0,26.0,10.0,29.0,27.0,15.0,2.0,28.0,28.0,23.0,Regular Season,1610612753.0,13.0,3.0,10.0,0.231,624.0,104.4,106.0,110.0,111.2,-5.6,-5.3,0.605,1.79,17.3,0.235,0.759,0.493,0.131,0.504,0.538,98.3,97.08,80.9,1260.0,0.465,15.0,28.0,26.0,28.0,21.0,28.0,14.0,23.0,14.0,17.0,23.0,26.0,7.0,19.0,12.0,29.0,29.0,24.0,26.0,Regular Season
philadelphia 76ers,2020-21,6,1610612755.0,13.0,10.0,3.0,0.769,49.2,44.2,89.5,0.493,11.6,30.3,0.383,16.0,21.4,0.748,9.6,36.8,46.5,23.0,15.0,9.8,6.3,3.5,21.4,19.1,115.9,10.0,15.0,5.0,2.0,4.0,1.0,3.0,9.0,5.0,19.0,24.0,7.0,16.0,15.0,23.0,17.0,4.0,6.0,23.0,23.0,1.0,1.0,3.0,28.0,12.0,5.0,1.0,Regular Season,1610612755.0,13.0,10.0,3.0,0.769,639.0,111.1,112.8,101.5,103.2,9.6,9.6,0.521,1.53,16.6,0.269,0.762,0.521,0.146,0.558,0.586,101.9,100.28,83.57,1336.0,0.552,15.0,5.0,2.0,4.0,15.0,12.0,1.0,1.0,29.0,27.0,27.0,13.0,5.0,6.0,22.0,8.0,11.0,8.0,1.0,Regular Season
phoenix suns,2020-21,6,1610612756.0,14.0,11.0,3.0,0.786,48.4,43.5,87.4,0.498,11.9,31.6,0.376,15.5,18.7,0.828,8.9,34.6,43.5,27.4,13.7,7.2,4.0,3.8,18.7,17.7,114.4,7.4,5.0,1.0,2.0,2.0,7.0,4.0,19.0,4.0,18.0,22.0,13.0,20.0,25.0,3.0,23.0,13.0,17.0,3.0,16.0,18.0,26.0,5.0,15.0,24.0,11.0,4.0,Regular Season,1610612756.0,14.0,11.0,3.0,0.786,677.0,113.8,115.8,107.0,108.2,6.7,7.7,0.629,1.99,19.9,0.261,0.735,0.51,0.139,0.565,0.598,99.5,98.06,81.71,1382.0,0.549,5.0,1.0,2.0,2.0,5.0,11.0,5.0,4.0,8.0,7.0,3.0,17.0,16.0,13.0,19.0,3.0,2.0,18.0,2.0,Regular Season
portland trail blazers,2020-21,6,1610612757.0,15.0,11.0,4.0,0.733,48.0,40.4,88.0,0.459,16.5,42.7,0.386,19.4,22.4,0.866,9.9,31.5,41.4,21.4,11.1,6.9,5.7,4.2,18.5,20.0,116.7,1.5,2.0,1.0,5.0,5.0,15.0,17.0,15.0,19.0,2.0,3.0,6.0,1.0,11.0,1.0,13.0,27.0,26.0,28.0,1.0,21.0,4.0,8.0,12.0,8.0,3.0,13.0,Regular Season,1610612757.0,15.0,11.0,4.0,0.733,720.0,117.8,120.2,115.9,118.4,1.9,1.8,0.53,1.93,16.3,0.259,0.708,0.479,0.114,0.553,0.596,99.2,97.17,80.97,1456.0,0.495,2.0,1.0,5.0,5.0,3.0,1.0,30.0,11.0,28.0,12.0,28.0,19.0,28.0,25.0,1.0,12.0,4.0,23.0,17.0,Regular Season
sacramento kings,2020-21,6,1610612758.0,14.0,9.0,5.0,0.643,48.0,44.2,88.4,0.5,11.4,31.7,0.36,16.6,21.1,0.786,9.1,33.3,42.4,25.3,12.1,6.3,4.9,3.2,19.0,18.0,116.4,2.1,5.0,6.0,9.0,9.0,15.0,2.0,12.0,2.0,23.0,21.0,18.0,13.0,16.0,9.0,21.0,20.0,23.0,11.0,6.0,27.0,13.0,2.0,18.0,19.0,4.0,11.0,Regular Season,1610612758.0,14.0,9.0,5.0,0.643,672.0,115.8,116.8,113.1,115.4,2.6,1.5,0.572,2.09,18.6,0.248,0.719,0.49,0.121,0.565,0.596,100.8,99.36,82.8,1395.0,0.512,5.0,6.0,9.0,9.0,11.0,5.0,26.0,12.0,20.0,4.0,10.0,24.0,22.0,20.0,5.0,4.0,3.0,13.0,12.0,Regular Season
san antonio spurs,2020-21,6,1610612759.0,16.0,7.0,9.0,0.438,48.3,41.1,87.4,0.47,10.3,28.0,0.366,15.3,20.0,0.766,8.4,34.2,42.6,23.4,11.8,6.6,5.4,4.6,17.4,17.3,107.7,-1.8,1.0,13.0,23.0,19.0,14.0,16.0,18.0,14.0,26.0,29.0,16.0,22.0,20.0,17.0,27.0,17.0,22.0,22.0,5.0,25.0,7.0,13.0,6.0,27.0,23.0,19.0,Regular Season,1610612759.0,16.0,7.0,9.0,0.438,773.0,108.1,109.9,110.3,110.7,-2.2,-0.9,0.569,1.98,17.7,0.224,0.735,0.482,0.121,0.528,0.559,98.8,97.8,81.5,1568.0,0.492,1.0,13.0,23.0,19.0,1.0,16.0,13.0,18.0,21.0,8.0,18.0,28.0,17.0,22.0,4.0,20.0,20.0,19.0,19.0,Regular Season
toronto raptors,2020-21,6,1610612761.0,14.0,1.0,13.0,0.071,48.0,38.1,88.8,0.43,15.1,42.9,0.353,18.3,22.5,0.813,8.9,29.8,38.6,23.6,12.4,7.1,5.0,6.1,22.9,21.6,109.7,-7.9,5.0,30.0,29.0,30.0,15.0,26.0,10.0,30.0,3.0,2.0,21.0,8.0,10.0,6.0,23.0,30.0,30.0,20.0,8.0,19.0,11.0,27.0,30.0,2.0,19.0,28.0,Regular Season,1610612761.0,14.0,1.0,13.0,0.071,672.0,107.3,109.9,115.2,117.4,-7.9,-7.5,0.618,1.9,17.4,0.235,0.685,0.446,0.124,0.515,0.556,102.1,100.0,83.33,1398.0,0.44,5.0,30.0,29.0,30.0,11.0,17.0,29.0,28.0,10.0,14.0,21.0,27.0,30.0,30.0,7.0,24.0,22.0,10.0,29.0,Regular Season
utah jazz,2020-21,6,1610612762.0,13.0,9.0,4.0,0.692,48.4,41.5,89.9,0.461,17.2,43.2,0.398,18.4,23.0,0.799,11.2,37.5,48.6,23.4,14.2,7.5,5.8,3.5,18.7,18.5,118.5,8.4,15.0,6.0,5.0,6.0,2.0,15.0,7.0,18.0,1.0,1.0,2.0,6.0,7.0,7.0,4.0,1.0,2.0,21.0,19.0,16.0,3.0,3.0,14.0,16.0,1.0,2.0,Regular Season,1610612762.0,13.0,9.0,4.0,0.692,629.0,115.0,116.1,106.8,108.0,8.2,8.1,0.564,1.65,16.8,0.282,0.75,0.522,0.139,0.556,0.592,102.2,101.19,84.32,1327.0,0.526,15.0,6.0,5.0,6.0,16.0,10.0,4.0,2.0,24.0,23.0,26.0,8.0,11.0,5.0,18.0,9.0,7.0,6.0,9.0,Regular Season
washington wizards,2020-21,6,1610612764.0,14.0,4.0,10.0,0.286,48.0,42.6,88.2,0.483,9.6,27.3,0.353,19.3,25.5,0.756,7.9,34.9,42.8,24.9,15.6,7.1,3.8,4.9,22.7,22.6,114.1,-5.7,5.0,23.0,26.0,26.0,15.0,9.0,14.0,7.0,28.0,30.0,20.0,2.0,1.0,20.0,29.0,11.0,19.0,12.0,27.0,19.0,29.0,16.0,29.0,1.0,12.0,24.0,Regular Season,1610612764.0,14.0,4.0,10.0,0.286,672.0,106.5,107.5,111.0,112.9,-4.5,-5.3,0.586,1.6,17.6,0.211,0.73,0.476,0.147,0.537,0.574,107.5,106.11,88.42,1485.0,0.477,5.0,23.0,26.0,26.0,11.0,24.0,22.0,24.0,19.0,24.0,19.0,30.0,18.0,26.0,23.0,16.0,15.0,1.0,22.0,Regular Season
atlanta hawks,2020-21,10,1610612737.0,2.0,0.0,2.0,0.0,48.0,39.5,91.0,0.434,13.5,35.0,0.386,17.0,21.0,0.81,13.0,28.5,41.5,23.0,15.0,8.5,3.5,5.0,19.0,20.0,109.5,-11.0,3.0,3.0,1.0,3.0,1.0,3.0,1.0,3.0,1.0,1.0,1.0,2.0,2.0,2.0,2.0,3.0,2.0,2.0,3.0,2.0,3.0,3.0,2.0,1.0,2.0,3.0,Playoffs,1610612737.0,2.0,0.0,2.0,0.0,96.0,107.1,111.7,119.2,123.0,-12.1,-11.2,0.582,1.53,16.5,0.349,0.64,0.49,0.153,0.508,0.546,101.7,98.0,81.67,196.0,0.432,3.0,3.0,1.0,3.0,3.0,3.0,3.0,3.0,1.0,3.0,2.0,1.0,3.0,2.0,3.0,3.0,3.0,1.0,3.0,Playoffs
boston celtics,2020-21,10,1610612738.0,14.0,6.0,8.0,0.429,48.4,43.1,90.2,0.478,15.0,39.1,0.383,14.0,18.6,0.751,10.4,33.1,43.6,24.4,12.7,7.9,5.7,4.4,18.9,17.9,115.3,1.6,5.0,17.0,18.0,20.0,7.0,7.0,5.0,11.0,4.0,6.0,8.0,28.0,26.0,21.0,8.0,23.0,16.0,16.0,11.0,13.0,5.0,11.0,17.0,23.0,7.0,12.0,Regular Season,1610612738.0,14.0,6.0,8.0,0.429,677.0,114.5,116.3,112.8,115.2,1.7,1.1,0.566,1.92,17.8,0.286,0.714,0.499,0.128,0.561,0.586,100.0,98.16,81.8,1388.0,0.513,5.0,17.0,18.0,20.0,5.0,8.0,25.0,13.0,23.0,13.0,15.0,6.0,24.0,18.0,10.0,6.0,12.0,17.0,11.0,Regular Season
brooklyn nets,2020-21,10,1610612751.0,13.0,11.0,2.0,0.846,48.4,42.2,87.7,0.482,11.6,33.2,0.35,18.8,24.0,0.782,10.3,34.9,45.2,25.3,11.8,6.8,4.4,5.3,18.5,20.5,114.8,4.0,15.0,1.0,1.0,1.0,2.0,12.0,17.0,8.0,19.0,18.0,22.0,4.0,5.0,12.0,9.0,10.0,10.0,10.0,4.0,22.0,23.0,22.0,13.0,4.0,10.0,8.0,Regular Season,1610612751.0,13.0,11.0,2.0,0.846,629.0,115.2,116.3,110.5,112.8,4.7,3.5,0.599,2.15,18.5,0.286,0.729,0.516,0.119,0.548,0.584,99.2,97.76,81.46,1284.0,0.534,15.0,1.0,1.0,1.0,16.0,9.0,21.0,8.0,16.0,2.0,11.0,7.0,19.0,9.0,2.0,13.0,13.0,20.0,5.0,Regular Season
charlotte hornets,2020-21,10,1610612766.0,13.0,8.0,5.0,0.615,48.4,39.4,85.3,0.462,14.5,36.9,0.392,17.3,22.7,0.763,10.0,34.8,44.8,26.5,16.0,8.0,4.8,4.1,17.7,19.2,110.5,1.2,15.0,11.0,9.0,11.0,2.0,21.0,25.0,17.0,8.0,8.0,4.0,11.0,8.0,19.0,12.0,12.0,12.0,6.0,29.0,9.0,14.0,7.0,8.0,11.0,18.0,14.0,Regular Season,1610612766.0,13.0,8.0,5.0,0.615,629.0,109.1,111.0,108.7,110.1,0.4,0.9,0.672,1.65,19.1,0.27,0.739,0.507,0.161,0.546,0.58,100.1,98.67,82.23,1295.0,0.508,15.0,11.0,9.0,11.0,16.0,14.0,11.0,14.0,1.0,22.0,5.0,11.0,14.0,16.0,29.0,14.0,14.0,15.0,14.0,Regular Season
chicago bulls,2020-21,10,1610612741.0,14.0,4.0,10.0,0.286,48.4,41.6,90.9,0.458,11.3,32.4,0.348,13.5,16.4,0.822,11.9,34.9,46.8,26.8,15.3,6.1,4.5,6.7,18.9,16.5,108.1,-4.1,5.0,23.0,26.0,26.0,7.0,13.0,3.0,20.0,24.0,19.0,23.0,29.0,29.0,4.0,1.0,9.0,5.0,5.0,25.0,28.0,20.0,30.0,16.0,29.0,21.0,22.0,Regular Season,1610612741.0,14.0,4.0,10.0,0.286,677.0,106.5,108.5,111.0,112.6,-4.6,-4.2,0.643,1.75,18.9,0.307,0.769,0.532,0.153,0.52,0.551,100.5,98.87,82.39,1395.0,0.478,5.0,23.0,26.0,26.0,5.0,21.0,20.0,22.0,7.0,20.0,7.0,3.0,2.0,3.0,25.0,21.0,23.0,14.0,21.0,Regular Season
cleveland cavaliers,2020-21,10,1610612739.0,13.0,4.0,9.0,0.308,48.0,36.7,83.5,0.439,8.9,28.5,0.314,16.5,22.2,0.74,9.6,31.8,41.5,22.2,15.2,8.0,4.6,5.7,17.3,19.6,98.8,-8.2,15.0,23.0,23.0,24.0,15.0,30.0,28.0,27.0,30.0,28.0,30.0,14.0,12.0,26.0,17.0,26.0,25.0,27.0,24.0,9.0,17.0,24.0,5.0,9.0,30.0,29.0,Regular Season,1610612739.0,13.0,4.0,9.0,0.308,624.0,99.8,101.5,108.5,109.5,-8.7,-8.0,0.606,1.46,16.8,0.263,0.708,0.48,0.157,0.493,0.529,98.8,97.5,81.25,1265.0,0.461,15.0,23.0,23.0,24.0,21.0,30.0,9.0,29.0,13.0,29.0,25.0,16.0,27.0,24.0,28.0,30.0,30.0,21.0,28.0,Regular Season
dallas mavericks,2020-21,10,1610612742.0,14.0,9.0,5.0,0.643,48.0,41.6,85.6,0.486,15.0,39.5,0.38,14.3,18.4,0.775,8.4,36.6,45.0,22.9,12.1,5.5,4.4,3.1,17.8,17.9,112.6,6.6,5.0,6.0,9.0,9.0,15.0,13.0,24.0,6.0,4.0,5.0,10.0,27.0,27.0,15.0,28.0,5.0,11.0,25.0,7.0,30.0,24.0,1.0,9.0,20.0,13.0,6.0,Regular Season,1610612742.0,14.0,9.0,5.0,0.643,672.0,115.5,116.9,109.0,110.0,6.5,6.9,0.551,1.89,17.6,0.254,0.761,0.524,0.126,0.574,0.6,97.3,96.29,80.24,1348.0,0.539,5.0,6.0,9.0,9.0,11.0,4.0,10.0,5.0,26.0,15.0,20.0,21.0,6.0,4.0,8.0,1.0,1.0,27.0,3.0,Regular Season
denver nuggets,2020-21,10,1610612743.0,14.0,11.0,3.0,0.786,48.4,45.2,90.1,0.502,13.0,33.6,0.386,12.1,15.5,0.783,11.0,34.6,45.6,28.2,12.9,8.1,4.5,4.5,17.5,16.1,115.6,7.1,5.0,1.0,2.0,2.0,7.0,1.0,6.0,1.0,12.0,16.0,5.0,30.0,30.0,10.0,5.0,13.0,9.0,2.0,12.0,8.0,20.0,12.0,7.0,30.0,6.0,5.0,Regular Season,1610612743.0,14.0,11.0,3.0,0.786,677.0,117.0,118.9,110.3,112.0,6.7,6.9,0.624,2.19,20.3,0.31,0.75,0.533,0.132,0.574,0.596,97.9,96.32,80.27,1361.0,0.537,5.0,1.0,2.0,2.0,5.0,2.0,19.0,6.0,9.0,1.0,1.0,2.0,12.0,2.0,14.0,2.0,5.0,26.0,4.0,Regular Season
detroit pistons,2020-21,10,1610612765.0,13.0,4.0,9.0,0.308,48.0,38.1,82.5,0.462,11.5,31.4,0.368,18.2,24.3,0.75,8.8,33.2,42.1,25.4,14.9,8.0,5.3,5.8,20.5,20.4,105.9,-2.4,15.0,23.0,23.0,24.0,15.0,27.0,30.0,16.0,21.0,23.0,15.0,9.0,4.0,22.0,25.0,22.0,24.0,8.0,22.0,9.0,9.0,25.0,26.0,5.0,25.0,21.0,Regular Season,1610612765.0,13.0,4.0,9.0,0.308,624.0,106.7,109.4,109.7,111.7,-2.9,-2.3,0.667,1.7,18.9,0.265,0.736,0.502,0.154,0.532,0.569,99.0,96.92,80.77,1259.0,0.495,15.0,23.0,23.0,24.0,21.0,19.0,17.0,21.0,2.0,21.0,8.0,15.0,15.0,17.0,26.0,19.0,17.0,25.0,18.0,Regular Season
golden state warriors,2020-21,10,1610612744.0,12.0,4.0,8.0,0.333,48.0,40.3,87.8,0.458,13.5,35.9,0.376,14.7,19.7,0.746,7.8,33.3,41.1,26.3,14.3,8.1,4.3,4.6,21.0,18.9,108.7,-7.0,30.0,23.0,18.0,23.0,15.0,19.0,16.0,21.0,9.0,12.0,12.0,25.0,22.0,25.0,30.0,21.0,27.0,7.0,21.0,6.0,25.0,14.0,27.0,13.0,20.0,27.0,Regular Season,1610612744.0,12.0,4.0,8.0,0.333,576.0,105.6,107.1,112.5,113.8,-6.9,-6.7,0.652,1.84,19.0,0.214,0.729,0.466,0.14,0.535,0.563,102.8,101.58,84.65,1218.0,0.463,30.0,23.0,18.0,23.0,30.0,26.0,23.0,26.0,5.0,16.0,6.0,29.0,20.0,29.0,20.0,18.0,19.0,4.0,27.0,Regular Season
houston rockets,2020-21,10,1610612745.0,15.0,2.0,13.0,0.133,48.0,38.6,88.7,0.435,13.1,39.5,0.331,15.7,21.9,0.717,9.4,31.0,40.4,23.0,13.0,7.7,5.3,4.3,19.3,19.5,106.0,-9.7,2.0,29.0,29.0,29.0,15.0,23.0,11.0,28.0,11.0,4.0,27.0,17.0,13.0,30.0,19.0,28.0,28.0,23.0,13.0,15.0,8.0,10.0,21.0,10.0,24.0,30.0,Regular Season,1610612745.0,15.0,2.0,13.0,0.133,720.0,103.9,106.4,113.4,115.7,-9.4,-9.2,0.596,1.77,17.0,0.248,0.714,0.468,0.131,0.509,0.539,102.0,99.8,83.17,1494.0,0.436,2.0,29.0,29.0,29.0,3.0,27.0,27.0,30.0,17.0,19.0,24.0,25.0,23.0,27.0,11.0,26.0,28.0,12.0,30.0,Regular Season
indiana pacers,2020-21,10,1610612754.0,14.0,6.0,8.0,0.429,48.4,42.4,90.9,0.466,13.0,36.4,0.357,14.4,18.4,0.782,9.4,31.0,40.4,27.4,14.1,9.2,6.0,5.1,19.4,17.7,112.1,-2.2,5.0,17.0,18.0,20.0,7.0,10.0,2.0,15.0,12.0,10.0,19.0,26.0,28.0,11.0,20.0,28.0,29.0,3.0,18.0,4.0,2.0,19.0,22.0,24.0,15.0,20.0,Regular Season,1610612754.0,14.0,6.0,8.0,0.429,677.0,108.1,110.4,110.0,111.8,-1.9,-1.4,0.646,1.94,19.4,0.254,0.695,0.467,0.139,0.537,0.566,103.0,101.1,84.25,1421.0,0.487,5.0,17.0,18.0,20.0,5.0,15.0,18.0,19.0,6.0,10.0,4.0,22.0,29.0,28.0,17.0,15.0,18.0,7.0,20.0,Regular Season
la clippers,2020-21,10,1610612746.0,13.0,8.0,5.0,0.615,48.0,42.3,88.3,0.479,14.7,35.2,0.418,15.7,18.8,0.836,9.8,34.1,43.8,23.8,11.7,7.5,3.5,4.3,19.3,18.2,115.0,7.8,15.0,11.0,9.0,11.0,15.0,11.0,13.0,9.0,6.0,13.0,1.0,18.0,24.0,2.0,15.0,18.0,14.0,19.0,2.0,17.0,30.0,9.0,20.0,18.0,8.0,3.0,Regular Season,1610612746.0,13.0,8.0,5.0,0.615,624.0,116.8,118.1,109.0,110.4,7.7,7.7,0.564,2.04,17.8,0.265,0.772,0.516,0.12,0.562,0.595,98.4,97.23,81.03,1266.0,0.533,15.0,11.0,9.0,11.0,21.0,3.0,12.0,3.0,25.0,5.0,14.0,14.0,1.0,8.0,3.0,5.0,6.0,22.0,6.0,Regular Season
los angeles lakers,2020-21,10,1610612747.0,13.0,6.0,7.0,0.462,48.0,39.4,83.2,0.474,10.3,29.8,0.345,18.8,25.2,0.747,8.8,34.4,43.2,24.3,15.5,8.0,3.8,5.3,19.5,21.1,107.9,0.4,15.0,17.0,14.0,16.0,15.0,21.0,29.0,13.0,25.0,25.0,25.0,3.0,2.0,24.0,25.0,16.0,18.0,17.0,26.0,9.0,27.0,22.0,23.0,3.0,22.0,15.0,Regular Season,1610612747.0,13.0,6.0,7.0,0.462,624.0,106.9,108.1,106.9,107.6,0.0,0.5,0.617,1.56,17.9,0.252,0.766,0.514,0.156,0.536,0.573,100.8,99.88,83.24,1298.0,0.501,15.0,17.0,14.0,16.0,21.0,22.0,2.0,15.0,11.0,25.0,13.0,23.0,3.0,12.0,27.0,17.0,16.0,11.0,16.0,Regular Season
memphis grizzlies,2020-21,10,1610612763.0,15.0,7.0,8.0,0.467,48.3,42.7,93.5,0.457,9.5,29.1,0.328,17.5,22.6,0.776,11.7,36.9,48.7,25.3,13.1,9.5,4.4,5.3,18.1,18.7,112.5,-0.1,2.0,13.0,18.0,15.0,13.0,8.0,1.0,22.0,29.0,26.0,28.0,10.0,9.0,14.0,2.0,3.0,1.0,9.0,14.0,2.0,22.0,21.0,10.0,15.0,14.0,16.0,Regular Season,1610612763.0,15.0,7.0,8.0,0.467,725.0,107.4,108.8,106.7,108.5,0.6,0.4,0.593,1.94,17.7,0.27,0.758,0.508,0.126,0.508,0.544,104.4,102.89,85.74,1551.0,0.506,2.0,13.0,18.0,15.0,2.0,20.0,6.0,16.0,18.0,11.0,17.0,12.0,8.0,15.0,9.0,28.0,25.0,3.0,15.0,Regular Season
miami heat,2020-21,10,1610612748.0,14.0,7.0,7.0,0.5,48.4,37.5,85.1,0.44,11.5,36.3,0.317,15.5,20.1,0.772,9.1,33.6,42.7,24.9,11.7,8.2,4.6,5.1,16.7,18.4,102.0,-0.1,5.0,13.0,14.0,14.0,7.0,29.0,26.0,26.0,22.0,11.0,29.0,20.0,19.0,16.0,21.0,19.0,20.0,14.0,3.0,5.0,19.0,20.0,4.0,17.0,29.0,17.0,Regular Season,1610612748.0,14.0,7.0,7.0,0.5,677.0,105.6,107.1,104.6,107.8,1.1,-0.6,0.663,2.12,18.8,0.254,0.713,0.484,0.123,0.508,0.543,96.4,94.3,78.58,1333.0,0.51,5.0,13.0,14.0,14.0,5.0,25.0,3.0,17.0,3.0,3.0,9.0,20.0,25.0,21.0,6.0,27.0,26.0,30.0,13.0,Regular Season
milwaukee bucks,2020-21,10,1610612749.0,8.0,6.0,2.0,0.75,48.0,42.5,90.1,0.472,11.5,32.6,0.352,17.4,23.3,0.747,13.1,33.3,46.4,23.8,11.5,8.8,3.9,3.9,18.1,20.0,113.9,4.5,1.0,1.0,1.0,1.0,1.0,1.0,2.0,2.0,2.0,2.0,3.0,1.0,1.0,3.0,1.0,1.0,1.0,1.0,1.0,1.0,2.0,2.0,1.0,1.0,1.0,1.0,Playoffs,1610612749.0,8.0,6.0,2.0,0.75,384.0,115.3,116.9,109.8,112.0,5.5,4.9,0.559,2.07,17.3,0.327,0.739,0.524,0.118,0.535,0.567,99.2,97.5,81.25,779.0,0.53,1.0,1.0,1.0,1.0,1.0,1.0,1.0,1.0,2.0,1.0,1.0,2.0,1.0,1.0,1.0,2.0,2.0,2.0,1.0,Playoffs
minnesota timberwolves,2020-21,10,1610612750.0,13.0,5.0,8.0,0.385,48.0,40.4,89.8,0.449,12.5,37.5,0.335,18.3,23.9,0.765,10.3,32.4,42.7,24.9,13.9,9.2,5.5,5.8,19.2,20.3,111.6,-6.0,15.0,22.0,18.0,22.0,15.0,18.0,8.0,23.0,15.0,7.0,26.0,7.0,6.0,18.0,9.0,25.0,21.0,13.0,17.0,3.0,6.0,25.0,19.0,6.0,16.0,25.0,Regular Season,1610612750.0,13.0,5.0,8.0,0.385,624.0,107.3,109.8,112.8,115.8,-5.5,-6.0,0.617,1.79,17.7,0.273,0.711,0.482,0.137,0.519,0.556,104.1,101.58,84.65,1321.0,0.471,15.0,22.0,18.0,22.0,21.0,18.0,28.0,25.0,12.0,18.0,16.0,10.0,26.0,23.0,15.0,22.0,21.0,5.0,23.0,Regular Season
new orleans pelicans,2020-21,10,1610612740.0,13.0,7.0,6.0,0.538,48.0,43.3,86.8,0.499,9.9,28.5,0.348,18.5,25.0,0.738,10.8,35.5,46.3,28.5,14.2,6.5,4.6,6.5,18.2,20.2,115.0,2.9,15.0,13.0,13.0,13.0,15.0,5.0,22.0,3.0,27.0,27.0,24.0,5.0,3.0,28.0,6.0,8.0,7.0,1.0,20.0,26.0,17.0,28.0,11.0,7.0,8.0,9.0,Regular Season,1610612740.0,13.0,7.0,6.0,0.538,624.0,113.7,116.3,112.2,114.0,1.5,2.3,0.659,2.01,20.1,0.321,0.756,0.544,0.144,0.556,0.588,100.5,98.58,82.15,1285.0,0.533,15.0,13.0,13.0,13.0,21.0,6.0,24.0,10.0,4.0,6.0,2.0,1.0,9.0,1.0,21.0,10.0,10.0,16.0,7.0,Regular Season
new york knicks,2020-21,10,1610612752.0,13.0,6.0,7.0,0.462,48.4,38.5,87.1,0.443,12.2,32.3,0.379,15.1,20.8,0.723,10.5,33.1,43.6,20.0,13.3,7.7,4.9,6.5,19.8,17.9,104.4,-1.4,15.0,17.0,14.0,16.0,2.0,24.0,21.0,25.0,16.0,20.0,11.0,23.0,17.0,29.0,7.0,24.0,15.0,30.0,15.0,14.0,12.0,28.0,25.0,21.0,27.0,18.0,Regular Season,1610612752.0,13.0,6.0,7.0,0.462,629.0,105.4,107.9,107.5,109.4,-2.0,-1.5,0.519,1.5,15.3,0.288,0.751,0.509,0.138,0.513,0.542,97.9,95.96,79.97,1258.0,0.466,15.0,17.0,14.0,16.0,16.0,23.0,8.0,20.0,30.0,28.0,30.0,4.0,10.0,14.0,16.0,25.0,27.0,28.0,25.0,Regular Season
oklahoma city thunder,2020-21,10,1610612760.0,13.0,6.0,7.0,0.462,48.0,38.4,86.0,0.446,12.2,33.5,0.365,16.2,21.8,0.739,11.2,36.2,47.4,20.5,16.4,6.7,5.2,5.0,16.4,18.8,105.2,-6.3,15.0,17.0,14.0,16.0,15.0,25.0,23.0,24.0,16.0,17.0,17.0,15.0,14.0,27.0,3.0,7.0,4.0,29.0,30.0,23.0,10.0,17.0,3.0,14.0,26.0,26.0,Regular Season,1610612760.0,13.0,6.0,7.0,0.462,624.0,104.4,104.9,110.1,111.6,-5.7,-6.7,0.535,1.25,15.3,0.279,0.762,0.518,0.163,0.517,0.55,101.0,100.04,83.37,1303.0,0.468,15.0,17.0,14.0,16.0,21.0,29.0,16.0,27.0,27.0,30.0,29.0,9.0,4.0,7.0,30.0,23.0,24.0,9.0,24.0,Regular Season
orlando magic,2020-21,10,1610612753.0,13.0,3.0,10.0,0.231,48.0,37.6,87.2,0.432,12.7,34.2,0.372,14.8,19.0,0.777,9.8,36.2,46.1,22.8,12.7,5.6,3.8,4.9,16.2,16.9,102.7,-5.5,15.0,28.0,26.0,28.0,15.0,28.0,20.0,29.0,14.0,15.0,14.0,24.0,23.0,13.0,14.0,6.0,8.0,26.0,10.0,29.0,27.0,15.0,2.0,28.0,28.0,23.0,Regular Season,1610612753.0,13.0,3.0,10.0,0.231,624.0,104.4,106.0,110.0,111.2,-5.6,-5.3,0.605,1.79,17.3,0.235,0.759,0.493,0.131,0.504,0.538,98.3,97.08,80.9,1260.0,0.465,15.0,28.0,26.0,28.0,21.0,28.0,14.0,23.0,14.0,17.0,23.0,26.0,7.0,19.0,12.0,29.0,29.0,24.0,26.0,Regular Season
philadelphia 76ers,2020-21,10,1610612755.0,13.0,10.0,3.0,0.769,49.2,44.2,89.5,0.493,11.6,30.3,0.383,16.0,21.4,0.748,9.6,36.8,46.5,23.0,15.0,9.8,6.3,3.5,21.4,19.1,115.9,10.0,15.0,5.0,2.0,4.0,1.0,3.0,9.0,5.0,19.0,24.0,7.0,16.0,15.0,23.0,17.0,4.0,6.0,23.0,23.0,1.0,1.0,3.0,28.0,12.0,5.0,1.0,Regular Season,1610612755.0,13.0,10.0,3.0,0.769,639.0,111.1,112.8,101.5,103.2,9.6,9.6,0.521,1.53,16.6,0.269,0.762,0.521,0.146,0.558,0.586,101.9,100.28,83.57,1336.0,0.552,15.0,5.0,2.0,4.0,15.0,12.0,1.0,1.0,29.0,27.0,27.0,13.0,5.0,6.0,22.0,8.0,11.0,8.0,1.0,Regular Season
phoenix suns,2020-21,10,1610612756.0,6.0,2.0,4.0,0.333,48.0,41.7,85.0,0.49,11.0,28.7,0.384,15.0,17.5,0.857,7.0,32.0,39.0,20.0,13.0,7.0,4.0,3.5,20.3,17.5,109.3,-2.3,2.0,2.0,3.0,2.0,1.0,2.0,3.0,1.0,3.0,3.0,2.0,3.0,3.0,1.0,3.0,2.0,3.0,3.0,2.0,3.0,1.0,1.0,3.0,3.0,3.0,2.0,Playoffs,1610612756.0,6.0,2.0,4.0,0.333,288.0,110.8,112.1,114.0,114.9,-3.2,-2.8,0.48,1.54,15.7,0.226,0.684,0.47,0.133,0.555,0.59,98.3,97.33,81.11,585.0,0.483,2.0,2.0,3.0,2.0,2.0,2.0,2.0,2.0,3.0,2.0,3.0,3.0,2.0,3.0,2.0,1.0,1.0,3.0,2.0,Playoffs
portland trail blazers,2020-21,10,1610612757.0,15.0,11.0,4.0,0.733,48.0,40.4,88.0,0.459,16.5,42.7,0.386,19.4,22.4,0.866,9.9,31.5,41.4,21.4,11.1,6.9,5.7,4.2,18.5,20.0,116.7,1.5,2.0,1.0,5.0,5.0,15.0,17.0,15.0,19.0,2.0,3.0,6.0,1.0,11.0,1.0,13.0,27.0,26.0,28.0,1.0,21.0,4.0,8.0,12.0,8.0,3.0,13.0,Regular Season,1610612757.0,15.0,11.0,4.0,0.733,720.0,117.8,120.2,115.9,118.4,1.9,1.8,0.53,1.93,16.3,0.259,0.708,0.479,0.114,0.553,0.596,99.2,97.17,80.97,1456.0,0.495,2.0,1.0,5.0,5.0,3.0,1.0,30.0,11.0,28.0,12.0,28.0,19.0,28.0,25.0,1.0,12.0,4.0,23.0,17.0,Regular Season
sacramento kings,2020-21,10,1610612758.0,14.0,9.0,5.0,0.643,48.0,44.2,88.4,0.5,11.4,31.7,0.36,16.6,21.1,0.786,9.1,33.3,42.4,25.3,12.1,6.3,4.9,3.2,19.0,18.0,116.4,2.1,5.0,6.0,9.0,9.0,15.0,2.0,12.0,2.0,23.0,21.0,18.0,13.0,16.0,9.0,21.0,20.0,23.0,11.0,6.0,27.0,13.0,2.0,18.0,19.0,4.0,11.0,Regular Season,1610612758.0,14.0,9.0,5.0,0.643,672.0,115.8,116.8,113.1,115.4,2.6,1.5,0.572,2.09,18.6,0.248,0.719,0.49,0.121,0.565,0.596,100.8,99.36,82.8,1395.0,0.512,5.0,6.0,9.0,9.0,11.0,5.0,26.0,12.0,20.0,4.0,10.0,24.0,22.0,20.0,5.0,4.0,3.0,13.0,12.0,Regular Season
san antonio spurs,2020-21,10,1610612759.0,16.0,7.0,9.0,0.438,48.3,41.1,87.4,0.47,10.3,28.0,0.366,15.3,20.0,0.766,8.4,34.2,42.6,23.4,11.8,6.6,5.4,4.6,17.4,17.3,107.7,-1.8,1.0,13.0,23.0,19.0,14.0,16.0,18.0,14.0,26.0,29.0,16.0,22.0,20.0,17.0,27.0,17.0,22.0,22.0,5.0,25.0,7.0,13.0,6.0,27.0,23.0,19.0,Regular Season,1610612759.0,16.0,7.0,9.0,0.438,773.0,108.1,109.9,110.3,110.7,-2.2,-0.9,0.569,1.98,17.7,0.224,0.735,0.482,0.121,0.528,0.559,98.8,97.8,81.5,1568.0,0.492,1.0,13.0,23.0,19.0,1.0,16.0,13.0,18.0,21.0,8.0,18.0,28.0,17.0,22.0,4.0,20.0,20.0,19.0,19.0,Regular Season
toronto raptors,2020-21,10,1610612761.0,14.0,1.0,13.0,0.071,48.0,38.1,88.8,0.43,15.1,42.9,0.353,18.3,22.5,0.813,8.9,29.8,38.6,23.6,12.4,7.1,5.0,6.1,22.9,21.6,109.7,-7.9,5.0,30.0,29.0,30.0,15.0,26.0,10.0,30.0,3.0,2.0,21.0,8.0,10.0,6.0,23.0,30.0,30.0,20.0,8.0,19.0,11.0,27.0,30.0,2.0,19.0,28.0,Regular Season,1610612761.0,14.0,1.0,13.0,0.071,672.0,107.3,109.9,115.2,117.4,-7.9,-7.5,0.618,1.9,17.4,0.235,0.685,0.446,0.124,0.515,0.556,102.1,100.0,83.33,1398.0,0.44,5.0,30.0,29.0,30.0,11.0,17.0,29.0,28.0,10.0,14.0,21.0,27.0,30.0,30.0,7.0,24.0,22.0,10.0,29.0,Regular Season
utah jazz,2020-21,10,1610612762.0,13.0,9.0,4.0,0.692,48.4,41.5,89.9,0.461,17.2,43.2,0.398,18.4,23.0,0.799,11.2,37.5,48.6,23.4,14.2,7.5,5.8,3.5,18.7,18.5,118.5,8.4,15.0,6.0,5.0,6.0,2.0,15.0,7.0,18.0,1.0,1.0,2.0,6.0,7.0,7.0,4.0,1.0,2.0,21.0,19.0,16.0,3.0,3.0,14.0,16.0,1.0,2.0,Regular Season,1610612762.0,13.0,9.0,4.0,0.692,629.0,115.0,116.1,106.8,108.0,8.2,8.1,0.564,1.65,16.8,0.282,0.75,0.522,0.139,0.556,0.592,102.2,101.19,84.32,1327.0,0.526,15.0,6.0,5.0,6.0,16.0,10.0,4.0,2.0,24.0,23.0,26.0,8.0,11.0,5.0,18.0,9.0,7.0,6.0,9.0,Regular Season
washington wizards,2020-21,10,1610612764.0,14.0,4.0,10.0,0.286,48.0,42.6,88.2,0.483,9.6,27.3,0.353,19.3,25.5,0.756,7.9,34.9,42.8,24.9,15.6,7.1,3.8,4.9,22.7,22.6,114.1,-5.7,5.0,23.0,26.0,26.0,15.0,9.0,14.0,7.0,28.0,30.0,20.0,2.0,1.0,20.0,29.0,11.0,19.0,12.0,27.0,19.0,29.0,16.0,29.0,1.0,12.0,24.0,Regular Season,1610612764.0,14.0,4.0,10.0,0.286,672.0,106.5,107.5,111.0,112.9,-4.5,-5.3,0.586,1.6,17.6,0.211,0.73,0.476,0.147,0.537,0.574,107.5,106.11,88.42,1485.0,0.477,5.0,23.0,26.0,26.0,11.0,24.0,22.0,24.0,19.0,24.0,19.0,30.0,18.0,26.0,23.0,16.0,15.0,1.0,22.0,Regular Season
atlanta hawks,2020-21,11,1610612737.0,2.0,0.0,2.0,0.0,48.0,39.5,91.0,0.434,13.5,35.0,0.386,17.0,21.0,0.81,13.0,28.5,41.5,23.0,15.0,8.5,3.5,5.0,19.0,20.0,109.5,-11.0,3.0,3.0,1.0,3.0,1.0,3.0,1.0,3.0,1.0,1.0,1.0,2.0,2.0,2.0,2.0,3.0,2.0,2.0,3.0,2.0,3.0,3.0,2.0,1.0,2.0,3.0,Playoffs,1610612737.0,2.0,0.0,2.0,0.0,96.0,107.1,111.7,119.2,123.0,-12.1,-11.2,0.582,1.53,16.5,0.349,0.64,0.49,0.153,0.508,0.546,101.7,98.0,81.67,196.0,0.432,3.0,3.0,1.0,3.0,3.0,3.0,3.0,3.0,1.0,3.0,2.0,1.0,3.0,2.0,3.0,3.0,3.0,1.0,3.0,Playoffs
boston celtics,2020-21,11,1610612738.0,14.0,6.0,8.0,0.429,48.4,43.1,90.2,0.478,15.0,39.1,0.383,14.0,18.6,0.751,10.4,33.1,43.6,24.4,12.7,7.9,5.7,4.4,18.9,17.9,115.3,1.6,5.0,17.0,18.0,20.0,7.0,7.0,5.0,11.0,4.0,6.0,8.0,28.0,26.0,21.0,8.0,23.0,16.0,16.0,11.0,13.0,5.0,11.0,17.0,23.0,7.0,12.0,Regular Season,1610612738.0,14.0,6.0,8.0,0.429,677.0,114.5,116.3,112.8,115.2,1.7,1.1,0.566,1.92,17.8,0.286,0.714,0.499,0.128,0.561,0.586,100.0,98.16,81.8,1388.0,0.513,5.0,17.0,18.0,20.0,5.0,8.0,25.0,13.0,23.0,13.0,15.0,6.0,24.0,18.0,10.0,6.0,12.0,17.0,11.0,Regular Season
brooklyn nets,2020-21,11,1610612751.0,13.0,11.0,2.0,0.846,48.4,42.2,87.7,0.482,11.6,33.2,0.35,18.8,24.0,0.782,10.3,34.9,45.2,25.3,11.8,6.8,4.4,5.3,18.5,20.5,114.8,4.0,15.0,1.0,1.0,1.0,2.0,12.0,17.0,8.0,19.0,18.0,22.0,4.0,5.0,12.0,9.0,10.0,10.0,10.0,4.0,22.0,23.0,22.0,13.0,4.0,10.0,8.0,Regular Season,1610612751.0,13.0,11.0,2.0,0.846,629.0,115.2,116.3,110.5,112.8,4.7,3.5,0.599,2.15,18.5,0.286,0.729,0.516,0.119,0.548,0.584,99.2,97.76,81.46,1284.0,0.534,15.0,1.0,1.0,1.0,16.0,9.0,21.0,8.0,16.0,2.0,11.0,7.0,19.0,9.0,2.0,13.0,13.0,20.0,5.0,Regular Season
charlotte hornets,2020-21,11,1610612766.0,13.0,8.0,5.0,0.615,48.4,39.4,85.3,0.462,14.5,36.9,0.392,17.3,22.7,0.763,10.0,34.8,44.8,26.5,16.0,8.0,4.8,4.1,17.7,19.2,110.5,1.2,15.0,11.0,9.0,11.0,2.0,21.0,25.0,17.0,8.0,8.0,4.0,11.0,8.0,19.0,12.0,12.0,12.0,6.0,29.0,9.0,14.0,7.0,8.0,11.0,18.0,14.0,Regular Season,1610612766.0,13.0,8.0,5.0,0.615,629.0,109.1,111.0,108.7,110.1,0.4,0.9,0.672,1.65,19.1,0.27,0.739,0.507,0.161,0.546,0.58,100.1,98.67,82.23,1295.0,0.508,15.0,11.0,9.0,11.0,16.0,14.0,11.0,14.0,1.0,22.0,5.0,11.0,14.0,16.0,29.0,14.0,14.0,15.0,14.0,Regular Season
chicago bulls,2020-21,11,1610612741.0,14.0,4.0,10.0,0.286,48.4,41.6,90.9,0.458,11.3,32.4,0.348,13.5,16.4,0.822,11.9,34.9,46.8,26.8,15.3,6.1,4.5,6.7,18.9,16.5,108.1,-4.1,5.0,23.0,26.0,26.0,7.0,13.0,3.0,20.0,24.0,19.0,23.0,29.0,29.0,4.0,1.0,9.0,5.0,5.0,25.0,28.0,20.0,30.0,16.0,29.0,21.0,22.0,Regular Season,1610612741.0,14.0,4.0,10.0,0.286,677.0,106.5,108.5,111.0,112.6,-4.6,-4.2,0.643,1.75,18.9,0.307,0.769,0.532,0.153,0.52,0.551,100.5,98.87,82.39,1395.0,0.478,5.0,23.0,26.0,26.0,5.0,21.0,20.0,22.0,7.0,20.0,7.0,3.0,2.0,3.0,25.0,21.0,23.0,14.0,21.0,Regular Season
cleveland cavaliers,2020-21,11,1610612739.0,13.0,4.0,9.0,0.308,48.0,36.7,83.5,0.439,8.9,28.5,0.314,16.5,22.2,0.74,9.6,31.8,41.5,22.2,15.2,8.0,4.6,5.7,17.3,19.6,98.8,-8.2,15.0,23.0,23.0,24.0,15.0,30.0,28.0,27.0,30.0,28.0,30.0,14.0,12.0,26.0,17.0,26.0,25.0,27.0,24.0,9.0,17.0,24.0,5.0,9.0,30.0,29.0,Regular Season,1610612739.0,13.0,4.0,9.0,0.308,624.0,99.8,101.5,108.5,109.5,-8.7,-8.0,0.606,1.46,16.8,0.263,0.708,0.48,0.157,0.493,0.529,98.8,97.5,81.25,1265.0,0.461,15.0,23.0,23.0,24.0,21.0,30.0,9.0,29.0,13.0,29.0,25.0,16.0,27.0,24.0,28.0,30.0,30.0,21.0,28.0,Regular Season
dallas mavericks,2020-21,11,1610612742.0,14.0,9.0,5.0,0.643,48.0,41.6,85.6,0.486,15.0,39.5,0.38,14.3,18.4,0.775,8.4,36.6,45.0,22.9,12.1,5.5,4.4,3.1,17.8,17.9,112.6,6.6,5.0,6.0,9.0,9.0,15.0,13.0,24.0,6.0,4.0,5.0,10.0,27.0,27.0,15.0,28.0,5.0,11.0,25.0,7.0,30.0,24.0,1.0,9.0,20.0,13.0,6.0,Regular Season,1610612742.0,14.0,9.0,5.0,0.643,672.0,115.5,116.9,109.0,110.0,6.5,6.9,0.551,1.89,17.6,0.254,0.761,0.524,0.126,0.574,0.6,97.3,96.29,80.24,1348.0,0.539,5.0,6.0,9.0,9.0,11.0,4.0,10.0,5.0,26.0,15.0,20.0,21.0,6.0,4.0,8.0,1.0,1.0,27.0,3.0,Regular Season
denver nuggets,2020-21,11,1610612743.0,14.0,11.0,3.0,0.786,48.4,45.2,90.1,0.502,13.0,33.6,0.386,12.1,15.5,0.783,11.0,34.6,45.6,28.2,12.9,8.1,4.5,4.5,17.5,16.1,115.6,7.1,5.0,1.0,2.0,2.0,7.0,1.0,6.0,1.0,12.0,16.0,5.0,30.0,30.0,10.0,5.0,13.0,9.0,2.0,12.0,8.0,20.0,12.0,7.0,30.0,6.0,5.0,Regular Season,1610612743.0,14.0,11.0,3.0,0.786,677.0,117.0,118.9,110.3,112.0,6.7,6.9,0.624,2.19,20.3,0.31,0.75,0.533,0.132,0.574,0.596,97.9,96.32,80.27,1361.0,0.537,5.0,1.0,2.0,2.0,5.0,2.0,19.0,6.0,9.0,1.0,1.0,2.0,12.0,2.0,14.0,2.0,5.0,26.0,4.0,Regular Season
detroit pistons,2020-21,11,1610612765.0,13.0,4.0,9.0,0.308,48.0,38.1,82.5,0.462,11.5,31.4,0.368,18.2,24.3,0.75,8.8,33.2,42.1,25.4,14.9,8.0,5.3,5.8,20.5,20.4,105.9,-2.4,15.0,23.0,23.0,24.0,15.0,27.0,30.0,16.0,21.0,23.0,15.0,9.0,4.0,22.0,25.0,22.0,24.0,8.0,22.0,9.0,9.0,25.0,26.0,5.0,25.0,21.0,Regular Season,1610612765.0,13.0,4.0,9.0,0.308,624.0,106.7,109.4,109.7,111.7,-2.9,-2.3,0.667,1.7,18.9,0.265,0.736,0.502,0.154,0.532,0.569,99.0,96.92,80.77,1259.0,0.495,15.0,23.0,23.0,24.0,21.0,19.0,17.0,21.0,2.0,21.0,8.0,15.0,15.0,17.0,26.0,19.0,17.0,25.0,18.0,Regular Season
golden state warriors,2020-21,11,1610612744.0,12.0,4.0,8.0,0.333,48.0,40.3,87.8,0.458,13.5,35.9,0.376,14.7,19.7,0.746,7.8,33.3,41.1,26.3,14.3,8.1,4.3,4.6,21.0,18.9,108.7,-7.0,30.0,23.0,18.0,23.0,15.0,19.0,16.0,21.0,9.0,12.0,12.0,25.0,22.0,25.0,30.0,21.0,27.0,7.0,21.0,6.0,25.0,14.0,27.0,13.0,20.0,27.0,Regular Season,1610612744.0,12.0,4.0,8.0,0.333,576.0,105.6,107.1,112.5,113.8,-6.9,-6.7,0.652,1.84,19.0,0.214,0.729,0.466,0.14,0.535,0.563,102.8,101.58,84.65,1218.0,0.463,30.0,23.0,18.0,23.0,30.0,26.0,23.0,26.0,5.0,16.0,6.0,29.0,20.0,29.0,20.0,18.0,19.0,4.0,27.0,Regular Season
houston rockets,2020-21,11,1610612745.0,15.0,2.0,13.0,0.133,48.0,38.6,88.7,0.435,13.1,39.5,0.331,15.7,21.9,0.717,9.4,31.0,40.4,23.0,13.0,7.7,5.3,4.3,19.3,19.5,106.0,-9.7,2.0,29.0,29.0,29.0,15.0,23.0,11.0,28.0,11.0,4.0,27.0,17.0,13.0,30.0,19.0,28.0,28.0,23.0,13.0,15.0,8.0,10.0,21.0,10.0,24.0,30.0,Regular Season,1610612745.0,15.0,2.0,13.0,0.133,720.0,103.9,106.4,113.4,115.7,-9.4,-9.2,0.596,1.77,17.0,0.248,0.714,0.468,0.131,0.509,0.539,102.0,99.8,83.17,1494.0,0.436,2.0,29.0,29.0,29.0,3.0,27.0,27.0,30.0,17.0,19.0,24.0,25.0,23.0,27.0,11.0,26.0,28.0,12.0,30.0,Regular Season
indiana pacers,2020-21,11,1610612754.0,14.0,6.0,8.0,0.429,48.4,42.4,90.9,0.466,13.0,36.4,0.357,14.4,18.4,0.782,9.4,31.0,40.4,27.4,14.1,9.2,6.0,5.1,19.4,17.7,112.1,-2.2,5.0,17.0,18.0,20.0,7.0,10.0,2.0,15.0,12.0,10.0,19.0,26.0,28.0,11.0,20.0,28.0,29.0,3.0,18.0,4.0,2.0,19.0,22.0,24.0,15.0,20.0,Regular Season,1610612754.0,14.0,6.0,8.0,0.429,677.0,108.1,110.4,110.0,111.8,-1.9,-1.4,0.646,1.94,19.4,0.254,0.695,0.467,0.139,0.537,0.566,103.0,101.1,84.25,1421.0,0.487,5.0,17.0,18.0,20.0,5.0,15.0,18.0,19.0,6.0,10.0,4.0,22.0,29.0,28.0,17.0,15.0,18.0,7.0,20.0,Regular Season
la clippers,2020-21,11,1610612746.0,13.0,8.0,5.0,0.615,48.0,42.3,88.3,0.479,14.7,35.2,0.418,15.7,18.8,0.836,9.8,34.1,43.8,23.8,11.7,7.5,3.5,4.3,19.3,18.2,115.0,7.8,15.0,11.0,9.0,11.0,15.0,11.0,13.0,9.0,6.0,13.0,1.0,18.0,24.0,2.0,15.0,18.0,14.0,19.0,2.0,17.0,30.0,9.0,20.0,18.0,8.0,3.0,Regular Season,1610612746.0,13.0,8.0,5.0,0.615,624.0,116.8,118.1,109.0,110.4,7.7,7.7,0.564,2.04,17.8,0.265,0.772,0.516,0.12,0.562,0.595,98.4,97.23,81.03,1266.0,0.533,15.0,11.0,9.0,11.0,21.0,3.0,12.0,3.0,25.0,5.0,14.0,14.0,1.0,8.0,3.0,5.0,6.0,22.0,6.0,Regular Season
los angeles lakers,2020-21,11,1610612747.0,13.0,6.0,7.0,0.462,48.0,39.4,83.2,0.474,10.3,29.8,0.345,18.8,25.2,0.747,8.8,34.4,43.2,24.3,15.5,8.0,3.8,5.3,19.5,21.1,107.9,0.4,15.0,17.0,14.0,16.0,15.0,21.0,29.0,13.0,25.0,25.0,25.0,3.0,2.0,24.0,25.0,16.0,18.0,17.0,26.0,9.0,27.0,22.0,23.0,3.0,22.0,15.0,Regular Season,1610612747.0,13.0,6.0,7.0,0.462,624.0,106.9,108.1,106.9,107.6,0.0,0.5,0.617,1.56,17.9,0.252,0.766,0.514,0.156,0.536,0.573,100.8,99.88,83.24,1298.0,0.501,15.0,17.0,14.0,16.0,21.0,22.0,2.0,15.0,11.0,25.0,13.0,23.0,3.0,12.0,27.0,17.0,16.0,11.0,16.0,Regular Season
memphis grizzlies,2020-21,11,1610612763.0,15.0,7.0,8.0,0.467,48.3,42.7,93.5,0.457,9.5,29.1,0.328,17.5,22.6,0.776,11.7,36.9,48.7,25.3,13.1,9.5,4.4,5.3,18.1,18.7,112.5,-0.1,2.0,13.0,18.0,15.0,13.0,8.0,1.0,22.0,29.0,26.0,28.0,10.0,9.0,14.0,2.0,3.0,1.0,9.0,14.0,2.0,22.0,21.0,10.0,15.0,14.0,16.0,Regular Season,1610612763.0,15.0,7.0,8.0,0.467,725.0,107.4,108.8,106.7,108.5,0.6,0.4,0.593,1.94,17.7,0.27,0.758,0.508,0.126,0.508,0.544,104.4,102.89,85.74,1551.0,0.506,2.0,13.0,18.0,15.0,2.0,20.0,6.0,16.0,18.0,11.0,17.0,12.0,8.0,15.0,9.0,28.0,25.0,3.0,15.0,Regular Season
miami heat,2020-21,11,1610612748.0,14.0,7.0,7.0,0.5,48.4,37.5,85.1,0.44,11.5,36.3,0.317,15.5,20.1,0.772,9.1,33.6,42.7,24.9,11.7,8.2,4.6,5.1,16.7,18.4,102.0,-0.1,5.0,13.0,14.0,14.0,7.0,29.0,26.0,26.0,22.0,11.0,29.0,20.0,19.0,16.0,21.0,19.0,20.0,14.0,3.0,5.0,19.0,20.0,4.0,17.0,29.0,17.0,Regular Season,1610612748.0,14.0,7.0,7.0,0.5,677.0,105.6,107.1,104.6,107.8,1.1,-0.6,0.663,2.12,18.8,0.254,0.713,0.484,0.123,0.508,0.543,96.4,94.3,78.58,1333.0,0.51,5.0,13.0,14.0,14.0,5.0,25.0,3.0,17.0,3.0,3.0,9.0,20.0,25.0,21.0,6.0,27.0,26.0,30.0,13.0,Regular Season
milwaukee bucks,2020-21,11,1610612749.0,8.0,6.0,2.0,0.75,48.0,42.5,90.1,0.472,11.5,32.6,0.352,17.4,23.3,0.747,13.1,33.3,46.4,23.8,11.5,8.8,3.9,3.9,18.1,20.0,113.9,4.5,1.0,1.0,1.0,1.0,1.0,1.0,2.0,2.0,2.0,2.0,3.0,1.0,1.0,3.0,1.0,1.0,1.0,1.0,1.0,1.0,2.0,2.0,1.0,1.0,1.0,1.0,Playoffs,1610612749.0,8.0,6.0,2.0,0.75,384.0,115.3,116.9,109.8,112.0,5.5,4.9,0.559,2.07,17.3,0.327,0.739,0.524,0.118,0.535,0.567,99.2,97.5,81.25,779.0,0.53,1.0,1.0,1.0,1.0,1.0,1.0,1.0,1.0,2.0,1.0,1.0,2.0,1.0,1.0,1.0,2.0,2.0,2.0,1.0,Playoffs
minnesota timberwolves,2020-21,11,1610612750.0,13.0,5.0,8.0,0.385,48.0,40.4,89.8,0.449,12.5,37.5,0.335,18.3,23.9,0.765,10.3,32.4,42.7,24.9,13.9,9.2,5.5,5.8,19.2,20.3,111.6,-6.0,15.0,22.0,18.0,22.0,15.0,18.0,8.0,23.0,15.0,7.0,26.0,7.0,6.0,18.0,9.0,25.0,21.0,13.0,17.0,3.0,6.0,25.0,19.0,6.0,16.0,25.0,Regular Season,1610612750.0,13.0,5.0,8.0,0.385,624.0,107.3,109.8,112.8,115.8,-5.5,-6.0,0.617,1.79,17.7,0.273,0.711,0.482,0.137,0.519,0.556,104.1,101.58,84.65,1321.0,0.471,15.0,22.0,18.0,22.0,21.0,18.0,28.0,25.0,12.0,18.0,16.0,10.0,26.0,23.0,15.0,22.0,21.0,5.0,23.0,Regular Season
new orleans pelicans,2020-21,11,1610612740.0,13.0,7.0,6.0,0.538,48.0,43.3,86.8,0.499,9.9,28.5,0.348,18.5,25.0,0.738,10.8,35.5,46.3,28.5,14.2,6.5,4.6,6.5,18.2,20.2,115.0,2.9,15.0,13.0,13.0,13.0,15.0,5.0,22.0,3.0,27.0,27.0,24.0,5.0,3.0,28.0,6.0,8.0,7.0,1.0,20.0,26.0,17.0,28.0,11.0,7.0,8.0,9.0,Regular Season,1610612740.0,13.0,7.0,6.0,0.538,624.0,113.7,116.3,112.2,114.0,1.5,2.3,0.659,2.01,20.1,0.321,0.756,0.544,0.144,0.556,0.588,100.5,98.58,82.15,1285.0,0.533,15.0,13.0,13.0,13.0,21.0,6.0,24.0,10.0,4.0,6.0,2.0,1.0,9.0,1.0,21.0,10.0,10.0,16.0,7.0,Regular Season
new york knicks,2020-21,11,1610612752.0,13.0,6.0,7.0,0.462,48.4,38.5,87.1,0.443,12.2,32.3,0.379,15.1,20.8,0.723,10.5,33.1,43.6,20.0,13.3,7.7,4.9,6.5,19.8,17.9,104.4,-1.4,15.0,17.0,14.0,16.0,2.0,24.0,21.0,25.0,16.0,20.0,11.0,23.0,17.0,29.0,7.0,24.0,15.0,30.0,15.0,14.0,12.0,28.0,25.0,21.0,27.0,18.0,Regular Season,1610612752.0,13.0,6.0,7.0,0.462,629.0,105.4,107.9,107.5,109.4,-2.0,-1.5,0.519,1.5,15.3,0.288,0.751,0.509,0.138,0.513,0.542,97.9,95.96,79.97,1258.0,0.466,15.0,17.0,14.0,16.0,16.0,23.0,8.0,20.0,30.0,28.0,30.0,4.0,10.0,14.0,16.0,25.0,27.0,28.0,25.0,Regular Season
oklahoma city thunder,2020-21,11,1610612760.0,13.0,6.0,7.0,0.462,48.0,38.4,86.0,0.446,12.2,33.5,0.365,16.2,21.8,0.739,11.2,36.2,47.4,20.5,16.4,6.7,5.2,5.0,16.4,18.8,105.2,-6.3,15.0,17.0,14.0,16.0,15.0,25.0,23.0,24.0,16.0,17.0,17.0,15.0,14.0,27.0,3.0,7.0,4.0,29.0,30.0,23.0,10.0,17.0,3.0,14.0,26.0,26.0,Regular Season,1610612760.0,13.0,6.0,7.0,0.462,624.0,104.4,104.9,110.1,111.6,-5.7,-6.7,0.535,1.25,15.3,0.279,0.762,0.518,0.163,0.517,0.55,101.0,100.04,83.37,1303.0,0.468,15.0,17.0,14.0,16.0,21.0,29.0,16.0,27.0,27.0,30.0,29.0,9.0,4.0,7.0,30.0,23.0,24.0,9.0,24.0,Regular Season
orlando magic,2020-21,11,1610612753.0,13.0,3.0,10.0,0.231,48.0,37.6,87.2,0.432,12.7,34.2,0.372,14.8,19.0,0.777,9.8,36.2,46.1,22.8,12.7,5.6,3.8,4.9,16.2,16.9,102.7,-5.5,15.0,28.0,26.0,28.0,15.0,28.0,20.0,29.0,14.0,15.0,14.0,24.0,23.0,13.0,14.0,6.0,8.0,26.0,10.0,29.0,27.0,15.0,2.0,28.0,28.0,23.0,Regular Season,1610612753.0,13.0,3.0,10.0,0.231,624.0,104.4,106.0,110.0,111.2,-5.6,-5.3,0.605,1.79,17.3,0.235,0.759,0.493,0.131,0.504,0.538,98.3,97.08,80.9,1260.0,0.465,15.0,28.0,26.0,28.0,21.0,28.0,14.0,23.0,14.0,17.0,23.0,26.0,7.0,19.0,12.0,29.0,29.0,24.0,26.0,Regular Season
philadelphia 76ers,2020-21,11,1610612755.0,13.0,10.0,3.0,0.769,49.2,44.2,89.5,0.493,11.6,30.3,0.383,16.0,21.4,0.748,9.6,36.8,46.5,23.0,15.0,9.8,6.3,3.5,21.4,19.1,115.9,10.0,15.0,5.0,2.0,4.0,1.0,3.0,9.0,5.0,19.0,24.0,7.0,16.0,15.0,23.0,17.0,4.0,6.0,23.0,23.0,1.0,1.0,3.0,28.0,12.0,5.0,1.0,Regular Season,1610612755.0,13.0,10.0,3.0,0.769,639.0,111.1,112.8,101.5,103.2,9.6,9.6,0.521,1.53,16.6,0.269,0.762,0.521,0.146,0.558,0.586,101.9,100.28,83.57,1336.0,0.552,15.0,5.0,2.0,4.0,15.0,12.0,1.0,1.0,29.0,27.0,27.0,13.0,5.0,6.0,22.0,8.0,11.0,8.0,1.0,Regular Season
phoenix suns,2020-21,11,1610612756.0,6.0,2.0,4.0,0.333,48.0,41.7,85.0,0.49,11.0,28.7,0.384,15.0,17.5,0.857,7.0,32.0,39.0,20.0,13.0,7.0,4.0,3.5,20.3,17.5,109.3,-2.3,2.0,2.0,3.0,2.0,1.0,2.0,3.0,1.0,3.0,3.0,2.0,3.0,3.0,1.0,3.0,2.0,3.0,3.0,2.0,3.0,1.0,1.0,3.0,3.0,3.0,2.0,Playoffs,1610612756.0,6.0,2.0,4.0,0.333,288.0,110.8,112.1,114.0,114.9,-3.2,-2.8,0.48,1.54,15.7,0.226,0.684,0.47,0.133,0.555,0.59,98.3,97.33,81.11,585.0,0.483,2.0,2.0,3.0,2.0,2.0,2.0,2.0,2.0,3.0,2.0,3.0,3.0,2.0,3.0,2.0,1.0,1.0,3.0,2.0,Playoffs
portland trail blazers,2020-21,11,1610612757.0,15.0,11.0,4.0,0.733,48.0,40.4,88.0,0.459,16.5,42.7,0.386,19.4,22.4,0.866,9.9,31.5,41.4,21.4,11.1,6.9,5.7,4.2,18.5,20.0,116.7,1.5,2.0,1.0,5.0,5.0,15.0,17.0,15.0,19.0,2.0,3.0,6.0,1.0,11.0,1.0,13.0,27.0,26.0,28.0,1.0,21.0,4.0,8.0,12.0,8.0,3.0,13.0,Regular Season,1610612757.0,15.0,11.0,4.0,0.733,720.0,117.8,120.2,115.9,118.4,1.9,1.8,0.53,1.93,16.3,0.259,0.708,0.479,0.114,0.553,0.596,99.2,97.17,80.97,1456.0,0.495,2.0,1.0,5.0,5.0,3.0,1.0,30.0,11.0,28.0,12.0,28.0,19.0,28.0,25.0,1.0,12.0,4.0,23.0,17.0,Regular Season
sacramento kings,2020-21,11,1610612758.0,14.0,9.0,5.0,0.643,48.0,44.2,88.4,0.5,11.4,31.7,0.36,16.6,21.1,0.786,9.1,33.3,42.4,25.3,12.1,6.3,4.9,3.2,19.0,18.0,116.4,2.1,5.0,6.0,9.0,9.0,15.0,2.0,12.0,2.0,23.0,21.0,18.0,13.0,16.0,9.0,21.0,20.0,23.0,11.0,6.0,27.0,13.0,2.0,18.0,19.0,4.0,11.0,Regular Season,1610612758.0,14.0,9.0,5.0,0.643,672.0,115.8,116.8,113.1,115.4,2.6,1.5,0.572,2.09,18.6,0.248,0.719,0.49,0.121,0.565,0.596,100.8,99.36,82.8,1395.0,0.512,5.0,6.0,9.0,9.0,11.0,5.0,26.0,12.0,20.0,4.0,10.0,24.0,22.0,20.0,5.0,4.0,3.0,13.0,12.0,Regular Season
san antonio spurs,2020-21,11,1610612759.0,16.0,7.0,9.0,0.438,48.3,41.1,87.4,0.47,10.3,28.0,0.366,15.3,20.0,0.766,8.4,34.2,42.6,23.4,11.8,6.6,5.4,4.6,17.4,17.3,107.7,-1.8,1.0,13.0,23.0,19.0,14.0,16.0,18.0,14.0,26.0,29.0,16.0,22.0,20.0,17.0,27.0,17.0,22.0,22.0,5.0,25.0,7.0,13.0,6.0,27.0,23.0,19.0,Regular Season,1610612759.0,16.0,7.0,9.0,0.438,773.0,108.1,109.9,110.3,110.7,-2.2,-0.9,0.569,1.98,17.7,0.224,0.735,0.482,0.121,0.528,0.559,98.8,97.8,81.5,1568.0,0.492,1.0,13.0,23.0,19.0,1.0,16.0,13.0,18.0,21.0,8.0,18.0,28.0,17.0,22.0,4.0,20.0,20.0,19.0,19.0,Regular Season
toronto raptors,2020-21,11,1610612761.0,14.0,1.0,13.0,0.071,48.0,38.1,88.8,0.43,15.1,42.9,0.353,18.3,22.5,0.813,8.9,29.8,38.6,23.6,12.4,7.1,5.0,6.1,22.9,21.6,109.7,-7.9,5.0,30.0,29.0,30.0,15.0,26.0,10.0,30.0,3.0,2.0,21.0,8.0,10.0,6.0,23.0,30.0,30.0,20.0,8.0,19.0,11.0,27.0,30.0,2.0,19.0,28.0,Regular Season,1610612761.0,14.0,1.0,13.0,0.071,672.0,107.3,109.9,115.2,117.4,-7.9,-7.5,0.618,1.9,17.4,0.235,0.685,0.446,0.124,0.515,0.556,102.1,100.0,83.33,1398.0,0.44,5.0,30.0,29.0,30.0,11.0,17.0,29.0,28.0,10.0,14.0,21.0,27.0,30.0,30.0,7.0,24.0,22.0,10.0,29.0,Regular Season
utah jazz,2020-21,11,1610612762.0,13.0,9.0,4.0,0.692,48.4,41.5,89.9,0.461,17.2,43.2,0.398,18.4,23.0,0.799,11.2,37.5,48.6,23.4,14.2,7.5,5.8,3.5,18.7,18.5,118.5,8.4,15.0,6.0,5.0,6.0,2.0,15.0,7.0,18.0,1.0,1.0,2.0,6.0,7.0,7.0,4.0,1.0,2.0,21.0,19.0,16.0,3.0,3.0,14.0,16.0,1.0,2.0,Regular Season,1610612762.0,13.0,9.0,4.0,0.692,629.0,115.0,116.1,106.8,108.0,8.2,8.1,0.564,1.65,16.8,0.282,0.75,0.522,0.139,0.556,0.592,102.2,101.19,84.32,1327.0,0.526,15.0,6.0,5.0,6.0,16.0,10.0,4.0,2.0,24.0,23.0,26.0,8.0,11.0,5.0,18.0,9.0,7.0,6.0,9.0,Regular Season
washington wizards,2020-21,11,1610612764.0,14.0,4.0,10.0,0.286,48.0,42.6,88.2,0.483,9.6,27.3,0.353,19.3,25.5,0.756,7.9,34.9,42.8,24.9,15.6,7.1,3.8,4.9,22.7,22.6,114.1,-5.7,5.0,23.0,26.0,26.0,15.0,9.0,14.0,7.0,28.0,30.0,20.0,2.0,1.0,20.0,29.0,11.0,19.0,12.0,27.0,19.0,29.0,16.0,29.0,1.0,12.0,24.0,Regular Season,1610612764.0,14.0,4.0,10.0,0.286,672.0,106.5,107.5,111.0,112.9,-4.5,-5.3,0.586,1.6,17.6,0.211,0.73,0.476,0.147,0.537,0.574,107.5,106.11,88.42,1485.0,0.477,5.0,23.0,26.0,26.0,11.0,24.0,22.0,24.0,19.0,24.0,19.0,30.0,18.0,26.0,23.0,16.0,15.0,1.0,22.0,Regular Season
atlanta hawks,2020-21,12,1610612737.0,2.0,0.0,2.0,0.0,48.0,39.5,91.0,0.434,13.5,35.0,0.386,17.0,21.0,0.81,13.0,28.5,41.5,23.0,15.0,8.5,3.5,5.0,19.0,20.0,109.5,-11.0,3.0,3.0,1.0,3.0,1.0,3.0,1.0,3.0,1.0,1.0,1.0,2.0,2.0,2.0,2.0,3.0,2.0,2.0,3.0,2.0,3.0,3.0,2.0,1.0,2.0,3.0,Playoffs,1610612737.0,2.0,0.0,2.0,0.0,96.0,107.1,111.7,119.2,123.0,-12.1,-11.2,0.582,1.53,16.5,0.349,0.64,0.49,0.153,0.508,0.546,101.7,98.0,81.67,196.0,0.432,3.0,3.0,1.0,3.0,3.0,3.0,3.0,3.0,1.0,3.0,2.0,1.0,3.0,2.0,3.0,3.0,3.0,1.0,3.0,Playoffs
boston celtics,2020-21,12,1610612738.0,14.0,6.0,8.0,0.429,48.4,43.1,90.2,0.478,15.0,39.1,0.383,14.0,18.6,0.751,10.4,33.1,43.6,24.4,12.7,7.9,5.7,4.4,18.9,17.9,115.3,1.6,5.0,17.0,18.0,20.0,7.0,7.0,5.0,11.0,4.0,6.0,8.0,28.0,26.0,21.0,8.0,23.0,16.0,16.0,11.0,13.0,5.0,11.0,17.0,23.0,7.0,12.0,Regular Season,1610612738.0,14.0,6.0,8.0,0.429,677.0,114.5,116.3,112.8,115.2,1.7,1.1,0.566,1.92,17.8,0.286,0.714,0.499,0.128,0.561,0.586,100.0,98.16,81.8,1388.0,0.513,5.0,17.0,18.0,20.0,5.0,8.0,25.0,13.0,23.0,13.0,15.0,6.0,24.0,18.0,10.0,6.0,12.0,17.0,11.0,Regular Season
brooklyn nets,2020-21,12,1610612751.0,13.0,11.0,2.0,0.846,48.4,42.2,87.7,0.482,11.6,33.2,0.35,18.8,24.0,0.782,10.3,34.9,45.2,25.3,11.8,6.8,4.4,5.3,18.5,20.5,114.8,4.0,15.0,1.0,1.0,1.0,2.0,12.0,17.0,8.0,19.0,18.0,22.0,4.0,5.0,12.0,9.0,10.0,10.0,10.0,4.0,22.0,23.0,22.0,13.0,4.0,10.0,8.0,Regular Season,1610612751.0,13.0,11.0,2.0,0.846,629.0,115.2,116.3,110.5,112.8,4.7,3.5,0.599,2.15,18.5,0.286,0.729,0.516,0.119,0.548,0.584,99.2,97.76,81.46,1284.0,0.534,15.0,1.0,1.0,1.0,16.0,9.0,21.0,8.0,16.0,2.0,11.0,7.0,19.0,9.0,2.0,13.0,13.0,20.0,5.0,Regular Season
charlotte hornets,2020-21,12,1610612766.0,13.0,8.0,5.0,0.615,48.4,39.4,85.3,0.462,14.5,36.9,0.392,17.3,22.7,0.763,10.0,34.8,44.8,26.5,16.0,8.0,4.8,4.1,17.7,19.2,110.5,1.2,15.0,11.0,9.0,11.0,2.0,21.0,25.0,17.0,8.0,8.0,4.0,11.0,8.0,19.0,12.0,12.0,12.0,6.0,29.0,9.0,14.0,7.0,8.0,11.0,18.0,14.0,Regular Season,1610612766.0,13.0,8.0,5.0,0.615,629.0,109.1,111.0,108.7,110.1,0.4,0.9,0.672,1.65,19.1,0.27,0.739,0.507,0.161,0.546,0.58,100.1,98.67,82.23,1295.0,0.508,15.0,11.0,9.0,11.0,16.0,14.0,11.0,14.0,1.0,22.0,5.0,11.0,14.0,16.0,29.0,14.0,14.0,15.0,14.0,Regular Season
chicago bulls,2020-21,12,1610612741.0,14.0,4.0,10.0,0.286,48.4,41.6,90.9,0.458,11.3,32.4,0.348,13.5,16.4,0.822,11.9,34.9,46.8,26.8,15.3,6.1,4.5,6.7,18.9,16.5,108.1,-4.1,5.0,23.0,26.0,26.0,7.0,13.0,3.0,20.0,24.0,19.0,23.0,29.0,29.0,4.0,1.0,9.0,5.0,5.0,25.0,28.0,20.0,30.0,16.0,29.0,21.0,22.0,Regular Season,1610612741.0,14.0,4.0,10.0,0.286,677.0,106.5,108.5,111.0,112.6,-4.6,-4.2,0.643,1.75,18.9,0.307,0.769,0.532,0.153,0.52,0.551,100.5,98.87,82.39,1395.0,0.478,5.0,23.0,26.0,26.0,5.0,21.0,20.0,22.0,7.0,20.0,7.0,3.0,2.0,3.0,25.0,21.0,23.0,14.0,21.0,Regular Season
cleveland cavaliers,2020-21,12,1610612739.0,13.0,4.0,9.0,0.308,48.0,36.7,83.5,0.439,8.9,28.5,0.314,16.5,22.2,0.74,9.6,31.8,41.5,22.2,15.2,8.0,4.6,5.7,17.3,19.6,98.8,-8.2,15.0,23.0,23.0,24.0,15.0,30.0,28.0,27.0,30.0,28.0,30.0,14.0,12.0,26.0,17.0,26.0,25.0,27.0,24.0,9.0,17.0,24.0,5.0,9.0,30.0,29.0,Regular Season,1610612739.0,13.0,4.0,9.0,0.308,624.0,99.8,101.5,108.5,109.5,-8.7,-8.0,0.606,1.46,16.8,0.263,0.708,0.48,0.157,0.493,0.529,98.8,97.5,81.25,1265.0,0.461,15.0,23.0,23.0,24.0,21.0,30.0,9.0,29.0,13.0,29.0,25.0,16.0,27.0,24.0,28.0,30.0,30.0,21.0,28.0,Regular Season
dallas mavericks,2020-21,12,1610612742.0,14.0,9.0,5.0,0.643,48.0,41.6,85.6,0.486,15.0,39.5,0.38,14.3,18.4,0.775,8.4,36.6,45.0,22.9,12.1,5.5,4.4,3.1,17.8,17.9,112.6,6.6,5.0,6.0,9.0,9.0,15.0,13.0,24.0,6.0,4.0,5.0,10.0,27.0,27.0,15.0,28.0,5.0,11.0,25.0,7.0,30.0,24.0,1.0,9.0,20.0,13.0,6.0,Regular Season,1610612742.0,14.0,9.0,5.0,0.643,672.0,115.5,116.9,109.0,110.0,6.5,6.9,0.551,1.89,17.6,0.254,0.761,0.524,0.126,0.574,0.6,97.3,96.29,80.24,1348.0,0.539,5.0,6.0,9.0,9.0,11.0,4.0,10.0,5.0,26.0,15.0,20.0,21.0,6.0,4.0,8.0,1.0,1.0,27.0,3.0,Regular Season
denver nuggets,2020-21,12,1610612743.0,14.0,11.0,3.0,0.786,48.4,45.2,90.1,0.502,13.0,33.6,0.386,12.1,15.5,0.783,11.0,34.6,45.6,28.2,12.9,8.1,4.5,4.5,17.5,16.1,115.6,7.1,5.0,1.0,2.0,2.0,7.0,1.0,6.0,1.0,12.0,16.0,5.0,30.0,30.0,10.0,5.0,13.0,9.0,2.0,12.0,8.0,20.0,12.0,7.0,30.0,6.0,5.0,Regular Season,1610612743.0,14.0,11.0,3.0,0.786,677.0,117.0,118.9,110.3,112.0,6.7,6.9,0.624,2.19,20.3,0.31,0.75,0.533,0.132,0.574,0.596,97.9,96.32,80.27,1361.0,0.537,5.0,1.0,2.0,2.0,5.0,2.0,19.0,6.0,9.0,1.0,1.0,2.0,12.0,2.0,14.0,2.0,5.0,26.0,4.0,Regular Season
detroit pistons,2020-21,12,1610612765.0,13.0,4.0,9.0,0.308,48.0,38.1,82.5,0.462,11.5,31.4,0.368,18.2,24.3,0.75,8.8,33.2,42.1,25.4,14.9,8.0,5.3,5.8,20.5,20.4,105.9,-2.4,15.0,23.0,23.0,24.0,15.0,27.0,30.0,16.0,21.0,23.0,15.0,9.0,4.0,22.0,25.0,22.0,24.0,8.0,22.0,9.0,9.0,25.0,26.0,5.0,25.0,21.0,Regular Season,1610612765.0,13.0,4.0,9.0,0.308,624.0,106.7,109.4,109.7,111.7,-2.9,-2.3,0.667,1.7,18.9,0.265,0.736,0.502,0.154,0.532,0.569,99.0,96.92,80.77,1259.0,0.495,15.0,23.0,23.0,24.0,21.0,19.0,17.0,21.0,2.0,21.0,8.0,15.0,15.0,17.0,26.0,19.0,17.0,25.0,18.0,Regular Season
golden state warriors,2020-21,12,1610612744.0,12.0,4.0,8.0,0.333,48.0,40.3,87.8,0.458,13.5,35.9,0.376,14.7,19.7,0.746,7.8,33.3,41.1,26.3,14.3,8.1,4.3,4.6,21.0,18.9,108.7,-7.0,30.0,23.0,18.0,23.0,15.0,19.0,16.0,21.0,9.0,12.0,12.0,25.0,22.0,25.0,30.0,21.0,27.0,7.0,21.0,6.0,25.0,14.0,27.0,13.0,20.0,27.0,Regular Season,1610612744.0,12.0,4.0,8.0,0.333,576.0,105.6,107.1,112.5,113.8,-6.9,-6.7,0.652,1.84,19.0,0.214,0.729,0.466,0.14,0.535,0.563,102.8,101.58,84.65,1218.0,0.463,30.0,23.0,18.0,23.0,30.0,26.0,23.0,26.0,5.0,16.0,6.0,29.0,20.0,29.0,20.0,18.0,19.0,4.0,27.0,Regular Season
houston rockets,2020-21,12,1610612745.0,15.0,2.0,13.0,0.133,48.0,38.6,88.7,0.435,13.1,39.5,0.331,15.7,21.9,0.717,9.4,31.0,40.4,23.0,13.0,7.7,5.3,4.3,19.3,19.5,106.0,-9.7,2.0,29.0,29.0,29.0,15.0,23.0,11.0,28.0,11.0,4.0,27.0,17.0,13.0,30.0,19.0,28.0,28.0,23.0,13.0,15.0,8.0,10.0,21.0,10.0,24.0,30.0,Regular Season,1610612745.0,15.0,2.0,13.0,0.133,720.0,103.9,106.4,113.4,115.7,-9.4,-9.2,0.596,1.77,17.0,0.248,0.714,0.468,0.131,0.509,0.539,102.0,99.8,83.17,1494.0,0.436,2.0,29.0,29.0,29.0,3.0,27.0,27.0,30.0,17.0,19.0,24.0,25.0,23.0,27.0,11.0,26.0,28.0,12.0,30.0,Regular Season
indiana pacers,2020-21,12,1610612754.0,14.0,6.0,8.0,0.429,48.4,42.4,90.9,0.466,13.0,36.4,0.357,14.4,18.4,0.782,9.4,31.0,40.4,27.4,14.1,9.2,6.0,5.1,19.4,17.7,112.1,-2.2,5.0,17.0,18.0,20.0,7.0,10.0,2.0,15.0,12.0,10.0,19.0,26.0,28.0,11.0,20.0,28.0,29.0,3.0,18.0,4.0,2.0,19.0,22.0,24.0,15.0,20.0,Regular Season,1610612754.0,14.0,6.0,8.0,0.429,677.0,108.1,110.4,110.0,111.8,-1.9,-1.4,0.646,1.94,19.4,0.254,0.695,0.467,0.139,0.537,0.566,103.0,101.1,84.25,1421.0,0.487,5.0,17.0,18.0,20.0,5.0,15.0,18.0,19.0,6.0,10.0,4.0,22.0,29.0,28.0,17.0,15.0,18.0,7.0,20.0,Regular Season
la clippers,2020-21,12,1610612746.0,13.0,8.0,5.0,0.615,48.0,42.3,88.3,0.479,14.7,35.2,0.418,15.7,18.8,0.836,9.8,34.1,43.8,23.8,11.7,7.5,3.5,4.3,19.3,18.2,115.0,7.8,15.0,11.0,9.0,11.0,15.0,11.0,13.0,9.0,6.0,13.0,1.0,18.0,24.0,2.0,15.0,18.0,14.0,19.0,2.0,17.0,30.0,9.0,20.0,18.0,8.0,3.0,Regular Season,1610612746.0,13.0,8.0,5.0,0.615,624.0,116.8,118.1,109.0,110.4,7.7,7.7,0.564,2.04,17.8,0.265,0.772,0.516,0.12,0.562,0.595,98.4,97.23,81.03,1266.0,0.533,15.0,11.0,9.0,11.0,21.0,3.0,12.0,3.0,25.0,5.0,14.0,14.0,1.0,8.0,3.0,5.0,6.0,22.0,6.0,Regular Season
los angeles lakers,2020-21,12,1610612747.0,13.0,6.0,7.0,0.462,48.0,39.4,83.2,0.474,10.3,29.8,0.345,18.8,25.2,0.747,8.8,34.4,43.2,24.3,15.5,8.0,3.8,5.3,19.5,21.1,107.9,0.4,15.0,17.0,14.0,16.0,15.0,21.0,29.0,13.0,25.0,25.0,25.0,3.0,2.0,24.0,25.0,16.0,18.0,17.0,26.0,9.0,27.0,22.0,23.0,3.0,22.0,15.0,Regular Season,1610612747.0,13.0,6.0,7.0,0.462,624.0,106.9,108.1,106.9,107.6,0.0,0.5,0.617,1.56,17.9,0.252,0.766,0.514,0.156,0.536,0.573,100.8,99.88,83.24,1298.0,0.501,15.0,17.0,14.0,16.0,21.0,22.0,2.0,15.0,11.0,25.0,13.0,23.0,3.0,12.0,27.0,17.0,16.0,11.0,16.0,Regular Season
memphis grizzlies,2020-21,12,1610612763.0,15.0,7.0,8.0,0.467,48.3,42.7,93.5,0.457,9.5,29.1,0.328,17.5,22.6,0.776,11.7,36.9,48.7,25.3,13.1,9.5,4.4,5.3,18.1,18.7,112.5,-0.1,2.0,13.0,18.0,15.0,13.0,8.0,1.0,22.0,29.0,26.0,28.0,10.0,9.0,14.0,2.0,3.0,1.0,9.0,14.0,2.0,22.0,21.0,10.0,15.0,14.0,16.0,Regular Season,1610612763.0,15.0,7.0,8.0,0.467,725.0,107.4,108.8,106.7,108.5,0.6,0.4,0.593,1.94,17.7,0.27,0.758,0.508,0.126,0.508,0.544,104.4,102.89,85.74,1551.0,0.506,2.0,13.0,18.0,15.0,2.0,20.0,6.0,16.0,18.0,11.0,17.0,12.0,8.0,15.0,9.0,28.0,25.0,3.0,15.0,Regular Season
miami heat,2020-21,12,1610612748.0,14.0,7.0,7.0,0.5,48.4,37.5,85.1,0.44,11.5,36.3,0.317,15.5,20.1,0.772,9.1,33.6,42.7,24.9,11.7,8.2,4.6,5.1,16.7,18.4,102.0,-0.1,5.0,13.0,14.0,14.0,7.0,29.0,26.0,26.0,22.0,11.0,29.0,20.0,19.0,16.0,21.0,19.0,20.0,14.0,3.0,5.0,19.0,20.0,4.0,17.0,29.0,17.0,Regular Season,1610612748.0,14.0,7.0,7.0,0.5,677.0,105.6,107.1,104.6,107.8,1.1,-0.6,0.663,2.12,18.8,0.254,0.713,0.484,0.123,0.508,0.543,96.4,94.3,78.58,1333.0,0.51,5.0,13.0,14.0,14.0,5.0,25.0,3.0,17.0,3.0,3.0,9.0,20.0,25.0,21.0,6.0,27.0,26.0,30.0,13.0,Regular Season
milwaukee bucks,2020-21,12,1610612749.0,8.0,6.0,2.0,0.75,48.0,42.5,90.1,0.472,11.5,32.6,0.352,17.4,23.3,0.747,13.1,33.3,46.4,23.8,11.5,8.8,3.9,3.9,18.1,20.0,113.9,4.5,1.0,1.0,1.0,1.0,1.0,1.0,2.0,2.0,2.0,2.0,3.0,1.0,1.0,3.0,1.0,1.0,1.0,1.0,1.0,1.0,2.0,2.0,1.0,1.0,1.0,1.0,Playoffs,1610612749.0,8.0,6.0,2.0,0.75,384.0,115.3,116.9,109.8,112.0,5.5,4.9,0.559,2.07,17.3,0.327,0.739,0.524,0.118,0.535,0.567,99.2,97.5,81.25,779.0,0.53,1.0,1.0,1.0,1.0,1.0,1.0,1.0,1.0,2.0,1.0,1.0,2.0,1.0,1.0,1.0,2.0,2.0,2.0,1.0,Playoffs
minnesota timberwolves,2020-21,12,1610612750.0,13.0,5.0,8.0,0.385,48.0,40.4,89.8,0.449,12.5,37.5,0.335,18.3,23.9,0.765,10.3,32.4,42.7,24.9,13.9,9.2,5.5,5.8,19.2,20.3,111.6,-6.0,15.0,22.0,18.0,22.0,15.0,18.0,8.0,23.0,15.0,7.0,26.0,7.0,6.0,18.0,9.0,25.0,21.0,13.0,17.0,3.0,6.0,25.0,19.0,6.0,16.0,25.0,Regular Season,1610612750.0,13.0,5.0,8.0,0.385,624.0,107.3,109.8,112.8,115.8,-5.5,-6.0,0.617,1.79,17.7,0.273,0.711,0.482,0.137,0.519,0.556,104.1,101.58,84.65,1321.0,0.471,15.0,22.0,18.0,22.0,21.0,18.0,28.0,25.0,12.0,18.0,16.0,10.0,26.0,23.0,15.0,22.0,21.0,5.0,23.0,Regular Season
new orleans pelicans,2020-21,12,1610612740.0,13.0,7.0,6.0,0.538,48.0,43.3,86.8,0.499,9.9,28.5,0.348,18.5,25.0,0.738,10.8,35.5,46.3,28.5,14.2,6.5,4.6,6.5,18.2,20.2,115.0,2.9,15.0,13.0,13.0,13.0,15.0,5.0,22.0,3.0,27.0,27.0,24.0,5.0,3.0,28.0,6.0,8.0,7.0,1.0,20.0,26.0,17.0,28.0,11.0,7.0,8.0,9.0,Regular Season,1610612740.0,13.0,7.0,6.0,0.538,624.0,113.7,116.3,112.2,114.0,1.5,2.3,0.659,2.01,20.1,0.321,0.756,0.544,0.144,0.556,0.588,100.5,98.58,82.15,1285.0,0.533,15.0,13.0,13.0,13.0,21.0,6.0,24.0,10.0,4.0,6.0,2.0,1.0,9.0,1.0,21.0,10.0,10.0,16.0,7.0,Regular Season
new york knicks,2020-21,12,1610612752.0,13.0,6.0,7.0,0.462,48.4,38.5,87.1,0.443,12.2,32.3,0.379,15.1,20.8,0.723,10.5,33.1,43.6,20.0,13.3,7.7,4.9,6.5,19.8,17.9,104.4,-1.4,15.0,17.0,14.0,16.0,2.0,24.0,21.0,25.0,16.0,20.0,11.0,23.0,17.0,29.0,7.0,24.0,15.0,30.0,15.0,14.0,12.0,28.0,25.0,21.0,27.0,18.0,Regular Season,1610612752.0,13.0,6.0,7.0,0.462,629.0,105.4,107.9,107.5,109.4,-2.0,-1.5,0.519,1.5,15.3,0.288,0.751,0.509,0.138,0.513,0.542,97.9,95.96,79.97,1258.0,0.466,15.0,17.0,14.0,16.0,16.0,23.0,8.0,20.0,30.0,28.0,30.0,4.0,10.0,14.0,16.0,25.0,27.0,28.0,25.0,Regular Season
oklahoma city thunder,2020-21,12,1610612760.0,13.0,6.0,7.0,0.462,48.0,38.4,86.0,0.446,12.2,33.5,0.365,16.2,21.8,0.739,11.2,36.2,47.4,20.5,16.4,6.7,5.2,5.0,16.4,18.8,105.2,-6.3,15.0,17.0,14.0,16.0,15.0,25.0,23.0,24.0,16.0,17.0,17.0,15.0,14.0,27.0,3.0,7.0,4.0,29.0,30.0,23.0,10.0,17.0,3.0,14.0,26.0,26.0,Regular Season,1610612760.0,13.0,6.0,7.0,0.462,624.0,104.4,104.9,110.1,111.6,-5.7,-6.7,0.535,1.25,15.3,0.279,0.762,0.518,0.163,0.517,0.55,101.0,100.04,83.37,1303.0,0.468,15.0,17.0,14.0,16.0,21.0,29.0,16.0,27.0,27.0,30.0,29.0,9.0,4.0,7.0,30.0,23.0,24.0,9.0,24.0,Regular Season
orlando magic,2020-21,12,1610612753.0,13.0,3.0,10.0,0.231,48.0,37.6,87.2,0.432,12.7,34.2,0.372,14.8,19.0,0.777,9.8,36.2,46.1,22.8,12.7,5.6,3.8,4.9,16.2,16.9,102.7,-5.5,15.0,28.0,26.0,28.0,15.0,28.0,20.0,29.0,14.0,15.0,14.0,24.0,23.0,13.0,14.0,6.0,8.0,26.0,10.0,29.0,27.0,15.0,2.0,28.0,28.0,23.0,Regular Season,1610612753.0,13.0,3.0,10.0,0.231,624.0,104.4,106.0,110.0,111.2,-5.6,-5.3,0.605,1.79,17.3,0.235,0.759,0.493,0.131,0.504,0.538,98.3,97.08,80.9,1260.0,0.465,15.0,28.0,26.0,28.0,21.0,28.0,14.0,23.0,14.0,17.0,23.0,26.0,7.0,19.0,12.0,29.0,29.0,24.0,26.0,Regular Season
philadelphia 76ers,2020-21,12,1610612755.0,13.0,10.0,3.0,0.769,49.2,44.2,89.5,0.493,11.6,30.3,0.383,16.0,21.4,0.748,9.6,36.8,46.5,23.0,15.0,9.8,6.3,3.5,21.4,19.1,115.9,10.0,15.0,5.0,2.0,4.0,1.0,3.0,9.0,5.0,19.0,24.0,7.0,16.0,15.0,23.0,17.0,4.0,6.0,23.0,23.0,1.0,1.0,3.0,28.0,12.0,5.0,1.0,Regular Season,1610612755.0,13.0,10.0,3.0,0.769,639.0,111.1,112.8,101.5,103.2,9.6,9.6,0.521,1.53,16.6,0.269,0.762,0.521,0.146,0.558,0.586,101.9,100.28,83.57,1336.0,0.552,15.0,5.0,2.0,4.0,15.0,12.0,1.0,1.0,29.0,27.0,27.0,13.0,5.0,6.0,22.0,8.0,11.0,8.0,1.0,Regular Season
phoenix suns,2020-21,12,1610612756.0,6.0,2.0,4.0,0.333,48.0,41.7,85.0,0.49,11.0,28.7,0.384,15.0,17.5,0.857,7.0,32.0,39.0,20.0,13.0,7.0,4.0,3.5,20.3,17.5,109.3,-2.3,2.0,2.0,3.0,2.0,1.0,2.0,3.0,1.0,3.0,3.0,2.0,3.0,3.0,1.0,3.0,2.0,3.0,3.0,2.0,3.0,1.0,1.0,3.0,3.0,3.0,2.0,Playoffs,1610612756.0,6.0,2.0,4.0,0.333,288.0,110.8,112.1,114.0,114.9,-3.2,-2.8,0.48,1.54,15.7,0.226,0.684,0.47,0.133,0.555,0.59,98.3,97.33,81.11,585.0,0.483,2.0,2.0,3.0,2.0,2.0,2.0,2.0,2.0,3.0,2.0,3.0,3.0,2.0,3.0,2.0,1.0,1.0,3.0,2.0,Playoffs
portland trail blazers,2020-21,12,1610612757.0,15.0,11.0,4.0,0.733,48.0,40.4,88.0,0.459,16.5,42.7,0.386,19.4,22.4,0.866,9.9,31.5,41.4,21.4,11.1,6.9,5.7,4.2,18.5,20.0,116.7,1.5,2.0,1.0,5.0,5.0,15.0,17.0,15.0,19.0,2.0,3.0,6.0,1.0,11.0,1.0,13.0,27.0,26.0,28.0,1.0,21.0,4.0,8.0,12.0,8.0,3.0,13.0,Regular Season,1610612757.0,15.0,11.0,4.0,0.733,720.0,117.8,120.2,115.9,118.4,1.9,1.8,0.53,1.93,16.3,0.259,0.708,0.479,0.114,0.553,0.596,99.2,97.17,80.97,1456.0,0.495,2.0,1.0,5.0,5.0,3.0,1.0,30.0,11.0,28.0,12.0,28.0,19.0,28.0,25.0,1.0,12.0,4.0,23.0,17.0,Regular Season
sacramento kings,2020-21,12,1610612758.0,14.0,9.0,5.0,0.643,48.0,44.2,88.4,0.5,11.4,31.7,0.36,16.6,21.1,0.786,9.1,33.3,42.4,25.3,12.1,6.3,4.9,3.2,19.0,18.0,116.4,2.1,5.0,6.0,9.0,9.0,15.0,2.0,12.0,2.0,23.0,21.0,18.0,13.0,16.0,9.0,21.0,20.0,23.0,11.0,6.0,27.0,13.0,2.0,18.0,19.0,4.0,11.0,Regular Season,1610612758.0,14.0,9.0,5.0,0.643,672.0,115.8,116.8,113.1,115.4,2.6,1.5,0.572,2.09,18.6,0.248,0.719,0.49,0.121,0.565,0.596,100.8,99.36,82.8,1395.0,0.512,5.0,6.0,9.0,9.0,11.0,5.0,26.0,12.0,20.0,4.0,10.0,24.0,22.0,20.0,5.0,4.0,3.0,13.0,12.0,Regular Season
san antonio spurs,2020-21,12,1610612759.0,16.0,7.0,9.0,0.438,48.3,41.1,87.4,0.47,10.3,28.0,0.366,15.3,20.0,0.766,8.4,34.2,42.6,23.4,11.8,6.6,5.4,4.6,17.4,17.3,107.7,-1.8,1.0,13.0,23.0,19.0,14.0,16.0,18.0,14.0,26.0,29.0,16.0,22.0,20.0,17.0,27.0,17.0,22.0,22.0,5.0,25.0,7.0,13.0,6.0,27.0,23.0,19.0,Regular Season,1610612759.0,16.0,7.0,9.0,0.438,773.0,108.1,109.9,110.3,110.7,-2.2,-0.9,0.569,1.98,17.7,0.224,0.735,0.482,0.121,0.528,0.559,98.8,97.8,81.5,1568.0,0.492,1.0,13.0,23.0,19.0,1.0,16.0,13.0,18.0,21.0,8.0,18.0,28.0,17.0,22.0,4.0,20.0,20.0,19.0,19.0,Regular Season
toronto raptors,2020-21,12,1610612761.0,14.0,1.0,13.0,0.071,48.0,38.1,88.8,0.43,15.1,42.9,0.353,18.3,22.5,0.813,8.9,29.8,38.6,23.6,12.4,7.1,5.0,6.1,22.9,21.6,109.7,-7.9,5.0,30.0,29.0,30.0,15.0,26.0,10.0,30.0,3.0,2.0,21.0,8.0,10.0,6.0,23.0,30.0,30.0,20.0,8.0,19.0,11.0,27.0,30.0,2.0,19.0,28.0,Regular Season,1610612761.0,14.0,1.0,13.0,0.071,672.0,107.3,109.9,115.2,117.4,-7.9,-7.5,0.618,1.9,17.4,0.235,0.685,0.446,0.124,0.515,0.556,102.1,100.0,83.33,1398.0,0.44,5.0,30.0,29.0,30.0,11.0,17.0,29.0,28.0,10.0,14.0,21.0,27.0,30.0,30.0,7.0,24.0,22.0,10.0,29.0,Regular Season
utah jazz,2020-21,12,1610612762.0,13.0,9.0,4.0,0.692,48.4,41.5,89.9,0.461,17.2,43.2,0.398,18.4,23.0,0.799,11.2,37.5,48.6,23.4,14.2,7.5,5.8,3.5,18.7,18.5,118.5,8.4,15.0,6.0,5.0,6.0,2.0,15.0,7.0,18.0,1.0,1.0,2.0,6.0,7.0,7.0,4.0,1.0,2.0,21.0,19.0,16.0,3.0,3.0,14.0,16.0,1.0,2.0,Regular Season,1610612762.0,13.0,9.0,4.0,0.692,629.0,115.0,116.1,106.8,108.0,8.2,8.1,0.564,1.65,16.8,0.282,0.75,0.522,0.139,0.556,0.592,102.2,101.19,84.32,1327.0,0.526,15.0,6.0,5.0,6.0,16.0,10.0,4.0,2.0,24.0,23.0,26.0,8.0,11.0,5.0,18.0,9.0,7.0,6.0,9.0,Regular Season
washington wizards,2020-21,12,1610612764.0,14.0,4.0,10.0,0.286,48.0,42.6,88.2,0.483,9.6,27.3,0.353,19.3,25.5,0.756,7.9,34.9,42.8,24.9,15.6,7.1,3.8,4.9,22.7,22.6,114.1,-5.7,5.0,23.0,26.0,26.0,15.0,9.0,14.0,7.0,28.0,30.0,20.0,2.0,1.0,20.0,29.0,11.0,19.0,12.0,27.0,19.0,29.0,16.0,29.0,1.0,12.0,24.0,Regular Season,1610612764.0,14.0,4.0,10.0,0.286,672.0,106.5,107.5,111.0,112.9,-4.5,-5.3,0.586,1.6,17.6,0.211,0.73,0.476,0.147,0.537,0.574,107.5,106.11,88.42,1485.0,0.477,5.0,23.0,26.0,26.0,11.0,24.0,22.0,24.0,19.0,24.0,19.0,30.0,18.0,26.0,23.0,16.0,15.0,1.0,22.0,Regular Season
