TEAM_NAME,Season,Month,TEAM_ID_base,GP_base,W_base,L_base,W_PCT_base,MIN_base,FGM,FGA,FG_PCT,FG3M,FG3A,FG3_PCT,FTM,FTA,FT_PCT,OREB,DREB,REB,AST,TOV,STL,BLK,BLKA,PF,PFD,PTS,PLUS_MINUS,GP_RANK_base,W_RANK_base,L_RANK_base,W_PCT_RANK_base,MIN_RANK_base,FGM_RANK,FGA_RANK,FG_PCT_RANK,FG3M_RANK,FG3A_RANK,FG3_PCT_RANK,FTM_RANK,FTA_RANK,FT_PCT_RANK,OREB_RANK,DREB_RANK,REB_RANK,AST_RANK,TOV_RANK,STL_RANK,BLK_RANK,BLKA_RANK,PF_RANK,PFD_RANK,PTS_RANK,PLUS_MINUS_RANK,SeasonType_base,TEAM_ID_adv,GP_adv,W_adv,L_adv,W_PCT_adv,MIN_adv,E_OFF_RATING,OFF_RATING,E_DEF_RATING,DEF_RATING,E_NET_RATING,NET_RATING,AST_PCT,AST_TO,AST_RATIO,OREB_PCT,DREB_PCT,REB_PCT,TM_TOV_PCT,EFG_PCT,TS_PCT,E_PACE,PACE,PACE_PER40,POSS,PIE,GP_RANK_adv,W_RANK_adv,L_RANK_adv,W_PCT_RANK_adv,MIN_RANK_adv,OFF_RATING_RANK,DEF_RATING_RANK,NET_RATING_RANK,AST_PCT_RANK,AST_TO_RANK,AST_RATIO_RANK,OREB_PCT_RANK,DREB_PCT_RANK,REB_PCT_RANK,TM_TOV_PCT_RANK,EFG_PCT_RANK,TS_PCT_RANK,PACE_RANK,PIE_RANK,SeasonType_adv
atlanta hawks,2023-24,1,1610612737.0,5.0,3.0,2.0,0.6,48.0,39.2,86.0,0.456,12.4,37.6,0.33,17.0,22.4,0.759,10.2,35.0,45.2,25.8,21.0,11.2,3.2,6.6,18.6,20.0,107.8,-2.2,2.0,7.0,11.0,10.0,8.0,23.0,28.0,16.0,21.0,19.0,21.0,20.0,21.0,17.0,26.0,20.0,21.0,20.0,31.0,6.0,34.0,27.0,3.0,23.0,27.0,21.0,Pre Season,1610612737.0,5.0,3.0,2.0,0.6,240.0,101.1,102.9,103.9,105.4,-2.9,-2.5,0.658,1.23,17.9,0.278,0.788,0.527,0.2,0.528,0.562,106.2,104.6,87.17,524.0,0.482,2.0,7.0,11.0,10.0,7.0,26.0,12.0,23.0,12.0,30.0,18.0,21.0,1.0,8.0,31.0,18.0,16.0,16.0,23.0,Pre Season
boston celtics,2023-24,1,1610612738.0,5.0,4.0,1.0,0.8,48.0,41.6,91.0,0.457,15.8,45.4,0.348,17.6,22.6,0.779,13.2,36.2,49.4,24.4,16.0,10.0,4.6,5.2,19.8,19.2,116.6,10.6,2.0,2.0,4.0,4.0,8.0,8.0,12.0,14.0,4.0,2.0,14.0,17.0,19.0,9.0,3.0,13.0,6.0,26.0,11.0,13.0,27.0,13.0,10.0,28.0,10.0,5.0,Pre Season,1610612738.0,5.0,4.0,1.0,0.8,240.0,112.4,115.4,103.2,105.2,9.2,10.3,0.587,1.53,17.2,0.323,0.732,0.531,0.158,0.544,0.578,103.2,100.9,84.08,505.0,0.546,2.0,2.0,4.0,4.0,7.0,4.0,11.0,4.0,29.0,14.0,25.0,5.0,10.0,5.0,14.0,8.0,9.0,29.0,6.0,Pre Season
brooklyn nets,2023-24,1,1610612751.0,4.0,2.0,2.0,0.5,48.0,41.5,88.0,0.472,16.8,38.3,0.438,22.0,27.8,0.793,10.8,36.8,47.5,26.3,18.8,7.3,5.8,5.5,16.8,23.8,121.8,6.0,17.0,14.0,11.0,15.0,8.0,9.0,22.0,8.0,2.0,18.0,1.0,5.0,6.0,7.0,19.0,12.0,11.0,16.0,24.0,33.0,20.0,14.0,1.0,4.0,2.0,8.0,Pre Season,1610612751.0,4.0,2.0,2.0,0.5,192.0,112.5,116.0,105.4,109.2,7.1,6.8,0.633,1.4,18.0,0.285,0.696,0.505,0.179,0.567,0.607,109.0,105.5,87.92,420.0,0.539,17.0,14.0,11.0,15.0,19.0,2.0,23.0,8.0,20.0,25.0,17.0,19.0,25.0,17.0,25.0,4.0,2.0,11.0,9.0,Pre Season
charlotte hornets,2023-24,1,1610612766.0,4.0,1.0,3.0,0.25,48.0,38.5,90.8,0.424,8.0,33.5,0.239,19.3,26.3,0.733,12.0,40.5,52.5,22.5,19.0,9.3,6.3,6.5,19.0,21.3,104.3,-9.0,17.0,23.0,23.0,24.0,8.0,26.0,15.0,30.0,32.0,30.0,33.0,10.0,11.0,24.0,8.0,1.0,1.0,30.0,27.0,20.0,13.0,24.0,4.0,16.0,29.0,29.0,Pre Season,1610612766.0,4.0,1.0,3.0,0.25,192.0,95.4,97.2,102.5,104.9,-7.2,-7.7,0.584,1.18,15.6,0.27,0.727,0.503,0.177,0.468,0.51,109.9,107.63,89.69,429.0,0.461,17.0,23.0,23.0,24.0,19.0,32.0,10.0,29.0,30.0,31.0,31.0,26.0,12.0,18.0,24.0,32.0,31.0,2.0,28.0,Pre Season
chicago bulls,2023-24,1,1610612741.0,5.0,1.0,4.0,0.2,50.0,41.2,95.0,0.434,11.8,32.8,0.36,14.6,17.8,0.82,15.4,29.2,44.6,26.0,17.0,10.2,3.6,7.8,21.4,18.0,108.8,-4.2,2.0,23.0,33.0,30.0,1.0,15.0,1.0,25.0,24.0,31.0,11.0,30.0,32.0,4.0,1.0,31.0,22.0,18.0,16.0,12.0,31.0,33.0,20.0,33.0,23.0,26.0,Pre Season,1610612741.0,5.0,1.0,4.0,0.2,250.0,104.2,105.6,107.4,109.3,-3.2,-3.7,0.631,1.53,17.6,0.337,0.722,0.508,0.165,0.496,0.529,100.6,99.07,82.56,515.0,0.458,2.0,23.0,33.0,30.0,2.0,20.0,24.0,26.0,22.0,13.0,21.0,3.0,14.0,15.0,15.0,27.0,26.0,33.0,29.0,Pre Season
cleveland cavaliers,2023-24,1,1610612739.0,4.0,1.0,3.0,0.25,48.0,39.3,85.8,0.458,14.5,41.8,0.347,16.0,20.3,0.79,6.8,37.8,44.5,28.0,20.5,9.3,6.5,4.0,21.5,18.3,109.0,5.5,17.0,23.0,23.0,24.0,8.0,22.0,31.0,13.0,9.0,8.0,16.0,25.0,27.0,8.0,35.0,7.0,23.0,9.0,29.0,20.0,11.0,4.0,22.0,32.0,22.0,9.0,Pre Season,1610612739.0,4.0,1.0,3.0,0.25,192.0,100.5,103.6,95.5,98.1,5.0,5.5,0.713,1.37,19.5,0.215,0.76,0.496,0.195,0.542,0.576,108.4,105.38,87.81,421.0,0.523,17.0,23.0,23.0,24.0,19.0,25.0,4.0,9.0,4.0,26.0,5.0,34.0,3.0,20.0,29.0,11.0,12.0,12.0,12.0,Pre Season
dallas mavericks,2023-24,1,1610612742.0,4.0,1.0,3.0,0.25,48.0,38.5,93.8,0.411,15.3,44.5,0.343,15.8,23.3,0.677,10.3,35.8,46.0,22.8,15.0,9.0,7.0,8.8,19.3,21.3,108.0,-3.5,17.0,23.0,23.0,24.0,8.0,26.0,4.0,32.0,6.0,5.0,19.0,26.0,17.0,33.0,25.0,16.0,15.0,28.0,5.0,22.0,8.0,35.0,7.0,16.0,25.0,24.0,Pre Season,1610612742.0,4.0,1.0,3.0,0.25,192.0,99.3,104.3,103.8,107.2,-4.5,-2.9,0.591,1.52,16.0,0.275,0.651,0.46,0.145,0.492,0.519,108.1,103.75,86.46,414.0,0.469,17.0,23.0,23.0,24.0,19.0,23.0,17.0,24.0,26.0,15.0,29.0,22.0,33.0,32.0,6.0,28.0,29.0,18.0,26.0,Pre Season
denver nuggets,2023-24,1,1610612743.0,5.0,3.0,2.0,0.6,50.0,40.8,86.2,0.473,13.8,39.2,0.352,16.8,22.2,0.757,9.2,31.2,40.4,28.4,16.6,9.8,6.0,3.6,20.6,20.2,112.2,2.6,2.0,7.0,11.0,10.0,1.0,17.0,26.0,5.0,13.0,13.0,13.0,22.0,23.0,19.0,31.0,28.0,31.0,6.0,14.0,16.0,14.0,3.0,14.0,22.0,17.0,16.0,Pre Season,1610612743.0,5.0,3.0,2.0,0.6,250.0,108.5,112.0,108.4,109.8,0.2,2.2,0.696,1.71,19.9,0.289,0.658,0.479,0.166,0.553,0.585,98.2,96.0,80.0,501.0,0.516,2.0,7.0,11.0,10.0,2.0,8.0,28.0,16.0,8.0,9.0,2.0,16.0,31.0,23.0,16.0,6.0,7.0,34.0,14.0,Pre Season
detroit pistons,2023-24,1,1610612765.0,4.0,2.0,2.0,0.5,49.3,43.0,91.0,0.473,13.0,35.8,0.364,20.0,27.8,0.721,11.5,39.8,51.3,28.3,18.3,6.8,6.0,5.5,26.0,22.0,119.0,-2.3,17.0,14.0,11.0,15.0,3.0,3.0,12.0,7.0,19.0,23.0,8.0,7.0,6.0,27.0,12.0,2.0,4.0,8.0,22.0,35.0,14.0,14.0,34.0,10.0,6.0,22.0,Pre Season,1610612765.0,4.0,2.0,2.0,0.5,197.0,108.2,108.2,109.5,109.5,-1.2,-1.3,0.657,1.55,18.6,0.266,0.768,0.525,0.166,0.544,0.576,107.6,107.57,89.64,440.0,0.488,17.0,14.0,11.0,15.0,17.0,16.0,27.0,19.0,13.0,12.0,10.0,29.0,2.0,10.0,18.0,8.0,11.0,3.0,22.0,Pre Season
golden state warriors,2023-24,1,1610612744.0,5.0,4.0,1.0,0.8,47.7,41.4,87.2,0.475,14.8,38.4,0.385,19.6,25.8,0.76,10.6,38.2,48.8,27.0,18.2,8.6,4.6,6.2,21.0,19.4,117.2,3.8,2.0,2.0,4.0,4.0,34.0,11.0,24.0,4.0,7.0,17.0,5.0,9.0,13.0,16.0,21.0,5.0,8.0,11.0,19.0,26.0,27.0,20.0,16.0,25.0,9.0,13.0,Pre Season,1610612744.0,5.0,4.0,1.0,0.8,238.0,110.7,111.7,105.9,108.7,4.9,3.0,0.66,1.52,18.3,0.3,0.753,0.541,0.172,0.56,0.595,108.1,106.19,88.49,529.0,0.521,2.0,2.0,4.0,4.0,16.0,9.0,22.0,13.0,10.0,16.0,13.0,11.0,6.0,3.0,20.0,5.0,5.0,7.0,13.0,Pre Season
houston rockets,2023-24,1,1610612745.0,5.0,4.0,1.0,0.8,48.0,38.8,89.2,0.435,10.0,33.6,0.298,23.2,30.4,0.763,11.8,38.8,50.6,24.6,16.4,13.2,4.8,6.4,23.4,24.8,110.8,10.8,2.0,2.0,4.0,4.0,8.0,25.0,19.0,24.0,30.0,29.0,30.0,3.0,3.0,14.0,10.0,4.0,5.0,25.0,12.0,1.0,25.0,22.0,32.0,2.0,19.0,4.0,Pre Season,1610612745.0,5.0,4.0,1.0,0.8,240.0,103.4,104.5,92.8,95.1,10.6,9.5,0.634,1.5,16.9,0.296,0.753,0.525,0.155,0.491,0.54,107.5,105.6,88.0,530.0,0.574,2.0,2.0,4.0,4.0,7.0,21.0,2.0,6.0,19.0,17.0,26.0,12.0,5.0,9.0,11.0,29.0,24.0,9.0,5.0,Pre Season
indiana pacers,2023-24,1,1610612754.0,4.0,2.0,2.0,0.5,49.3,40.3,93.3,0.432,13.5,44.5,0.303,18.5,24.0,0.771,10.8,37.5,48.3,29.5,18.8,7.8,8.3,6.5,23.3,22.5,112.5,-3.8,17.0,14.0,11.0,15.0,3.0,19.0,6.0,27.0,15.0,5.0,29.0,13.0,16.0,10.0,19.0,8.0,9.0,4.0,24.0,31.0,2.0,24.0,31.0,7.0,16.0,25.0,Pre Season,1610612754.0,4.0,2.0,2.0,0.5,197.0,100.6,104.4,104.5,107.6,-3.9,-3.2,0.733,1.57,19.3,0.294,0.735,0.511,0.174,0.504,0.542,108.7,105.14,87.61,431.0,0.491,17.0,14.0,11.0,15.0,17.0,22.0,19.0,25.0,1.0,11.0,6.0,14.0,9.0,14.0,21.0,24.0,23.0,13.0,20.0,Pre Season
la clippers,2023-24,1,1610612746.0,4.0,2.0,2.0,0.5,48.0,38.3,88.3,0.433,7.8,28.5,0.272,17.0,22.3,0.764,12.5,34.5,47.0,21.5,15.3,9.8,6.8,5.0,21.0,18.8,101.3,0.0,17.0,14.0,11.0,15.0,8.0,30.0,21.0,26.0,33.0,35.0,32.0,20.0,22.0,12.0,6.0,22.0,13.0,31.0,7.0,17.0,10.0,9.0,16.0,31.0,30.0,18.0,Pre Season,1610612746.0,4.0,2.0,2.0,0.5,192.0,100.5,101.3,99.8,102.0,0.6,-0.8,0.562,1.41,15.7,0.3,0.707,0.501,0.153,0.477,0.516,101.1,99.63,83.02,400.0,0.499,17.0,14.0,11.0,15.0,19.0,29.0,6.0,18.0,32.0,23.0,30.0,10.0,22.0,19.0,9.0,31.0,30.0,31.0,17.0,Pre Season
los angeles lakers,2023-24,1,1610612747.0,6.0,2.0,4.0,0.333,46.9,39.0,86.0,0.453,13.0,36.0,0.361,17.2,24.8,0.691,7.8,35.0,42.8,23.3,17.7,9.7,7.3,4.7,21.0,22.0,108.2,-6.7,1.0,14.0,33.0,23.0,35.0,24.0,28.0,17.0,19.0,20.0,10.0,19.0,14.0,31.0,33.0,20.0,26.0,27.0,18.0,18.0,6.0,8.0,16.0,10.0,24.0,28.0,Pre Season,1610612747.0,6.0,2.0,4.0,0.333,281.0,101.6,102.8,107.5,109.4,-5.9,-6.6,0.602,1.34,16.5,0.221,0.718,0.47,0.166,0.53,0.558,110.1,108.47,90.39,637.0,0.474,1.0,14.0,33.0,23.0,1.0,28.0,25.0,28.0,25.0,27.0,28.0,33.0,15.0,30.0,19.0,17.0,20.0,1.0,25.0,Pre Season
memphis grizzlies,2023-24,1,1610612763.0,5.0,2.0,3.0,0.4,49.0,41.8,93.6,0.447,14.4,45.0,0.32,17.4,22.8,0.763,9.4,36.2,45.6,27.0,16.6,8.8,8.0,6.6,20.8,20.4,115.4,-1.2,2.0,14.0,23.0,20.0,5.0,7.0,5.0,20.0,10.0,4.0,25.0,18.0,18.0,14.0,29.0,13.0,19.0,11.0,14.0,25.0,3.0,27.0,15.0,20.0,11.0,19.0,Pre Season,1610612763.0,5.0,2.0,3.0,0.4,245.0,104.1,106.9,103.8,108.6,0.3,-1.7,0.646,1.63,18.2,0.258,0.688,0.478,0.154,0.524,0.557,109.3,105.5,87.92,540.0,0.492,2.0,14.0,23.0,20.0,4.0,19.0,21.0,21.0,17.0,10.0,16.0,30.0,27.0,24.0,10.0,19.0,22.0,10.0,19.0,Pre Season
miami heat,2023-24,1,1610612748.0,5.0,2.0,3.0,0.4,48.0,41.4,90.6,0.457,11.8,36.0,0.328,16.8,20.4,0.824,11.2,36.8,48.0,25.0,18.8,6.8,4.0,6.4,23.6,19.4,111.4,-2.6,2.0,14.0,23.0,20.0,8.0,11.0,16.0,15.0,24.0,20.0,23.0,22.0,26.0,3.0,16.0,11.0,10.0,23.0,26.0,34.0,30.0,22.0,33.0,25.0,18.0,23.0,Pre Season,1610612748.0,5.0,2.0,3.0,0.4,240.0,103.9,107.7,109.5,110.0,-5.5,-2.3,0.604,1.33,17.3,0.319,0.756,0.536,0.182,0.522,0.559,105.6,103.5,86.25,517.0,0.479,2.0,14.0,23.0,20.0,7.0,18.0,29.0,22.0,24.0,28.0,24.0,7.0,4.0,4.0,27.0,20.0,19.0,21.0,24.0,Pre Season
milwaukee bucks,2023-24,1,1610612749.0,5.0,3.0,2.0,0.6,48.0,39.4,92.8,0.425,13.8,42.8,0.322,15.4,21.4,0.72,11.4,37.8,49.2,26.0,17.4,9.4,6.0,6.6,19.0,20.0,108.0,-1.4,2.0,7.0,11.0,10.0,8.0,21.0,9.0,29.0,13.0,7.0,24.0,27.0,25.0,28.0,14.0,6.0,7.0,18.0,17.0,19.0,14.0,27.0,4.0,23.0,25.0,20.0,Pre Season,1610612749.0,5.0,3.0,2.0,0.6,240.0,99.8,102.9,101.9,104.4,-2.1,-1.5,0.66,1.49,17.7,0.292,0.751,0.516,0.166,0.499,0.528,107.8,104.9,87.42,525.0,0.49,2.0,7.0,11.0,10.0,7.0,27.0,9.0,20.0,11.0,18.0,20.0,15.0,7.0,13.0,17.0,26.0,27.0,14.0,21.0,Pre Season
minnesota timberwolves,2023-24,1,1610612750.0,5.0,5.0,0.0,1.0,48.0,43.4,88.4,0.491,15.8,38.8,0.407,15.0,19.6,0.765,10.6,35.4,46.0,31.2,18.2,7.4,5.8,5.6,21.8,20.4,117.6,13.0,2.0,1.0,1.0,1.0,8.0,2.0,20.0,2.0,4.0,14.0,2.0,28.0,30.0,11.0,21.0,18.0,15.0,1.0,19.0,32.0,18.0,16.0,24.0,20.0,8.0,3.0,Pre Season,1610612750.0,5.0,5.0,0.0,1.0,240.0,112.4,115.7,99.9,103.2,12.5,12.6,0.719,1.71,21.1,0.321,0.711,0.527,0.179,0.58,0.606,104.7,101.5,84.58,508.0,0.579,2.0,1.0,1.0,1.0,7.0,3.0,7.0,3.0,2.0,8.0,1.0,6.0,19.0,7.0,26.0,1.0,3.0,27.0,3.0,Pre Season
new orleans pelicans,2023-24,1,1610612740.0,4.0,1.0,3.0,0.25,48.0,38.0,86.5,0.439,10.8,34.5,0.312,13.5,20.0,0.675,12.0,31.5,43.5,24.8,21.5,11.0,5.3,6.5,19.3,19.3,100.3,-10.8,17.0,23.0,23.0,24.0,8.0,31.0,25.0,23.0,29.0,25.0,26.0,32.0,28.0,34.0,8.0,26.0,24.0,24.0,33.0,7.0,23.0,24.0,7.0,27.0,32.0,31.0,Pre Season,1610612740.0,4.0,1.0,3.0,0.25,192.0,95.7,97.3,103.2,106.5,-7.6,-9.1,0.651,1.15,17.5,0.269,0.676,0.471,0.209,0.501,0.526,106.2,103.63,86.35,412.0,0.431,17.0,23.0,23.0,24.0,19.0,31.0,16.0,30.0,15.0,32.0,22.0,27.0,30.0,28.0,33.0,25.0,28.0,20.0,31.0,Pre Season
new york knicks,2023-24,1,1610612752.0,4.0,1.0,3.0,0.25,48.0,38.5,86.0,0.448,14.8,41.3,0.358,18.8,26.0,0.721,11.3,30.5,41.8,22.8,15.3,9.0,3.3,3.5,17.8,21.5,110.5,-10.0,17.0,23.0,23.0,24.0,8.0,26.0,28.0,19.0,8.0,10.0,12.0,12.0,12.0,26.0,15.0,29.0,30.0,28.0,7.0,22.0,33.0,2.0,2.0,15.0,20.0,30.0,Pre Season,1610612752.0,4.0,1.0,3.0,0.25,192.0,109.2,110.0,117.0,120.2,-7.8,-10.2,0.591,1.49,16.5,0.275,0.679,0.471,0.152,0.533,0.567,102.1,100.38,83.65,402.0,0.457,17.0,23.0,23.0,24.0,19.0,12.0,33.0,31.0,26.0,19.0,27.0,23.0,29.0,27.0,8.0,14.0,15.0,30.0,30.0,Pre Season
oklahoma city thunder,2023-24,1,1610612760.0,5.0,2.0,3.0,0.4,48.0,42.4,91.0,0.466,14.0,38.6,0.363,21.6,29.2,0.74,10.4,35.2,45.6,28.6,14.4,8.2,4.4,6.2,19.8,20.6,120.4,3.4,2.0,14.0,23.0,20.0,8.0,6.0,12.0,11.0,11.0,15.0,9.0,6.0,4.0,23.0,23.0,19.0,19.0,5.0,2.0,28.0,29.0,20.0,10.0,18.0,4.0,14.0,Pre Season,1610612760.0,5.0,2.0,3.0,0.4,240.0,111.6,113.2,108.8,110.2,2.8,3.0,0.675,1.99,19.2,0.274,0.75,0.505,0.135,0.543,0.58,107.7,106.3,88.58,532.0,0.511,2.0,14.0,23.0,20.0,7.0,7.0,30.0,12.0,9.0,1.0,8.0,24.0,8.0,16.0,2.0,10.0,8.0,6.0,15.0,Pre Season
orlando magic,2023-24,1,1610612753.0,4.0,3.0,1.0,0.75,48.0,38.0,85.5,0.444,13.3,40.0,0.331,18.5,24.5,0.755,9.3,33.3,42.5,26.8,15.5,12.3,7.5,4.3,19.3,22.3,107.8,10.3,17.0,7.0,4.0,8.0,8.0,31.0,33.0,22.0,16.0,11.0,20.0,13.0,15.0,20.0,30.0,24.0,28.0,14.0,10.0,5.0,5.0,6.0,7.0,9.0,28.0,6.0,Pre Season,1610612753.0,4.0,3.0,1.0,0.75,192.0,105.1,108.0,96.5,98.2,8.6,9.8,0.704,1.73,19.0,0.286,0.695,0.49,0.155,0.522,0.56,101.8,99.5,82.92,399.0,0.574,17.0,7.0,4.0,8.0,19.0,17.0,5.0,5.0,7.0,7.0,9.0,17.0,26.0,22.0,12.0,21.0,18.0,32.0,4.0,Pre Season
philadelphia 76ers,2023-24,1,1610612755.0,4.0,2.0,2.0,0.5,48.0,41.5,93.3,0.445,16.0,41.5,0.386,14.5,19.3,0.753,12.3,30.5,42.8,26.3,14.5,12.5,5.8,5.0,22.8,19.0,113.5,0.8,17.0,14.0,11.0,15.0,8.0,9.0,6.0,21.0,3.0,9.0,4.0,31.0,31.0,21.0,7.0,29.0,27.0,16.0,3.0,4.0,20.0,9.0,28.0,29.0,14.0,17.0,Pre Season,1610612755.0,4.0,2.0,2.0,0.5,192.0,109.2,110.2,106.7,109.5,2.4,0.7,0.633,1.81,18.3,0.267,0.699,0.471,0.141,0.531,0.558,104.8,103.0,85.83,412.0,0.496,17.0,14.0,11.0,15.0,19.0,11.0,26.0,17.0,20.0,5.0,14.0,28.0,24.0,29.0,3.0,16.0,21.0,24.0,18.0,Pre Season
phoenix suns,2023-24,1,1610612756.0,5.0,4.0,1.0,0.8,49.0,41.4,88.0,0.47,12.4,32.4,0.383,24.6,30.8,0.799,11.6,34.2,45.8,27.0,18.6,10.4,5.0,6.6,21.4,26.0,119.8,8.2,2.0,2.0,4.0,4.0,5.0,11.0,22.0,9.0,21.0,33.0,6.0,1.0,2.0,6.0,11.0,23.0,17.0,11.0,23.0,11.0,24.0,27.0,20.0,1.0,5.0,7.0,Pre Season,1610612756.0,5.0,4.0,1.0,0.8,245.0,110.4,114.1,103.2,105.7,7.2,8.4,0.652,1.45,18.3,0.312,0.73,0.522,0.177,0.541,0.59,106.1,103.15,85.96,525.0,0.54,2.0,2.0,4.0,4.0,4.0,6.0,14.0,7.0,14.0,21.0,11.0,9.0,11.0,11.0,23.0,12.0,6.0,23.0,8.0,Pre Season
portland trail blazers,2023-24,1,1610612757.0,4.0,1.0,3.0,0.25,48.0,43.0,89.3,0.482,11.8,34.3,0.343,16.3,22.5,0.722,11.5,31.5,43.0,25.3,19.8,12.8,4.8,5.0,22.5,20.5,114.0,3.3,17.0,23.0,23.0,24.0,8.0,3.0,18.0,3.0,26.0,27.0,18.0,24.0,20.0,25.0,12.0,26.0,25.0,22.0,28.0,2.0,26.0,9.0,27.0,19.0,12.0,15.0,Pre Season,1610612757.0,4.0,1.0,3.0,0.25,192.0,106.1,109.1,104.1,106.2,2.0,2.9,0.587,1.28,17.4,0.332,0.711,0.517,0.189,0.548,0.575,106.9,104.38,86.98,418.0,0.502,17.0,23.0,23.0,24.0,19.0,14.0,15.0,14.0,28.0,29.0,23.0,4.0,20.0,12.0,28.0,7.0,13.0,17.0,16.0,Pre Season
sacramento kings,2023-24,1,1610612758.0,5.0,1.0,4.0,0.2,49.0,40.2,93.2,0.431,14.0,45.2,0.31,14.8,20.0,0.74,9.6,32.4,42.0,28.4,15.4,8.2,5.8,2.8,22.8,21.6,109.2,-5.0,2.0,23.0,33.0,30.0,5.0,20.0,8.0,28.0,11.0,3.0,28.0,29.0,28.0,22.0,28.0,25.0,29.0,6.0,9.0,28.0,18.0,1.0,29.0,14.0,21.0,27.0,Pre Season,1610612758.0,5.0,1.0,4.0,0.2,245.0,101.3,103.6,105.4,107.5,-4.1,-3.9,0.706,1.84,19.3,0.241,0.712,0.461,0.146,0.506,0.535,105.9,103.64,86.37,527.0,0.468,2.0,23.0,33.0,30.0,4.0,24.0,18.0,27.0,6.0,4.0,7.0,31.0,18.0,31.0,7.0,23.0,25.0,19.0,27.0,Pre Season
san antonio spurs,2023-24,1,1610612759.0,5.0,3.0,2.0,0.6,48.0,41.2,89.8,0.459,13.2,35.8,0.369,18.2,26.6,0.684,10.2,35.6,45.8,29.6,16.4,10.0,7.6,4.6,19.0,21.8,113.8,4.8,2.0,7.0,11.0,10.0,8.0,15.0,17.0,12.0,18.0,22.0,7.0,15.0,8.0,32.0,26.0,17.0,17.0,3.0,12.0,13.0,4.0,7.0,4.0,12.0,13.0,10.0,Pre Season,1610612759.0,5.0,3.0,2.0,0.6,240.0,105.7,108.6,101.5,104.2,4.1,4.4,0.718,1.8,19.9,0.283,0.656,0.478,0.156,0.532,0.561,107.5,104.7,87.25,524.0,0.546,2.0,7.0,11.0,10.0,7.0,15.0,8.0,10.0,3.0,6.0,3.0,20.0,32.0,24.0,13.0,15.0,17.0,15.0,7.0,Pre Season
toronto raptors,2023-24,1,1610612761.0,4.0,4.0,0.0,1.0,48.0,42.5,85.8,0.496,12.3,35.3,0.348,24.3,31.8,0.764,13.0,39.0,52.0,30.3,20.8,11.0,7.3,5.0,21.8,22.5,121.5,23.5,17.0,2.0,1.0,1.0,8.0,5.0,31.0,1.0,23.0,24.0,15.0,2.0,1.0,13.0,4.0,3.0,2.0,2.0,30.0,7.0,7.0,9.0,23.0,7.0,3.0,1.0,Pre Season,1610612761.0,4.0,4.0,0.0,1.0,192.0,113.1,114.9,90.4,92.5,22.7,22.4,0.712,1.46,19.8,0.347,0.723,0.553,0.196,0.567,0.609,107.9,105.88,88.23,423.0,0.638,17.0,2.0,1.0,1.0,19.0,5.0,1.0,1.0,5.0,20.0,4.0,2.0,13.0,2.0,30.0,3.0,1.0,8.0,1.0,Pre Season
utah jazz,2023-24,1,1610612762.0,5.0,3.0,2.0,0.6,48.0,40.8,86.2,0.473,11.2,34.0,0.329,20.0,26.4,0.758,11.2,36.0,47.2,26.4,18.2,8.4,6.0,8.2,20.4,21.8,112.8,4.4,2.0,7.0,11.0,10.0,8.0,17.0,26.0,5.0,28.0,28.0,22.0,7.0,10.0,18.0,16.0,15.0,12.0,15.0,19.0,27.0,14.0,34.0,13.0,12.0,15.0,11.0,Pre Season,1610612762.0,5.0,3.0,2.0,0.6,240.0,107.6,109.7,103.9,105.4,3.7,4.3,0.647,1.45,18.3,0.318,0.717,0.528,0.177,0.538,0.577,104.6,102.8,85.67,514.0,0.538,2.0,7.0,11.0,10.0,7.0,13.0,13.0,11.0,16.0,22.0,12.0,8.0,16.0,6.0,22.0,13.0,10.0,25.0,11.0,Pre Season
washington wizards,2023-24,1,1610612764.0,4.0,3.0,1.0,0.75,48.0,41.3,91.8,0.45,13.3,38.5,0.344,22.3,26.5,0.84,9.0,37.3,46.3,25.8,13.8,12.8,7.0,5.8,21.0,23.0,118.0,14.5,17.0,7.0,4.0,8.0,8.0,14.0,11.0,18.0,16.0,16.0,17.0,4.0,9.0,1.0,32.0,9.0,14.0,21.0,1.0,2.0,8.0,18.0,16.0,5.0,7.0,2.0,Pre Season,1610612764.0,4.0,3.0,1.0,0.75,192.0,109.1,110.8,95.4,97.2,13.7,13.6,0.624,1.87,17.9,0.23,0.701,0.477,0.129,0.522,0.571,108.3,106.5,88.75,426.0,0.586,17.0,7.0,4.0,8.0,19.0,10.0,3.0,2.0,23.0,2.0,19.0,32.0,23.0,26.0,1.0,22.0,14.0,5.0,2.0,Pre Season
atlanta hawks,2023-24,2,1610612737.0,14.0,7.0,7.0,0.5,48.4,43.9,93.4,0.469,14.5,38.9,0.373,21.7,26.2,0.828,13.9,31.2,45.1,24.8,14.8,9.0,4.6,6.0,18.9,20.5,123.9,-0.1,17.0,19.0,15.0,18.0,7.0,3.0,2.0,17.0,6.0,9.0,10.0,4.0,4.0,5.0,2.0,25.0,8.0,24.0,21.0,3.0,18.0,25.0,7.0,9.0,2.0,17.0,Regular Season,1610612737.0,14.0,7.0,7.0,0.5,677.0,117.1,119.2,117.2,119.2,0.0,-0.1,0.565,1.68,17.0,0.335,0.688,0.504,0.142,0.547,0.59,105.0,103.23,86.03,1456.0,0.487,17.0,19.0,15.0,18.0,19.0,5.0,25.0,16.0,29.0,24.0,28.0,3.0,22.0,15.0,20.0,16.0,9.0,3.0,20.0,Regular Season
boston celtics,2023-24,2,1610612738.0,15.0,11.0,4.0,0.733,48.7,41.5,88.4,0.469,15.6,43.3,0.361,17.5,22.1,0.789,9.9,36.5,46.4,25.2,13.3,6.1,5.1,3.9,17.1,18.6,116.0,9.4,5.0,2.0,3.0,3.0,3.0,18.0,18.0,18.0,1.0,1.0,20.0,19.0,19.0,11.0,22.0,1.0,2.0,22.0,10.0,29.0,15.0,3.0,3.0,26.0,10.0,2.0,Regular Season,1610612738.0,15.0,11.0,4.0,0.733,730.0,114.2,116.7,105.5,107.1,8.7,9.6,0.608,1.9,18.3,0.277,0.738,0.517,0.133,0.557,0.591,99.9,98.1,81.75,1491.0,0.549,5.0,2.0,3.0,3.0,5.0,9.0,2.0,2.0,20.0,14.0,17.0,18.0,4.0,7.0,12.0,6.0,8.0,22.0,3.0,Regular Season
brooklyn nets,2023-24,2,1610612751.0,15.0,8.0,7.0,0.533,48.3,42.4,91.5,0.463,15.6,40.4,0.386,14.4,18.5,0.777,12.3,35.4,47.7,25.3,13.2,6.4,5.3,4.3,18.1,16.7,114.8,1.1,5.0,13.0,15.0,16.0,13.0,11.0,4.0,21.0,1.0,4.0,4.0,30.0,29.0,19.0,9.0,3.0,1.0,21.0,9.0,26.0,13.0,7.0,5.0,30.0,12.0,13.0,Regular Season,1610612751.0,15.0,8.0,7.0,0.533,725.0,114.1,116.4,113.0,115.4,1.1,1.0,0.596,1.91,18.1,0.311,0.708,0.511,0.134,0.548,0.576,99.9,97.92,81.6,1480.0,0.503,5.0,13.0,15.0,16.0,7.0,12.0,19.0,13.0,25.0,12.0,22.0,10.0,17.0,8.0,13.0,12.0,18.0,23.0,16.0,Regular Season
charlotte hornets,2023-24,2,1610612766.0,14.0,5.0,9.0,0.357,48.4,43.2,90.9,0.476,11.9,30.8,0.387,15.6,20.4,0.766,12.6,32.1,44.7,24.6,13.9,6.6,4.8,5.0,19.7,18.6,114.0,-9.0,17.0,22.0,21.0,22.0,7.0,6.0,9.0,13.0,19.0,24.0,3.0,26.0,25.0,24.0,7.0,19.0,11.0,25.0,17.0,22.0,16.0,16.0,14.0,25.0,17.0,28.0,Regular Season,1610612766.0,14.0,5.0,9.0,0.357,677.0,112.6,114.0,119.3,122.9,-6.6,-8.9,0.57,1.77,17.6,0.312,0.705,0.506,0.139,0.541,0.571,101.4,99.3,82.75,1400.0,0.462,17.0,22.0,21.0,22.0,19.0,17.0,30.0,28.0,28.0,21.0,24.0,9.0,18.0,12.0,16.0,19.0,20.0,18.0,25.0,Regular Season
chicago bulls,2023-24,2,1610612741.0,16.0,4.0,12.0,0.25,48.6,39.8,88.1,0.452,12.2,33.6,0.362,15.4,19.6,0.786,10.4,30.4,40.9,23.1,12.2,8.4,4.4,5.3,20.0,18.3,107.2,-5.8,1.0,26.0,27.0,27.0,5.0,28.0,22.0,25.0,17.0,15.0,19.0,28.0,28.0,15.0,19.0,27.0,26.0,29.0,3.0,6.0,22.0,21.0,16.0,27.0,28.0,23.0,Regular Season,1610612741.0,16.0,4.0,12.0,0.25,778.0,108.9,109.9,113.4,116.2,-4.5,-6.3,0.581,1.9,17.3,0.268,0.686,0.472,0.125,0.521,0.554,97.7,96.12,80.1,1561.0,0.464,1.0,26.0,27.0,27.0,1.0,26.0,21.0,25.0,26.0,15.0,27.0,24.0,24.0,27.0,3.0,26.0,28.0,29.0,23.0,Regular Season
cleveland cavaliers,2023-24,2,1610612739.0,15.0,9.0,6.0,0.6,48.3,41.9,85.4,0.49,10.5,30.1,0.35,17.9,22.3,0.803,10.1,33.9,43.9,26.1,15.6,7.9,5.2,4.9,18.9,19.4,112.2,1.1,5.0,7.0,11.0,11.0,13.0,15.0,27.0,5.0,28.0,27.0,24.0,14.0,18.0,9.0,21.0,7.0,16.0,15.0,25.0,12.0,14.0,15.0,9.0,21.0,22.0,14.0,Regular Season,1610612739.0,15.0,9.0,6.0,0.6,725.0,111.4,112.1,108.6,111.2,2.8,0.8,0.623,1.67,18.8,0.277,0.69,0.497,0.156,0.552,0.589,100.9,99.34,82.79,1502.0,0.526,5.0,7.0,11.0,11.0,7.0,24.0,7.0,15.0,15.0,25.0,14.0,19.0,21.0,21.0,26.0,11.0,13.0,17.0,7.0,Regular Season
dallas mavericks,2023-24,2,1610612742.0,14.0,8.0,6.0,0.571,48.0,42.5,90.9,0.467,15.6,42.5,0.366,17.7,23.8,0.745,10.2,31.3,41.5,25.4,11.4,6.0,4.1,3.6,18.7,21.4,118.3,-0.2,17.0,13.0,11.0,13.0,21.0,9.0,7.0,19.0,3.0,2.0,14.0,16.0,13.0,26.0,20.0,24.0,24.0,20.0,1.0,30.0,26.0,2.0,6.0,4.0,6.0,18.0,Regular Season,1610612742.0,14.0,8.0,6.0,0.571,672.0,115.4,117.9,115.8,118.5,-0.5,-0.6,0.598,2.24,18.3,0.265,0.679,0.467,0.113,0.553,0.583,102.4,100.18,83.48,1405.0,0.487,17.0,13.0,11.0,13.0,25.0,7.0,24.0,18.0,22.0,3.0,19.0,25.0,27.0,29.0,1.0,10.0,15.0,12.0,19.0,Regular Season
denver nuggets,2023-24,2,1610612743.0,15.0,9.0,6.0,0.6,48.0,43.1,89.9,0.479,11.7,32.2,0.364,15.7,21.8,0.722,12.4,32.3,44.7,29.1,12.7,6.6,4.6,4.8,19.6,19.5,113.6,1.8,5.0,7.0,11.0,11.0,21.0,7.0,10.0,12.0,21.0,22.0,17.0,25.0,20.0,30.0,8.0,18.0,10.0,3.0,5.0,23.0,19.0,12.0,12.0,19.0,19.0,11.0,Regular Season,1610612743.0,15.0,9.0,6.0,0.6,720.0,113.8,116.6,113.4,114.5,0.3,2.2,0.676,2.29,20.5,0.32,0.734,0.52,0.131,0.544,0.571,99.2,97.53,81.28,1461.0,0.506,5.0,7.0,11.0,11.0,13.0,11.0,16.0,11.0,3.0,1.0,1.0,7.0,5.0,5.0,9.0,17.0,21.0,26.0,15.0,Regular Season
detroit pistons,2023-24,2,1610612765.0,15.0,0.0,15.0,0.0,48.0,41.2,89.2,0.462,10.1,29.8,0.338,16.8,20.6,0.816,12.0,31.9,43.9,25.8,16.8,6.1,5.4,6.6,23.7,17.3,109.3,-12.3,5.0,30.0,30.0,30.0,21.0,19.0,14.0,22.0,30.0,28.0,29.0,21.0,24.0,7.0,10.0,21.0,17.0,18.0,29.0,28.0,12.0,29.0,30.0,29.0,27.0,29.0,Regular Season,1610612765.0,15.0,0.0,15.0,0.0,720.0,106.0,107.9,117.7,120.0,-11.7,-12.1,0.626,1.54,18.2,0.299,0.718,0.505,0.166,0.518,0.556,103.2,101.3,84.42,1519.0,0.433,5.0,30.0,30.0,30.0,13.0,28.0,26.0,29.0,14.0,28.0,20.0,15.0,11.0,13.0,28.0,27.0,27.0,6.0,30.0,Regular Season
golden state warriors,2023-24,2,1610612744.0,15.0,6.0,9.0,0.4,48.3,40.0,88.8,0.45,14.7,39.5,0.372,20.1,25.5,0.789,12.7,33.1,45.8,28.3,15.3,6.8,3.0,3.9,22.3,20.3,114.8,-2.3,5.0,21.0,21.0,21.0,13.0,27.0,16.0,27.0,5.0,6.0,12.0,7.0,8.0,12.0,6.0,11.0,5.0,5.0,23.0,20.0,30.0,3.0,28.0,12.0,12.0,22.0,Regular Season,1610612744.0,15.0,6.0,9.0,0.4,725.0,111.9,113.6,114.2,116.0,-2.3,-2.4,0.707,1.85,19.5,0.31,0.718,0.509,0.151,0.533,0.574,101.9,100.34,83.61,1516.0,0.483,5.0,21.0,21.0,21.0,7.0,19.0,20.0,22.0,1.0,19.0,7.0,11.0,12.0,10.0,23.0,22.0,19.0,11.0,21.0,Regular Season
houston rockets,2023-24,2,1610612745.0,13.0,8.0,5.0,0.615,48.0,41.8,86.6,0.482,13.1,35.0,0.374,16.5,21.4,0.773,9.2,35.1,44.3,27.0,11.9,6.2,4.5,4.5,22.1,19.5,113.2,7.9,29.0,13.0,4.0,10.0,21.0,17.0,24.0,9.0,11.0,13.0,9.0,22.0,22.0,21.0,24.0,5.0,14.0,8.0,2.0,27.0,20.0,9.0,27.0,20.0,21.0,4.0,Regular Season,1610612745.0,13.0,8.0,5.0,0.615,624.0,114.6,116.7,106.9,109.2,7.8,7.6,0.646,2.26,19.8,0.271,0.731,0.509,0.123,0.558,0.589,98.6,96.65,80.54,1260.0,0.544,29.0,13.0,4.0,10.0,30.0,8.0,5.0,4.0,8.0,2.0,6.0,22.0,6.0,11.0,2.0,5.0,12.0,27.0,4.0,Regular Season
indiana pacers,2023-24,2,1610612754.0,14.0,7.0,7.0,0.5,48.0,48.0,94.2,0.509,14.8,38.9,0.38,17.9,23.0,0.776,9.6,28.4,37.9,29.4,13.4,8.4,6.4,5.6,22.8,19.9,128.6,0.6,17.0,19.0,15.0,18.0,21.0,1.0,1.0,1.0,4.0,8.0,6.0,15.0,17.0,20.0,23.0,29.0,30.0,2.0,13.0,7.0,3.0,24.0,29.0,16.0,1.0,15.0,Regular Season,1610612754.0,14.0,7.0,7.0,0.5,672.0,118.9,123.2,119.7,122.2,-0.8,1.0,0.612,2.19,19.9,0.291,0.674,0.477,0.129,0.588,0.616,107.6,104.61,87.17,1462.0,0.497,17.0,19.0,15.0,18.0,25.0,1.0,29.0,14.0,18.0,4.0,4.0,16.0,28.0,26.0,6.0,1.0,1.0,1.0,18.0,Regular Season
la clippers,2023-24,2,1610612746.0,14.0,5.0,9.0,0.357,48.4,40.2,88.4,0.455,10.8,31.1,0.346,19.6,25.1,0.781,11.7,33.4,45.1,24.1,12.8,8.8,4.3,4.9,20.8,20.6,110.8,-0.4,17.0,22.0,21.0,22.0,7.0,25.0,17.0,24.0,27.0,23.0,28.0,11.0,10.0,16.0,11.0,9.0,9.0,27.0,6.0,4.0,24.0,13.0,21.0,8.0,26.0,19.0,Regular Season,1610612746.0,14.0,5.0,9.0,0.357,677.0,110.2,112.2,110.8,112.9,-0.6,-0.7,0.6,1.89,17.5,0.304,0.696,0.5,0.13,0.516,0.557,99.7,97.84,81.54,1382.0,0.501,17.0,22.0,21.0,22.0,19.0,22.0,10.0,19.0,21.0,16.0,26.0,14.0,20.0,18.0,8.0,28.0,26.0,25.0,17.0,Regular Season
los angeles lakers,2023-24,2,1610612747.0,16.0,9.0,7.0,0.563,48.3,41.8,84.3,0.496,10.1,28.8,0.351,19.8,25.6,0.771,8.2,35.5,43.7,26.6,15.3,7.4,5.9,4.0,16.7,21.3,113.5,-1.3,1.0,7.0,15.0,15.0,19.0,16.0,29.0,3.0,29.0,30.0,23.0,9.0,6.0,22.0,29.0,2.0,19.0,12.0,22.0,17.0,7.0,5.0,1.0,5.0,20.0,20.0,Regular Season,1610612747.0,16.0,9.0,7.0,0.563,773.0,110.6,112.1,110.7,113.5,-0.1,-1.4,0.635,1.74,19.2,0.245,0.716,0.5,0.151,0.556,0.594,102.5,100.56,83.8,1620.0,0.519,1.0,7.0,15.0,15.0,2.0,23.0,13.0,20.0,11.0,23.0,10.0,29.0,13.0,17.0,22.0,7.0,7.0,9.0,12.0,Regular Season
memphis grizzlies,2023-24,2,1610612763.0,13.0,4.0,9.0,0.308,48.4,38.6,91.1,0.424,12.8,39.8,0.322,15.4,20.1,0.766,11.2,30.5,41.7,24.4,13.8,7.1,6.1,7.1,21.0,19.7,105.5,-6.8,29.0,26.0,21.0,26.0,6.0,30.0,5.0,30.0,15.0,5.0,30.0,27.0,26.0,23.0,15.0,26.0,23.0,26.0,16.0,18.0,4.0,30.0,25.0,18.0,30.0,26.0,Regular Season,1610612763.0,13.0,4.0,9.0,0.308,629.0,102.9,106.9,110.7,113.7,-7.9,-6.8,0.631,1.76,17.5,0.308,0.702,0.492,0.14,0.495,0.528,101.1,97.87,81.56,1282.0,0.451,29.0,26.0,21.0,26.0,29.0,29.0,14.0,26.0,13.0,22.0,25.0,12.0,19.0,23.0,17.0,30.0,30.0,24.0,27.0,Regular Season
miami heat,2023-24,2,1610612748.0,15.0,10.0,5.0,0.667,48.0,40.9,85.1,0.481,12.5,32.9,0.381,19.9,23.4,0.852,9.2,31.5,40.7,26.3,13.4,8.5,3.3,4.7,18.9,20.0,114.3,4.5,5.0,5.0,4.0,5.0,21.0,20.0,28.0,11.0,16.0,17.0,5.0,8.0,15.0,3.0,25.0,23.0,27.0,13.0,12.0,5.0,28.0,11.0,9.0,13.0,15.0,8.0,Regular Season,1610612748.0,15.0,10.0,5.0,0.667,720.0,114.8,116.3,109.7,111.7,5.1,4.6,0.643,1.97,19.3,0.264,0.741,0.503,0.136,0.555,0.599,99.8,98.33,81.94,1475.0,0.524,5.0,5.0,4.0,5.0,13.0,13.0,8.0,8.0,9.0,9.0,8.0,26.0,3.0,16.0,14.0,9.0,4.0,21.0,8.0,Regular Season
milwaukee bucks,2023-24,2,1610612749.0,16.0,11.0,5.0,0.688,48.3,43.7,89.2,0.49,14.3,38.1,0.374,19.6,25.3,0.777,9.1,35.1,44.2,25.1,13.1,7.1,5.8,4.3,19.3,20.4,121.3,3.6,1.0,2.0,4.0,4.0,19.0,5.0,15.0,6.0,9.0,10.0,7.0,10.0,9.0,18.0,26.0,6.0,15.0,23.0,8.0,19.0,9.0,6.0,11.0,10.0,4.0,9.0,Regular Season,1610612749.0,16.0,11.0,5.0,0.688,773.0,116.3,118.5,112.8,115.2,3.5,3.3,0.575,1.92,18.0,0.257,0.715,0.497,0.128,0.57,0.604,103.6,101.59,84.66,1637.0,0.519,1.0,2.0,4.0,4.0,2.0,6.0,17.0,9.0,27.0,11.0,23.0,27.0,15.0,22.0,4.0,3.0,3.0,5.0,11.0,Regular Season
minnesota timberwolves,2023-24,2,1610612750.0,15.0,13.0,2.0,0.867,48.3,40.9,83.5,0.49,11.4,30.7,0.372,20.6,26.2,0.786,9.1,35.4,44.5,25.5,15.5,7.7,6.7,4.7,20.2,22.3,113.9,8.5,5.0,1.0,1.0,1.0,13.0,20.0,30.0,4.0,24.0,25.0,11.0,6.0,5.0,13.0,27.0,3.0,13.0,19.0,24.0,15.0,2.0,10.0,17.0,3.0,18.0,3.0,Regular Season,1610612750.0,15.0,13.0,2.0,0.867,725.0,112.3,113.9,102.5,105.8,9.8,8.0,0.622,1.65,18.4,0.276,0.688,0.499,0.155,0.559,0.599,101.4,99.11,82.59,1500.0,0.568,5.0,1.0,1.0,1.0,7.0,18.0,1.0,3.0,16.0,26.0,15.0,20.0,23.0,19.0,25.0,4.0,5.0,19.0,1.0,Regular Season
new orleans pelicans,2023-24,2,1610612740.0,16.0,8.0,8.0,0.5,48.0,42.4,88.1,0.482,11.0,30.3,0.364,19.5,25.6,0.761,11.2,33.4,44.6,27.2,13.8,8.2,4.3,5.2,20.6,21.3,115.4,1.3,1.0,13.0,20.0,18.0,21.0,10.0,21.0,10.0,25.0,26.0,18.0,12.0,6.0,25.0,16.0,8.0,12.0,7.0,15.0,10.0,23.0,20.0,20.0,5.0,11.0,12.0,Regular Season,1610612740.0,16.0,8.0,8.0,0.5,768.0,113.2,114.9,110.7,113.3,2.4,1.5,0.641,1.98,19.2,0.284,0.72,0.504,0.137,0.544,0.58,102.5,100.56,83.8,1607.0,0.512,1.0,13.0,20.0,18.0,4.0,15.0,12.0,12.0,10.0,8.0,9.0,17.0,10.0,14.0,15.0,18.0,16.0,10.0,13.0,Regular Season
new york knicks,2023-24,2,1610612752.0,14.0,9.0,5.0,0.643,48.0,40.4,89.5,0.451,13.3,35.5,0.374,17.6,23.6,0.743,13.5,32.5,46.0,22.6,12.4,7.9,3.1,5.1,17.0,21.1,111.6,5.6,17.0,7.0,4.0,7.0,21.0,24.0,13.0,26.0,10.0,12.0,8.0,18.0,14.0,27.0,3.0,15.0,4.0,30.0,4.0,14.0,29.0,18.0,2.0,7.0,25.0,7.0,Regular Season,1610612752.0,14.0,9.0,5.0,0.643,672.0,113.0,116.7,109.7,110.6,3.3,6.1,0.561,1.83,16.6,0.346,0.749,0.536,0.129,0.525,0.558,97.7,95.71,79.76,1339.0,0.52,17.0,7.0,4.0,7.0,25.0,10.0,6.0,7.0,30.0,20.0,30.0,1.0,1.0,1.0,7.0,25.0,25.0,30.0,10.0,Regular Season
oklahoma city thunder,2023-24,2,1610612760.0,14.0,9.0,5.0,0.643,48.4,43.9,88.1,0.498,12.9,32.6,0.396,20.6,23.9,0.863,8.4,33.1,41.5,26.2,13.0,8.1,5.6,4.9,20.8,20.0,121.3,10.8,17.0,7.0,4.0,7.0,7.0,3.0,19.0,2.0,12.0,18.0,2.0,5.0,12.0,2.0,28.0,10.0,24.0,14.0,7.0,11.0,11.0,14.0,21.0,13.0,3.0,1.0,Regular Season,1610612760.0,14.0,9.0,5.0,0.643,677.0,117.5,119.5,107.1,108.4,10.4,11.1,0.598,2.02,18.8,0.254,0.654,0.472,0.128,0.571,0.615,102.4,100.96,84.14,1421.0,0.558,17.0,7.0,4.0,7.0,19.0,4.0,3.0,1.0,24.0,7.0,13.0,28.0,29.0,28.0,5.0,2.0,2.0,7.0,2.0,Regular Season
orlando magic,2023-24,2,1610612753.0,14.0,11.0,3.0,0.786,48.0,41.9,86.6,0.484,10.9,29.4,0.369,21.8,27.7,0.786,11.6,32.0,43.6,25.9,16.5,9.2,5.8,5.4,21.9,23.4,116.5,6.6,17.0,2.0,2.0,2.0,21.0,14.0,25.0,8.0,26.0,29.0,13.0,3.0,2.0,14.0,12.0,20.0,20.0,17.0,27.0,1.0,8.0,22.0,26.0,1.0,9.0,6.0,Regular Season,1610612753.0,14.0,11.0,3.0,0.786,672.0,112.3,115.8,106.3,108.9,6.0,6.8,0.617,1.57,18.3,0.322,0.729,0.525,0.164,0.547,0.59,103.5,100.75,83.96,1409.0,0.542,17.0,2.0,2.0,2.0,25.0,14.0,4.0,6.0,17.0,27.0,18.0,6.0,8.0,2.0,27.0,15.0,11.0,8.0,5.0,Regular Season
philadelphia 76ers,2023-24,2,1610612755.0,15.0,10.0,5.0,0.667,48.3,42.4,89.9,0.471,11.9,32.4,0.366,23.7,27.4,0.866,12.9,32.6,45.5,25.9,13.3,8.2,5.7,6.2,20.5,19.7,120.4,7.0,5.0,5.0,4.0,5.0,13.0,11.0,10.0,16.0,20.0,20.0,15.0,1.0,3.0,1.0,5.0,13.0,7.0,16.0,11.0,9.0,10.0,27.0,19.0,17.0,5.0,5.0,Regular Season,1610612755.0,15.0,10.0,5.0,0.667,725.0,117.6,120.3,111.5,113.2,6.0,7.1,0.61,1.94,18.2,0.331,0.716,0.522,0.133,0.537,0.59,101.3,99.44,82.87,1501.0,0.522,5.0,5.0,4.0,5.0,7.0,2.0,11.0,5.0,19.0,10.0,21.0,4.0,14.0,4.0,11.0,20.0,10.0,16.0,9.0,Regular Season
phoenix suns,2023-24,2,1610612756.0,14.0,9.0,5.0,0.643,49.1,40.9,86.3,0.474,12.9,32.2,0.401,23.4,27.9,0.841,11.4,31.7,43.1,26.8,14.1,6.8,7.4,5.5,18.9,22.3,118.1,2.8,17.0,7.0,4.0,7.0,1.0,22.0,26.0,14.0,12.0,21.0,1.0,2.0,1.0,4.0,13.0,22.0,21.0,9.0,18.0,21.0,1.0,23.0,7.0,2.0,7.0,10.0,Regular Season,1610612756.0,14.0,9.0,5.0,0.643,687.0,116.7,120.0,114.3,116.9,2.4,3.2,0.656,1.9,19.1,0.329,0.682,0.511,0.143,0.548,0.599,98.8,96.35,80.29,1377.0,0.527,17.0,7.0,4.0,7.0,17.0,3.0,23.0,10.0,7.0,13.0,11.0,5.0,25.0,9.0,21.0,13.0,6.0,28.0,6.0,Regular Season
portland trail blazers,2023-24,2,1610612757.0,14.0,5.0,9.0,0.357,48.7,38.9,88.1,0.442,11.5,32.5,0.354,16.4,21.0,0.779,11.3,28.1,39.4,23.3,16.7,9.1,4.7,6.1,19.9,19.1,105.7,-6.1,17.0,22.0,21.0,22.0,2.0,29.0,19.0,29.0,23.0,19.0,21.0,23.0,23.0,17.0,14.0,30.0,28.0,28.0,28.0,2.0,17.0,26.0,15.0,23.0,29.0,25.0,Regular Season,1610612757.0,14.0,5.0,9.0,0.357,682.0,102.8,105.7,110.0,111.9,-7.2,-6.1,0.598,1.39,16.8,0.306,0.68,0.482,0.167,0.507,0.543,100.8,98.53,82.11,1400.0,0.446,17.0,22.0,21.0,22.0,18.0,30.0,9.0,24.0,23.0,30.0,29.0,13.0,26.0,25.0,29.0,29.0,29.0,20.0,29.0,Regular Season
sacramento kings,2023-24,2,1610612758.0,14.0,8.0,6.0,0.571,48.4,40.8,87.6,0.465,14.4,41.2,0.35,18.1,24.6,0.736,11.0,32.7,43.7,26.8,14.2,7.4,3.9,4.5,20.9,20.4,114.1,-1.6,17.0,13.0,11.0,13.0,7.0,23.0,23.0,20.0,7.0,3.0,26.0,13.0,11.0,29.0,17.0,12.0,18.0,9.0,20.0,16.0,27.0,8.0,24.0,11.0,16.0,21.0,Regular Season,1610612758.0,14.0,8.0,6.0,0.571,677.0,112.2,113.6,113.2,115.3,-1.0,-1.7,0.657,1.88,19.0,0.273,0.745,0.498,0.141,0.548,0.579,101.2,99.72,83.1,1407.0,0.481,17.0,13.0,11.0,13.0,19.0,20.0,18.0,21.0,6.0,17.0,12.0,21.0,2.0,20.0,19.0,14.0,17.0,14.0,22.0,Regular Season
san antonio spurs,2023-24,2,1610612759.0,14.0,1.0,13.0,0.071,48.4,42.3,92.3,0.458,12.9,36.7,0.35,14.7,18.3,0.805,10.6,32.4,43.1,29.7,15.8,6.4,6.1,3.2,20.4,19.1,112.1,-12.8,17.0,29.0,28.0,29.0,7.0,13.0,3.0,23.0,14.0,11.0,25.0,29.0,30.0,8.0,18.0,16.0,22.0,1.0,26.0,25.0,5.0,1.0,18.0,23.0,24.0,30.0,Regular Season,1610612759.0,14.0,1.0,13.0,0.071,677.0,106.3,108.1,118.3,120.5,-12.0,-12.4,0.703,1.88,20.2,0.269,0.721,0.485,0.152,0.528,0.559,104.7,102.91,85.76,1452.0,0.448,17.0,29.0,28.0,29.0,19.0,27.0,28.0,30.0,2.0,18.0,2.0,23.0,9.0,24.0,24.0,23.0,24.0,4.0,28.0,Regular Season
toronto raptors,2023-24,2,1610612761.0,15.0,8.0,7.0,0.533,48.3,43.0,90.9,0.473,11.5,33.2,0.347,17.1,23.3,0.736,13.1,32.6,45.7,28.7,14.2,8.3,4.3,5.1,17.9,19.2,114.7,0.0,5.0,13.0,15.0,16.0,13.0,8.0,8.0,15.0,22.0,16.0,27.0,20.0,16.0,28.0,4.0,13.0,6.0,4.0,19.0,8.0,25.0,19.0,4.0,22.0,14.0,16.0,Regular Season,1610612761.0,15.0,8.0,7.0,0.533,725.0,112.2,114.2,111.6,114.4,0.5,-0.2,0.668,2.02,19.8,0.317,0.729,0.518,0.141,0.537,0.567,101.8,99.64,83.03,1506.0,0.507,5.0,13.0,15.0,16.0,7.0,16.0,15.0,17.0,4.0,6.0,5.0,8.0,7.0,6.0,18.0,21.0,22.0,15.0,14.0,Regular Season
utah jazz,2023-24,2,1610612762.0,15.0,5.0,10.0,0.333,48.7,40.1,89.9,0.446,14.3,39.3,0.364,17.6,21.5,0.82,13.9,32.4,46.3,26.7,18.4,6.6,6.0,6.5,19.7,20.0,112.2,-5.9,5.0,22.0,26.0,25.0,3.0,26.0,10.0,28.0,8.0,7.0,16.0,17.0,21.0,6.0,1.0,17.0,3.0,11.0,30.0,23.0,6.0,28.0,13.0,13.0,22.0,24.0,Regular Season,1610612762.0,15.0,5.0,10.0,0.333,730.0,108.0,110.7,114.9,116.5,-6.9,-5.8,0.664,1.45,18.4,0.345,0.71,0.525,0.182,0.526,0.565,101.9,99.98,83.32,1520.0,0.464,5.0,22.0,26.0,25.0,5.0,25.0,22.0,23.0,5.0,29.0,16.0,2.0,16.0,3.0,30.0,24.0,23.0,13.0,24.0,Regular Season
washington wizards,2023-24,2,1610612764.0,15.0,2.0,13.0,0.133,48.0,44.5,91.1,0.489,12.0,34.1,0.352,15.9,19.8,0.801,7.9,30.2,38.1,28.3,13.7,7.9,4.5,5.0,20.8,17.8,116.9,-7.9,5.0,28.0,28.0,28.0,21.0,2.0,6.0,7.0,18.0,14.0,22.0,24.0,27.0,10.0,30.0,28.0,29.0,5.0,14.0,12.0,21.0,16.0,23.0,28.0,8.0,27.0,Regular Season,1610612764.0,15.0,2.0,13.0,0.133,720.0,110.8,113.2,118.6,120.5,-7.7,-7.2,0.635,2.07,19.9,0.218,0.651,0.435,0.132,0.555,0.586,105.4,103.43,86.19,1549.0,0.461,5.0,28.0,28.0,28.0,13.0,21.0,27.0,27.0,12.0,5.0,3.0,30.0,30.0,30.0,10.0,8.0,14.0,2.0,26.0,Regular Season
atlanta hawks,2023-24,3,1610612737.0,14.0,4.0,10.0,0.286,48.0,44.1,94.8,0.466,15.1,40.5,0.372,17.4,21.4,0.813,13.4,31.4,44.8,26.6,12.7,6.6,4.3,5.6,20.1,19.4,120.8,-2.4,5.0,24.0,24.0,24.0,13.0,10.0,1.0,24.0,5.0,5.0,16.0,20.0,24.0,10.0,4.0,25.0,8.0,15.0,11.0,22.0,24.0,19.0,21.0,17.0,8.0,20.0,Regular Season,1610612737.0,14.0,4.0,10.0,0.286,672.0,116.6,119.5,119.8,122.0,-3.2,-2.5,0.604,2.1,18.4,0.327,0.704,0.507,0.126,0.545,0.58,103.2,101.04,84.2,1415.0,0.477,5.0,24.0,24.0,24.0,10.0,8.0,27.0,20.0,19.0,13.0,21.0,4.0,19.0,14.0,10.0,20.0,19.0,9.0,24.0,Regular Season
boston celtics,2023-24,3,1610612738.0,14.0,12.0,2.0,0.857,48.7,45.9,92.4,0.496,16.6,42.4,0.392,18.1,21.9,0.827,12.1,35.4,47.6,27.1,12.4,7.1,7.1,3.7,16.8,18.5,126.5,11.7,5.0,1.0,1.0,1.0,2.0,4.0,5.0,5.0,1.0,1.0,6.0,16.0,21.0,5.0,6.0,1.0,2.0,12.0,7.0,15.0,2.0,1.0,2.0,22.0,2.0,2.0,Regular Season,1610612738.0,14.0,12.0,2.0,0.857,682.0,123.7,125.9,112.7,114.6,11.0,11.2,0.592,2.2,19.0,0.313,0.714,0.52,0.123,0.586,0.62,100.6,98.85,82.38,1407.0,0.559,5.0,1.0,1.0,1.0,5.0,2.0,11.0,2.0,22.0,8.0,16.0,9.0,16.0,4.0,8.0,4.0,4.0,25.0,1.0,Regular Season
brooklyn nets,2023-24,3,1610612751.0,15.0,6.0,9.0,0.4,48.0,42.2,92.9,0.454,12.0,33.9,0.354,18.7,25.2,0.743,13.6,32.2,45.8,26.9,11.3,6.3,5.8,5.3,19.1,20.7,115.1,-3.2,2.0,17.0,22.0,22.0,13.0,20.0,3.0,26.0,23.0,16.0,21.0,13.0,10.0,28.0,3.0,20.0,5.0,13.0,1.0,27.0,9.0,17.0,10.0,7.0,19.0,23.0,Regular Season,1610612751.0,15.0,6.0,9.0,0.4,720.0,113.2,115.9,117.0,118.7,-3.8,-2.8,0.638,2.39,18.8,0.313,0.715,0.503,0.113,0.519,0.553,101.4,99.5,82.92,1490.0,0.48,2.0,17.0,22.0,22.0,3.0,18.0,22.0,23.0,12.0,4.0,18.0,10.0,15.0,17.0,3.0,28.0,29.0,18.0,23.0,Regular Season
charlotte hornets,2023-24,3,1610612766.0,13.0,1.0,12.0,0.077,48.0,40.5,88.2,0.46,11.4,32.6,0.349,14.1,17.2,0.821,9.1,27.6,36.7,25.5,13.3,6.6,4.8,5.7,18.8,17.5,106.5,-14.0,20.0,29.0,28.0,29.0,13.0,27.0,22.0,25.0,27.0,21.0,24.0,30.0,30.0,6.0,26.0,30.0,30.0,22.0,17.0,23.0,20.0,20.0,8.0,28.0,30.0,30.0,Regular Season,1610612766.0,13.0,1.0,12.0,0.077,624.0,106.6,108.4,121.2,123.1,-14.6,-14.7,0.628,1.91,18.7,0.258,0.683,0.457,0.135,0.524,0.557,99.7,98.12,81.76,1278.0,0.424,20.0,29.0,28.0,29.0,26.0,27.0,29.0,30.0,15.0,20.0,20.0,24.0,27.0,29.0,20.0,24.0,26.0,27.0,30.0,Regular Season
chicago bulls,2023-24,3,1610612741.0,14.0,9.0,5.0,0.643,48.4,42.4,90.4,0.47,11.9,31.7,0.374,17.5,22.4,0.78,12.8,33.1,45.9,24.9,11.6,7.1,5.1,5.2,19.2,18.6,114.2,3.4,5.0,8.0,7.0,8.0,8.0,19.0,15.0,20.0,25.0,24.0,15.0,19.0,15.0,18.0,5.0,12.0,4.0,23.0,5.0,16.0,17.0,15.0,12.0,21.0,22.0,9.0,Regular Season,1610612741.0,14.0,9.0,5.0,0.643,677.0,115.4,117.3,111.9,114.1,3.5,3.2,0.588,2.15,18.0,0.33,0.717,0.52,0.119,0.535,0.57,98.3,96.53,80.44,1363.0,0.509,5.0,8.0,7.0,8.0,6.0,16.0,8.0,9.0,24.0,11.0,23.0,3.0,12.0,6.0,5.0,22.0,22.0,30.0,13.0,Regular Season
cleveland cavaliers,2023-24,3,1610612739.0,13.0,8.0,5.0,0.615,48.4,42.6,91.2,0.467,14.4,41.2,0.349,14.2,19.5,0.724,11.9,31.8,43.8,27.4,12.9,8.0,3.5,5.8,20.1,20.2,113.8,1.2,20.0,11.0,7.0,11.0,3.0,17.0,8.0,23.0,8.0,3.0,25.0,29.0,29.0,30.0,8.0,22.0,11.0,11.0,13.0,6.0,28.0,24.0,22.0,10.0,25.0,14.0,Regular Season,1610612739.0,13.0,8.0,5.0,0.615,629.0,112.8,116.5,112.1,114.7,0.8,1.8,0.643,2.12,19.4,0.322,0.723,0.513,0.132,0.546,0.57,99.8,97.14,80.95,1270.0,0.501,20.0,11.0,7.0,11.0,21.0,17.0,12.0,11.0,11.0,12.0,9.0,6.0,9.0,8.0,17.0,18.0,21.0,29.0,17.0,Regular Season
dallas mavericks,2023-24,3,1610612742.0,16.0,8.0,8.0,0.5,48.0,43.1,91.3,0.473,14.9,41.3,0.362,17.6,22.9,0.768,10.8,31.3,42.1,25.5,12.4,7.6,4.6,4.3,18.6,20.8,118.8,1.4,1.0,11.0,17.0,15.0,13.0,16.0,7.0,17.0,7.0,2.0,19.0,18.0,12.0,23.0,13.0,26.0,23.0,21.0,8.0,8.0,21.0,4.0,6.0,6.0,12.0,11.0,Regular Season,1610612742.0,16.0,8.0,8.0,0.5,768.0,115.3,117.4,113.3,116.0,2.0,1.4,0.591,2.05,18.2,0.275,0.686,0.479,0.123,0.554,0.586,103.3,101.19,84.32,1619.0,0.501,1.0,11.0,17.0,15.0,1.0,15.0,14.0,13.0,23.0,16.0,22.0,22.0,26.0,25.0,7.0,15.0,14.0,8.0,16.0,Regular Season
denver nuggets,2023-24,3,1610612743.0,15.0,10.0,5.0,0.667,48.0,44.4,90.9,0.489,12.2,31.3,0.389,15.7,20.2,0.776,11.1,33.8,44.9,30.1,11.3,7.3,5.7,5.9,18.7,18.4,116.7,5.7,2.0,4.0,7.0,7.0,13.0,7.0,10.0,10.0,19.0,26.0,8.0,26.0,27.0,19.0,12.0,7.0,7.0,4.0,2.0,11.0,12.0,27.0,7.0,24.0,15.0,7.0,Regular Season,1610612743.0,15.0,10.0,5.0,0.667,720.0,116.6,118.6,111.1,112.9,5.6,5.8,0.679,2.66,21.1,0.298,0.704,0.506,0.115,0.556,0.585,100.0,98.3,81.92,1475.0,0.539,2.0,4.0,7.0,7.0,3.0,11.0,6.0,7.0,5.0,1.0,4.0,12.0,20.0,16.0,4.0,13.0,16.0,26.0,5.0,Regular Season
detroit pistons,2023-24,3,1610612765.0,13.0,1.0,12.0,0.077,48.4,41.2,87.2,0.472,9.5,30.0,0.315,19.5,25.5,0.767,9.7,31.5,41.2,24.2,15.1,6.6,4.3,5.7,21.7,20.2,111.3,-13.8,20.0,29.0,28.0,29.0,3.0,23.0,27.0,19.0,29.0,29.0,29.0,9.0,9.0,24.0,20.0,24.0,26.0,27.0,29.0,23.0,23.0,20.0,29.0,10.0,26.0,29.0,Regular Season,1610612765.0,13.0,1.0,12.0,0.077,629.0,107.3,108.3,119.5,121.8,-12.2,-13.5,0.587,1.6,17.3,0.256,0.719,0.482,0.147,0.526,0.566,103.4,101.95,84.96,1336.0,0.433,20.0,29.0,28.0,29.0,21.0,28.0,26.0,29.0,25.0,29.0,28.0,25.0,10.0,24.0,25.0,23.0,23.0,6.0,29.0,Regular Season
golden state warriors,2023-24,3,1610612744.0,13.0,6.0,7.0,0.462,48.8,43.3,92.7,0.467,15.2,41.2,0.368,17.8,21.8,0.813,13.8,34.2,48.1,28.5,14.9,6.3,3.3,4.8,19.8,19.6,119.5,0.5,20.0,17.0,15.0,17.0,1.0,14.0,4.0,22.0,3.0,4.0,17.0,17.0,22.0,9.0,2.0,4.0,1.0,8.0,27.0,26.0,29.0,8.0,17.0,13.0,9.0,17.0,Regular Season,1610612744.0,13.0,6.0,7.0,0.462,634.0,115.6,118.1,115.2,117.6,0.5,0.5,0.657,1.91,19.4,0.339,0.736,0.535,0.147,0.549,0.584,101.7,99.63,83.03,1316.0,0.503,20.0,17.0,15.0,17.0,20.0,12.0,19.0,16.0,8.0,21.0,10.0,2.0,3.0,1.0,28.0,16.0,17.0,17.0,15.0,Regular Season
houston rockets,2023-24,3,1610612745.0,14.0,7.0,7.0,0.5,48.4,40.5,89.9,0.451,12.1,32.8,0.368,20.9,26.1,0.8,12.1,35.4,47.4,23.6,13.9,7.7,4.4,5.9,21.6,21.1,113.9,1.4,5.0,16.0,15.0,15.0,8.0,28.0,19.0,27.0,21.0,20.0,18.0,7.0,7.0,15.0,7.0,2.0,3.0,29.0,22.0,7.0,22.0,25.0,28.0,3.0,24.0,12.0,Regular Season,1610612745.0,14.0,7.0,7.0,0.5,677.0,110.5,113.5,108.7,112.5,1.7,1.0,0.582,1.7,16.9,0.324,0.717,0.52,0.138,0.518,0.562,102.6,99.47,82.9,1405.0,0.511,5.0,16.0,15.0,15.0,6.0,24.0,5.0,14.0,27.0,27.0,29.0,5.0,14.0,5.0,24.0,29.0,25.0,19.0,11.0,Regular Season
indiana pacers,2023-24,3,1610612754.0,14.0,8.0,6.0,0.571,48.0,46.7,90.6,0.515,15.1,37.1,0.407,16.5,20.6,0.802,9.9,30.3,40.2,31.7,14.1,7.2,7.0,5.1,21.8,18.4,125.0,1.4,5.0,11.0,13.0,13.0,13.0,2.0,13.0,2.0,5.0,11.0,1.0,24.0,25.0,14.0,18.0,28.0,28.0,2.0,24.0,14.0,3.0,13.0,30.0,23.0,3.0,12.0,Regular Season,1610612754.0,14.0,8.0,6.0,0.571,672.0,120.3,122.0,117.8,121.0,2.5,1.0,0.679,2.24,21.6,0.285,0.675,0.483,0.138,0.599,0.627,104.4,102.29,85.24,1434.0,0.514,5.0,11.0,13.0,13.0,10.0,4.0,25.0,15.0,4.0,7.0,2.0,16.0,29.0,23.0,23.0,2.0,2.0,4.0,9.0,Regular Season
la clippers,2023-24,3,1610612746.0,13.0,11.0,2.0,0.846,48.0,44.5,87.4,0.509,13.5,34.4,0.394,19.2,22.5,0.853,9.7,33.4,43.1,26.5,12.9,6.2,6.2,4.7,19.0,19.5,121.6,5.8,20.0,2.0,1.0,2.0,13.0,5.0,25.0,3.0,10.0,14.0,5.0,11.0,14.0,1.0,20.0,10.0,16.0,17.0,13.0,28.0,6.0,6.0,9.0,16.0,7.0,6.0,Regular Season,1610612746.0,13.0,11.0,2.0,0.846,624.0,121.0,122.6,113.5,116.8,7.5,5.8,0.597,2.05,19.2,0.281,0.717,0.513,0.13,0.586,0.625,101.3,99.19,82.66,1290.0,0.529,20.0,2.0,1.0,2.0,26.0,3.0,17.0,6.0,20.0,15.0,13.0,20.0,13.0,9.0,14.0,3.0,3.0,23.0,6.0,Regular Season
los angeles lakers,2023-24,3,1610612747.0,14.0,6.0,8.0,0.429,48.0,43.5,90.8,0.479,12.1,31.7,0.383,17.1,22.2,0.772,9.1,34.0,43.1,28.9,12.2,8.2,5.1,6.1,16.6,18.8,116.3,0.9,5.0,17.0,17.0,18.0,13.0,13.0,11.0,15.0,20.0,24.0,10.0,21.0,17.0,20.0,27.0,6.0,17.0,6.0,6.0,5.0,17.0,28.0,1.0,20.0,16.0,16.0,Regular Season,1610612747.0,14.0,6.0,8.0,0.429,672.0,112.1,114.5,112.8,114.1,-0.7,0.4,0.663,2.36,20.2,0.253,0.744,0.495,0.12,0.546,0.578,103.0,101.36,84.46,1422.0,0.51,5.0,17.0,17.0,18.0,10.0,23.0,7.0,17.0,7.0,5.0,5.0,26.0,2.0,22.0,6.0,17.0,20.0,7.0,12.0,Regular Season
memphis grizzlies,2023-24,3,1610612763.0,15.0,6.0,9.0,0.4,48.3,39.2,87.5,0.448,12.7,37.5,0.338,17.0,22.1,0.77,8.8,32.7,41.5,23.8,14.9,7.4,6.7,6.4,20.0,20.1,108.1,-7.1,2.0,17.0,22.0,22.0,12.0,30.0,23.0,29.0,16.0,8.0,27.0,22.0,19.0,22.0,28.0,17.0,25.0,28.0,28.0,10.0,4.0,30.0,19.0,12.0,29.0,26.0,Regular Season,1610612763.0,15.0,6.0,9.0,0.4,725.0,104.6,107.3,111.9,114.3,-7.3,-7.0,0.607,1.59,17.4,0.252,0.694,0.474,0.148,0.521,0.556,102.4,100.04,83.37,1511.0,0.459,2.0,17.0,22.0,22.0,2.0,29.0,9.0,26.0,18.0,30.0,27.0,27.0,23.0,27.0,29.0,26.0,27.0,13.0,26.0,Regular Season
miami heat,2023-24,3,1610612748.0,13.0,8.0,5.0,0.615,48.0,40.2,84.5,0.476,13.3,33.2,0.401,21.0,26.2,0.803,9.5,32.4,41.9,26.2,13.5,6.2,3.3,4.9,19.2,21.0,114.8,1.0,20.0,11.0,7.0,11.0,13.0,29.0,29.0,16.0,11.0,19.0,3.0,6.0,5.0,13.0,24.0,18.0,24.0,19.0,19.0,28.0,29.0,9.0,11.0,4.0,20.0,15.0,Regular Season,1610612748.0,13.0,8.0,5.0,0.615,624.0,114.8,117.5,113.8,116.0,1.0,1.5,0.652,1.95,19.2,0.282,0.73,0.51,0.138,0.555,0.597,100.0,97.88,81.57,1270.0,0.499,20.0,11.0,7.0,11.0,26.0,14.0,15.0,12.0,9.0,19.0,14.0,19.0,6.0,11.0,22.0,14.0,11.0,28.0,18.0,Regular Season
milwaukee bucks,2023-24,3,1610612749.0,13.0,11.0,2.0,0.846,48.4,47.1,90.8,0.519,15.1,37.4,0.403,22.2,27.8,0.798,10.7,34.8,45.5,28.6,13.2,6.0,5.8,4.8,20.5,20.9,131.5,11.1,20.0,2.0,1.0,2.0,3.0,1.0,12.0,1.0,4.0,10.0,2.0,1.0,1.0,16.0,14.0,3.0,6.0,7.0,16.0,30.0,11.0,7.0,25.0,5.0,1.0,3.0,Regular Season,1610612749.0,13.0,11.0,2.0,0.846,629.0,124.6,126.1,112.2,115.8,12.4,10.4,0.608,2.18,19.6,0.295,0.694,0.51,0.126,0.602,0.638,105.5,103.29,86.07,1355.0,0.546,20.0,2.0,1.0,2.0,21.0,1.0,13.0,3.0,17.0,10.0,7.0,14.0,22.0,12.0,11.0,1.0,1.0,2.0,3.0,Regular Season
minnesota timberwolves,2023-24,3,1610612750.0,13.0,10.0,3.0,0.769,48.0,41.2,83.7,0.492,12.9,32.5,0.397,19.4,23.8,0.816,9.6,33.6,43.2,26.6,16.0,7.5,5.7,4.3,19.5,20.2,114.6,4.3,20.0,4.0,4.0,4.0,13.0,23.0,30.0,9.0,14.0,22.0,4.0,10.0,11.0,7.0,23.0,8.0,14.0,16.0,30.0,9.0,13.0,3.0,14.0,9.0,21.0,8.0,Regular Season,1610612750.0,13.0,10.0,3.0,0.769,624.0,114.0,115.5,108.7,111.0,5.3,4.5,0.647,1.66,19.3,0.28,0.746,0.522,0.161,0.569,0.609,101.0,99.31,82.76,1290.0,0.529,20.0,4.0,4.0,4.0,26.0,20.0,2.0,8.0,10.0,28.0,12.0,21.0,1.0,3.0,30.0,7.0,6.0,20.0,7.0,Regular Season
new orleans pelicans,2023-24,3,1610612740.0,14.0,9.0,5.0,0.643,48.4,43.1,87.4,0.493,11.9,30.8,0.387,21.2,26.8,0.792,10.6,33.0,43.6,26.4,13.1,8.6,5.0,5.7,19.6,18.9,119.4,6.5,5.0,8.0,7.0,8.0,8.0,15.0,24.0,7.0,24.0,27.0,9.0,4.0,2.0,17.0,15.0,13.0,12.0,18.0,15.0,2.0,19.0,22.0,15.0,19.0,10.0,5.0,Regular Season,1610612740.0,14.0,9.0,5.0,0.643,677.0,117.4,119.1,110.9,112.2,6.5,6.9,0.613,2.01,18.9,0.287,0.731,0.51,0.131,0.562,0.602,101.0,99.72,83.1,1404.0,0.527,5.0,8.0,7.0,8.0,6.0,9.0,4.0,5.0,16.0,17.0,17.0,15.0,5.0,10.0,15.0,9.0,8.0,15.0,8.0,Regular Season
new york knicks,2023-24,3,1610612752.0,14.0,6.0,8.0,0.429,48.0,44.2,89.4,0.494,12.1,31.9,0.378,21.1,26.1,0.809,11.1,31.6,42.7,24.9,13.5,6.9,3.8,5.1,19.9,20.6,121.6,-3.1,5.0,17.0,17.0,18.0,13.0,9.0,21.0,6.0,21.0,23.0,13.0,5.0,6.0,11.0,11.0,23.0,21.0,23.0,20.0,18.0,27.0,11.0,18.0,8.0,6.0,22.0,Regular Season,1610612752.0,14.0,6.0,8.0,0.429,672.0,117.7,121.0,121.5,123.6,-3.8,-2.7,0.564,1.85,17.8,0.314,0.692,0.506,0.134,0.562,0.603,103.0,100.75,83.96,1408.0,0.486,5.0,17.0,17.0,18.0,10.0,6.0,30.0,21.0,29.0,23.0,25.0,8.0,24.0,15.0,19.0,8.0,7.0,10.0,22.0,Regular Season
oklahoma city thunder,2023-24,3,1610612760.0,13.0,10.0,3.0,0.769,48.4,45.9,91.2,0.503,13.2,34.4,0.383,18.9,22.3,0.848,8.5,32.1,40.6,26.8,11.5,8.6,7.5,4.4,20.2,19.6,123.9,8.6,20.0,4.0,4.0,4.0,3.0,3.0,8.0,4.0,13.0,14.0,11.0,12.0,16.0,2.0,29.0,21.0,27.0,14.0,4.0,3.0,1.0,5.0,23.0,13.0,4.0,4.0,Regular Season,1610612760.0,13.0,10.0,3.0,0.769,629.0,119.2,120.7,109.5,111.8,9.7,8.9,0.585,2.34,19.1,0.238,0.688,0.471,0.112,0.575,0.613,103.8,102.1,85.09,1335.0,0.543,20.0,4.0,4.0,4.0,21.0,7.0,3.0,4.0,26.0,6.0,15.0,29.0,25.0,28.0,1.0,5.0,5.0,5.0,4.0,Regular Season
orlando magic,2023-24,3,1610612753.0,14.0,6.0,8.0,0.429,48.0,40.9,87.3,0.469,9.1,30.1,0.303,20.2,26.2,0.771,10.1,32.9,43.1,24.4,13.4,6.7,5.9,5.4,20.6,22.4,111.2,-2.8,5.0,17.0,17.0,18.0,13.0,26.0,26.0,21.0,30.0,28.0,30.0,8.0,4.0,21.0,17.0,15.0,17.0,26.0,18.0,21.0,7.0,18.0,26.0,1.0,27.0,21.0,Regular Season,1610612753.0,14.0,6.0,8.0,0.429,672.0,109.0,111.6,112.1,114.4,-3.1,-2.8,0.597,1.83,17.7,0.284,0.733,0.507,0.134,0.521,0.563,101.9,99.64,83.04,1395.0,0.495,5.0,17.0,17.0,18.0,10.0,26.0,10.0,22.0,21.0,24.0,26.0,17.0,4.0,13.0,18.0,25.0,24.0,16.0,19.0,Regular Season
philadelphia 76ers,2023-24,3,1610612755.0,14.0,10.0,4.0,0.714,48.0,44.0,90.3,0.487,12.5,33.2,0.376,21.6,25.9,0.832,9.9,32.9,42.9,24.9,11.4,10.1,5.6,5.7,20.4,19.3,122.1,13.1,5.0,4.0,6.0,6.0,13.0,11.0,16.0,12.0,17.0,18.0,14.0,2.0,8.0,3.0,18.0,15.0,20.0,25.0,3.0,1.0,14.0,22.0,24.0,18.0,5.0,1.0,Regular Season,1610612755.0,14.0,10.0,4.0,0.714,672.0,118.4,121.8,107.1,108.3,11.3,13.5,0.565,2.19,17.9,0.283,0.713,0.498,0.113,0.557,0.6,102.5,100.43,83.69,1403.0,0.552,5.0,4.0,6.0,6.0,10.0,5.0,1.0,1.0,28.0,9.0,24.0,18.0,17.0,20.0,2.0,12.0,9.0,11.0,2.0,Regular Season
phoenix suns,2023-24,3,1610612756.0,14.0,6.0,8.0,0.429,48.0,41.1,84.9,0.484,10.4,29.6,0.352,21.4,26.3,0.815,10.2,33.0,43.2,26.0,14.6,6.9,5.9,4.1,18.3,21.5,114.1,-1.8,5.0,17.0,17.0,18.0,13.0,25.0,28.0,14.0,28.0,30.0,22.0,3.0,3.0,8.0,16.0,13.0,15.0,20.0,25.0,18.0,7.0,2.0,5.0,2.0,23.0,18.0,Regular Season,1610612756.0,14.0,6.0,8.0,0.429,672.0,113.2,115.2,114.8,117.4,-1.6,-2.1,0.632,1.78,18.8,0.309,0.728,0.527,0.147,0.546,0.591,100.9,98.93,82.44,1387.0,0.513,5.0,17.0,17.0,18.0,10.0,21.0,18.0,19.0,13.0,26.0,19.0,11.0,7.0,2.0,26.0,19.0,12.0,24.0,10.0,Regular Season
portland trail blazers,2023-24,3,1610612757.0,13.0,3.0,10.0,0.231,48.4,41.6,94.4,0.441,14.3,37.5,0.382,18.4,22.8,0.807,14.1,29.2,43.3,23.0,12.8,8.2,3.9,5.9,20.8,18.1,115.9,-4.3,20.0,25.0,24.0,25.0,3.0,21.0,2.0,30.0,9.0,9.0,12.0,14.0,13.0,12.0,1.0,29.0,13.0,30.0,12.0,4.0,25.0,26.0,27.0,26.0,17.0,25.0,Regular Season,1610612757.0,13.0,3.0,10.0,0.231,629.0,112.4,115.7,117.4,120.3,-4.9,-4.6,0.553,1.8,16.3,0.343,0.678,0.497,0.127,0.517,0.555,101.9,99.24,82.7,1302.0,0.448,20.0,25.0,24.0,25.0,21.0,19.0,24.0,25.0,30.0,25.0,30.0,1.0,28.0,21.0,12.0,30.0,28.0,22.0,28.0,Regular Season
sacramento kings,2023-24,3,1610612758.0,14.0,9.0,5.0,0.643,48.0,44.3,90.6,0.489,15.7,40.3,0.39,15.0,20.4,0.734,9.4,33.5,42.9,30.5,12.6,6.5,3.9,5.1,19.8,17.4,119.3,2.4,5.0,8.0,7.0,8.0,13.0,8.0,13.0,11.0,2.0,6.0,7.0,28.0,26.0,29.0,25.0,9.0,19.0,3.0,9.0,25.0,26.0,13.0,16.0,29.0,11.0,10.0,Regular Season,1610612758.0,14.0,9.0,5.0,0.643,672.0,116.1,119.0,114.7,116.2,1.3,2.8,0.689,2.43,21.3,0.269,0.728,0.499,0.125,0.575,0.599,102.3,100.39,83.66,1403.0,0.504,5.0,8.0,7.0,8.0,10.0,10.0,16.0,10.0,3.0,3.0,3.0,23.0,8.0,19.0,9.0,6.0,10.0,12.0,14.0,Regular Season
san antonio spurs,2023-24,3,1610612759.0,14.0,2.0,12.0,0.143,48.0,41.3,91.8,0.45,12.9,38.1,0.338,15.3,19.9,0.767,9.6,34.2,43.9,29.2,14.0,6.8,5.4,5.3,17.1,17.4,110.7,-11.6,5.0,28.0,28.0,28.0,13.0,22.0,6.0,28.0,15.0,7.0,28.0,27.0,28.0,25.0,22.0,5.0,10.0,5.0,23.0,20.0,15.0,16.0,3.0,30.0,28.0,28.0,Regular Season,1610612759.0,14.0,2.0,12.0,0.143,672.0,105.5,107.2,117.3,118.6,-11.8,-11.4,0.708,2.09,20.1,0.251,0.701,0.475,0.136,0.52,0.551,104.6,103.21,86.01,1446.0,0.46,5.0,28.0,28.0,28.0,10.0,30.0,21.0,28.0,2.0,14.0,6.0,28.0,21.0,26.0,21.0,27.0,30.0,3.0,25.0,Regular Season
toronto raptors,2023-24,3,1610612761.0,13.0,3.0,10.0,0.231,48.0,44.5,90.2,0.493,11.6,33.2,0.35,16.3,21.8,0.749,11.3,31.3,42.6,31.8,12.7,7.2,5.2,5.0,18.2,17.9,116.8,-2.3,20.0,25.0,24.0,25.0,13.0,5.0,17.0,8.0,26.0,17.0,23.0,25.0,23.0,27.0,10.0,27.0,22.0,1.0,10.0,13.0,16.0,10.0,4.0,27.0,14.0,19.0,Regular Season,1610612761.0,13.0,3.0,10.0,0.231,624.0,115.5,117.9,119.2,119.7,-3.7,-1.8,0.715,2.5,21.9,0.298,0.718,0.502,0.128,0.557,0.585,100.6,99.31,82.76,1288.0,0.492,20.0,25.0,24.0,25.0,26.0,13.0,23.0,18.0,1.0,2.0,1.0,13.0,11.0,18.0,13.0,11.0,15.0,20.0,21.0,Regular Season
utah jazz,2023-24,3,1610612762.0,14.0,8.0,6.0,0.571,48.4,42.5,90.0,0.472,12.4,35.9,0.344,18.3,22.0,0.831,11.5,33.3,44.8,28.2,14.9,7.3,6.5,6.1,19.3,18.3,115.6,-3.2,5.0,11.0,13.0,13.0,8.0,18.0,18.0,18.0,18.0,13.0,26.0,15.0,20.0,4.0,9.0,11.0,8.0,9.0,26.0,12.0,5.0,28.0,13.0,25.0,18.0,24.0,Regular Season,1610612762.0,14.0,8.0,6.0,0.571,677.0,112.2,114.5,115.4,118.4,-3.2,-3.9,0.664,1.9,19.5,0.319,0.705,0.515,0.147,0.541,0.58,102.2,99.94,83.28,1414.0,0.494,5.0,11.0,13.0,13.0,6.0,22.0,20.0,24.0,6.0,22.0,8.0,7.0,18.0,7.0,27.0,21.0,18.0,14.0,20.0,Regular Season
washington wizards,2023-24,3,1610612764.0,14.0,3.0,11.0,0.214,48.0,43.6,89.9,0.486,13.2,36.6,0.361,16.6,22.2,0.749,7.9,32.2,40.1,27.4,13.8,6.9,5.8,5.1,20.0,19.5,117.1,-10.7,5.0,25.0,27.0,27.0,13.0,12.0,19.0,13.0,12.0,12.0,20.0,23.0,17.0,26.0,30.0,19.0,29.0,10.0,21.0,17.0,10.0,11.0,19.0,15.0,13.0,27.0,Regular Season,1610612764.0,14.0,3.0,11.0,0.214,672.0,111.0,112.3,119.1,122.5,-8.1,-10.3,0.628,1.99,19.3,0.217,0.671,0.449,0.132,0.559,0.588,106.4,104.36,86.96,1461.0,0.455,5.0,25.0,27.0,27.0,10.0,25.0,28.0,27.0,14.0,18.0,11.0,30.0,30.0,30.0,16.0,10.0,13.0,1.0,27.0,Regular Season
atlanta hawks,2023-24,4,1610612737.0,15.0,7.0,8.0,0.467,48.7,41.9,92.8,0.452,11.9,35.5,0.336,21.4,27.1,0.791,12.9,32.4,45.3,25.5,13.9,7.5,4.4,5.3,18.5,21.7,117.2,-7.3,15.0,16.0,17.0,17.0,6.0,20.0,2.0,26.0,22.0,11.0,28.0,3.0,2.0,9.0,1.0,16.0,6.0,22.0,24.0,14.0,26.0,19.0,9.0,3.0,14.0,27.0,Regular Season,1610612737.0,15.0,7.0,8.0,0.467,730.0,110.9,112.8,118.9,119.6,-8.1,-6.8,0.609,1.83,17.5,0.299,0.726,0.497,0.134,0.516,0.56,103.8,102.58,85.48,1558.0,0.459,15.0,16.0,17.0,17.0,16.0,23.0,25.0,25.0,24.0,25.0,28.0,10.0,13.0,17.0,15.0,28.0,26.0,2.0,28.0,Regular Season
boston celtics,2023-24,4,1610612738.0,16.0,11.0,5.0,0.688,48.3,42.0,89.8,0.468,16.4,41.9,0.393,19.3,23.9,0.804,10.1,36.8,46.9,25.4,11.5,5.7,7.0,4.3,16.9,19.2,119.7,7.2,6.0,3.0,4.0,4.0,13.0,19.0,10.0,20.0,1.0,1.0,6.0,6.0,9.0,6.0,18.0,1.0,3.0,23.0,1.0,29.0,1.0,5.0,2.0,12.0,8.0,4.0,Regular Season,1610612738.0,16.0,11.0,5.0,0.688,773.0,117.7,119.8,110.5,112.0,7.2,7.8,0.606,2.21,18.3,0.268,0.726,0.505,0.115,0.559,0.596,101.1,99.54,82.95,1599.0,0.531,6.0,3.0,4.0,4.0,8.0,8.0,5.0,4.0,25.0,6.0,24.0,21.0,12.0,11.0,2.0,18.0,12.0,13.0,7.0,Regular Season
brooklyn nets,2023-24,4,1610612751.0,14.0,4.0,10.0,0.286,48.7,40.9,89.8,0.455,13.9,40.1,0.345,15.2,20.2,0.753,10.3,31.0,41.3,27.2,13.1,8.6,4.9,5.1,20.2,17.6,110.8,-2.1,27.0,27.0,21.0,27.0,5.0,24.0,12.0,25.0,9.0,2.0,26.0,28.0,29.0,26.0,16.0,26.0,25.0,15.0,11.0,2.0,19.0,15.0,23.0,29.0,25.0,19.0,Regular Season,1610612751.0,14.0,4.0,10.0,0.286,682.0,109.2,111.9,111.8,113.8,-2.6,-1.9,0.666,2.08,19.5,0.273,0.707,0.48,0.132,0.532,0.561,99.7,97.62,81.35,1386.0,0.486,27.0,27.0,21.0,27.0,27.0,24.0,8.0,18.0,8.0,13.0,16.0,18.0,22.0,25.0,13.0,21.0,25.0,22.0,22.0,Regular Season
charlotte hornets,2023-24,4,1610612766.0,16.0,3.0,13.0,0.188,48.3,38.9,87.8,0.443,12.9,35.9,0.361,14.2,18.3,0.777,9.9,31.0,40.9,24.1,13.7,5.8,5.3,5.3,19.1,16.6,104.9,-13.2,6.0,28.0,30.0,30.0,13.0,27.0,18.0,28.0,14.0,10.0,19.0,30.0,30.0,15.0,20.0,26.0,28.0,28.0,18.0,28.0,10.0,18.0,16.0,30.0,29.0,30.0,Regular Season,1610612766.0,16.0,3.0,13.0,0.188,773.0,105.4,107.4,118.6,120.6,-13.3,-13.3,0.621,1.76,18.0,0.252,0.732,0.477,0.14,0.517,0.547,98.9,97.15,80.96,1563.0,0.422,6.0,28.0,30.0,30.0,8.0,29.0,28.0,30.0,19.0,28.0,25.0,28.0,10.0,26.0,22.0,27.0,29.0,24.0,29.0,Regular Season
chicago bulls,2023-24,4,1610612741.0,15.0,8.0,7.0,0.533,48.7,42.9,88.0,0.488,11.7,33.3,0.352,15.9,20.3,0.783,9.5,33.9,43.4,26.7,13.2,7.1,6.3,4.6,18.1,18.1,113.5,0.2,15.0,11.0,9.0,11.0,6.0,14.0,16.0,14.0,24.0,19.0,23.0,26.0,28.0,12.0,24.0,9.0,10.0,18.0,15.0,18.0,4.0,10.0,8.0,24.0,22.0,13.0,Regular Season,1610612741.0,15.0,8.0,7.0,0.533,730.0,112.8,114.6,112.2,114.5,0.6,0.1,0.623,2.03,19.3,0.27,0.744,0.51,0.133,0.555,0.585,99.4,97.61,81.34,1485.0,0.503,15.0,11.0,9.0,11.0,16.0,20.0,11.0,13.0,17.0,18.0,17.0,20.0,6.0,10.0,14.0,19.0,19.0,23.0,12.0,Regular Season
cleveland cavaliers,2023-24,4,1610612739.0,13.0,11.0,2.0,0.846,48.0,43.7,88.2,0.495,15.2,39.5,0.384,17.7,22.5,0.788,10.7,36.1,46.8,27.8,13.1,7.8,4.2,4.2,17.9,19.0,120.2,15.1,29.0,3.0,1.0,2.0,18.0,11.0,14.0,10.0,3.0,4.0,8.0,12.0,15.0,10.0,10.0,2.0,4.0,11.0,12.0,11.0,28.0,4.0,6.0,13.0,7.0,2.0,Regular Season,1610612739.0,13.0,11.0,2.0,0.846,624.0,119.6,121.3,104.0,106.1,15.7,15.1,0.636,2.12,19.8,0.293,0.76,0.534,0.132,0.581,0.613,100.8,99.12,82.6,1289.0,0.578,29.0,3.0,1.0,2.0,29.0,4.0,2.0,2.0,15.0,10.0,11.0,11.0,1.0,2.0,12.0,4.0,4.0,17.0,1.0,Regular Season
dallas mavericks,2023-24,4,1610612742.0,15.0,7.0,8.0,0.467,48.0,41.9,87.3,0.479,14.1,37.3,0.377,18.5,24.5,0.755,9.5,30.3,39.8,25.7,13.1,6.2,4.4,3.8,21.0,22.2,116.3,-4.3,15.0,16.0,17.0,17.0,18.0,21.0,23.0,18.0,7.0,9.0,12.0,8.0,7.0,25.0,24.0,28.0,30.0,21.0,14.0,24.0,26.0,1.0,27.0,1.0,15.0,24.0,Regular Season,1610612742.0,15.0,7.0,8.0,0.467,720.0,114.3,116.3,118.0,120.4,-3.7,-4.1,0.613,1.95,18.6,0.255,0.69,0.47,0.131,0.56,0.593,101.9,100.07,83.39,1500.0,0.475,15.0,16.0,17.0,17.0,20.0,14.0,27.0,24.0,22.0,21.0,22.0,26.0,26.0,28.0,10.0,16.0,14.0,11.0,24.0,Regular Season
denver nuggets,2023-24,4,1610612743.0,15.0,10.0,5.0,0.667,48.0,42.9,85.4,0.502,10.4,29.5,0.352,17.4,22.5,0.774,9.9,32.8,42.7,26.3,13.0,6.2,5.3,4.5,18.7,18.7,113.5,1.5,15.0,7.0,4.0,6.0,18.0,15.0,27.0,6.0,29.0,29.0,22.0,17.0,14.0,17.0,21.0,12.0,15.0,20.0,9.0,24.0,11.0,9.0,11.0,17.0,21.0,11.0,Regular Season,1610612743.0,15.0,10.0,5.0,0.667,720.0,115.4,117.8,114.6,115.9,0.8,1.8,0.613,2.02,19.3,0.299,0.734,0.523,0.135,0.563,0.596,98.0,96.5,80.42,1446.0,0.512,15.0,7.0,4.0,6.0,20.0,12.0,16.0,10.0,23.0,19.0,18.0,9.0,9.0,5.0,17.0,12.0,13.0,27.0,11.0,Regular Season
detroit pistons,2023-24,4,1610612765.0,15.0,3.0,12.0,0.2,48.3,44.1,90.2,0.489,13.1,33.2,0.394,16.3,21.8,0.746,10.3,32.5,42.8,28.1,13.8,5.5,4.7,5.6,20.1,18.7,117.6,-6.9,15.0,28.0,28.0,28.0,12.0,9.0,8.0,13.0,12.0,20.0,5.0,24.0,19.0,27.0,15.0,15.0,13.0,10.0,21.0,30.0,23.0,22.0,22.0,17.0,13.0,26.0,Regular Season,1610612765.0,15.0,3.0,12.0,0.2,725.0,113.9,115.8,120.3,122.7,-6.4,-6.8,0.637,2.04,19.6,0.283,0.723,0.5,0.136,0.562,0.589,102.7,100.8,84.0,1523.0,0.464,15.0,28.0,28.0,28.0,19.0,17.0,29.0,26.0,12.0,17.0,15.0,12.0,15.0,15.0,20.0,14.0,17.0,8.0,26.0,Regular Season
golden state warriors,2023-24,4,1610612744.0,12.0,5.0,7.0,0.417,48.8,45.9,91.3,0.503,15.6,39.0,0.4,15.8,20.4,0.776,10.2,31.8,42.0,29.3,13.3,5.9,4.8,5.2,19.6,18.8,123.3,-1.9,30.0,24.0,9.0,20.0,4.0,2.0,6.0,5.0,2.0,5.0,4.0,27.0,26.0,16.0,17.0,21.0,21.0,6.0,16.0,27.0,21.0,16.0,20.0,16.0,2.0,18.0,Regular Season,1610612744.0,12.0,5.0,7.0,0.417,586.0,119.2,121.9,121.0,124.3,-1.8,-2.4,0.637,2.21,20.3,0.302,0.702,0.504,0.131,0.588,0.614,101.6,99.15,82.63,1213.0,0.489,30.0,24.0,9.0,20.0,30.0,2.0,30.0,21.0,13.0,7.0,6.0,7.0,24.0,13.0,9.0,3.0,3.0,16.0,19.0,Regular Season
houston rockets,2023-24,4,1610612745.0,17.0,7.0,10.0,0.412,48.9,42.4,91.9,0.461,11.6,35.5,0.328,19.1,24.4,0.783,10.6,34.9,45.5,25.1,11.9,8.2,4.6,6.2,20.5,20.5,115.4,-1.9,1.0,16.0,21.0,21.0,3.0,17.0,4.0,23.0,25.0,13.0,30.0,7.0,8.0,13.0,11.0,6.0,5.0,26.0,4.0,6.0,24.0,24.0,25.0,5.0,18.0,17.0,Regular Season,1610612745.0,17.0,7.0,10.0,0.412,831.0,111.0,112.9,112.5,114.3,-1.5,-1.4,0.592,2.1,17.8,0.255,0.734,0.489,0.117,0.524,0.562,102.3,100.59,83.83,1738.0,0.491,1.0,16.0,21.0,21.0,1.0,22.0,9.0,16.0,28.0,11.0,26.0,27.0,8.0,21.0,4.0,24.0,24.0,9.0,17.0,Regular Season
indiana pacers,2023-24,4,1610612754.0,17.0,10.0,7.0,0.588,48.0,46.5,93.1,0.5,11.6,32.6,0.357,16.9,21.6,0.782,11.6,31.7,43.4,31.6,13.1,7.6,4.6,6.4,22.9,19.3,121.6,2.1,1.0,7.0,9.0,9.0,18.0,1.0,1.0,7.0,25.0,23.0,20.0,22.0,21.0,14.0,5.0,23.0,11.0,1.0,13.0,13.0,25.0,28.0,30.0,11.0,4.0,10.0,Regular Season,1610612754.0,17.0,10.0,7.0,0.588,816.0,116.8,119.4,115.7,117.9,1.1,1.5,0.68,2.41,21.3,0.314,0.728,0.514,0.129,0.562,0.592,103.7,101.59,84.66,1731.0,0.512,1.0,7.0,9.0,9.0,4.0,9.0,20.0,11.0,4.0,1.0,1.0,3.0,11.0,8.0,8.0,13.0,15.0,5.0,10.0,Regular Season
la clippers,2023-24,4,1610612746.0,15.0,12.0,3.0,0.8,48.0,44.7,87.6,0.511,14.1,33.4,0.423,17.6,21.3,0.828,10.4,32.1,42.5,27.6,12.1,8.1,5.6,4.9,18.7,18.1,121.2,10.3,15.0,2.0,3.0,3.0,18.0,6.0,20.0,2.0,6.0,18.0,1.0,14.0,23.0,1.0,14.0,19.0,17.0,12.0,5.0,7.0,9.0,13.0,11.0,24.0,5.0,3.0,Regular Season,1610612746.0,15.0,12.0,3.0,0.8,720.0,122.8,124.6,111.5,114.4,11.3,10.2,0.617,2.27,19.9,0.307,0.7,0.511,0.125,0.591,0.625,99.1,97.1,80.92,1459.0,0.555,15.0,2.0,3.0,3.0,20.0,1.0,10.0,3.0,21.0,5.0,9.0,4.0,25.0,9.0,6.0,2.0,2.0,25.0,3.0,Regular Season
los angeles lakers,2023-24,4,1610612747.0,15.0,7.0,8.0,0.467,48.7,44.6,87.7,0.509,11.8,30.8,0.383,19.6,25.5,0.768,7.8,33.3,41.1,29.7,15.4,8.4,5.1,4.1,15.9,20.3,120.6,-3.5,15.0,16.0,17.0,17.0,6.0,8.0,19.0,3.0,23.0,28.0,11.0,5.0,5.0,21.0,30.0,11.0,27.0,4.0,30.0,3.0,12.0,2.0,1.0,7.0,6.0,22.0,Regular Season,1610612747.0,15.0,7.0,8.0,0.467,730.0,113.2,115.6,116.7,118.7,-3.5,-3.1,0.667,1.93,20.5,0.245,0.723,0.493,0.148,0.576,0.61,104.9,103.0,85.84,1565.0,0.502,15.0,16.0,17.0,17.0,16.0,18.0,23.0,22.0,7.0,23.0,4.0,30.0,14.0,19.0,29.0,6.0,6.0,1.0,13.0,Regular Season
memphis grizzlies,2023-24,4,1610612763.0,15.0,8.0,7.0,0.533,48.0,38.5,86.6,0.445,14.9,40.0,0.373,17.1,22.3,0.769,10.7,32.3,43.1,26.7,14.6,8.3,5.7,6.2,18.7,18.5,109.1,-0.9,15.0,11.0,9.0,11.0,18.0,29.0,25.0,27.0,4.0,3.0,14.0,20.0,16.0,20.0,9.0,17.0,12.0,18.0,26.0,4.0,8.0,26.0,11.0,22.0,27.0,15.0,Regular Season,1610612763.0,15.0,8.0,7.0,0.533,720.0,108.8,110.5,109.9,111.6,-1.0,-1.1,0.694,1.83,19.2,0.283,0.719,0.493,0.148,0.531,0.566,100.2,98.63,82.19,1481.0,0.487,15.0,11.0,9.0,11.0,20.0,26.0,4.0,15.0,2.0,26.0,19.0,13.0,18.0,18.0,30.0,22.0,22.0,19.0,21.0,Regular Season
miami heat,2023-24,4,1610612748.0,16.0,6.0,10.0,0.375,48.3,37.6,85.3,0.441,12.0,33.8,0.356,17.6,21.4,0.819,9.5,31.9,41.4,25.3,13.0,6.8,3.5,4.9,17.3,17.7,104.8,-6.5,6.0,21.0,21.0,22.0,13.0,30.0,28.0,29.0,21.0,17.0,21.0,15.0,22.0,4.0,26.0,20.0,24.0,24.0,9.0,21.0,30.0,12.0,3.0,28.0,30.0,25.0,Regular Season,1610612748.0,16.0,6.0,10.0,0.375,773.0,106.7,108.6,113.2,115.5,-6.5,-6.9,0.671,1.94,18.7,0.265,0.717,0.486,0.135,0.511,0.553,97.7,95.81,79.84,1544.0,0.466,6.0,21.0,21.0,22.0,8.0,28.0,14.0,27.0,5.0,22.0,21.0,22.0,19.0,23.0,16.0,29.0,28.0,30.0,25.0,Regular Season
milwaukee bucks,2023-24,4,1610612749.0,16.0,8.0,8.0,0.5,48.3,43.9,90.2,0.487,13.8,37.7,0.365,20.1,26.0,0.772,8.9,35.3,44.3,27.1,11.8,6.1,5.0,4.4,20.8,19.8,121.7,-0.3,6.0,11.0,17.0,15.0,13.0,10.0,9.0,15.0,11.0,7.0,17.0,4.0,4.0,19.0,27.0,5.0,8.0,16.0,3.0,26.0,16.0,8.0,26.0,9.0,3.0,14.0,Regular Season,1610612749.0,16.0,8.0,8.0,0.5,773.0,116.4,118.1,117.0,118.5,-0.5,-0.3,0.617,2.3,19.1,0.247,0.755,0.502,0.115,0.563,0.599,103.7,102.3,85.25,1648.0,0.496,6.0,11.0,17.0,15.0,8.0,11.0,22.0,14.0,20.0,3.0,20.0,29.0,2.0,14.0,1.0,11.0,10.0,3.0,16.0,Regular Season
minnesota timberwolves,2023-24,4,1610612750.0,17.0,10.0,7.0,0.588,48.3,41.5,83.1,0.499,12.8,31.1,0.411,17.1,23.1,0.742,8.3,34.1,42.4,27.3,13.9,7.3,5.1,4.7,19.4,19.9,112.8,6.5,1.0,7.0,9.0,9.0,17.0,23.0,30.0,8.0,15.0,27.0,2.0,21.0,11.0,28.0,29.0,8.0,18.0,14.0,23.0,16.0,15.0,11.0,18.0,8.0,23.0,5.0,Regular Season,1610612750.0,17.0,10.0,7.0,0.588,821.0,114.1,115.9,108.2,109.8,6.0,6.1,0.658,1.97,20.0,0.271,0.746,0.519,0.143,0.576,0.605,98.0,96.53,80.44,1655.0,0.545,1.0,7.0,9.0,9.0,3.0,16.0,3.0,6.0,10.0,20.0,8.0,19.0,4.0,6.0,24.0,7.0,8.0,26.0,4.0,Regular Season
new orleans pelicans,2023-24,4,1610612740.0,15.0,8.0,7.0,0.533,48.0,43.3,87.4,0.495,13.8,34.5,0.4,17.3,22.7,0.762,11.1,34.2,45.3,27.5,12.9,7.2,5.1,4.3,17.8,18.0,117.7,5.1,15.0,11.0,9.0,11.0,18.0,12.0,22.0,11.0,10.0,15.0,3.0,19.0,12.0,22.0,7.0,7.0,6.0,13.0,8.0,17.0,12.0,7.0,5.0,27.0,12.0,8.0,Regular Season,1610612740.0,15.0,8.0,7.0,0.533,720.0,118.7,120.1,112.8,114.9,5.9,5.3,0.635,2.13,19.7,0.305,0.738,0.528,0.131,0.574,0.604,99.5,97.97,81.64,1469.0,0.528,15.0,11.0,9.0,11.0,20.0,7.0,12.0,8.0,16.0,9.0,12.0,6.0,7.0,4.0,11.0,8.0,9.0,21.0,8.0,Regular Season
new york knicks,2023-24,4,1610612752.0,16.0,14.0,2.0,0.875,48.0,41.8,87.2,0.48,14.0,37.6,0.372,17.8,21.7,0.821,12.2,35.9,48.1,25.2,13.9,7.3,5.1,5.1,17.9,18.5,115.4,15.4,6.0,1.0,1.0,1.0,18.0,22.0,24.0,17.0,8.0,8.0,15.0,11.0,20.0,3.0,2.0,4.0,1.0,25.0,22.0,15.0,14.0,14.0,7.0,21.0,17.0,1.0,Regular Season,1610612752.0,16.0,14.0,2.0,0.875,768.0,117.3,120.2,103.1,104.4,14.1,15.8,0.602,1.82,18.5,0.332,0.75,0.548,0.145,0.56,0.597,97.7,95.91,79.92,1536.0,0.57,6.0,1.0,1.0,1.0,12.0,6.0,1.0,1.0,27.0,27.0,23.0,1.0,3.0,1.0,26.0,17.0,11.0,29.0,2.0,Regular Season
oklahoma city thunder,2023-24,4,1610612760.0,17.0,11.0,6.0,0.647,48.0,44.6,88.5,0.505,12.7,33.1,0.384,16.9,21.2,0.795,9.6,32.5,42.2,28.4,12.4,8.0,6.4,6.3,19.1,18.6,118.9,6.4,1.0,3.0,7.0,7.0,18.0,7.0,13.0,4.0,16.0,22.0,10.0,22.0,24.0,7.0,23.0,14.0,20.0,8.0,6.0,8.0,3.0,27.0,15.0,19.0,11.0,6.0,Regular Season,1610612760.0,17.0,11.0,6.0,0.647,816.0,118.2,119.2,111.0,112.9,7.2,6.3,0.636,2.29,20.3,0.258,0.688,0.483,0.124,0.576,0.608,101.0,99.71,83.09,1696.0,0.535,1.0,3.0,7.0,7.0,4.0,10.0,6.0,5.0,14.0,4.0,5.0,25.0,27.0,24.0,5.0,5.0,7.0,12.0,6.0,Regular Season
orlando magic,2023-24,4,1610612753.0,16.0,6.0,10.0,0.375,48.9,39.3,85.8,0.458,12.4,34.1,0.364,18.3,25.1,0.729,11.8,30.2,41.9,24.4,14.0,8.3,4.8,4.2,21.8,20.4,109.3,-2.3,6.0,21.0,21.0,22.0,2.0,26.0,26.0,24.0,17.0,16.0,18.0,9.0,6.0,29.0,4.0,29.0,22.0,27.0,25.0,5.0,21.0,3.0,28.0,6.0,26.0,21.0,Regular Season,1610612753.0,16.0,6.0,10.0,0.375,783.0,110.3,111.7,111.3,113.7,-1.0,-2.0,0.621,1.74,17.8,0.301,0.713,0.498,0.143,0.53,0.564,97.7,96.06,80.05,1565.0,0.48,6.0,21.0,21.0,22.0,6.0,25.0,7.0,19.0,18.0,29.0,27.0,8.0,20.0,16.0,25.0,23.0,23.0,28.0,23.0,Regular Season
philadelphia 76ers,2023-24,4,1610612755.0,14.0,7.0,7.0,0.5,48.4,40.6,87.4,0.465,9.7,29.1,0.334,23.1,28.6,0.808,10.5,29.8,40.3,23.6,11.5,8.8,5.9,5.6,21.8,21.4,114.1,-2.2,27.0,16.0,9.0,15.0,11.0,25.0,21.0,21.0,30.0,30.0,29.0,1.0,1.0,5.0,12.0,30.0,29.0,29.0,1.0,1.0,7.0,23.0,29.0,4.0,20.0,20.0,Regular Season,1610612755.0,14.0,7.0,7.0,0.5,677.0,112.9,115.1,114.4,117.3,-1.5,-2.2,0.58,2.05,17.3,0.28,0.649,0.463,0.116,0.52,0.57,100.6,98.38,81.98,1387.0,0.49,27.0,16.0,9.0,15.0,28.0,19.0,18.0,20.0,30.0,15.0,29.0,15.0,30.0,30.0,3.0,26.0,21.0,20.0,18.0,Regular Season
phoenix suns,2023-24,4,1610612756.0,16.0,11.0,5.0,0.688,48.0,44.8,84.9,0.528,12.4,31.7,0.391,17.6,22.7,0.774,8.6,33.7,42.3,27.0,14.6,7.7,4.8,4.3,18.6,19.6,119.6,5.3,6.0,3.0,4.0,4.0,18.0,5.0,29.0,1.0,18.0,25.0,7.0,15.0,13.0,18.0,28.0,10.0,19.0,17.0,27.0,12.0,20.0,6.0,10.0,10.0,9.0,7.0,Regular Season,1610612756.0,16.0,11.0,5.0,0.688,768.0,118.5,120.6,112.5,115.0,6.0,5.6,0.603,1.85,19.7,0.265,0.708,0.504,0.148,0.6,0.63,101.3,99.25,82.71,1586.0,0.537,6.0,3.0,4.0,4.0,12.0,5.0,13.0,7.0,26.0,24.0,13.0,23.0,21.0,12.0,28.0,1.0,1.0,15.0,5.0,Regular Season
portland trail blazers,2023-24,4,1610612757.0,17.0,6.0,11.0,0.353,48.6,38.8,88.2,0.44,11.5,33.2,0.348,17.6,22.2,0.794,10.1,31.2,41.2,22.9,14.8,6.4,4.9,6.2,20.2,18.8,106.8,-12.5,1.0,21.0,26.0,24.0,10.0,28.0,15.0,30.0,27.0,21.0,25.0,13.0,17.0,8.0,19.0,25.0,26.0,30.0,29.0,23.0,17.0,24.0,24.0,15.0,28.0,29.0,Regular Season,1610612757.0,17.0,6.0,11.0,0.353,826.0,104.0,106.6,116.5,118.9,-12.4,-12.2,0.589,1.55,16.7,0.278,0.719,0.487,0.147,0.506,0.545,101.3,99.08,82.57,1703.0,0.422,1.0,21.0,26.0,24.0,2.0,30.0,24.0,29.0,29.0,30.0,30.0,16.0,17.0,22.0,27.0,30.0,30.0,18.0,30.0,Regular Season
sacramento kings,2023-24,4,1610612758.0,15.0,8.0,7.0,0.533,49.0,45.1,92.6,0.487,14.5,38.5,0.376,14.7,20.4,0.719,11.2,32.7,43.9,28.8,13.7,6.8,3.9,5.3,19.2,18.9,119.3,0.5,15.0,11.0,9.0,11.0,1.0,4.0,3.0,16.0,5.0,6.0,13.0,29.0,27.0,30.0,6.0,13.0,9.0,7.0,19.0,20.0,29.0,19.0,17.0,14.0,10.0,12.0,Regular Season,1610612758.0,15.0,8.0,7.0,0.533,735.0,114.6,117.4,115.0,117.1,-0.4,0.3,0.639,2.1,19.8,0.306,0.746,0.518,0.135,0.565,0.587,101.6,99.43,82.86,1524.0,0.496,15.0,11.0,9.0,11.0,15.0,13.0,17.0,12.0,11.0,12.0,10.0,5.0,4.0,7.0,19.0,10.0,18.0,14.0,15.0,Regular Season
san antonio spurs,2023-24,4,1610612759.0,16.0,5.0,11.0,0.313,48.0,42.8,89.8,0.476,12.1,34.8,0.349,17.4,22.1,0.788,10.4,32.3,42.8,29.6,13.8,7.9,6.4,5.2,17.4,18.4,115.0,-1.6,6.0,24.0,26.0,26.0,18.0,16.0,10.0,19.0,20.0,14.0,24.0,18.0,18.0,11.0,13.0,18.0,14.0,5.0,20.0,9.0,2.0,17.0,4.0,23.0,19.0,16.0,Regular Season,1610612759.0,16.0,5.0,11.0,0.313,768.0,111.8,113.9,114.0,115.6,-2.2,-1.8,0.692,2.15,20.6,0.28,0.706,0.49,0.136,0.543,0.578,102.5,100.91,84.09,1616.0,0.501,6.0,24.0,26.0,26.0,12.0,21.0,15.0,17.0,3.0,8.0,3.0,14.0,23.0,20.0,21.0,20.0,20.0,7.0,14.0,Regular Season
toronto raptors,2023-24,4,1610612761.0,15.0,5.0,10.0,0.333,48.0,43.0,87.8,0.49,12.3,32.1,0.384,17.9,23.7,0.758,9.7,31.8,41.5,29.9,12.6,7.1,4.9,5.4,19.5,18.5,116.3,-3.7,15.0,24.0,21.0,25.0,18.0,13.0,17.0,12.0,19.0,24.0,9.0,10.0,10.0,24.0,22.0,22.0,23.0,3.0,7.0,18.0,18.0,21.0,19.0,20.0,15.0,23.0,Regular Season,1610612761.0,15.0,5.0,10.0,0.333,720.0,114.9,116.0,117.0,119.8,-2.0,-3.7,0.695,2.37,21.0,0.258,0.682,0.471,0.126,0.56,0.592,101.9,100.2,83.5,1503.0,0.489,15.0,24.0,21.0,25.0,20.0,15.0,26.0,23.0,1.0,2.0,2.0,24.0,28.0,27.0,7.0,15.0,16.0,10.0,20.0,Regular Season
utah jazz,2023-24,4,1610612762.0,16.0,10.0,6.0,0.625,48.6,45.5,91.3,0.498,13.0,35.5,0.366,22.0,26.6,0.826,11.8,36.0,47.8,30.1,14.8,6.6,6.1,6.6,18.8,22.1,126.0,4.0,6.0,7.0,7.0,8.0,9.0,3.0,7.0,9.0,13.0,12.0,16.0,2.0,3.0,2.0,3.0,3.0,2.0,2.0,28.0,22.0,6.0,30.0,14.0,2.0,1.0,9.0,Regular Season,1610612762.0,16.0,10.0,6.0,0.625,778.0,118.9,121.6,116.1,118.2,2.8,3.4,0.662,2.04,20.2,0.329,0.72,0.533,0.142,0.569,0.611,104.2,102.08,85.06,1658.0,0.524,6.0,7.0,7.0,8.0,7.0,3.0,21.0,9.0,9.0,16.0,7.0,2.0,16.0,3.0,23.0,9.0,5.0,4.0,9.0,Regular Season
washington wizards,2023-24,4,1610612764.0,15.0,3.0,12.0,0.2,48.0,42.3,91.4,0.463,10.7,31.1,0.343,16.1,21.2,0.761,11.0,31.6,42.6,28.3,13.7,7.9,6.3,6.5,19.8,18.1,111.5,-7.9,15.0,28.0,28.0,28.0,18.0,18.0,5.0,22.0,28.0,26.0,27.0,25.0,25.0,23.0,8.0,24.0,16.0,9.0,17.0,10.0,4.0,29.0,21.0,26.0,24.0,28.0,Regular Season,1610612764.0,15.0,3.0,12.0,0.2,720.0,107.8,110.1,115.4,117.4,-7.6,-7.3,0.668,2.07,19.7,0.274,0.669,0.469,0.135,0.522,0.553,103.4,101.43,84.53,1518.0,0.461,15.0,28.0,28.0,28.0,20.0,27.0,19.0,28.0,6.0,14.0,14.0,17.0,29.0,29.0,18.0,25.0,27.0,6.0,27.0,Regular Season
atlanta hawks,2023-24,5,1610612737.0,12.0,6.0,6.0,0.5,48.4,44.2,94.4,0.468,13.4,37.8,0.355,19.6,24.3,0.808,12.8,33.4,46.3,27.5,11.8,5.9,5.3,5.7,16.8,19.6,121.3,0.0,4.0,15.0,17.0,16.0,8.0,8.0,3.0,19.0,11.0,7.0,20.0,3.0,3.0,7.0,5.0,15.0,5.0,13.0,3.0,30.0,15.0,20.0,9.0,3.0,4.0,15.0,Regular Season,1610612737.0,12.0,6.0,6.0,0.5,581.0,116.7,118.4,115.8,118.3,0.9,0.1,0.623,2.34,18.9,0.301,0.715,0.504,0.115,0.539,0.577,103.5,101.66,84.72,1230.0,0.501,4.0,15.0,17.0,16.0,5.0,5.0,24.0,15.0,21.0,4.0,21.0,9.0,21.0,12.0,3.0,19.0,17.0,9.0,16.0,Regular Season
boston celtics,2023-24,5,1610612738.0,10.0,9.0,1.0,0.9,48.0,45.2,87.4,0.517,15.9,40.7,0.391,15.7,18.6,0.844,9.4,37.1,46.5,28.3,12.3,6.9,6.9,2.4,16.3,16.3,122.0,15.4,28.0,2.0,1.0,1.0,13.0,7.0,22.0,2.0,2.0,1.0,5.0,14.0,23.0,2.0,22.0,2.0,4.0,11.0,4.0,23.0,4.0,1.0,4.0,29.0,2.0,1.0,Regular Season,1610612738.0,10.0,9.0,1.0,0.9,480.0,123.9,124.6,107.4,108.9,16.5,15.7,0.626,2.3,20.5,0.272,0.736,0.527,0.126,0.608,0.638,98.9,97.9,81.58,979.0,0.584,28.0,2.0,1.0,1.0,29.0,1.0,4.0,1.0,18.0,5.0,7.0,16.0,10.0,5.0,6.0,1.0,1.0,23.0,1.0,Regular Season
brooklyn nets,2023-24,5,1610612751.0,12.0,4.0,8.0,0.333,48.0,39.1,88.2,0.443,13.3,36.7,0.361,12.8,16.7,0.765,9.8,31.6,41.3,26.5,12.8,6.6,4.2,5.3,19.3,16.1,104.2,-7.3,4.0,21.0,20.0,21.0,13.0,27.0,19.0,26.0,12.0,11.0,17.0,30.0,30.0,19.0,19.0,25.0,27.0,18.0,9.0,26.0,23.0,15.0,25.0,30.0,27.0,24.0,Regular Season,1610612751.0,12.0,4.0,8.0,0.333,576.0,105.8,107.1,112.0,115.0,-6.2,-7.8,0.678,2.08,19.4,0.256,0.728,0.483,0.131,0.518,0.545,99.0,97.08,80.9,1167.0,0.458,4.0,21.0,20.0,21.0,9.0,26.0,15.0,26.0,8.0,14.0,14.0,20.0,14.0,23.0,13.0,25.0,24.0,27.0,25.0,Regular Season
charlotte hornets,2023-24,5,1610612766.0,13.0,5.0,8.0,0.385,48.0,38.8,85.8,0.452,12.3,34.3,0.359,13.8,17.8,0.776,8.1,33.3,41.4,24.2,14.2,7.7,3.5,4.7,17.0,16.6,103.7,-6.5,2.0,18.0,20.0,20.0,13.0,28.0,28.0,23.0,20.0,17.0,19.0,24.0,28.0,15.0,29.0,17.0,26.0,26.0,19.0,16.0,28.0,9.0,10.0,25.0,28.0,23.0,Regular Season,1610612766.0,13.0,5.0,8.0,0.385,624.0,103.9,104.8,110.7,111.8,-6.8,-7.0,0.625,1.71,18.1,0.222,0.741,0.479,0.143,0.523,0.553,99.7,98.77,82.31,1286.0,0.46,2.0,18.0,20.0,20.0,3.0,29.0,11.0,24.0,19.0,27.0,25.0,30.0,6.0,26.0,21.0,22.0,23.0,16.0,23.0,Regular Season
chicago bulls,2023-24,5,1610612741.0,10.0,5.0,5.0,0.5,50.0,43.0,93.4,0.46,11.2,32.2,0.348,19.2,22.9,0.838,13.1,34.7,47.8,25.0,12.3,8.1,4.7,5.8,19.3,20.0,116.4,-0.3,28.0,18.0,13.0,16.0,1.0,15.0,4.0,21.0,29.0,25.0,26.0,5.0,6.0,4.0,4.0,10.0,3.0,25.0,4.0,10.0,20.0,23.0,24.0,2.0,11.0,16.0,Regular Season,1610612741.0,10.0,5.0,5.0,0.5,500.0,113.4,114.5,112.7,115.3,0.6,-0.9,0.581,2.03,17.5,0.325,0.748,0.532,0.121,0.52,0.562,99.0,97.39,81.16,1017.0,0.504,28.0,18.0,13.0,16.0,28.0,18.0,17.0,16.0,26.0,17.0,26.0,4.0,1.0,1.0,4.0,24.0,21.0,25.0,15.0,Regular Season
cleveland cavaliers,2023-24,5,1610612739.0,13.0,9.0,4.0,0.692,48.8,43.1,86.6,0.497,14.3,37.1,0.386,15.3,20.5,0.745,8.2,35.9,44.1,31.2,12.5,6.1,6.4,4.8,16.8,19.0,115.8,7.2,2.0,2.0,10.0,10.0,4.0,14.0,24.0,8.0,6.0,10.0,9.0,18.0,14.0,23.0,27.0,4.0,16.0,1.0,7.0,29.0,7.0,12.0,8.0,6.0,12.0,7.0,Regular Season,1610612739.0,13.0,9.0,4.0,0.692,634.0,115.7,116.9,107.6,109.6,8.1,7.3,0.725,2.49,22.2,0.24,0.726,0.498,0.127,0.58,0.605,98.9,97.48,81.23,1287.0,0.552,2.0,2.0,10.0,10.0,2.0,8.0,6.0,7.0,2.0,2.0,1.0,25.0,16.0,15.0,8.0,6.0,6.0,24.0,3.0,Regular Season
dallas mavericks,2023-24,5,1610612742.0,11.0,8.0,3.0,0.727,48.0,45.5,89.5,0.508,15.2,38.4,0.396,15.6,20.8,0.751,8.5,36.9,45.4,25.8,12.9,7.9,5.8,3.9,16.5,18.3,121.7,8.5,19.0,6.0,2.0,5.0,13.0,5.0,16.0,4.0,4.0,6.0,2.0,16.0,12.0,22.0,25.0,3.0,10.0,22.0,12.0,12.0,9.0,4.0,5.0,12.0,3.0,4.0,Regular Season,1610612742.0,11.0,8.0,3.0,0.727,528.0,118.1,119.0,108.6,111.3,9.5,7.8,0.568,2.0,18.6,0.236,0.734,0.5,0.126,0.593,0.617,103.7,102.05,85.04,1125.0,0.536,19.0,6.0,2.0,5.0,22.0,4.0,10.0,6.0,28.0,18.0,23.0,26.0,12.0,14.0,7.0,3.0,3.0,4.0,8.0,Regular Season
denver nuggets,2023-24,5,1610612743.0,11.0,8.0,3.0,0.727,48.0,43.2,89.4,0.483,11.5,32.4,0.354,15.0,18.6,0.805,11.5,34.1,45.6,30.5,13.7,7.8,6.0,3.7,17.2,16.5,112.8,5.2,19.0,6.0,2.0,5.0,13.0,13.0,17.0,12.0,28.0,24.0,21.0,19.0,22.0,9.0,8.0,12.0,8.0,5.0,18.0,14.0,8.0,3.0,11.0,27.0,19.0,11.0,Regular Season,1610612743.0,11.0,8.0,3.0,0.727,528.0,113.1,114.8,108.3,109.8,4.8,5.0,0.705,2.22,21.2,0.314,0.716,0.522,0.14,0.547,0.578,99.5,98.14,81.78,1081.0,0.536,19.0,6.0,2.0,5.0,22.0,17.0,7.0,11.0,3.0,6.0,3.0,7.0,20.0,7.0,19.0,15.0,16.0,20.0,9.0,Regular Season
detroit pistons,2023-24,5,1610612765.0,11.0,3.0,8.0,0.273,48.5,42.4,89.4,0.474,12.6,32.0,0.395,15.5,20.5,0.76,11.1,33.3,44.4,26.7,15.4,6.4,4.6,6.4,21.0,17.9,112.9,-4.5,19.0,24.0,20.0,24.0,6.0,16.0,17.0,16.0,16.0,27.0,4.0,17.0,15.0,20.0,10.0,18.0,14.0,17.0,27.0,28.0,21.0,25.0,30.0,15.0,18.0,19.0,Regular Season,1610612765.0,11.0,3.0,8.0,0.273,533.0,110.0,112.2,114.0,116.2,-3.9,-4.0,0.631,1.74,18.9,0.285,0.74,0.507,0.153,0.545,0.574,101.9,99.87,83.23,1107.0,0.464,19.0,24.0,20.0,24.0,20.0,22.0,21.0,19.0,16.0,26.0,20.0,13.0,7.0,11.0,27.0,16.0,19.0,14.0,22.0,Regular Season
golden state warriors,2023-24,5,1610612744.0,14.0,11.0,3.0,0.786,48.4,45.8,95.7,0.478,15.4,39.9,0.387,13.7,18.1,0.756,12.4,37.3,49.6,31.2,14.2,7.1,5.5,6.0,18.5,17.8,120.7,9.1,1.0,1.0,2.0,2.0,12.0,4.0,2.0,14.0,3.0,2.0,8.0,26.0,27.0,21.0,7.0,1.0,1.0,2.0,21.0,22.0,11.0,24.0,19.0,17.0,6.0,3.0,Regular Season,1610612744.0,14.0,11.0,3.0,0.786,677.0,114.4,117.6,107.7,108.9,6.7,8.7,0.682,2.2,20.8,0.325,0.733,0.531,0.138,0.559,0.582,103.9,101.81,84.84,1437.0,0.541,1.0,1.0,2.0,2.0,1.0,7.0,5.0,3.0,7.0,8.0,6.0,5.0,13.0,2.0,18.0,12.0,15.0,7.0,6.0,Regular Season
houston rockets,2023-24,5,1610612745.0,12.0,3.0,9.0,0.25,48.0,39.8,92.3,0.431,12.3,36.7,0.336,18.0,24.8,0.727,14.3,34.9,49.3,22.3,15.4,7.4,4.9,7.5,20.9,19.4,109.8,-5.5,4.0,24.0,26.0,26.0,13.0,25.0,7.0,29.0,19.0,11.0,29.0,7.0,2.0,30.0,2.0,8.0,2.0,28.0,28.0,20.0,19.0,30.0,29.0,4.0,24.0,21.0,Regular Season,1610612745.0,12.0,3.0,9.0,0.25,576.0,105.4,107.9,111.8,113.4,-6.4,-5.6,0.562,1.45,15.7,0.336,0.725,0.523,0.151,0.498,0.532,103.7,101.75,84.79,1222.0,0.456,4.0,24.0,26.0,26.0,9.0,25.0,14.0,20.0,30.0,30.0,30.0,3.0,18.0,6.0,26.0,29.0,29.0,8.0,26.0,Regular Season
indiana pacers,2023-24,5,1610612754.0,12.0,7.0,5.0,0.583,48.0,46.9,90.7,0.517,12.8,33.7,0.381,13.7,18.5,0.739,8.1,31.9,40.0,31.0,13.0,8.5,5.3,4.8,18.3,16.7,120.3,2.2,4.0,12.0,13.0,13.0,13.0,1.0,10.0,1.0,14.0,18.0,10.0,27.0,24.0,25.0,28.0,21.0,29.0,4.0,14.0,5.0,15.0,11.0,18.0,24.0,7.0,14.0,Regular Season,1610612754.0,12.0,7.0,5.0,0.583,576.0,116.0,118.1,113.9,115.6,2.1,2.5,0.661,2.38,21.5,0.235,0.705,0.476,0.128,0.588,0.609,103.7,102.08,85.07,1223.0,0.521,4.0,12.0,13.0,13.0,9.0,6.0,18.0,14.0,9.0,3.0,2.0,27.0,23.0,28.0,10.0,4.0,5.0,3.0,13.0,Regular Season
la clippers,2023-24,5,1610612746.0,11.0,6.0,5.0,0.545,48.0,41.3,85.0,0.486,12.7,33.5,0.38,19.5,23.0,0.85,8.9,31.5,40.4,25.1,14.2,7.6,3.4,3.9,16.6,18.2,114.8,-3.0,19.0,15.0,13.0,15.0,13.0,23.0,29.0,10.0,15.0,20.0,11.0,4.0,5.0,1.0,23.0,27.0,28.0,24.0,20.0,18.0,29.0,4.0,7.0,14.0,15.0,18.0,Regular Season,1610612746.0,11.0,6.0,5.0,0.545,528.0,114.4,116.1,116.5,119.1,-2.1,-3.0,0.608,1.77,18.5,0.254,0.69,0.481,0.143,0.56,0.604,100.8,98.91,82.42,1088.0,0.488,19.0,15.0,13.0,15.0,22.0,11.0,25.0,18.0,22.0,24.0,24.0,21.0,27.0,25.0,22.0,11.0,7.0,15.0,17.0,Regular Season
los angeles lakers,2023-24,5,1610612747.0,12.0,9.0,3.0,0.75,48.4,45.9,89.6,0.513,12.3,31.6,0.388,17.2,21.8,0.789,7.5,34.0,41.5,30.1,11.2,6.8,6.4,5.5,14.3,18.3,121.3,3.8,4.0,2.0,2.0,3.0,8.0,3.0,13.0,3.0,21.0,28.0,6.0,9.0,9.0,11.0,30.0,13.0,24.0,6.0,2.0,24.0,6.0,17.0,1.0,11.0,5.0,12.0,Regular Season,1610612747.0,12.0,9.0,3.0,0.75,581.0,117.9,119.6,113.2,116.0,4.8,3.6,0.655,2.69,21.2,0.234,0.686,0.478,0.11,0.581,0.611,102.4,100.46,83.72,1217.0,0.533,4.0,2.0,2.0,3.0,5.0,3.0,19.0,13.0,11.0,1.0,4.0,28.0,28.0,27.0,1.0,5.0,4.0,12.0,10.0,Regular Season
memphis grizzlies,2023-24,5,1610612763.0,12.0,2.0,10.0,0.167,48.0,37.8,86.2,0.438,13.2,37.7,0.35,13.4,18.3,0.732,9.6,30.4,40.0,26.3,14.6,7.9,5.6,5.5,17.6,17.6,102.1,-11.0,4.0,27.0,28.0,27.0,13.0,29.0,26.0,28.0,13.0,8.0,24.0,28.0,26.0,27.0,21.0,28.0,29.0,20.0,22.0,11.0,10.0,17.0,14.0,19.0,29.0,28.0,Regular Season,1610612763.0,12.0,2.0,10.0,0.167,576.0,102.9,104.6,115.0,115.1,-12.1,-10.5,0.698,1.81,19.4,0.245,0.707,0.465,0.149,0.515,0.542,98.8,97.92,81.6,1171.0,0.444,4.0,27.0,28.0,27.0,9.0,30.0,16.0,28.0,4.0,22.0,15.0,23.0,22.0,30.0,25.0,26.0,27.0,22.0,27.0,Regular Season
miami heat,2023-24,5,1610612748.0,11.0,8.0,3.0,0.727,48.0,40.7,86.1,0.473,11.5,32.8,0.352,17.0,21.5,0.792,9.8,35.0,44.8,26.1,12.8,8.3,3.2,4.7,16.5,18.8,110.0,8.3,19.0,6.0,2.0,5.0,13.0,24.0,27.0,17.0,26.0,22.0,23.0,10.0,10.0,10.0,18.0,7.0,11.0,21.0,10.0,7.0,30.0,10.0,5.0,8.0,23.0,6.0,Regular Season,1610612748.0,11.0,8.0,3.0,0.727,528.0,111.6,112.9,102.5,104.8,9.1,8.1,0.641,2.04,19.2,0.264,0.745,0.509,0.132,0.54,0.576,98.9,97.27,81.06,1072.0,0.544,19.0,6.0,2.0,5.0,22.0,21.0,2.0,5.0,14.0,16.0,17.0,18.0,3.0,10.0,14.0,18.0,18.0,26.0,5.0,Regular Season
milwaukee bucks,2023-24,5,1610612749.0,12.0,7.0,5.0,0.583,48.0,41.6,86.3,0.482,14.6,38.8,0.376,14.9,20.4,0.731,8.7,34.8,43.5,27.4,12.4,8.6,4.3,3.0,18.0,17.7,112.7,5.4,4.0,12.0,13.0,13.0,13.0,22.0,25.0,13.0,5.0,3.0,12.0,21.0,16.0,28.0,24.0,9.0,18.0,14.0,6.0,3.0,22.0,2.0,17.0,18.0,20.0,10.0,Regular Season,1610612749.0,12.0,7.0,5.0,0.583,576.0,113.8,115.1,107.4,108.9,6.4,6.2,0.659,2.21,20.2,0.229,0.738,0.49,0.127,0.567,0.592,99.4,98.21,81.84,1175.0,0.529,4.0,12.0,13.0,13.0,9.0,15.0,3.0,9.0,10.0,7.0,9.0,29.0,8.0,20.0,9.0,9.0,12.0,19.0,12.0,Regular Season
minnesota timberwolves,2023-24,5,1610612750.0,11.0,8.0,3.0,0.727,48.5,41.8,87.6,0.477,13.7,35.5,0.387,18.2,22.2,0.82,9.9,35.8,45.7,26.4,13.5,7.9,7.2,5.2,18.7,19.4,115.5,12.3,19.0,6.0,2.0,5.0,6.0,18.0,21.0,15.0,8.0,16.0,7.0,6.0,8.0,6.0,17.0,5.0,6.0,19.0,17.0,12.0,2.0,14.0,22.0,5.0,13.0,2.0,Regular Season,1610612750.0,11.0,8.0,3.0,0.727,533.0,114.4,115.8,102.4,103.8,12.0,11.9,0.63,1.95,18.9,0.276,0.725,0.511,0.136,0.555,0.593,100.0,98.7,82.25,1098.0,0.566,19.0,6.0,2.0,5.0,20.0,13.0,1.0,2.0,17.0,20.0,18.0,15.0,17.0,9.0,17.0,13.0,11.0,17.0,2.0,Regular Season
new orleans pelicans,2023-24,5,1610612740.0,12.0,8.0,4.0,0.667,48.0,43.3,89.5,0.484,12.5,33.6,0.372,15.0,19.4,0.773,11.0,32.6,43.6,28.0,12.8,9.3,5.4,5.7,17.7,17.2,114.2,6.3,4.0,6.0,10.0,11.0,13.0,11.0,14.0,11.0,18.0,19.0,14.0,19.0,19.0,17.0,12.0,20.0,17.0,12.0,11.0,1.0,12.0,20.0,15.0,22.0,16.0,8.0,Regular Season,1610612740.0,12.0,8.0,4.0,0.667,576.0,114.3,116.4,107.4,110.0,6.9,6.4,0.646,2.18,20.0,0.301,0.692,0.497,0.131,0.554,0.582,100.2,98.08,81.74,1177.0,0.532,4.0,6.0,10.0,11.0,9.0,10.0,8.0,8.0,13.0,10.0,10.0,10.0,25.0,18.0,12.0,14.0,14.0,21.0,11.0,Regular Season
new york knicks,2023-24,5,1610612752.0,12.0,4.0,8.0,0.333,48.0,39.3,89.5,0.439,12.1,35.8,0.337,15.7,20.1,0.78,14.7,29.8,44.4,22.3,12.6,6.6,3.9,5.6,16.1,18.4,106.3,-6.2,4.0,21.0,20.0,21.0,13.0,26.0,14.0,27.0,23.0,14.0,28.0,15.0,17.0,14.0,1.0,29.0,13.0,29.0,8.0,26.0,25.0,19.0,3.0,9.0,26.0,22.0,Regular Season,1610612752.0,12.0,4.0,8.0,0.333,576.0,110.4,113.3,118.1,119.7,-7.7,-6.4,0.567,1.77,16.6,0.343,0.736,0.521,0.134,0.506,0.54,95.7,93.83,78.19,1125.0,0.459,4.0,21.0,20.0,21.0,9.0,19.0,27.0,22.0,29.0,25.0,28.0,1.0,11.0,8.0,16.0,28.0,28.0,30.0,24.0,Regular Season
oklahoma city thunder,2023-24,5,1610612760.0,11.0,8.0,3.0,0.727,48.9,46.2,91.2,0.506,15.9,37.3,0.427,16.5,19.8,0.83,8.4,34.2,42.5,27.4,12.9,7.8,7.8,5.1,17.9,18.4,124.7,8.5,19.0,6.0,2.0,5.0,2.0,2.0,9.0,5.0,1.0,9.0,1.0,11.0,18.0,5.0,26.0,11.0,20.0,15.0,12.0,14.0,1.0,13.0,16.0,10.0,1.0,4.0,Regular Season,1610612760.0,11.0,8.0,3.0,0.727,538.0,119.4,121.2,110.2,112.6,9.2,8.6,0.593,2.12,19.3,0.243,0.696,0.482,0.125,0.594,0.624,103.0,101.17,84.31,1132.0,0.539,19.0,6.0,2.0,5.0,19.0,2.0,13.0,4.0,25.0,13.0,16.0,24.0,24.0,24.0,5.0,2.0,2.0,11.0,7.0,Regular Season
orlando magic,2023-24,5,1610612753.0,12.0,9.0,3.0,0.75,48.4,41.7,82.7,0.504,11.7,29.5,0.395,15.8,21.4,0.735,9.9,31.8,41.7,25.3,15.4,8.3,5.0,4.1,19.2,19.0,110.8,3.5,4.0,2.0,2.0,3.0,8.0,21.0,30.0,6.0,24.0,29.0,3.0,13.0,11.0,26.0,16.0,23.0,23.0,23.0,28.0,6.0,17.0,6.0,23.0,6.0,22.0,13.0,Regular Season,1610612753.0,12.0,9.0,3.0,0.75,581.0,113.5,115.7,110.4,112.0,3.1,3.7,0.606,1.64,18.8,0.311,0.738,0.529,0.161,0.575,0.601,96.6,94.93,79.1,1149.0,0.518,4.0,2.0,2.0,3.0,5.0,14.0,12.0,12.0,23.0,28.0,22.0,8.0,9.0,3.0,30.0,8.0,8.0,28.0,14.0,Regular Season
philadelphia 76ers,2023-24,5,1610612755.0,12.0,4.0,8.0,0.333,48.0,41.8,93.2,0.448,11.5,33.4,0.344,14.8,18.4,0.805,11.1,31.5,42.6,23.9,10.9,6.8,5.0,7.1,20.8,17.1,109.8,-8.3,4.0,21.0,20.0,21.0,13.0,20.0,5.0,25.0,27.0,21.0,27.0,22.0,25.0,8.0,11.0,26.0,19.0,27.0,1.0,24.0,17.0,29.0,28.0,23.0,24.0,27.0,Regular Season,1610612755.0,12.0,4.0,8.0,0.333,576.0,108.6,111.1,118.3,120.0,-9.6,-8.8,0.573,2.19,17.3,0.286,0.727,0.489,0.11,0.51,0.542,100.5,98.67,82.22,1186.0,0.439,4.0,21.0,20.0,21.0,9.0,23.0,28.0,27.0,27.0,9.0,27.0,12.0,15.0,21.0,2.0,27.0,26.0,18.0,28.0,Regular Season
phoenix suns,2023-24,5,1610612756.0,11.0,7.0,4.0,0.636,48.0,43.4,87.9,0.493,12.1,32.6,0.37,20.9,26.7,0.782,10.3,35.4,45.6,27.1,15.1,9.2,6.8,4.6,17.5,21.2,119.7,5.6,19.0,12.0,10.0,12.0,13.0,10.0,20.0,9.0,22.0,23.0,15.0,1.0,1.0,13.0,15.0,6.0,8.0,16.0,25.0,2.0,5.0,8.0,13.0,1.0,8.0,9.0,Regular Season,1610612756.0,11.0,7.0,4.0,0.636,528.0,114.6,115.9,108.9,110.6,5.7,5.4,0.625,1.8,18.9,0.271,0.691,0.496,0.146,0.562,0.601,104.6,103.23,86.02,1136.0,0.545,19.0,12.0,10.0,12.0,22.0,12.0,9.0,10.0,20.0,23.0,19.0,17.0,26.0,19.0,23.0,10.0,9.0,2.0,4.0,Regular Season
portland trail blazers,2023-24,5,1610612757.0,9.0,0.0,9.0,0.0,48.6,37.1,86.9,0.427,8.7,28.4,0.305,17.7,22.6,0.783,14.1,28.0,42.1,22.0,14.9,8.1,3.8,6.6,20.3,17.3,100.6,-13.7,30.0,29.0,26.0,29.0,5.0,30.0,23.0,30.0,30.0,30.0,30.0,8.0,7.0,12.0,3.0,30.0,22.0,30.0,23.0,9.0,26.0,28.0,26.0,21.0,30.0,30.0,Regular Season,1610612757.0,9.0,0.0,9.0,0.0,437.0,103.0,105.5,118.0,119.3,-15.0,-13.8,0.593,1.48,16.4,0.342,0.682,0.498,0.156,0.477,0.519,96.1,94.46,78.72,858.0,0.409,30.0,29.0,26.0,29.0,30.0,28.0,26.0,30.0,24.0,29.0,29.0,2.0,29.0,16.0,29.0,30.0,30.0,29.0,30.0,Regular Season
sacramento kings,2023-24,5,1610612758.0,12.0,6.0,6.0,0.5,48.0,45.3,90.6,0.5,13.7,36.5,0.374,13.8,18.8,0.73,9.7,31.8,41.5,28.8,13.4,8.6,3.8,4.5,18.6,16.5,118.1,-1.4,4.0,15.0,17.0,16.0,13.0,6.0,11.0,7.0,9.0,13.0,13.0,25.0,20.0,29.0,20.0,22.0,24.0,9.0,16.0,3.0,27.0,7.0,20.0,26.0,9.0,17.0,Regular Season,1610612758.0,12.0,6.0,6.0,0.5,576.0,115.1,116.5,116.7,118.0,-1.6,-1.5,0.636,2.15,20.2,0.264,0.748,0.497,0.132,0.576,0.597,102.5,101.29,84.41,1216.0,0.482,4.0,15.0,17.0,16.0,9.0,9.0,22.0,17.0,15.0,12.0,8.0,19.0,2.0,17.0,15.0,7.0,10.0,10.0,18.0,Regular Season
san antonio spurs,2023-24,5,1610612759.0,12.0,2.0,10.0,0.167,48.0,42.0,91.8,0.458,12.6,35.8,0.352,14.5,18.8,0.773,10.8,33.7,44.5,31.2,15.2,7.6,7.0,5.3,14.8,17.4,111.1,-7.4,4.0,27.0,28.0,27.0,13.0,17.0,8.0,22.0,17.0,15.0,22.0,23.0,21.0,16.0,13.0,14.0,12.0,3.0,26.0,19.0,3.0,15.0,2.0,20.0,21.0,26.0,Regular Season,1610612759.0,12.0,2.0,10.0,0.167,576.0,106.5,109.1,114.8,116.0,-8.3,-6.9,0.742,2.05,21.2,0.28,0.743,0.502,0.149,0.526,0.555,103.8,102.0,85.0,1222.0,0.476,4.0,27.0,28.0,27.0,9.0,24.0,20.0,23.0,1.0,15.0,5.0,14.0,4.0,13.0,24.0,21.0,22.0,5.0,19.0,Regular Season
toronto raptors,2023-24,5,1610612761.0,12.0,5.0,7.0,0.417,48.8,43.8,92.9,0.471,11.6,32.2,0.36,16.0,20.8,0.771,11.4,32.7,44.1,28.6,13.3,7.7,5.3,5.7,17.5,17.8,115.1,-7.3,4.0,18.0,19.0,19.0,3.0,9.0,6.0,18.0,25.0,26.0,18.0,12.0,13.0,18.0,9.0,19.0,15.0,10.0,15.0,17.0,14.0,20.0,12.0,16.0,14.0,25.0,Regular Season,1610612761.0,12.0,5.0,7.0,0.417,586.0,110.8,112.9,116.7,120.3,-5.9,-7.4,0.653,2.16,19.7,0.292,0.678,0.484,0.13,0.533,0.564,102.6,100.1,83.41,1223.0,0.474,4.0,18.0,19.0,19.0,4.0,20.0,29.0,25.0,12.0,11.0,13.0,11.0,30.0,22.0,11.0,20.0,20.0,13.0,21.0,Regular Season
utah jazz,2023-24,5,1610612762.0,11.0,3.0,8.0,0.273,48.0,41.8,90.5,0.462,14.1,38.6,0.365,19.6,23.4,0.84,12.4,33.4,45.7,29.1,15.7,7.3,5.4,6.5,18.6,18.3,117.4,-5.5,19.0,24.0,20.0,24.0,13.0,18.0,12.0,20.0,7.0,5.0,16.0,2.0,4.0,3.0,6.0,16.0,6.0,8.0,30.0,21.0,13.0,27.0,21.0,12.0,10.0,20.0,Regular Season,1610612762.0,11.0,3.0,8.0,0.273,528.0,112.7,115.0,119.5,120.6,-6.8,-5.7,0.696,1.85,19.8,0.324,0.743,0.528,0.154,0.54,0.583,103.4,101.95,84.96,1123.0,0.475,19.0,24.0,20.0,24.0,22.0,16.0,30.0,21.0,5.0,21.0,12.0,6.0,5.0,4.0,28.0,17.0,13.0,6.0,20.0,Regular Season
washington wizards,2023-24,5,1610612764.0,12.0,0.0,12.0,0.0,48.4,43.3,96.0,0.451,13.5,38.8,0.348,12.8,17.3,0.74,10.4,31.8,42.2,29.8,15.1,8.2,4.1,6.4,20.6,16.3,113.0,-12.8,4.0,29.0,30.0,29.0,8.0,11.0,1.0,24.0,10.0,4.0,25.0,29.0,29.0,24.0,14.0,23.0,21.0,7.0,24.0,8.0,24.0,26.0,27.0,28.0,17.0,29.0,Regular Season,1610612764.0,12.0,0.0,12.0,0.0,581.0,104.3,106.8,117.0,118.2,-12.7,-11.4,0.687,1.97,19.9,0.248,0.723,0.468,0.143,0.522,0.545,106.9,105.21,87.68,1270.0,0.423,4.0,29.0,30.0,29.0,5.0,27.0,23.0,29.0,6.0,19.0,11.0,22.0,19.0,29.0,20.0,23.0,25.0,1.0,29.0,Regular Season
atlanta hawks,2023-24,6,1610612737.0,15.0,8.0,7.0,0.533,48.3,42.3,89.8,0.471,14.6,37.5,0.39,13.8,18.3,0.755,11.9,31.1,43.0,27.2,12.5,7.7,4.8,6.2,18.3,16.5,112.9,1.7,12.0,14.0,13.0,15.0,10.0,11.0,6.0,16.0,2.0,6.0,5.0,25.0,21.0,22.0,6.0,25.0,17.0,11.0,13.0,11.0,18.0,27.0,21.0,24.0,12.0,15.0,Regular Season,1610612737.0,15.0,8.0,7.0,0.533,725.0,114.7,117.5,113.1,115.7,1.6,1.7,0.644,2.18,19.6,0.312,0.725,0.511,0.13,0.552,0.577,97.7,95.47,79.56,1442.0,0.495,12.0,14.0,13.0,15.0,15.0,7.0,22.0,15.0,14.0,12.0,14.0,4.0,15.0,9.0,13.0,12.0,14.0,21.0,20.0,Regular Season
boston celtics,2023-24,6,1610612738.0,16.0,12.0,4.0,0.75,48.3,44.9,91.4,0.491,18.0,43.1,0.418,13.9,17.4,0.802,11.1,33.1,44.1,28.4,10.3,7.2,6.3,3.7,14.2,16.1,121.7,14.8,5.0,2.0,2.0,2.0,17.0,2.0,4.0,8.0,1.0,1.0,1.0,22.0,26.0,6.0,9.0,16.0,11.0,7.0,2.0,19.0,4.0,1.0,2.0,27.0,1.0,1.0,Regular Season,1610612738.0,16.0,12.0,4.0,0.75,773.0,123.9,126.7,110.1,110.9,13.8,15.8,0.634,2.77,20.5,0.299,0.73,0.515,0.107,0.59,0.614,97.0,95.6,79.66,1537.0,0.561,5.0,2.0,2.0,2.0,7.0,1.0,8.0,1.0,15.0,1.0,5.0,8.0,11.0,7.0,2.0,1.0,2.0,20.0,1.0,Regular Season
brooklyn nets,2023-24,6,1610612751.0,16.0,6.0,10.0,0.375,48.6,39.1,86.1,0.454,13.1,35.9,0.364,16.1,21.4,0.752,11.1,30.4,41.5,24.4,13.8,7.6,4.5,4.4,16.9,18.6,107.4,-2.3,5.0,22.0,21.0,23.0,6.0,25.0,24.0,27.0,13.0,12.0,16.0,10.0,6.0,28.0,9.0,27.0,25.0,26.0,20.0,12.0,21.0,9.0,11.0,4.0,22.0,21.0,Regular Season,1610612751.0,16.0,6.0,10.0,0.375,778.0,109.4,111.5,111.5,113.7,-2.2,-2.2,0.623,1.77,18.1,0.282,0.707,0.486,0.143,0.53,0.562,97.1,95.23,79.36,1542.0,0.482,5.0,22.0,21.0,23.0,5.0,22.0,15.0,21.0,22.0,25.0,25.0,13.0,23.0,24.0,20.0,23.0,22.0,24.0,22.0,Regular Season
charlotte hornets,2023-24,6,1610612766.0,15.0,3.0,12.0,0.2,48.0,38.8,84.4,0.46,11.5,35.7,0.323,12.7,16.9,0.755,8.5,29.9,38.4,23.7,13.3,6.8,3.5,4.6,15.5,17.3,101.9,-10.6,12.0,28.0,26.0,28.0,21.0,26.0,27.0,23.0,28.0,14.0,28.0,28.0,28.0,23.0,27.0,29.0,29.0,29.0,17.0,23.0,30.0,12.0,4.0,17.0,30.0,28.0,Regular Season,1610612766.0,15.0,3.0,12.0,0.2,720.0,105.5,107.2,116.9,118.9,-11.4,-11.7,0.612,1.79,18.2,0.248,0.702,0.468,0.14,0.528,0.555,96.4,94.8,79.0,1425.0,0.441,12.0,28.0,26.0,28.0,22.0,27.0,28.0,29.0,23.0,24.0,24.0,24.0,25.0,29.0,17.0,25.0,26.0,27.0,28.0,Regular Season
chicago bulls,2023-24,6,1610612741.0,16.0,8.0,8.0,0.5,48.3,42.1,87.1,0.484,11.8,31.2,0.379,16.8,21.1,0.793,9.2,32.7,41.9,27.1,11.6,7.0,3.9,4.8,17.5,19.1,112.8,-2.4,5.0,14.0,19.0,19.0,17.0,12.0,19.0,11.0,22.0,29.0,7.0,9.0,8.0,10.0,23.0,17.0,23.0,12.0,7.0,22.0,27.0,16.0,17.0,3.0,13.0,22.0,Regular Season,1610612741.0,16.0,8.0,8.0,0.5,773.0,114.2,116.3,116.1,118.6,-1.9,-2.3,0.644,2.33,19.9,0.267,0.692,0.485,0.12,0.552,0.585,98.4,96.43,80.36,1552.0,0.499,5.0,14.0,19.0,19.0,7.0,9.0,27.0,22.0,13.0,6.0,10.0,18.0,27.0,25.0,6.0,13.0,11.0,18.0,17.0,Regular Season
cleveland cavaliers,2023-24,6,1610612739.0,17.0,7.0,10.0,0.412,48.3,38.6,83.2,0.465,14.1,37.9,0.372,13.8,18.3,0.756,8.1,31.4,39.5,28.8,13.5,6.4,3.9,4.8,16.1,17.5,105.2,-4.5,1.0,20.0,21.0,20.0,20.0,28.0,29.0,20.0,5.0,5.0,9.0,23.0,20.0,21.0,29.0,24.0,28.0,4.0,19.0,26.0,26.0,17.0,6.0,16.0,26.0,23.0,Regular Season,1610612739.0,17.0,7.0,10.0,0.412,821.0,108.9,111.1,113.7,115.7,-4.8,-4.6,0.746,2.13,21.4,0.245,0.714,0.48,0.143,0.55,0.577,96.0,94.19,78.49,1610.0,0.483,1.0,20.0,21.0,20.0,2.0,23.0,21.0,23.0,1.0,16.0,2.0,27.0,20.0,27.0,21.0,16.0,15.0,28.0,21.0,Regular Season
dallas mavericks,2023-24,6,1610612742.0,15.0,11.0,4.0,0.733,48.0,44.3,89.3,0.497,13.4,36.7,0.365,15.9,21.1,0.753,9.4,35.1,44.5,27.1,11.5,7.2,5.5,4.3,17.5,18.4,117.9,7.0,12.0,3.0,2.0,3.0,21.0,5.0,9.0,4.0,7.0,9.0,15.0,13.0,9.0,26.0,20.0,6.0,10.0,13.0,5.0,18.0,10.0,5.0,18.0,8.0,5.0,6.0,Regular Season,1610612742.0,15.0,11.0,4.0,0.733,720.0,117.1,118.8,109.8,112.1,7.4,6.7,0.611,2.35,19.5,0.262,0.732,0.503,0.116,0.572,0.598,100.9,99.1,82.58,1489.0,0.534,12.0,3.0,2.0,3.0,22.0,5.0,10.0,7.0,25.0,5.0,15.0,20.0,10.0,15.0,5.0,5.0,6.0,9.0,7.0,Regular Season
denver nuggets,2023-24,6,1610612743.0,15.0,11.0,4.0,0.733,48.3,44.8,88.0,0.509,11.6,29.2,0.397,14.1,17.9,0.788,10.1,33.9,44.0,30.5,12.1,7.4,5.2,5.3,17.1,16.1,115.3,7.1,12.0,3.0,2.0,3.0,10.0,3.0,14.0,1.0,26.0,30.0,3.0,21.0,23.0,12.0,14.0,10.0,12.0,1.0,10.0,14.0,13.0,20.0,12.0,26.0,7.0,5.0,Regular Season,1610612743.0,15.0,11.0,4.0,0.733,725.0,117.8,119.4,109.8,112.2,8.0,7.2,0.682,2.52,21.8,0.294,0.716,0.516,0.126,0.575,0.601,97.5,95.87,79.89,1449.0,0.545,12.0,3.0,2.0,3.0,15.0,2.0,12.0,5.0,4.0,2.0,1.0,11.0,19.0,6.0,12.0,4.0,4.0,19.0,3.0,Regular Season
detroit pistons,2023-24,6,1610612765.0,16.0,4.0,12.0,0.25,48.0,37.3,86.3,0.432,9.9,33.8,0.294,18.8,22.3,0.843,9.8,35.3,45.1,23.4,15.0,7.1,3.9,5.4,19.3,16.4,103.3,-9.8,5.0,25.0,26.0,26.0,21.0,29.0,23.0,29.0,30.0,22.0,30.0,2.0,3.0,2.0,17.0,4.0,8.0,30.0,24.0,20.0,27.0,21.0,26.0,25.0,29.0,26.0,Regular Season,1610612765.0,16.0,4.0,12.0,0.25,768.0,101.9,103.6,112.3,113.7,-10.3,-10.1,0.629,1.56,17.2,0.267,0.776,0.514,0.15,0.489,0.537,101.0,99.56,82.97,1595.0,0.445,5.0,25.0,26.0,26.0,10.0,30.0,16.0,26.0,19.0,27.0,29.0,17.0,1.0,8.0,24.0,30.0,29.0,8.0,27.0,Regular Season
golden state warriors,2023-24,6,1610612744.0,16.0,9.0,7.0,0.563,48.0,44.4,92.7,0.479,13.2,36.7,0.359,11.9,15.8,0.754,12.1,34.7,46.8,29.6,13.1,7.4,4.9,5.2,17.6,14.9,113.9,2.4,5.0,9.0,13.0,14.0,21.0,4.0,2.0,12.0,12.0,8.0,19.0,30.0,30.0,24.0,4.0,7.0,1.0,3.0,16.0,15.0,16.0,19.0,19.0,30.0,11.0,14.0,Regular Season,1610612744.0,16.0,9.0,7.0,0.563,768.0,113.3,115.1,111.1,112.8,2.3,2.3,0.667,2.27,20.6,0.312,0.727,0.52,0.132,0.551,0.572,100.5,98.94,82.45,1584.0,0.51,5.0,9.0,13.0,14.0,10.0,16.0,13.0,14.0,5.0,8.0,4.0,5.0,13.0,4.0,15.0,15.0,20.0,10.0,16.0,Regular Season
houston rockets,2023-24,6,1610612745.0,15.0,13.0,2.0,0.867,48.3,44.3,93.3,0.475,14.3,38.4,0.372,17.1,21.9,0.781,12.1,33.3,45.4,25.3,11.2,9.1,4.9,5.8,18.8,18.5,119.9,9.3,12.0,1.0,1.0,1.0,10.0,6.0,1.0,14.0,4.0,4.0,10.0,6.0,4.0,15.0,3.0,13.0,6.0,20.0,3.0,1.0,17.0,23.0,24.0,5.0,2.0,2.0,Regular Season,1610612745.0,15.0,13.0,2.0,0.867,725.0,117.6,118.8,109.1,110.4,8.5,8.4,0.572,2.26,17.9,0.301,0.727,0.51,0.111,0.551,0.583,101.0,99.87,83.23,1514.0,0.536,12.0,1.0,1.0,1.0,15.0,4.0,6.0,4.0,30.0,10.0,27.0,7.0,14.0,10.0,3.0,14.0,13.0,6.0,5.0,Regular Season
indiana pacers,2023-24,6,1610612754.0,15.0,8.0,7.0,0.533,48.3,45.4,91.9,0.494,11.6,32.9,0.353,15.7,20.5,0.765,9.9,33.4,43.3,28.5,11.5,7.3,6.0,4.6,20.2,18.1,118.1,3.3,12.0,14.0,13.0,15.0,10.0,1.0,3.0,6.0,26.0,23.0,23.0,14.0,15.0,19.0,16.0,12.0,16.0,6.0,5.0,16.0,7.0,12.0,28.0,13.0,4.0,12.0,Regular Season,1610612754.0,15.0,8.0,7.0,0.533,725.0,115.1,116.7,112.0,113.4,3.1,3.2,0.627,2.47,20.0,0.26,0.707,0.486,0.114,0.557,0.585,101.8,100.5,83.75,1518.0,0.517,12.0,14.0,13.0,15.0,15.0,8.0,14.0,12.0,21.0,4.0,9.0,22.0,22.0,23.0,4.0,11.0,12.0,2.0,13.0,Regular Season
la clippers,2023-24,6,1610612746.0,17.0,10.0,7.0,0.588,48.0,41.3,83.2,0.496,12.4,32.8,0.377,17.5,20.9,0.834,8.8,31.8,40.6,24.9,12.6,7.1,5.8,4.7,16.6,18.3,112.4,0.4,1.0,6.0,13.0,12.0,21.0,15.0,28.0,5.0,19.0,24.0,8.0,5.0,10.0,3.0,26.0,21.0,27.0,22.0,14.0,21.0,9.0,14.0,10.0,11.0,14.0,18.0,Regular Season,1610612746.0,17.0,10.0,7.0,0.588,816.0,116.8,118.9,117.0,117.8,-0.2,1.1,0.604,1.98,19.1,0.264,0.709,0.495,0.133,0.57,0.608,96.0,94.82,79.02,1607.0,0.51,1.0,6.0,13.0,12.0,3.0,3.0,26.0,17.0,26.0,17.0,18.0,19.0,21.0,19.0,16.0,6.0,3.0,26.0,15.0,Regular Season
los angeles lakers,2023-24,6,1610612747.0,14.0,9.0,5.0,0.643,48.7,43.1,85.5,0.505,13.3,32.7,0.406,20.3,25.1,0.807,8.0,38.0,46.0,28.4,14.4,5.1,5.1,4.5,14.1,19.4,119.9,2.6,26.0,9.0,7.0,7.0,1.0,9.0,25.0,2.0,10.0,25.0,2.0,1.0,1.0,4.0,30.0,1.0,4.0,8.0,21.0,30.0,14.0,10.0,1.0,2.0,3.0,13.0,Regular Season,1610612747.0,14.0,9.0,5.0,0.643,682.0,116.5,117.5,112.8,114.4,3.6,3.1,0.659,1.98,20.2,0.228,0.741,0.507,0.141,0.582,0.621,101.9,100.75,83.96,1428.0,0.525,26.0,9.0,7.0,7.0,26.0,6.0,17.0,13.0,7.0,18.0,7.0,30.0,6.0,13.0,18.0,2.0,1.0,1.0,10.0,Regular Season
memphis grizzlies,2023-24,6,1610612763.0,15.0,4.0,11.0,0.267,48.7,36.5,86.7,0.421,13.0,37.2,0.349,17.9,23.8,0.754,12.5,31.5,44.0,23.9,17.3,8.8,6.6,6.5,18.2,19.7,103.9,-11.1,12.0,25.0,24.0,25.0,3.0,30.0,21.0,30.0,14.0,7.0,25.0,3.0,2.0,25.0,2.0,23.0,12.0,28.0,30.0,4.0,2.0,28.0,20.0,1.0,28.0,29.0,Regular Season,1610612763.0,15.0,4.0,11.0,0.267,730.0,101.9,104.8,113.3,115.8,-11.4,-11.0,0.656,1.38,17.2,0.318,0.691,0.496,0.175,0.496,0.535,100.3,97.87,81.56,1487.0,0.438,12.0,25.0,24.0,25.0,12.0,28.0,23.0,28.0,10.0,30.0,30.0,2.0,28.0,18.0,30.0,29.0,30.0,14.0,29.0,Regular Season
miami heat,2023-24,6,1610612748.0,15.0,8.0,7.0,0.533,48.0,40.3,86.5,0.465,12.3,34.5,0.358,15.1,19.1,0.791,8.4,33.5,41.9,25.3,10.1,8.2,3.8,4.3,15.2,17.2,108.0,4.3,12.0,14.0,13.0,15.0,21.0,22.0,22.0,19.0,20.0,19.0,20.0,18.0,18.0,11.0,28.0,11.0,22.0,21.0,1.0,6.0,29.0,6.0,3.0,18.0,21.0,10.0,Regular Season,1610612748.0,15.0,8.0,7.0,0.533,720.0,111.8,113.4,107.5,108.7,4.3,4.6,0.627,2.51,19.2,0.24,0.756,0.493,0.106,0.537,0.569,96.6,95.33,79.44,1429.0,0.523,12.0,14.0,13.0,15.0,22.0,18.0,4.0,9.0,20.0,3.0,17.0,28.0,4.0,20.0,1.0,21.0,21.0,22.0,12.0,Regular Season
milwaukee bucks,2023-24,6,1610612749.0,14.0,8.0,6.0,0.571,48.7,41.7,87.6,0.476,14.4,39.0,0.37,17.0,21.9,0.778,8.9,35.1,44.0,26.4,12.1,5.9,4.1,4.8,18.3,18.4,114.9,0.4,26.0,14.0,10.0,13.0,1.0,13.0,16.0,13.0,3.0,3.0,12.0,7.0,5.0,16.0,25.0,5.0,12.0,18.0,11.0,27.0,25.0,15.0,22.0,6.0,8.0,17.0,Regular Season,1610612749.0,14.0,8.0,6.0,0.571,682.0,114.2,115.4,112.6,115.2,1.6,0.3,0.632,2.17,19.2,0.235,0.74,0.492,0.122,0.558,0.59,99.6,97.97,81.64,1393.0,0.499,26.0,14.0,10.0,13.0,26.0,15.0,20.0,18.0,17.0,13.0,16.0,29.0,7.0,21.0,9.0,10.0,9.0,13.0,18.0,Regular Season
minnesota timberwolves,2023-24,6,1610612750.0,15.0,9.0,6.0,0.6,48.7,41.1,87.0,0.472,12.5,34.1,0.368,15.5,20.9,0.741,10.1,32.5,42.6,27.1,11.7,8.1,5.9,4.1,17.3,18.4,110.1,4.2,12.0,9.0,10.0,11.0,3.0,17.0,20.0,15.0,16.0,20.0,14.0,16.0,11.0,30.0,14.0,20.0,20.0,13.0,8.0,7.0,8.0,4.0,16.0,8.0,18.0,11.0,Regular Season,1610612750.0,15.0,9.0,6.0,0.6,730.0,112.7,114.0,108.1,110.0,4.6,4.0,0.659,2.32,19.8,0.273,0.717,0.492,0.121,0.544,0.573,96.5,95.11,79.26,1449.0,0.526,12.0,9.0,10.0,11.0,12.0,17.0,5.0,11.0,6.0,7.0,12.0,15.0,18.0,22.0,7.0,17.0,19.0,25.0,8.0,Regular Season
new orleans pelicans,2023-24,6,1610612740.0,14.0,10.0,4.0,0.714,48.0,41.7,85.4,0.488,12.4,32.7,0.38,16.0,20.7,0.772,8.9,35.8,44.7,27.0,11.9,8.0,4.6,5.4,16.6,16.7,111.9,8.4,26.0,6.0,2.0,6.0,21.0,13.0,26.0,9.0,18.0,25.0,6.0,12.0,12.0,17.0,24.0,2.0,9.0,15.0,9.0,8.0,20.0,22.0,9.0,22.0,16.0,4.0,Regular Season,1610612740.0,14.0,10.0,4.0,0.714,672.0,114.7,115.7,106.3,107.2,8.4,8.6,0.647,2.26,20.0,0.247,0.75,0.507,0.123,0.561,0.592,97.5,96.61,80.51,1353.0,0.549,26.0,6.0,2.0,6.0,29.0,13.0,3.0,3.0,12.0,9.0,8.0,26.0,5.0,12.0,11.0,8.0,8.0,17.0,2.0,Regular Season
new york knicks,2023-24,6,1610612752.0,14.0,9.0,5.0,0.643,48.4,40.9,89.1,0.458,14.0,39.3,0.356,12.7,16.8,0.757,13.0,33.1,46.1,25.9,13.3,7.7,5.2,5.0,17.2,16.6,108.4,9.1,26.0,9.0,7.0,7.0,9.0,19.0,10.0,25.0,6.0,2.0,22.0,29.0,29.0,20.0,1.0,14.0,3.0,19.0,18.0,10.0,11.0,18.0,15.0,23.0,19.0,3.0,Regular Season,1610612752.0,14.0,9.0,5.0,0.643,677.0,112.0,115.7,104.6,105.9,7.4,9.8,0.633,1.95,19.0,0.339,0.724,0.529,0.142,0.537,0.562,95.2,93.09,77.58,1312.0,0.535,26.0,9.0,7.0,7.0,28.0,14.0,2.0,2.0,16.0,19.0,20.0,1.0,17.0,2.0,19.0,20.0,23.0,30.0,6.0,Regular Season
oklahoma city thunder,2023-24,6,1610612760.0,15.0,11.0,4.0,0.733,48.3,44.2,89.8,0.492,13.2,35.5,0.371,15.5,19.5,0.795,9.7,33.1,42.7,26.6,12.3,8.9,6.1,4.5,18.3,18.4,117.1,5.3,12.0,3.0,2.0,3.0,10.0,7.0,6.0,7.0,11.0,15.0,11.0,15.0,17.0,9.0,18.0,15.0,18.0,17.0,12.0,2.0,6.0,11.0,23.0,8.0,6.0,8.0,Regular Season,1610612760.0,15.0,11.0,4.0,0.733,725.0,116.0,116.0,109.8,111.6,6.2,4.4,0.602,2.17,19.1,0.261,0.736,0.5,0.121,0.566,0.595,100.7,99.94,83.28,1515.0,0.525,12.0,3.0,2.0,3.0,15.0,11.0,9.0,10.0,29.0,14.0,19.0,21.0,9.0,17.0,8.0,7.0,7.0,5.0,9.0,Regular Season
orlando magic,2023-24,6,1610612753.0,14.0,9.0,5.0,0.643,48.0,39.6,81.4,0.487,11.7,32.5,0.36,15.4,20.5,0.753,9.4,31.8,41.1,24.2,15.5,7.8,5.2,4.4,15.9,18.4,106.4,6.5,26.0,9.0,7.0,7.0,21.0,24.0,30.0,10.0,25.0,28.0,17.0,17.0,14.0,27.0,21.0,22.0,26.0,27.0,27.0,9.0,11.0,8.0,5.0,6.0,24.0,7.0,Regular Season,1610612753.0,14.0,9.0,5.0,0.643,672.0,110.2,111.6,102.9,104.9,7.3,6.7,0.611,1.56,18.5,0.27,0.759,0.52,0.163,0.559,0.588,96.9,95.32,79.43,1335.0,0.536,26.0,9.0,7.0,7.0,29.0,21.0,1.0,6.0,24.0,28.0,22.0,16.0,2.0,5.0,28.0,9.0,10.0,23.0,4.0,Regular Season
philadelphia 76ers,2023-24,6,1610612755.0,17.0,7.0,10.0,0.412,48.0,38.8,87.2,0.444,13.4,36.3,0.368,14.5,18.0,0.804,11.6,30.1,41.8,24.5,11.5,7.5,6.8,6.1,19.1,15.6,105.4,-1.6,1.0,20.0,21.0,20.0,21.0,27.0,18.0,28.0,9.0,10.0,13.0,19.0,22.0,5.0,7.0,28.0,24.0,25.0,4.0,13.0,1.0,26.0,25.0,28.0,25.0,19.0,Regular Season,1610612755.0,17.0,7.0,10.0,0.412,816.0,110.9,112.6,111.0,114.6,-0.1,-2.0,0.631,2.13,18.5,0.292,0.687,0.483,0.123,0.521,0.554,95.6,93.47,77.89,1591.0,0.48,1.0,20.0,21.0,20.0,3.0,20.0,18.0,20.0,18.0,15.0,23.0,12.0,29.0,26.0,10.0,27.0,27.0,29.0,23.0,Regular Season
phoenix suns,2023-24,6,1610612756.0,15.0,8.0,7.0,0.533,48.3,43.7,87.5,0.499,13.4,33.9,0.396,13.3,16.9,0.787,10.7,35.7,46.5,28.7,15.3,5.8,6.1,4.1,16.3,15.2,114.1,0.8,12.0,14.0,13.0,15.0,10.0,8.0,17.0,3.0,7.0,21.0,4.0,27.0,27.0,13.0,11.0,3.0,2.0,5.0,26.0,28.0,5.0,3.0,7.0,29.0,10.0,16.0,Regular Season,1610612756.0,15.0,8.0,7.0,0.533,725.0,114.5,115.8,112.7,114.6,1.8,1.1,0.658,1.87,20.5,0.295,0.739,0.529,0.156,0.575,0.6,99.4,97.99,81.66,1478.0,0.512,12.0,14.0,13.0,15.0,15.0,12.0,19.0,16.0,8.0,21.0,6.0,10.0,8.0,1.0,27.0,3.0,5.0,12.0,14.0,Regular Season
portland trail blazers,2023-24,6,1610612757.0,17.0,4.0,13.0,0.235,48.6,40.8,88.2,0.462,11.8,32.6,0.36,13.8,17.6,0.786,12.1,30.6,42.6,24.6,16.6,7.2,4.3,6.8,20.2,16.8,107.1,-8.8,1.0,25.0,28.0,27.0,8.0,20.0,12.0,22.0,24.0,27.0,18.0,23.0,25.0,14.0,5.0,26.0,19.0,24.0,29.0,17.0,23.0,30.0,29.0,21.0,23.0,24.0,Regular Season,1610612757.0,17.0,4.0,13.0,0.235,826.0,106.5,108.7,115.0,117.4,-8.5,-8.7,0.603,1.48,17.8,0.313,0.695,0.501,0.169,0.529,0.558,99.5,97.48,81.23,1676.0,0.445,1.0,25.0,28.0,27.0,1.0,25.0,25.0,24.0,28.0,29.0,28.0,3.0,26.0,16.0,29.0,24.0,24.0,15.0,26.0,Regular Season
sacramento kings,2023-24,6,1610612758.0,16.0,10.0,6.0,0.625,48.6,42.8,90.9,0.47,12.6,35.8,0.353,16.1,20.1,0.801,11.5,34.2,45.7,28.1,12.9,8.6,4.8,4.0,20.8,18.3,114.2,4.8,5.0,6.0,10.0,10.0,6.0,10.0,5.0,17.0,15.0,13.0,24.0,11.0,16.0,7.0,8.0,9.0,5.0,9.0,15.0,5.0,19.0,2.0,30.0,12.0,9.0,9.0,Regular Season,1610612758.0,16.0,10.0,6.0,0.625,778.0,113.0,116.0,110.0,110.8,3.0,5.2,0.658,2.18,19.8,0.308,0.759,0.528,0.131,0.54,0.573,99.0,97.3,81.08,1575.0,0.523,5.0,6.0,10.0,10.0,5.0,10.0,7.0,8.0,9.0,11.0,11.0,6.0,3.0,3.0,14.0,18.0,18.0,16.0,11.0,Regular Season
san antonio spurs,2023-24,6,1610612759.0,15.0,6.0,9.0,0.4,48.7,41.3,88.1,0.469,12.5,34.9,0.358,16.9,21.2,0.799,10.7,34.4,45.1,30.0,15.7,6.7,6.3,4.3,16.4,17.8,111.9,-2.0,12.0,22.0,20.0,22.0,3.0,16.0,13.0,18.0,17.0,17.0,21.0,8.0,7.0,8.0,11.0,8.0,7.0,2.0,28.0,24.0,3.0,6.0,8.0,15.0,15.0,20.0,Regular Season,1610612759.0,15.0,6.0,9.0,0.4,730.0,109.4,110.3,110.2,112.1,-0.8,-1.8,0.727,1.91,20.7,0.278,0.729,0.505,0.154,0.539,0.575,101.5,100.14,83.45,1522.0,0.498,12.0,22.0,20.0,22.0,12.0,24.0,11.0,19.0,2.0,20.0,3.0,14.0,12.0,14.0,26.0,19.0,16.0,4.0,19.0,Regular Season
toronto raptors,2023-24,6,1610612761.0,15.0,1.0,14.0,0.067,48.3,40.3,88.3,0.456,11.2,35.1,0.319,13.4,17.9,0.75,9.3,28.6,37.9,27.6,15.3,8.9,4.2,5.9,17.1,16.8,105.1,-15.5,12.0,30.0,30.0,30.0,10.0,22.0,11.0,26.0,29.0,16.0,29.0,26.0,24.0,29.0,22.0,30.0,30.0,10.0,25.0,3.0,24.0,24.0,12.0,20.0,27.0,30.0,Regular Season,1610612761.0,15.0,1.0,14.0,0.067,725.0,103.0,104.5,118.5,120.0,-15.5,-15.5,0.685,1.81,19.7,0.248,0.658,0.446,0.152,0.52,0.547,101.2,99.87,83.23,1509.0,0.433,12.0,30.0,30.0,30.0,15.0,29.0,29.0,30.0,3.0,23.0,13.0,25.0,30.0,30.0,25.0,28.0,28.0,6.0,30.0,Regular Season
utah jazz,2023-24,6,1610612762.0,15.0,2.0,13.0,0.133,48.0,40.7,87.7,0.464,11.8,34.9,0.338,17.7,20.6,0.861,10.7,32.6,43.3,24.6,14.5,5.2,5.1,6.0,17.2,18.1,111.0,-10.3,12.0,29.0,28.0,29.0,21.0,21.0,15.0,21.0,23.0,17.0,26.0,4.0,13.0,1.0,11.0,18.0,15.0,23.0,23.0,29.0,15.0,25.0,14.0,13.0,17.0,27.0,Regular Season,1610612762.0,15.0,2.0,13.0,0.133,720.0,110.4,112.9,121.8,123.2,-11.3,-10.3,0.604,1.7,18.0,0.297,0.725,0.509,0.147,0.532,0.573,100.1,98.4,82.0,1475.0,0.454,12.0,29.0,28.0,29.0,22.0,19.0,30.0,27.0,27.0,26.0,26.0,9.0,16.0,11.0,23.0,22.0,17.0,11.0,24.0,Regular Season
washington wizards,2023-24,6,1610612764.0,16.0,5.0,11.0,0.313,48.3,41.0,89.4,0.458,12.0,35.9,0.334,14.4,18.8,0.767,9.5,32.5,42.0,26.6,14.4,6.6,4.4,6.6,19.6,17.1,108.4,-9.4,5.0,24.0,24.0,24.0,17.0,18.0,8.0,24.0,21.0,11.0,27.0,20.0,19.0,18.0,19.0,19.0,21.0,16.0,22.0,25.0,22.0,29.0,27.0,19.0,20.0,25.0,Regular Season,1610612764.0,16.0,5.0,11.0,0.313,773.0,105.6,107.4,114.7,116.4,-9.0,-9.1,0.649,1.84,19.0,0.255,0.705,0.478,0.143,0.526,0.555,102.0,100.41,83.67,1615.0,0.453,5.0,24.0,24.0,24.0,7.0,26.0,24.0,25.0,11.0,22.0,21.0,23.0,24.0,28.0,22.0,26.0,25.0,3.0,25.0,Regular Season
atlanta hawks,2023-24,10,1610612737.0,15.0,8.0,7.0,0.533,48.3,42.3,89.8,0.471,14.6,37.5,0.39,13.8,18.3,0.755,11.9,31.1,43.0,27.2,12.5,7.7,4.8,6.2,18.3,16.5,112.9,1.7,12.0,14.0,13.0,15.0,10.0,11.0,6.0,16.0,2.0,6.0,5.0,25.0,21.0,22.0,6.0,25.0,17.0,11.0,13.0,11.0,18.0,27.0,21.0,24.0,12.0,15.0,Regular Season,1610612737.0,15.0,8.0,7.0,0.533,725.0,114.7,117.5,113.1,115.7,1.6,1.7,0.644,2.18,19.6,0.312,0.725,0.511,0.13,0.552,0.577,97.7,95.47,79.56,1442.0,0.495,12.0,14.0,13.0,15.0,15.0,7.0,22.0,15.0,14.0,12.0,14.0,4.0,15.0,9.0,13.0,12.0,14.0,21.0,20.0,Regular Season
boston celtics,2023-24,10,1610612738.0,16.0,12.0,4.0,0.75,48.3,44.9,91.4,0.491,18.0,43.1,0.418,13.9,17.4,0.802,11.1,33.1,44.1,28.4,10.3,7.2,6.3,3.7,14.2,16.1,121.7,14.8,5.0,2.0,2.0,2.0,17.0,2.0,4.0,8.0,1.0,1.0,1.0,22.0,26.0,6.0,9.0,16.0,11.0,7.0,2.0,19.0,4.0,1.0,2.0,27.0,1.0,1.0,Regular Season,1610612738.0,16.0,12.0,4.0,0.75,773.0,123.9,126.7,110.1,110.9,13.8,15.8,0.634,2.77,20.5,0.299,0.73,0.515,0.107,0.59,0.614,97.0,95.6,79.66,1537.0,0.561,5.0,2.0,2.0,2.0,7.0,1.0,8.0,1.0,15.0,1.0,5.0,8.0,11.0,7.0,2.0,1.0,2.0,20.0,1.0,Regular Season
brooklyn nets,2023-24,10,1610612751.0,16.0,6.0,10.0,0.375,48.6,39.1,86.1,0.454,13.1,35.9,0.364,16.1,21.4,0.752,11.1,30.4,41.5,24.4,13.8,7.6,4.5,4.4,16.9,18.6,107.4,-2.3,5.0,22.0,21.0,23.0,6.0,25.0,24.0,27.0,13.0,12.0,16.0,10.0,6.0,28.0,9.0,27.0,25.0,26.0,20.0,12.0,21.0,9.0,11.0,4.0,22.0,21.0,Regular Season,1610612751.0,16.0,6.0,10.0,0.375,778.0,109.4,111.5,111.5,113.7,-2.2,-2.2,0.623,1.77,18.1,0.282,0.707,0.486,0.143,0.53,0.562,97.1,95.23,79.36,1542.0,0.482,5.0,22.0,21.0,23.0,5.0,22.0,15.0,21.0,22.0,25.0,25.0,13.0,23.0,24.0,20.0,23.0,22.0,24.0,22.0,Regular Season
charlotte hornets,2023-24,10,1610612766.0,15.0,3.0,12.0,0.2,48.0,38.8,84.4,0.46,11.5,35.7,0.323,12.7,16.9,0.755,8.5,29.9,38.4,23.7,13.3,6.8,3.5,4.6,15.5,17.3,101.9,-10.6,12.0,28.0,26.0,28.0,21.0,26.0,27.0,23.0,28.0,14.0,28.0,28.0,28.0,23.0,27.0,29.0,29.0,29.0,17.0,23.0,30.0,12.0,4.0,17.0,30.0,28.0,Regular Season,1610612766.0,15.0,3.0,12.0,0.2,720.0,105.5,107.2,116.9,118.9,-11.4,-11.7,0.612,1.79,18.2,0.248,0.702,0.468,0.14,0.528,0.555,96.4,94.8,79.0,1425.0,0.441,12.0,28.0,26.0,28.0,22.0,27.0,28.0,29.0,23.0,24.0,24.0,24.0,25.0,29.0,17.0,25.0,26.0,27.0,28.0,Regular Season
chicago bulls,2023-24,10,1610612741.0,16.0,8.0,8.0,0.5,48.3,42.1,87.1,0.484,11.8,31.2,0.379,16.8,21.1,0.793,9.2,32.7,41.9,27.1,11.6,7.0,3.9,4.8,17.5,19.1,112.8,-2.4,5.0,14.0,19.0,19.0,17.0,12.0,19.0,11.0,22.0,29.0,7.0,9.0,8.0,10.0,23.0,17.0,23.0,12.0,7.0,22.0,27.0,16.0,17.0,3.0,13.0,22.0,Regular Season,1610612741.0,16.0,8.0,8.0,0.5,773.0,114.2,116.3,116.1,118.6,-1.9,-2.3,0.644,2.33,19.9,0.267,0.692,0.485,0.12,0.552,0.585,98.4,96.43,80.36,1552.0,0.499,5.0,14.0,19.0,19.0,7.0,9.0,27.0,22.0,13.0,6.0,10.0,18.0,27.0,25.0,6.0,13.0,11.0,18.0,17.0,Regular Season
cleveland cavaliers,2023-24,10,1610612739.0,17.0,7.0,10.0,0.412,48.3,38.6,83.2,0.465,14.1,37.9,0.372,13.8,18.3,0.756,8.1,31.4,39.5,28.8,13.5,6.4,3.9,4.8,16.1,17.5,105.2,-4.5,1.0,20.0,21.0,20.0,20.0,28.0,29.0,20.0,5.0,5.0,9.0,23.0,20.0,21.0,29.0,24.0,28.0,4.0,19.0,26.0,26.0,17.0,6.0,16.0,26.0,23.0,Regular Season,1610612739.0,17.0,7.0,10.0,0.412,821.0,108.9,111.1,113.7,115.7,-4.8,-4.6,0.746,2.13,21.4,0.245,0.714,0.48,0.143,0.55,0.577,96.0,94.19,78.49,1610.0,0.483,1.0,20.0,21.0,20.0,2.0,23.0,21.0,23.0,1.0,16.0,2.0,27.0,20.0,27.0,21.0,16.0,15.0,28.0,21.0,Regular Season
dallas mavericks,2023-24,10,1610612742.0,15.0,11.0,4.0,0.733,48.0,44.3,89.3,0.497,13.4,36.7,0.365,15.9,21.1,0.753,9.4,35.1,44.5,27.1,11.5,7.2,5.5,4.3,17.5,18.4,117.9,7.0,12.0,3.0,2.0,3.0,21.0,5.0,9.0,4.0,7.0,9.0,15.0,13.0,9.0,26.0,20.0,6.0,10.0,13.0,5.0,18.0,10.0,5.0,18.0,8.0,5.0,6.0,Regular Season,1610612742.0,15.0,11.0,4.0,0.733,720.0,117.1,118.8,109.8,112.1,7.4,6.7,0.611,2.35,19.5,0.262,0.732,0.503,0.116,0.572,0.598,100.9,99.1,82.58,1489.0,0.534,12.0,3.0,2.0,3.0,22.0,5.0,10.0,7.0,25.0,5.0,15.0,20.0,10.0,15.0,5.0,5.0,6.0,9.0,7.0,Regular Season
denver nuggets,2023-24,10,1610612743.0,15.0,11.0,4.0,0.733,48.3,44.8,88.0,0.509,11.6,29.2,0.397,14.1,17.9,0.788,10.1,33.9,44.0,30.5,12.1,7.4,5.2,5.3,17.1,16.1,115.3,7.1,12.0,3.0,2.0,3.0,10.0,3.0,14.0,1.0,26.0,30.0,3.0,21.0,23.0,12.0,14.0,10.0,12.0,1.0,10.0,14.0,13.0,20.0,12.0,26.0,7.0,5.0,Regular Season,1610612743.0,15.0,11.0,4.0,0.733,725.0,117.8,119.4,109.8,112.2,8.0,7.2,0.682,2.52,21.8,0.294,0.716,0.516,0.126,0.575,0.601,97.5,95.87,79.89,1449.0,0.545,12.0,3.0,2.0,3.0,15.0,2.0,12.0,5.0,4.0,2.0,1.0,11.0,19.0,6.0,12.0,4.0,4.0,19.0,3.0,Regular Season
detroit pistons,2023-24,10,1610612765.0,16.0,4.0,12.0,0.25,48.0,37.3,86.3,0.432,9.9,33.8,0.294,18.8,22.3,0.843,9.8,35.3,45.1,23.4,15.0,7.1,3.9,5.4,19.3,16.4,103.3,-9.8,5.0,25.0,26.0,26.0,21.0,29.0,23.0,29.0,30.0,22.0,30.0,2.0,3.0,2.0,17.0,4.0,8.0,30.0,24.0,20.0,27.0,21.0,26.0,25.0,29.0,26.0,Regular Season,1610612765.0,16.0,4.0,12.0,0.25,768.0,101.9,103.6,112.3,113.7,-10.3,-10.1,0.629,1.56,17.2,0.267,0.776,0.514,0.15,0.489,0.537,101.0,99.56,82.97,1595.0,0.445,5.0,25.0,26.0,26.0,10.0,30.0,16.0,26.0,19.0,27.0,29.0,17.0,1.0,8.0,24.0,30.0,29.0,8.0,27.0,Regular Season
golden state warriors,2023-24,10,1610612744.0,16.0,9.0,7.0,0.563,48.0,44.4,92.7,0.479,13.2,36.7,0.359,11.9,15.8,0.754,12.1,34.7,46.8,29.6,13.1,7.4,4.9,5.2,17.6,14.9,113.9,2.4,5.0,9.0,13.0,14.0,21.0,4.0,2.0,12.0,12.0,8.0,19.0,30.0,30.0,24.0,4.0,7.0,1.0,3.0,16.0,15.0,16.0,19.0,19.0,30.0,11.0,14.0,Regular Season,1610612744.0,16.0,9.0,7.0,0.563,768.0,113.3,115.1,111.1,112.8,2.3,2.3,0.667,2.27,20.6,0.312,0.727,0.52,0.132,0.551,0.572,100.5,98.94,82.45,1584.0,0.51,5.0,9.0,13.0,14.0,10.0,16.0,13.0,14.0,5.0,8.0,4.0,5.0,13.0,4.0,15.0,15.0,20.0,10.0,16.0,Regular Season
houston rockets,2023-24,10,1610612745.0,15.0,13.0,2.0,0.867,48.3,44.3,93.3,0.475,14.3,38.4,0.372,17.1,21.9,0.781,12.1,33.3,45.4,25.3,11.2,9.1,4.9,5.8,18.8,18.5,119.9,9.3,12.0,1.0,1.0,1.0,10.0,6.0,1.0,14.0,4.0,4.0,10.0,6.0,4.0,15.0,3.0,13.0,6.0,20.0,3.0,1.0,17.0,23.0,24.0,5.0,2.0,2.0,Regular Season,1610612745.0,15.0,13.0,2.0,0.867,725.0,117.6,118.8,109.1,110.4,8.5,8.4,0.572,2.26,17.9,0.301,0.727,0.51,0.111,0.551,0.583,101.0,99.87,83.23,1514.0,0.536,12.0,1.0,1.0,1.0,15.0,4.0,6.0,4.0,30.0,10.0,27.0,7.0,14.0,10.0,3.0,14.0,13.0,6.0,5.0,Regular Season
indiana pacers,2023-24,10,1610612754.0,15.0,8.0,7.0,0.533,48.3,45.4,91.9,0.494,11.6,32.9,0.353,15.7,20.5,0.765,9.9,33.4,43.3,28.5,11.5,7.3,6.0,4.6,20.2,18.1,118.1,3.3,12.0,14.0,13.0,15.0,10.0,1.0,3.0,6.0,26.0,23.0,23.0,14.0,15.0,19.0,16.0,12.0,16.0,6.0,5.0,16.0,7.0,12.0,28.0,13.0,4.0,12.0,Regular Season,1610612754.0,15.0,8.0,7.0,0.533,725.0,115.1,116.7,112.0,113.4,3.1,3.2,0.627,2.47,20.0,0.26,0.707,0.486,0.114,0.557,0.585,101.8,100.5,83.75,1518.0,0.517,12.0,14.0,13.0,15.0,15.0,8.0,14.0,12.0,21.0,4.0,9.0,22.0,22.0,23.0,4.0,11.0,12.0,2.0,13.0,Regular Season
la clippers,2023-24,10,1610612746.0,17.0,10.0,7.0,0.588,48.0,41.3,83.2,0.496,12.4,32.8,0.377,17.5,20.9,0.834,8.8,31.8,40.6,24.9,12.6,7.1,5.8,4.7,16.6,18.3,112.4,0.4,1.0,6.0,13.0,12.0,21.0,15.0,28.0,5.0,19.0,24.0,8.0,5.0,10.0,3.0,26.0,21.0,27.0,22.0,14.0,21.0,9.0,14.0,10.0,11.0,14.0,18.0,Regular Season,1610612746.0,17.0,10.0,7.0,0.588,816.0,116.8,118.9,117.0,117.8,-0.2,1.1,0.604,1.98,19.1,0.264,0.709,0.495,0.133,0.57,0.608,96.0,94.82,79.02,1607.0,0.51,1.0,6.0,13.0,12.0,3.0,3.0,26.0,17.0,26.0,17.0,18.0,19.0,21.0,19.0,16.0,6.0,3.0,26.0,15.0,Regular Season
los angeles lakers,2023-24,10,1610612747.0,14.0,9.0,5.0,0.643,48.7,43.1,85.5,0.505,13.3,32.7,0.406,20.3,25.1,0.807,8.0,38.0,46.0,28.4,14.4,5.1,5.1,4.5,14.1,19.4,119.9,2.6,26.0,9.0,7.0,7.0,1.0,9.0,25.0,2.0,10.0,25.0,2.0,1.0,1.0,4.0,30.0,1.0,4.0,8.0,21.0,30.0,14.0,10.0,1.0,2.0,3.0,13.0,Regular Season,1610612747.0,14.0,9.0,5.0,0.643,682.0,116.5,117.5,112.8,114.4,3.6,3.1,0.659,1.98,20.2,0.228,0.741,0.507,0.141,0.582,0.621,101.9,100.75,83.96,1428.0,0.525,26.0,9.0,7.0,7.0,26.0,6.0,17.0,13.0,7.0,18.0,7.0,30.0,6.0,13.0,18.0,2.0,1.0,1.0,10.0,Regular Season
memphis grizzlies,2023-24,10,1610612763.0,15.0,4.0,11.0,0.267,48.7,36.5,86.7,0.421,13.0,37.2,0.349,17.9,23.8,0.754,12.5,31.5,44.0,23.9,17.3,8.8,6.6,6.5,18.2,19.7,103.9,-11.1,12.0,25.0,24.0,25.0,3.0,30.0,21.0,30.0,14.0,7.0,25.0,3.0,2.0,25.0,2.0,23.0,12.0,28.0,30.0,4.0,2.0,28.0,20.0,1.0,28.0,29.0,Regular Season,1610612763.0,15.0,4.0,11.0,0.267,730.0,101.9,104.8,113.3,115.8,-11.4,-11.0,0.656,1.38,17.2,0.318,0.691,0.496,0.175,0.496,0.535,100.3,97.87,81.56,1487.0,0.438,12.0,25.0,24.0,25.0,12.0,28.0,23.0,28.0,10.0,30.0,30.0,2.0,28.0,18.0,30.0,29.0,30.0,14.0,29.0,Regular Season
miami heat,2023-24,10,1610612748.0,15.0,8.0,7.0,0.533,48.0,40.3,86.5,0.465,12.3,34.5,0.358,15.1,19.1,0.791,8.4,33.5,41.9,25.3,10.1,8.2,3.8,4.3,15.2,17.2,108.0,4.3,12.0,14.0,13.0,15.0,21.0,22.0,22.0,19.0,20.0,19.0,20.0,18.0,18.0,11.0,28.0,11.0,22.0,21.0,1.0,6.0,29.0,6.0,3.0,18.0,21.0,10.0,Regular Season,1610612748.0,15.0,8.0,7.0,0.533,720.0,111.8,113.4,107.5,108.7,4.3,4.6,0.627,2.51,19.2,0.24,0.756,0.493,0.106,0.537,0.569,96.6,95.33,79.44,1429.0,0.523,12.0,14.0,13.0,15.0,22.0,18.0,4.0,9.0,20.0,3.0,17.0,28.0,4.0,20.0,1.0,21.0,21.0,22.0,12.0,Regular Season
milwaukee bucks,2023-24,10,1610612749.0,14.0,8.0,6.0,0.571,48.7,41.7,87.6,0.476,14.4,39.0,0.37,17.0,21.9,0.778,8.9,35.1,44.0,26.4,12.1,5.9,4.1,4.8,18.3,18.4,114.9,0.4,26.0,14.0,10.0,13.0,1.0,13.0,16.0,13.0,3.0,3.0,12.0,7.0,5.0,16.0,25.0,5.0,12.0,18.0,11.0,27.0,25.0,15.0,22.0,6.0,8.0,17.0,Regular Season,1610612749.0,14.0,8.0,6.0,0.571,682.0,114.2,115.4,112.6,115.2,1.6,0.3,0.632,2.17,19.2,0.235,0.74,0.492,0.122,0.558,0.59,99.6,97.97,81.64,1393.0,0.499,26.0,14.0,10.0,13.0,26.0,15.0,20.0,18.0,17.0,13.0,16.0,29.0,7.0,21.0,9.0,10.0,9.0,13.0,18.0,Regular Season
minnesota timberwolves,2023-24,10,1610612750.0,15.0,9.0,6.0,0.6,48.7,41.1,87.0,0.472,12.5,34.1,0.368,15.5,20.9,0.741,10.1,32.5,42.6,27.1,11.7,8.1,5.9,4.1,17.3,18.4,110.1,4.2,12.0,9.0,10.0,11.0,3.0,17.0,20.0,15.0,16.0,20.0,14.0,16.0,11.0,30.0,14.0,20.0,20.0,13.0,8.0,7.0,8.0,4.0,16.0,8.0,18.0,11.0,Regular Season,1610612750.0,15.0,9.0,6.0,0.6,730.0,112.7,114.0,108.1,110.0,4.6,4.0,0.659,2.32,19.8,0.273,0.717,0.492,0.121,0.544,0.573,96.5,95.11,79.26,1449.0,0.526,12.0,9.0,10.0,11.0,12.0,17.0,5.0,11.0,6.0,7.0,12.0,15.0,18.0,22.0,7.0,17.0,19.0,25.0,8.0,Regular Season
new orleans pelicans,2023-24,10,1610612740.0,14.0,10.0,4.0,0.714,48.0,41.7,85.4,0.488,12.4,32.7,0.38,16.0,20.7,0.772,8.9,35.8,44.7,27.0,11.9,8.0,4.6,5.4,16.6,16.7,111.9,8.4,26.0,6.0,2.0,6.0,21.0,13.0,26.0,9.0,18.0,25.0,6.0,12.0,12.0,17.0,24.0,2.0,9.0,15.0,9.0,8.0,20.0,22.0,9.0,22.0,16.0,4.0,Regular Season,1610612740.0,14.0,10.0,4.0,0.714,672.0,114.7,115.7,106.3,107.2,8.4,8.6,0.647,2.26,20.0,0.247,0.75,0.507,0.123,0.561,0.592,97.5,96.61,80.51,1353.0,0.549,26.0,6.0,2.0,6.0,29.0,13.0,3.0,3.0,12.0,9.0,8.0,26.0,5.0,12.0,11.0,8.0,8.0,17.0,2.0,Regular Season
new york knicks,2023-24,10,1610612752.0,14.0,9.0,5.0,0.643,48.4,40.9,89.1,0.458,14.0,39.3,0.356,12.7,16.8,0.757,13.0,33.1,46.1,25.9,13.3,7.7,5.2,5.0,17.2,16.6,108.4,9.1,26.0,9.0,7.0,7.0,9.0,19.0,10.0,25.0,6.0,2.0,22.0,29.0,29.0,20.0,1.0,14.0,3.0,19.0,18.0,10.0,11.0,18.0,15.0,23.0,19.0,3.0,Regular Season,1610612752.0,14.0,9.0,5.0,0.643,677.0,112.0,115.7,104.6,105.9,7.4,9.8,0.633,1.95,19.0,0.339,0.724,0.529,0.142,0.537,0.562,95.2,93.09,77.58,1312.0,0.535,26.0,9.0,7.0,7.0,28.0,14.0,2.0,2.0,16.0,19.0,20.0,1.0,17.0,2.0,19.0,20.0,23.0,30.0,6.0,Regular Season
oklahoma city thunder,2023-24,10,1610612760.0,15.0,11.0,4.0,0.733,48.3,44.2,89.8,0.492,13.2,35.5,0.371,15.5,19.5,0.795,9.7,33.1,42.7,26.6,12.3,8.9,6.1,4.5,18.3,18.4,117.1,5.3,12.0,3.0,2.0,3.0,10.0,7.0,6.0,7.0,11.0,15.0,11.0,15.0,17.0,9.0,18.0,15.0,18.0,17.0,12.0,2.0,6.0,11.0,23.0,8.0,6.0,8.0,Regular Season,1610612760.0,15.0,11.0,4.0,0.733,725.0,116.0,116.0,109.8,111.6,6.2,4.4,0.602,2.17,19.1,0.261,0.736,0.5,0.121,0.566,0.595,100.7,99.94,83.28,1515.0,0.525,12.0,3.0,2.0,3.0,15.0,11.0,9.0,10.0,29.0,14.0,19.0,21.0,9.0,17.0,8.0,7.0,7.0,5.0,9.0,Regular Season
orlando magic,2023-24,10,1610612753.0,14.0,9.0,5.0,0.643,48.0,39.6,81.4,0.487,11.7,32.5,0.36,15.4,20.5,0.753,9.4,31.8,41.1,24.2,15.5,7.8,5.2,4.4,15.9,18.4,106.4,6.5,26.0,9.0,7.0,7.0,21.0,24.0,30.0,10.0,25.0,28.0,17.0,17.0,14.0,27.0,21.0,22.0,26.0,27.0,27.0,9.0,11.0,8.0,5.0,6.0,24.0,7.0,Regular Season,1610612753.0,14.0,9.0,5.0,0.643,672.0,110.2,111.6,102.9,104.9,7.3,6.7,0.611,1.56,18.5,0.27,0.759,0.52,0.163,0.559,0.588,96.9,95.32,79.43,1335.0,0.536,26.0,9.0,7.0,7.0,29.0,21.0,1.0,6.0,24.0,28.0,22.0,16.0,2.0,5.0,28.0,9.0,10.0,23.0,4.0,Regular Season
philadelphia 76ers,2023-24,10,1610612755.0,17.0,7.0,10.0,0.412,48.0,38.8,87.2,0.444,13.4,36.3,0.368,14.5,18.0,0.804,11.6,30.1,41.8,24.5,11.5,7.5,6.8,6.1,19.1,15.6,105.4,-1.6,1.0,20.0,21.0,20.0,21.0,27.0,18.0,28.0,9.0,10.0,13.0,19.0,22.0,5.0,7.0,28.0,24.0,25.0,4.0,13.0,1.0,26.0,25.0,28.0,25.0,19.0,Regular Season,1610612755.0,17.0,7.0,10.0,0.412,816.0,110.9,112.6,111.0,114.6,-0.1,-2.0,0.631,2.13,18.5,0.292,0.687,0.483,0.123,0.521,0.554,95.6,93.47,77.89,1591.0,0.48,1.0,20.0,21.0,20.0,3.0,20.0,18.0,20.0,18.0,15.0,23.0,12.0,29.0,26.0,10.0,27.0,27.0,29.0,23.0,Regular Season
phoenix suns,2023-24,10,1610612756.0,15.0,8.0,7.0,0.533,48.3,43.7,87.5,0.499,13.4,33.9,0.396,13.3,16.9,0.787,10.7,35.7,46.5,28.7,15.3,5.8,6.1,4.1,16.3,15.2,114.1,0.8,12.0,14.0,13.0,15.0,10.0,8.0,17.0,3.0,7.0,21.0,4.0,27.0,27.0,13.0,11.0,3.0,2.0,5.0,26.0,28.0,5.0,3.0,7.0,29.0,10.0,16.0,Regular Season,1610612756.0,15.0,8.0,7.0,0.533,725.0,114.5,115.8,112.7,114.6,1.8,1.1,0.658,1.87,20.5,0.295,0.739,0.529,0.156,0.575,0.6,99.4,97.99,81.66,1478.0,0.512,12.0,14.0,13.0,15.0,15.0,12.0,19.0,16.0,8.0,21.0,6.0,10.0,8.0,1.0,27.0,3.0,5.0,12.0,14.0,Regular Season
portland trail blazers,2023-24,10,1610612757.0,17.0,4.0,13.0,0.235,48.6,40.8,88.2,0.462,11.8,32.6,0.36,13.8,17.6,0.786,12.1,30.6,42.6,24.6,16.6,7.2,4.3,6.8,20.2,16.8,107.1,-8.8,1.0,25.0,28.0,27.0,8.0,20.0,12.0,22.0,24.0,27.0,18.0,23.0,25.0,14.0,5.0,26.0,19.0,24.0,29.0,17.0,23.0,30.0,29.0,21.0,23.0,24.0,Regular Season,1610612757.0,17.0,4.0,13.0,0.235,826.0,106.5,108.7,115.0,117.4,-8.5,-8.7,0.603,1.48,17.8,0.313,0.695,0.501,0.169,0.529,0.558,99.5,97.48,81.23,1676.0,0.445,1.0,25.0,28.0,27.0,1.0,25.0,25.0,24.0,28.0,29.0,28.0,3.0,26.0,16.0,29.0,24.0,24.0,15.0,26.0,Regular Season
sacramento kings,2023-24,10,1610612758.0,16.0,10.0,6.0,0.625,48.6,42.8,90.9,0.47,12.6,35.8,0.353,16.1,20.1,0.801,11.5,34.2,45.7,28.1,12.9,8.6,4.8,4.0,20.8,18.3,114.2,4.8,5.0,6.0,10.0,10.0,6.0,10.0,5.0,17.0,15.0,13.0,24.0,11.0,16.0,7.0,8.0,9.0,5.0,9.0,15.0,5.0,19.0,2.0,30.0,12.0,9.0,9.0,Regular Season,1610612758.0,16.0,10.0,6.0,0.625,778.0,113.0,116.0,110.0,110.8,3.0,5.2,0.658,2.18,19.8,0.308,0.759,0.528,0.131,0.54,0.573,99.0,97.3,81.08,1575.0,0.523,5.0,6.0,10.0,10.0,5.0,10.0,7.0,8.0,9.0,11.0,11.0,6.0,3.0,3.0,14.0,18.0,18.0,16.0,11.0,Regular Season
san antonio spurs,2023-24,10,1610612759.0,15.0,6.0,9.0,0.4,48.7,41.3,88.1,0.469,12.5,34.9,0.358,16.9,21.2,0.799,10.7,34.4,45.1,30.0,15.7,6.7,6.3,4.3,16.4,17.8,111.9,-2.0,12.0,22.0,20.0,22.0,3.0,16.0,13.0,18.0,17.0,17.0,21.0,8.0,7.0,8.0,11.0,8.0,7.0,2.0,28.0,24.0,3.0,6.0,8.0,15.0,15.0,20.0,Regular Season,1610612759.0,15.0,6.0,9.0,0.4,730.0,109.4,110.3,110.2,112.1,-0.8,-1.8,0.727,1.91,20.7,0.278,0.729,0.505,0.154,0.539,0.575,101.5,100.14,83.45,1522.0,0.498,12.0,22.0,20.0,22.0,12.0,24.0,11.0,19.0,2.0,20.0,3.0,14.0,12.0,14.0,26.0,19.0,16.0,4.0,19.0,Regular Season
toronto raptors,2023-24,10,1610612761.0,15.0,1.0,14.0,0.067,48.3,40.3,88.3,0.456,11.2,35.1,0.319,13.4,17.9,0.75,9.3,28.6,37.9,27.6,15.3,8.9,4.2,5.9,17.1,16.8,105.1,-15.5,12.0,30.0,30.0,30.0,10.0,22.0,11.0,26.0,29.0,16.0,29.0,26.0,24.0,29.0,22.0,30.0,30.0,10.0,25.0,3.0,24.0,24.0,12.0,20.0,27.0,30.0,Regular Season,1610612761.0,15.0,1.0,14.0,0.067,725.0,103.0,104.5,118.5,120.0,-15.5,-15.5,0.685,1.81,19.7,0.248,0.658,0.446,0.152,0.52,0.547,101.2,99.87,83.23,1509.0,0.433,12.0,30.0,30.0,30.0,15.0,29.0,29.0,30.0,3.0,23.0,13.0,25.0,30.0,30.0,25.0,28.0,28.0,6.0,30.0,Regular Season
utah jazz,2023-24,10,1610612762.0,15.0,2.0,13.0,0.133,48.0,40.7,87.7,0.464,11.8,34.9,0.338,17.7,20.6,0.861,10.7,32.6,43.3,24.6,14.5,5.2,5.1,6.0,17.2,18.1,111.0,-10.3,12.0,29.0,28.0,29.0,21.0,21.0,15.0,21.0,23.0,17.0,26.0,4.0,13.0,1.0,11.0,18.0,15.0,23.0,23.0,29.0,15.0,25.0,14.0,13.0,17.0,27.0,Regular Season,1610612762.0,15.0,2.0,13.0,0.133,720.0,110.4,112.9,121.8,123.2,-11.3,-10.3,0.604,1.7,18.0,0.297,0.725,0.509,0.147,0.532,0.573,100.1,98.4,82.0,1475.0,0.454,12.0,29.0,28.0,29.0,22.0,19.0,30.0,27.0,27.0,26.0,26.0,9.0,16.0,11.0,23.0,22.0,17.0,11.0,24.0,Regular Season
washington wizards,2023-24,10,1610612764.0,16.0,5.0,11.0,0.313,48.3,41.0,89.4,0.458,12.0,35.9,0.334,14.4,18.8,0.767,9.5,32.5,42.0,26.6,14.4,6.6,4.4,6.6,19.6,17.1,108.4,-9.4,5.0,24.0,24.0,24.0,17.0,18.0,8.0,24.0,21.0,11.0,27.0,20.0,19.0,18.0,19.0,19.0,21.0,16.0,22.0,25.0,22.0,29.0,27.0,19.0,20.0,25.0,Regular Season,1610612764.0,16.0,5.0,11.0,0.313,773.0,105.6,107.4,114.7,116.4,-9.0,-9.1,0.649,1.84,19.0,0.255,0.705,0.478,0.143,0.526,0.555,102.0,100.41,83.67,1615.0,0.453,5.0,24.0,24.0,24.0,7.0,26.0,24.0,25.0,11.0,22.0,21.0,23.0,24.0,28.0,22.0,26.0,25.0,3.0,25.0,Regular Season
atlanta hawks,2023-24,11,1610612737.0,15.0,8.0,7.0,0.533,48.3,42.3,89.8,0.471,14.6,37.5,0.39,13.8,18.3,0.755,11.9,31.1,43.0,27.2,12.5,7.7,4.8,6.2,18.3,16.5,112.9,1.7,12.0,14.0,13.0,15.0,10.0,11.0,6.0,16.0,2.0,6.0,5.0,25.0,21.0,22.0,6.0,25.0,17.0,11.0,13.0,11.0,18.0,27.0,21.0,24.0,12.0,15.0,Regular Season,1610612737.0,15.0,8.0,7.0,0.533,725.0,114.7,117.5,113.1,115.7,1.6,1.7,0.644,2.18,19.6,0.312,0.725,0.511,0.13,0.552,0.577,97.7,95.47,79.56,1442.0,0.495,12.0,14.0,13.0,15.0,15.0,7.0,22.0,15.0,14.0,12.0,14.0,4.0,15.0,9.0,13.0,12.0,14.0,21.0,20.0,Regular Season
boston celtics,2023-24,11,1610612738.0,16.0,12.0,4.0,0.75,48.3,44.9,91.4,0.491,18.0,43.1,0.418,13.9,17.4,0.802,11.1,33.1,44.1,28.4,10.3,7.2,6.3,3.7,14.2,16.1,121.7,14.8,5.0,2.0,2.0,2.0,17.0,2.0,4.0,8.0,1.0,1.0,1.0,22.0,26.0,6.0,9.0,16.0,11.0,7.0,2.0,19.0,4.0,1.0,2.0,27.0,1.0,1.0,Regular Season,1610612738.0,16.0,12.0,4.0,0.75,773.0,123.9,126.7,110.1,110.9,13.8,15.8,0.634,2.77,20.5,0.299,0.73,0.515,0.107,0.59,0.614,97.0,95.6,79.66,1537.0,0.561,5.0,2.0,2.0,2.0,7.0,1.0,8.0,1.0,15.0,1.0,5.0,8.0,11.0,7.0,2.0,1.0,2.0,20.0,1.0,Regular Season
brooklyn nets,2023-24,11,1610612751.0,16.0,6.0,10.0,0.375,48.6,39.1,86.1,0.454,13.1,35.9,0.364,16.1,21.4,0.752,11.1,30.4,41.5,24.4,13.8,7.6,4.5,4.4,16.9,18.6,107.4,-2.3,5.0,22.0,21.0,23.0,6.0,25.0,24.0,27.0,13.0,12.0,16.0,10.0,6.0,28.0,9.0,27.0,25.0,26.0,20.0,12.0,21.0,9.0,11.0,4.0,22.0,21.0,Regular Season,1610612751.0,16.0,6.0,10.0,0.375,778.0,109.4,111.5,111.5,113.7,-2.2,-2.2,0.623,1.77,18.1,0.282,0.707,0.486,0.143,0.53,0.562,97.1,95.23,79.36,1542.0,0.482,5.0,22.0,21.0,23.0,5.0,22.0,15.0,21.0,22.0,25.0,25.0,13.0,23.0,24.0,20.0,23.0,22.0,24.0,22.0,Regular Season
charlotte hornets,2023-24,11,1610612766.0,15.0,3.0,12.0,0.2,48.0,38.8,84.4,0.46,11.5,35.7,0.323,12.7,16.9,0.755,8.5,29.9,38.4,23.7,13.3,6.8,3.5,4.6,15.5,17.3,101.9,-10.6,12.0,28.0,26.0,28.0,21.0,26.0,27.0,23.0,28.0,14.0,28.0,28.0,28.0,23.0,27.0,29.0,29.0,29.0,17.0,23.0,30.0,12.0,4.0,17.0,30.0,28.0,Regular Season,1610612766.0,15.0,3.0,12.0,0.2,720.0,105.5,107.2,116.9,118.9,-11.4,-11.7,0.612,1.79,18.2,0.248,0.702,0.468,0.14,0.528,0.555,96.4,94.8,79.0,1425.0,0.441,12.0,28.0,26.0,28.0,22.0,27.0,28.0,29.0,23.0,24.0,24.0,24.0,25.0,29.0,17.0,25.0,26.0,27.0,28.0,Regular Season
chicago bulls,2023-24,11,1610612741.0,16.0,8.0,8.0,0.5,48.3,42.1,87.1,0.484,11.8,31.2,0.379,16.8,21.1,0.793,9.2,32.7,41.9,27.1,11.6,7.0,3.9,4.8,17.5,19.1,112.8,-2.4,5.0,14.0,19.0,19.0,17.0,12.0,19.0,11.0,22.0,29.0,7.0,9.0,8.0,10.0,23.0,17.0,23.0,12.0,7.0,22.0,27.0,16.0,17.0,3.0,13.0,22.0,Regular Season,1610612741.0,16.0,8.0,8.0,0.5,773.0,114.2,116.3,116.1,118.6,-1.9,-2.3,0.644,2.33,19.9,0.267,0.692,0.485,0.12,0.552,0.585,98.4,96.43,80.36,1552.0,0.499,5.0,14.0,19.0,19.0,7.0,9.0,27.0,22.0,13.0,6.0,10.0,18.0,27.0,25.0,6.0,13.0,11.0,18.0,17.0,Regular Season
cleveland cavaliers,2023-24,11,1610612739.0,17.0,7.0,10.0,0.412,48.3,38.6,83.2,0.465,14.1,37.9,0.372,13.8,18.3,0.756,8.1,31.4,39.5,28.8,13.5,6.4,3.9,4.8,16.1,17.5,105.2,-4.5,1.0,20.0,21.0,20.0,20.0,28.0,29.0,20.0,5.0,5.0,9.0,23.0,20.0,21.0,29.0,24.0,28.0,4.0,19.0,26.0,26.0,17.0,6.0,16.0,26.0,23.0,Regular Season,1610612739.0,17.0,7.0,10.0,0.412,821.0,108.9,111.1,113.7,115.7,-4.8,-4.6,0.746,2.13,21.4,0.245,0.714,0.48,0.143,0.55,0.577,96.0,94.19,78.49,1610.0,0.483,1.0,20.0,21.0,20.0,2.0,23.0,21.0,23.0,1.0,16.0,2.0,27.0,20.0,27.0,21.0,16.0,15.0,28.0,21.0,Regular Season
dallas mavericks,2023-24,11,1610612742.0,15.0,11.0,4.0,0.733,48.0,44.3,89.3,0.497,13.4,36.7,0.365,15.9,21.1,0.753,9.4,35.1,44.5,27.1,11.5,7.2,5.5,4.3,17.5,18.4,117.9,7.0,12.0,3.0,2.0,3.0,21.0,5.0,9.0,4.0,7.0,9.0,15.0,13.0,9.0,26.0,20.0,6.0,10.0,13.0,5.0,18.0,10.0,5.0,18.0,8.0,5.0,6.0,Regular Season,1610612742.0,15.0,11.0,4.0,0.733,720.0,117.1,118.8,109.8,112.1,7.4,6.7,0.611,2.35,19.5,0.262,0.732,0.503,0.116,0.572,0.598,100.9,99.1,82.58,1489.0,0.534,12.0,3.0,2.0,3.0,22.0,5.0,10.0,7.0,25.0,5.0,15.0,20.0,10.0,15.0,5.0,5.0,6.0,9.0,7.0,Regular Season
denver nuggets,2023-24,11,1610612743.0,15.0,11.0,4.0,0.733,48.3,44.8,88.0,0.509,11.6,29.2,0.397,14.1,17.9,0.788,10.1,33.9,44.0,30.5,12.1,7.4,5.2,5.3,17.1,16.1,115.3,7.1,12.0,3.0,2.0,3.0,10.0,3.0,14.0,1.0,26.0,30.0,3.0,21.0,23.0,12.0,14.0,10.0,12.0,1.0,10.0,14.0,13.0,20.0,12.0,26.0,7.0,5.0,Regular Season,1610612743.0,15.0,11.0,4.0,0.733,725.0,117.8,119.4,109.8,112.2,8.0,7.2,0.682,2.52,21.8,0.294,0.716,0.516,0.126,0.575,0.601,97.5,95.87,79.89,1449.0,0.545,12.0,3.0,2.0,3.0,15.0,2.0,12.0,5.0,4.0,2.0,1.0,11.0,19.0,6.0,12.0,4.0,4.0,19.0,3.0,Regular Season
detroit pistons,2023-24,11,1610612765.0,16.0,4.0,12.0,0.25,48.0,37.3,86.3,0.432,9.9,33.8,0.294,18.8,22.3,0.843,9.8,35.3,45.1,23.4,15.0,7.1,3.9,5.4,19.3,16.4,103.3,-9.8,5.0,25.0,26.0,26.0,21.0,29.0,23.0,29.0,30.0,22.0,30.0,2.0,3.0,2.0,17.0,4.0,8.0,30.0,24.0,20.0,27.0,21.0,26.0,25.0,29.0,26.0,Regular Season,1610612765.0,16.0,4.0,12.0,0.25,768.0,101.9,103.6,112.3,113.7,-10.3,-10.1,0.629,1.56,17.2,0.267,0.776,0.514,0.15,0.489,0.537,101.0,99.56,82.97,1595.0,0.445,5.0,25.0,26.0,26.0,10.0,30.0,16.0,26.0,19.0,27.0,29.0,17.0,1.0,8.0,24.0,30.0,29.0,8.0,27.0,Regular Season
golden state warriors,2023-24,11,1610612744.0,16.0,9.0,7.0,0.563,48.0,44.4,92.7,0.479,13.2,36.7,0.359,11.9,15.8,0.754,12.1,34.7,46.8,29.6,13.1,7.4,4.9,5.2,17.6,14.9,113.9,2.4,5.0,9.0,13.0,14.0,21.0,4.0,2.0,12.0,12.0,8.0,19.0,30.0,30.0,24.0,4.0,7.0,1.0,3.0,16.0,15.0,16.0,19.0,19.0,30.0,11.0,14.0,Regular Season,1610612744.0,16.0,9.0,7.0,0.563,768.0,113.3,115.1,111.1,112.8,2.3,2.3,0.667,2.27,20.6,0.312,0.727,0.52,0.132,0.551,0.572,100.5,98.94,82.45,1584.0,0.51,5.0,9.0,13.0,14.0,10.0,16.0,13.0,14.0,5.0,8.0,4.0,5.0,13.0,4.0,15.0,15.0,20.0,10.0,16.0,Regular Season
houston rockets,2023-24,11,1610612745.0,15.0,13.0,2.0,0.867,48.3,44.3,93.3,0.475,14.3,38.4,0.372,17.1,21.9,0.781,12.1,33.3,45.4,25.3,11.2,9.1,4.9,5.8,18.8,18.5,119.9,9.3,12.0,1.0,1.0,1.0,10.0,6.0,1.0,14.0,4.0,4.0,10.0,6.0,4.0,15.0,3.0,13.0,6.0,20.0,3.0,1.0,17.0,23.0,24.0,5.0,2.0,2.0,Regular Season,1610612745.0,15.0,13.0,2.0,0.867,725.0,117.6,118.8,109.1,110.4,8.5,8.4,0.572,2.26,17.9,0.301,0.727,0.51,0.111,0.551,0.583,101.0,99.87,83.23,1514.0,0.536,12.0,1.0,1.0,1.0,15.0,4.0,6.0,4.0,30.0,10.0,27.0,7.0,14.0,10.0,3.0,14.0,13.0,6.0,5.0,Regular Season
indiana pacers,2023-24,11,1610612754.0,15.0,8.0,7.0,0.533,48.3,45.4,91.9,0.494,11.6,32.9,0.353,15.7,20.5,0.765,9.9,33.4,43.3,28.5,11.5,7.3,6.0,4.6,20.2,18.1,118.1,3.3,12.0,14.0,13.0,15.0,10.0,1.0,3.0,6.0,26.0,23.0,23.0,14.0,15.0,19.0,16.0,12.0,16.0,6.0,5.0,16.0,7.0,12.0,28.0,13.0,4.0,12.0,Regular Season,1610612754.0,15.0,8.0,7.0,0.533,725.0,115.1,116.7,112.0,113.4,3.1,3.2,0.627,2.47,20.0,0.26,0.707,0.486,0.114,0.557,0.585,101.8,100.5,83.75,1518.0,0.517,12.0,14.0,13.0,15.0,15.0,8.0,14.0,12.0,21.0,4.0,9.0,22.0,22.0,23.0,4.0,11.0,12.0,2.0,13.0,Regular Season
la clippers,2023-24,11,1610612746.0,17.0,10.0,7.0,0.588,48.0,41.3,83.2,0.496,12.4,32.8,0.377,17.5,20.9,0.834,8.8,31.8,40.6,24.9,12.6,7.1,5.8,4.7,16.6,18.3,112.4,0.4,1.0,6.0,13.0,12.0,21.0,15.0,28.0,5.0,19.0,24.0,8.0,5.0,10.0,3.0,26.0,21.0,27.0,22.0,14.0,21.0,9.0,14.0,10.0,11.0,14.0,18.0,Regular Season,1610612746.0,17.0,10.0,7.0,0.588,816.0,116.8,118.9,117.0,117.8,-0.2,1.1,0.604,1.98,19.1,0.264,0.709,0.495,0.133,0.57,0.608,96.0,94.82,79.02,1607.0,0.51,1.0,6.0,13.0,12.0,3.0,3.0,26.0,17.0,26.0,17.0,18.0,19.0,21.0,19.0,16.0,6.0,3.0,26.0,15.0,Regular Season
los angeles lakers,2023-24,11,1610612747.0,14.0,9.0,5.0,0.643,48.7,43.1,85.5,0.505,13.3,32.7,0.406,20.3,25.1,0.807,8.0,38.0,46.0,28.4,14.4,5.1,5.1,4.5,14.1,19.4,119.9,2.6,26.0,9.0,7.0,7.0,1.0,9.0,25.0,2.0,10.0,25.0,2.0,1.0,1.0,4.0,30.0,1.0,4.0,8.0,21.0,30.0,14.0,10.0,1.0,2.0,3.0,13.0,Regular Season,1610612747.0,14.0,9.0,5.0,0.643,682.0,116.5,117.5,112.8,114.4,3.6,3.1,0.659,1.98,20.2,0.228,0.741,0.507,0.141,0.582,0.621,101.9,100.75,83.96,1428.0,0.525,26.0,9.0,7.0,7.0,26.0,6.0,17.0,13.0,7.0,18.0,7.0,30.0,6.0,13.0,18.0,2.0,1.0,1.0,10.0,Regular Season
memphis grizzlies,2023-24,11,1610612763.0,15.0,4.0,11.0,0.267,48.7,36.5,86.7,0.421,13.0,37.2,0.349,17.9,23.8,0.754,12.5,31.5,44.0,23.9,17.3,8.8,6.6,6.5,18.2,19.7,103.9,-11.1,12.0,25.0,24.0,25.0,3.0,30.0,21.0,30.0,14.0,7.0,25.0,3.0,2.0,25.0,2.0,23.0,12.0,28.0,30.0,4.0,2.0,28.0,20.0,1.0,28.0,29.0,Regular Season,1610612763.0,15.0,4.0,11.0,0.267,730.0,101.9,104.8,113.3,115.8,-11.4,-11.0,0.656,1.38,17.2,0.318,0.691,0.496,0.175,0.496,0.535,100.3,97.87,81.56,1487.0,0.438,12.0,25.0,24.0,25.0,12.0,28.0,23.0,28.0,10.0,30.0,30.0,2.0,28.0,18.0,30.0,29.0,30.0,14.0,29.0,Regular Season
miami heat,2023-24,11,1610612748.0,15.0,8.0,7.0,0.533,48.0,40.3,86.5,0.465,12.3,34.5,0.358,15.1,19.1,0.791,8.4,33.5,41.9,25.3,10.1,8.2,3.8,4.3,15.2,17.2,108.0,4.3,12.0,14.0,13.0,15.0,21.0,22.0,22.0,19.0,20.0,19.0,20.0,18.0,18.0,11.0,28.0,11.0,22.0,21.0,1.0,6.0,29.0,6.0,3.0,18.0,21.0,10.0,Regular Season,1610612748.0,15.0,8.0,7.0,0.533,720.0,111.8,113.4,107.5,108.7,4.3,4.6,0.627,2.51,19.2,0.24,0.756,0.493,0.106,0.537,0.569,96.6,95.33,79.44,1429.0,0.523,12.0,14.0,13.0,15.0,22.0,18.0,4.0,9.0,20.0,3.0,17.0,28.0,4.0,20.0,1.0,21.0,21.0,22.0,12.0,Regular Season
milwaukee bucks,2023-24,11,1610612749.0,14.0,8.0,6.0,0.571,48.7,41.7,87.6,0.476,14.4,39.0,0.37,17.0,21.9,0.778,8.9,35.1,44.0,26.4,12.1,5.9,4.1,4.8,18.3,18.4,114.9,0.4,26.0,14.0,10.0,13.0,1.0,13.0,16.0,13.0,3.0,3.0,12.0,7.0,5.0,16.0,25.0,5.0,12.0,18.0,11.0,27.0,25.0,15.0,22.0,6.0,8.0,17.0,Regular Season,1610612749.0,14.0,8.0,6.0,0.571,682.0,114.2,115.4,112.6,115.2,1.6,0.3,0.632,2.17,19.2,0.235,0.74,0.492,0.122,0.558,0.59,99.6,97.97,81.64,1393.0,0.499,26.0,14.0,10.0,13.0,26.0,15.0,20.0,18.0,17.0,13.0,16.0,29.0,7.0,21.0,9.0,10.0,9.0,13.0,18.0,Regular Season
minnesota timberwolves,2023-24,11,1610612750.0,15.0,9.0,6.0,0.6,48.7,41.1,87.0,0.472,12.5,34.1,0.368,15.5,20.9,0.741,10.1,32.5,42.6,27.1,11.7,8.1,5.9,4.1,17.3,18.4,110.1,4.2,12.0,9.0,10.0,11.0,3.0,17.0,20.0,15.0,16.0,20.0,14.0,16.0,11.0,30.0,14.0,20.0,20.0,13.0,8.0,7.0,8.0,4.0,16.0,8.0,18.0,11.0,Regular Season,1610612750.0,15.0,9.0,6.0,0.6,730.0,112.7,114.0,108.1,110.0,4.6,4.0,0.659,2.32,19.8,0.273,0.717,0.492,0.121,0.544,0.573,96.5,95.11,79.26,1449.0,0.526,12.0,9.0,10.0,11.0,12.0,17.0,5.0,11.0,6.0,7.0,12.0,15.0,18.0,22.0,7.0,17.0,19.0,25.0,8.0,Regular Season
new orleans pelicans,2023-24,11,1610612740.0,14.0,10.0,4.0,0.714,48.0,41.7,85.4,0.488,12.4,32.7,0.38,16.0,20.7,0.772,8.9,35.8,44.7,27.0,11.9,8.0,4.6,5.4,16.6,16.7,111.9,8.4,26.0,6.0,2.0,6.0,21.0,13.0,26.0,9.0,18.0,25.0,6.0,12.0,12.0,17.0,24.0,2.0,9.0,15.0,9.0,8.0,20.0,22.0,9.0,22.0,16.0,4.0,Regular Season,1610612740.0,14.0,10.0,4.0,0.714,672.0,114.7,115.7,106.3,107.2,8.4,8.6,0.647,2.26,20.0,0.247,0.75,0.507,0.123,0.561,0.592,97.5,96.61,80.51,1353.0,0.549,26.0,6.0,2.0,6.0,29.0,13.0,3.0,3.0,12.0,9.0,8.0,26.0,5.0,12.0,11.0,8.0,8.0,17.0,2.0,Regular Season
new york knicks,2023-24,11,1610612752.0,14.0,9.0,5.0,0.643,48.4,40.9,89.1,0.458,14.0,39.3,0.356,12.7,16.8,0.757,13.0,33.1,46.1,25.9,13.3,7.7,5.2,5.0,17.2,16.6,108.4,9.1,26.0,9.0,7.0,7.0,9.0,19.0,10.0,25.0,6.0,2.0,22.0,29.0,29.0,20.0,1.0,14.0,3.0,19.0,18.0,10.0,11.0,18.0,15.0,23.0,19.0,3.0,Regular Season,1610612752.0,14.0,9.0,5.0,0.643,677.0,112.0,115.7,104.6,105.9,7.4,9.8,0.633,1.95,19.0,0.339,0.724,0.529,0.142,0.537,0.562,95.2,93.09,77.58,1312.0,0.535,26.0,9.0,7.0,7.0,28.0,14.0,2.0,2.0,16.0,19.0,20.0,1.0,17.0,2.0,19.0,20.0,23.0,30.0,6.0,Regular Season
oklahoma city thunder,2023-24,11,1610612760.0,15.0,11.0,4.0,0.733,48.3,44.2,89.8,0.492,13.2,35.5,0.371,15.5,19.5,0.795,9.7,33.1,42.7,26.6,12.3,8.9,6.1,4.5,18.3,18.4,117.1,5.3,12.0,3.0,2.0,3.0,10.0,7.0,6.0,7.0,11.0,15.0,11.0,15.0,17.0,9.0,18.0,15.0,18.0,17.0,12.0,2.0,6.0,11.0,23.0,8.0,6.0,8.0,Regular Season,1610612760.0,15.0,11.0,4.0,0.733,725.0,116.0,116.0,109.8,111.6,6.2,4.4,0.602,2.17,19.1,0.261,0.736,0.5,0.121,0.566,0.595,100.7,99.94,83.28,1515.0,0.525,12.0,3.0,2.0,3.0,15.0,11.0,9.0,10.0,29.0,14.0,19.0,21.0,9.0,17.0,8.0,7.0,7.0,5.0,9.0,Regular Season
orlando magic,2023-24,11,1610612753.0,14.0,9.0,5.0,0.643,48.0,39.6,81.4,0.487,11.7,32.5,0.36,15.4,20.5,0.753,9.4,31.8,41.1,24.2,15.5,7.8,5.2,4.4,15.9,18.4,106.4,6.5,26.0,9.0,7.0,7.0,21.0,24.0,30.0,10.0,25.0,28.0,17.0,17.0,14.0,27.0,21.0,22.0,26.0,27.0,27.0,9.0,11.0,8.0,5.0,6.0,24.0,7.0,Regular Season,1610612753.0,14.0,9.0,5.0,0.643,672.0,110.2,111.6,102.9,104.9,7.3,6.7,0.611,1.56,18.5,0.27,0.759,0.52,0.163,0.559,0.588,96.9,95.32,79.43,1335.0,0.536,26.0,9.0,7.0,7.0,29.0,21.0,1.0,6.0,24.0,28.0,22.0,16.0,2.0,5.0,28.0,9.0,10.0,23.0,4.0,Regular Season
philadelphia 76ers,2023-24,11,1610612755.0,17.0,7.0,10.0,0.412,48.0,38.8,87.2,0.444,13.4,36.3,0.368,14.5,18.0,0.804,11.6,30.1,41.8,24.5,11.5,7.5,6.8,6.1,19.1,15.6,105.4,-1.6,1.0,20.0,21.0,20.0,21.0,27.0,18.0,28.0,9.0,10.0,13.0,19.0,22.0,5.0,7.0,28.0,24.0,25.0,4.0,13.0,1.0,26.0,25.0,28.0,25.0,19.0,Regular Season,1610612755.0,17.0,7.0,10.0,0.412,816.0,110.9,112.6,111.0,114.6,-0.1,-2.0,0.631,2.13,18.5,0.292,0.687,0.483,0.123,0.521,0.554,95.6,93.47,77.89,1591.0,0.48,1.0,20.0,21.0,20.0,3.0,20.0,18.0,20.0,18.0,15.0,23.0,12.0,29.0,26.0,10.0,27.0,27.0,29.0,23.0,Regular Season
phoenix suns,2023-24,11,1610612756.0,15.0,8.0,7.0,0.533,48.3,43.7,87.5,0.499,13.4,33.9,0.396,13.3,16.9,0.787,10.7,35.7,46.5,28.7,15.3,5.8,6.1,4.1,16.3,15.2,114.1,0.8,12.0,14.0,13.0,15.0,10.0,8.0,17.0,3.0,7.0,21.0,4.0,27.0,27.0,13.0,11.0,3.0,2.0,5.0,26.0,28.0,5.0,3.0,7.0,29.0,10.0,16.0,Regular Season,1610612756.0,15.0,8.0,7.0,0.533,725.0,114.5,115.8,112.7,114.6,1.8,1.1,0.658,1.87,20.5,0.295,0.739,0.529,0.156,0.575,0.6,99.4,97.99,81.66,1478.0,0.512,12.0,14.0,13.0,15.0,15.0,12.0,19.0,16.0,8.0,21.0,6.0,10.0,8.0,1.0,27.0,3.0,5.0,12.0,14.0,Regular Season
portland trail blazers,2023-24,11,1610612757.0,17.0,4.0,13.0,0.235,48.6,40.8,88.2,0.462,11.8,32.6,0.36,13.8,17.6,0.786,12.1,30.6,42.6,24.6,16.6,7.2,4.3,6.8,20.2,16.8,107.1,-8.8,1.0,25.0,28.0,27.0,8.0,20.0,12.0,22.0,24.0,27.0,18.0,23.0,25.0,14.0,5.0,26.0,19.0,24.0,29.0,17.0,23.0,30.0,29.0,21.0,23.0,24.0,Regular Season,1610612757.0,17.0,4.0,13.0,0.235,826.0,106.5,108.7,115.0,117.4,-8.5,-8.7,0.603,1.48,17.8,0.313,0.695,0.501,0.169,0.529,0.558,99.5,97.48,81.23,1676.0,0.445,1.0,25.0,28.0,27.0,1.0,25.0,25.0,24.0,28.0,29.0,28.0,3.0,26.0,16.0,29.0,24.0,24.0,15.0,26.0,Regular Season
sacramento kings,2023-24,11,1610612758.0,16.0,10.0,6.0,0.625,48.6,42.8,90.9,0.47,12.6,35.8,0.353,16.1,20.1,0.801,11.5,34.2,45.7,28.1,12.9,8.6,4.8,4.0,20.8,18.3,114.2,4.8,5.0,6.0,10.0,10.0,6.0,10.0,5.0,17.0,15.0,13.0,24.0,11.0,16.0,7.0,8.0,9.0,5.0,9.0,15.0,5.0,19.0,2.0,30.0,12.0,9.0,9.0,Regular Season,1610612758.0,16.0,10.0,6.0,0.625,778.0,113.0,116.0,110.0,110.8,3.0,5.2,0.658,2.18,19.8,0.308,0.759,0.528,0.131,0.54,0.573,99.0,97.3,81.08,1575.0,0.523,5.0,6.0,10.0,10.0,5.0,10.0,7.0,8.0,9.0,11.0,11.0,6.0,3.0,3.0,14.0,18.0,18.0,16.0,11.0,Regular Season
san antonio spurs,2023-24,11,1610612759.0,15.0,6.0,9.0,0.4,48.7,41.3,88.1,0.469,12.5,34.9,0.358,16.9,21.2,0.799,10.7,34.4,45.1,30.0,15.7,6.7,6.3,4.3,16.4,17.8,111.9,-2.0,12.0,22.0,20.0,22.0,3.0,16.0,13.0,18.0,17.0,17.0,21.0,8.0,7.0,8.0,11.0,8.0,7.0,2.0,28.0,24.0,3.0,6.0,8.0,15.0,15.0,20.0,Regular Season,1610612759.0,15.0,6.0,9.0,0.4,730.0,109.4,110.3,110.2,112.1,-0.8,-1.8,0.727,1.91,20.7,0.278,0.729,0.505,0.154,0.539,0.575,101.5,100.14,83.45,1522.0,0.498,12.0,22.0,20.0,22.0,12.0,24.0,11.0,19.0,2.0,20.0,3.0,14.0,12.0,14.0,26.0,19.0,16.0,4.0,19.0,Regular Season
toronto raptors,2023-24,11,1610612761.0,15.0,1.0,14.0,0.067,48.3,40.3,88.3,0.456,11.2,35.1,0.319,13.4,17.9,0.75,9.3,28.6,37.9,27.6,15.3,8.9,4.2,5.9,17.1,16.8,105.1,-15.5,12.0,30.0,30.0,30.0,10.0,22.0,11.0,26.0,29.0,16.0,29.0,26.0,24.0,29.0,22.0,30.0,30.0,10.0,25.0,3.0,24.0,24.0,12.0,20.0,27.0,30.0,Regular Season,1610612761.0,15.0,1.0,14.0,0.067,725.0,103.0,104.5,118.5,120.0,-15.5,-15.5,0.685,1.81,19.7,0.248,0.658,0.446,0.152,0.52,0.547,101.2,99.87,83.23,1509.0,0.433,12.0,30.0,30.0,30.0,15.0,29.0,29.0,30.0,3.0,23.0,13.0,25.0,30.0,30.0,25.0,28.0,28.0,6.0,30.0,Regular Season
utah jazz,2023-24,11,1610612762.0,15.0,2.0,13.0,0.133,48.0,40.7,87.7,0.464,11.8,34.9,0.338,17.7,20.6,0.861,10.7,32.6,43.3,24.6,14.5,5.2,5.1,6.0,17.2,18.1,111.0,-10.3,12.0,29.0,28.0,29.0,21.0,21.0,15.0,21.0,23.0,17.0,26.0,4.0,13.0,1.0,11.0,18.0,15.0,23.0,23.0,29.0,15.0,25.0,14.0,13.0,17.0,27.0,Regular Season,1610612762.0,15.0,2.0,13.0,0.133,720.0,110.4,112.9,121.8,123.2,-11.3,-10.3,0.604,1.7,18.0,0.297,0.725,0.509,0.147,0.532,0.573,100.1,98.4,82.0,1475.0,0.454,12.0,29.0,28.0,29.0,22.0,19.0,30.0,27.0,27.0,26.0,26.0,9.0,16.0,11.0,23.0,22.0,17.0,11.0,24.0,Regular Season
washington wizards,2023-24,11,1610612764.0,16.0,5.0,11.0,0.313,48.3,41.0,89.4,0.458,12.0,35.9,0.334,14.4,18.8,0.767,9.5,32.5,42.0,26.6,14.4,6.6,4.4,6.6,19.6,17.1,108.4,-9.4,5.0,24.0,24.0,24.0,17.0,18.0,8.0,24.0,21.0,11.0,27.0,20.0,19.0,18.0,19.0,19.0,21.0,16.0,22.0,25.0,22.0,29.0,27.0,19.0,20.0,25.0,Regular Season,1610612764.0,16.0,5.0,11.0,0.313,773.0,105.6,107.4,114.7,116.4,-9.0,-9.1,0.649,1.84,19.0,0.255,0.705,0.478,0.143,0.526,0.555,102.0,100.41,83.67,1615.0,0.453,5.0,24.0,24.0,24.0,7.0,26.0,24.0,25.0,11.0,22.0,21.0,23.0,24.0,28.0,22.0,26.0,25.0,3.0,25.0,Regular Season
atlanta hawks,2023-24,12,1610612737.0,15.0,8.0,7.0,0.533,48.3,42.3,89.8,0.471,14.6,37.5,0.39,13.8,18.3,0.755,11.9,31.1,43.0,27.2,12.5,7.7,4.8,6.2,18.3,16.5,112.9,1.7,12.0,14.0,13.0,15.0,10.0,11.0,6.0,16.0,2.0,6.0,5.0,25.0,21.0,22.0,6.0,25.0,17.0,11.0,13.0,11.0,18.0,27.0,21.0,24.0,12.0,15.0,Regular Season,1610612737.0,15.0,8.0,7.0,0.533,725.0,114.7,117.5,113.1,115.7,1.6,1.7,0.644,2.18,19.6,0.312,0.725,0.511,0.13,0.552,0.577,97.7,95.47,79.56,1442.0,0.495,12.0,14.0,13.0,15.0,15.0,7.0,22.0,15.0,14.0,12.0,14.0,4.0,15.0,9.0,13.0,12.0,14.0,21.0,20.0,Regular Season
boston celtics,2023-24,12,1610612738.0,16.0,12.0,4.0,0.75,48.3,44.9,91.4,0.491,18.0,43.1,0.418,13.9,17.4,0.802,11.1,33.1,44.1,28.4,10.3,7.2,6.3,3.7,14.2,16.1,121.7,14.8,5.0,2.0,2.0,2.0,17.0,2.0,4.0,8.0,1.0,1.0,1.0,22.0,26.0,6.0,9.0,16.0,11.0,7.0,2.0,19.0,4.0,1.0,2.0,27.0,1.0,1.0,Regular Season,1610612738.0,16.0,12.0,4.0,0.75,773.0,123.9,126.7,110.1,110.9,13.8,15.8,0.634,2.77,20.5,0.299,0.73,0.515,0.107,0.59,0.614,97.0,95.6,79.66,1537.0,0.561,5.0,2.0,2.0,2.0,7.0,1.0,8.0,1.0,15.0,1.0,5.0,8.0,11.0,7.0,2.0,1.0,2.0,20.0,1.0,Regular Season
brooklyn nets,2023-24,12,1610612751.0,16.0,6.0,10.0,0.375,48.6,39.1,86.1,0.454,13.1,35.9,0.364,16.1,21.4,0.752,11.1,30.4,41.5,24.4,13.8,7.6,4.5,4.4,16.9,18.6,107.4,-2.3,5.0,22.0,21.0,23.0,6.0,25.0,24.0,27.0,13.0,12.0,16.0,10.0,6.0,28.0,9.0,27.0,25.0,26.0,20.0,12.0,21.0,9.0,11.0,4.0,22.0,21.0,Regular Season,1610612751.0,16.0,6.0,10.0,0.375,778.0,109.4,111.5,111.5,113.7,-2.2,-2.2,0.623,1.77,18.1,0.282,0.707,0.486,0.143,0.53,0.562,97.1,95.23,79.36,1542.0,0.482,5.0,22.0,21.0,23.0,5.0,22.0,15.0,21.0,22.0,25.0,25.0,13.0,23.0,24.0,20.0,23.0,22.0,24.0,22.0,Regular Season
charlotte hornets,2023-24,12,1610612766.0,15.0,3.0,12.0,0.2,48.0,38.8,84.4,0.46,11.5,35.7,0.323,12.7,16.9,0.755,8.5,29.9,38.4,23.7,13.3,6.8,3.5,4.6,15.5,17.3,101.9,-10.6,12.0,28.0,26.0,28.0,21.0,26.0,27.0,23.0,28.0,14.0,28.0,28.0,28.0,23.0,27.0,29.0,29.0,29.0,17.0,23.0,30.0,12.0,4.0,17.0,30.0,28.0,Regular Season,1610612766.0,15.0,3.0,12.0,0.2,720.0,105.5,107.2,116.9,118.9,-11.4,-11.7,0.612,1.79,18.2,0.248,0.702,0.468,0.14,0.528,0.555,96.4,94.8,79.0,1425.0,0.441,12.0,28.0,26.0,28.0,22.0,27.0,28.0,29.0,23.0,24.0,24.0,24.0,25.0,29.0,17.0,25.0,26.0,27.0,28.0,Regular Season
chicago bulls,2023-24,12,1610612741.0,16.0,8.0,8.0,0.5,48.3,42.1,87.1,0.484,11.8,31.2,0.379,16.8,21.1,0.793,9.2,32.7,41.9,27.1,11.6,7.0,3.9,4.8,17.5,19.1,112.8,-2.4,5.0,14.0,19.0,19.0,17.0,12.0,19.0,11.0,22.0,29.0,7.0,9.0,8.0,10.0,23.0,17.0,23.0,12.0,7.0,22.0,27.0,16.0,17.0,3.0,13.0,22.0,Regular Season,1610612741.0,16.0,8.0,8.0,0.5,773.0,114.2,116.3,116.1,118.6,-1.9,-2.3,0.644,2.33,19.9,0.267,0.692,0.485,0.12,0.552,0.585,98.4,96.43,80.36,1552.0,0.499,5.0,14.0,19.0,19.0,7.0,9.0,27.0,22.0,13.0,6.0,10.0,18.0,27.0,25.0,6.0,13.0,11.0,18.0,17.0,Regular Season
cleveland cavaliers,2023-24,12,1610612739.0,17.0,7.0,10.0,0.412,48.3,38.6,83.2,0.465,14.1,37.9,0.372,13.8,18.3,0.756,8.1,31.4,39.5,28.8,13.5,6.4,3.9,4.8,16.1,17.5,105.2,-4.5,1.0,20.0,21.0,20.0,20.0,28.0,29.0,20.0,5.0,5.0,9.0,23.0,20.0,21.0,29.0,24.0,28.0,4.0,19.0,26.0,26.0,17.0,6.0,16.0,26.0,23.0,Regular Season,1610612739.0,17.0,7.0,10.0,0.412,821.0,108.9,111.1,113.7,115.7,-4.8,-4.6,0.746,2.13,21.4,0.245,0.714,0.48,0.143,0.55,0.577,96.0,94.19,78.49,1610.0,0.483,1.0,20.0,21.0,20.0,2.0,23.0,21.0,23.0,1.0,16.0,2.0,27.0,20.0,27.0,21.0,16.0,15.0,28.0,21.0,Regular Season
dallas mavericks,2023-24,12,1610612742.0,15.0,11.0,4.0,0.733,48.0,44.3,89.3,0.497,13.4,36.7,0.365,15.9,21.1,0.753,9.4,35.1,44.5,27.1,11.5,7.2,5.5,4.3,17.5,18.4,117.9,7.0,12.0,3.0,2.0,3.0,21.0,5.0,9.0,4.0,7.0,9.0,15.0,13.0,9.0,26.0,20.0,6.0,10.0,13.0,5.0,18.0,10.0,5.0,18.0,8.0,5.0,6.0,Regular Season,1610612742.0,15.0,11.0,4.0,0.733,720.0,117.1,118.8,109.8,112.1,7.4,6.7,0.611,2.35,19.5,0.262,0.732,0.503,0.116,0.572,0.598,100.9,99.1,82.58,1489.0,0.534,12.0,3.0,2.0,3.0,22.0,5.0,10.0,7.0,25.0,5.0,15.0,20.0,10.0,15.0,5.0,5.0,6.0,9.0,7.0,Regular Season
denver nuggets,2023-24,12,1610612743.0,15.0,11.0,4.0,0.733,48.3,44.8,88.0,0.509,11.6,29.2,0.397,14.1,17.9,0.788,10.1,33.9,44.0,30.5,12.1,7.4,5.2,5.3,17.1,16.1,115.3,7.1,12.0,3.0,2.0,3.0,10.0,3.0,14.0,1.0,26.0,30.0,3.0,21.0,23.0,12.0,14.0,10.0,12.0,1.0,10.0,14.0,13.0,20.0,12.0,26.0,7.0,5.0,Regular Season,1610612743.0,15.0,11.0,4.0,0.733,725.0,117.8,119.4,109.8,112.2,8.0,7.2,0.682,2.52,21.8,0.294,0.716,0.516,0.126,0.575,0.601,97.5,95.87,79.89,1449.0,0.545,12.0,3.0,2.0,3.0,15.0,2.0,12.0,5.0,4.0,2.0,1.0,11.0,19.0,6.0,12.0,4.0,4.0,19.0,3.0,Regular Season
detroit pistons,2023-24,12,1610612765.0,16.0,4.0,12.0,0.25,48.0,37.3,86.3,0.432,9.9,33.8,0.294,18.8,22.3,0.843,9.8,35.3,45.1,23.4,15.0,7.1,3.9,5.4,19.3,16.4,103.3,-9.8,5.0,25.0,26.0,26.0,21.0,29.0,23.0,29.0,30.0,22.0,30.0,2.0,3.0,2.0,17.0,4.0,8.0,30.0,24.0,20.0,27.0,21.0,26.0,25.0,29.0,26.0,Regular Season,1610612765.0,16.0,4.0,12.0,0.25,768.0,101.9,103.6,112.3,113.7,-10.3,-10.1,0.629,1.56,17.2,0.267,0.776,0.514,0.15,0.489,0.537,101.0,99.56,82.97,1595.0,0.445,5.0,25.0,26.0,26.0,10.0,30.0,16.0,26.0,19.0,27.0,29.0,17.0,1.0,8.0,24.0,30.0,29.0,8.0,27.0,Regular Season
golden state warriors,2023-24,12,1610612744.0,16.0,9.0,7.0,0.563,48.0,44.4,92.7,0.479,13.2,36.7,0.359,11.9,15.8,0.754,12.1,34.7,46.8,29.6,13.1,7.4,4.9,5.2,17.6,14.9,113.9,2.4,5.0,9.0,13.0,14.0,21.0,4.0,2.0,12.0,12.0,8.0,19.0,30.0,30.0,24.0,4.0,7.0,1.0,3.0,16.0,15.0,16.0,19.0,19.0,30.0,11.0,14.0,Regular Season,1610612744.0,16.0,9.0,7.0,0.563,768.0,113.3,115.1,111.1,112.8,2.3,2.3,0.667,2.27,20.6,0.312,0.727,0.52,0.132,0.551,0.572,100.5,98.94,82.45,1584.0,0.51,5.0,9.0,13.0,14.0,10.0,16.0,13.0,14.0,5.0,8.0,4.0,5.0,13.0,4.0,15.0,15.0,20.0,10.0,16.0,Regular Season
houston rockets,2023-24,12,1610612745.0,15.0,13.0,2.0,0.867,48.3,44.3,93.3,0.475,14.3,38.4,0.372,17.1,21.9,0.781,12.1,33.3,45.4,25.3,11.2,9.1,4.9,5.8,18.8,18.5,119.9,9.3,12.0,1.0,1.0,1.0,10.0,6.0,1.0,14.0,4.0,4.0,10.0,6.0,4.0,15.0,3.0,13.0,6.0,20.0,3.0,1.0,17.0,23.0,24.0,5.0,2.0,2.0,Regular Season,1610612745.0,15.0,13.0,2.0,0.867,725.0,117.6,118.8,109.1,110.4,8.5,8.4,0.572,2.26,17.9,0.301,0.727,0.51,0.111,0.551,0.583,101.0,99.87,83.23,1514.0,0.536,12.0,1.0,1.0,1.0,15.0,4.0,6.0,4.0,30.0,10.0,27.0,7.0,14.0,10.0,3.0,14.0,13.0,6.0,5.0,Regular Season
indiana pacers,2023-24,12,1610612754.0,15.0,8.0,7.0,0.533,48.3,45.4,91.9,0.494,11.6,32.9,0.353,15.7,20.5,0.765,9.9,33.4,43.3,28.5,11.5,7.3,6.0,4.6,20.2,18.1,118.1,3.3,12.0,14.0,13.0,15.0,10.0,1.0,3.0,6.0,26.0,23.0,23.0,14.0,15.0,19.0,16.0,12.0,16.0,6.0,5.0,16.0,7.0,12.0,28.0,13.0,4.0,12.0,Regular Season,1610612754.0,15.0,8.0,7.0,0.533,725.0,115.1,116.7,112.0,113.4,3.1,3.2,0.627,2.47,20.0,0.26,0.707,0.486,0.114,0.557,0.585,101.8,100.5,83.75,1518.0,0.517,12.0,14.0,13.0,15.0,15.0,8.0,14.0,12.0,21.0,4.0,9.0,22.0,22.0,23.0,4.0,11.0,12.0,2.0,13.0,Regular Season
la clippers,2023-24,12,1610612746.0,17.0,10.0,7.0,0.588,48.0,41.3,83.2,0.496,12.4,32.8,0.377,17.5,20.9,0.834,8.8,31.8,40.6,24.9,12.6,7.1,5.8,4.7,16.6,18.3,112.4,0.4,1.0,6.0,13.0,12.0,21.0,15.0,28.0,5.0,19.0,24.0,8.0,5.0,10.0,3.0,26.0,21.0,27.0,22.0,14.0,21.0,9.0,14.0,10.0,11.0,14.0,18.0,Regular Season,1610612746.0,17.0,10.0,7.0,0.588,816.0,116.8,118.9,117.0,117.8,-0.2,1.1,0.604,1.98,19.1,0.264,0.709,0.495,0.133,0.57,0.608,96.0,94.82,79.02,1607.0,0.51,1.0,6.0,13.0,12.0,3.0,3.0,26.0,17.0,26.0,17.0,18.0,19.0,21.0,19.0,16.0,6.0,3.0,26.0,15.0,Regular Season
los angeles lakers,2023-24,12,1610612747.0,14.0,9.0,5.0,0.643,48.7,43.1,85.5,0.505,13.3,32.7,0.406,20.3,25.1,0.807,8.0,38.0,46.0,28.4,14.4,5.1,5.1,4.5,14.1,19.4,119.9,2.6,26.0,9.0,7.0,7.0,1.0,9.0,25.0,2.0,10.0,25.0,2.0,1.0,1.0,4.0,30.0,1.0,4.0,8.0,21.0,30.0,14.0,10.0,1.0,2.0,3.0,13.0,Regular Season,1610612747.0,14.0,9.0,5.0,0.643,682.0,116.5,117.5,112.8,114.4,3.6,3.1,0.659,1.98,20.2,0.228,0.741,0.507,0.141,0.582,0.621,101.9,100.75,83.96,1428.0,0.525,26.0,9.0,7.0,7.0,26.0,6.0,17.0,13.0,7.0,18.0,7.0,30.0,6.0,13.0,18.0,2.0,1.0,1.0,10.0,Regular Season
memphis grizzlies,2023-24,12,1610612763.0,15.0,4.0,11.0,0.267,48.7,36.5,86.7,0.421,13.0,37.2,0.349,17.9,23.8,0.754,12.5,31.5,44.0,23.9,17.3,8.8,6.6,6.5,18.2,19.7,103.9,-11.1,12.0,25.0,24.0,25.0,3.0,30.0,21.0,30.0,14.0,7.0,25.0,3.0,2.0,25.0,2.0,23.0,12.0,28.0,30.0,4.0,2.0,28.0,20.0,1.0,28.0,29.0,Regular Season,1610612763.0,15.0,4.0,11.0,0.267,730.0,101.9,104.8,113.3,115.8,-11.4,-11.0,0.656,1.38,17.2,0.318,0.691,0.496,0.175,0.496,0.535,100.3,97.87,81.56,1487.0,0.438,12.0,25.0,24.0,25.0,12.0,28.0,23.0,28.0,10.0,30.0,30.0,2.0,28.0,18.0,30.0,29.0,30.0,14.0,29.0,Regular Season
miami heat,2023-24,12,1610612748.0,15.0,8.0,7.0,0.533,48.0,40.3,86.5,0.465,12.3,34.5,0.358,15.1,19.1,0.791,8.4,33.5,41.9,25.3,10.1,8.2,3.8,4.3,15.2,17.2,108.0,4.3,12.0,14.0,13.0,15.0,21.0,22.0,22.0,19.0,20.0,19.0,20.0,18.0,18.0,11.0,28.0,11.0,22.0,21.0,1.0,6.0,29.0,6.0,3.0,18.0,21.0,10.0,Regular Season,1610612748.0,15.0,8.0,7.0,0.533,720.0,111.8,113.4,107.5,108.7,4.3,4.6,0.627,2.51,19.2,0.24,0.756,0.493,0.106,0.537,0.569,96.6,95.33,79.44,1429.0,0.523,12.0,14.0,13.0,15.0,22.0,18.0,4.0,9.0,20.0,3.0,17.0,28.0,4.0,20.0,1.0,21.0,21.0,22.0,12.0,Regular Season
milwaukee bucks,2023-24,12,1610612749.0,14.0,8.0,6.0,0.571,48.7,41.7,87.6,0.476,14.4,39.0,0.37,17.0,21.9,0.778,8.9,35.1,44.0,26.4,12.1,5.9,4.1,4.8,18.3,18.4,114.9,0.4,26.0,14.0,10.0,13.0,1.0,13.0,16.0,13.0,3.0,3.0,12.0,7.0,5.0,16.0,25.0,5.0,12.0,18.0,11.0,27.0,25.0,15.0,22.0,6.0,8.0,17.0,Regular Season,1610612749.0,14.0,8.0,6.0,0.571,682.0,114.2,115.4,112.6,115.2,1.6,0.3,0.632,2.17,19.2,0.235,0.74,0.492,0.122,0.558,0.59,99.6,97.97,81.64,1393.0,0.499,26.0,14.0,10.0,13.0,26.0,15.0,20.0,18.0,17.0,13.0,16.0,29.0,7.0,21.0,9.0,10.0,9.0,13.0,18.0,Regular Season
minnesota timberwolves,2023-24,12,1610612750.0,15.0,9.0,6.0,0.6,48.7,41.1,87.0,0.472,12.5,34.1,0.368,15.5,20.9,0.741,10.1,32.5,42.6,27.1,11.7,8.1,5.9,4.1,17.3,18.4,110.1,4.2,12.0,9.0,10.0,11.0,3.0,17.0,20.0,15.0,16.0,20.0,14.0,16.0,11.0,30.0,14.0,20.0,20.0,13.0,8.0,7.0,8.0,4.0,16.0,8.0,18.0,11.0,Regular Season,1610612750.0,15.0,9.0,6.0,0.6,730.0,112.7,114.0,108.1,110.0,4.6,4.0,0.659,2.32,19.8,0.273,0.717,0.492,0.121,0.544,0.573,96.5,95.11,79.26,1449.0,0.526,12.0,9.0,10.0,11.0,12.0,17.0,5.0,11.0,6.0,7.0,12.0,15.0,18.0,22.0,7.0,17.0,19.0,25.0,8.0,Regular Season
new orleans pelicans,2023-24,12,1610612740.0,14.0,10.0,4.0,0.714,48.0,41.7,85.4,0.488,12.4,32.7,0.38,16.0,20.7,0.772,8.9,35.8,44.7,27.0,11.9,8.0,4.6,5.4,16.6,16.7,111.9,8.4,26.0,6.0,2.0,6.0,21.0,13.0,26.0,9.0,18.0,25.0,6.0,12.0,12.0,17.0,24.0,2.0,9.0,15.0,9.0,8.0,20.0,22.0,9.0,22.0,16.0,4.0,Regular Season,1610612740.0,14.0,10.0,4.0,0.714,672.0,114.7,115.7,106.3,107.2,8.4,8.6,0.647,2.26,20.0,0.247,0.75,0.507,0.123,0.561,0.592,97.5,96.61,80.51,1353.0,0.549,26.0,6.0,2.0,6.0,29.0,13.0,3.0,3.0,12.0,9.0,8.0,26.0,5.0,12.0,11.0,8.0,8.0,17.0,2.0,Regular Season
new york knicks,2023-24,12,1610612752.0,14.0,9.0,5.0,0.643,48.4,40.9,89.1,0.458,14.0,39.3,0.356,12.7,16.8,0.757,13.0,33.1,46.1,25.9,13.3,7.7,5.2,5.0,17.2,16.6,108.4,9.1,26.0,9.0,7.0,7.0,9.0,19.0,10.0,25.0,6.0,2.0,22.0,29.0,29.0,20.0,1.0,14.0,3.0,19.0,18.0,10.0,11.0,18.0,15.0,23.0,19.0,3.0,Regular Season,1610612752.0,14.0,9.0,5.0,0.643,677.0,112.0,115.7,104.6,105.9,7.4,9.8,0.633,1.95,19.0,0.339,0.724,0.529,0.142,0.537,0.562,95.2,93.09,77.58,1312.0,0.535,26.0,9.0,7.0,7.0,28.0,14.0,2.0,2.0,16.0,19.0,20.0,1.0,17.0,2.0,19.0,20.0,23.0,30.0,6.0,Regular Season
oklahoma city thunder,2023-24,12,1610612760.0,15.0,11.0,4.0,0.733,48.3,44.2,89.8,0.492,13.2,35.5,0.371,15.5,19.5,0.795,9.7,33.1,42.7,26.6,12.3,8.9,6.1,4.5,18.3,18.4,117.1,5.3,12.0,3.0,2.0,3.0,10.0,7.0,6.0,7.0,11.0,15.0,11.0,15.0,17.0,9.0,18.0,15.0,18.0,17.0,12.0,2.0,6.0,11.0,23.0,8.0,6.0,8.0,Regular Season,1610612760.0,15.0,11.0,4.0,0.733,725.0,116.0,116.0,109.8,111.6,6.2,4.4,0.602,2.17,19.1,0.261,0.736,0.5,0.121,0.566,0.595,100.7,99.94,83.28,1515.0,0.525,12.0,3.0,2.0,3.0,15.0,11.0,9.0,10.0,29.0,14.0,19.0,21.0,9.0,17.0,8.0,7.0,7.0,5.0,9.0,Regular Season
orlando magic,2023-24,12,1610612753.0,14.0,9.0,5.0,0.643,48.0,39.6,81.4,0.487,11.7,32.5,0.36,15.4,20.5,0.753,9.4,31.8,41.1,24.2,15.5,7.8,5.2,4.4,15.9,18.4,106.4,6.5,26.0,9.0,7.0,7.0,21.0,24.0,30.0,10.0,25.0,28.0,17.0,17.0,14.0,27.0,21.0,22.0,26.0,27.0,27.0,9.0,11.0,8.0,5.0,6.0,24.0,7.0,Regular Season,1610612753.0,14.0,9.0,5.0,0.643,672.0,110.2,111.6,102.9,104.9,7.3,6.7,0.611,1.56,18.5,0.27,0.759,0.52,0.163,0.559,0.588,96.9,95.32,79.43,1335.0,0.536,26.0,9.0,7.0,7.0,29.0,21.0,1.0,6.0,24.0,28.0,22.0,16.0,2.0,5.0,28.0,9.0,10.0,23.0,4.0,Regular Season
philadelphia 76ers,2023-24,12,1610612755.0,17.0,7.0,10.0,0.412,48.0,38.8,87.2,0.444,13.4,36.3,0.368,14.5,18.0,0.804,11.6,30.1,41.8,24.5,11.5,7.5,6.8,6.1,19.1,15.6,105.4,-1.6,1.0,20.0,21.0,20.0,21.0,27.0,18.0,28.0,9.0,10.0,13.0,19.0,22.0,5.0,7.0,28.0,24.0,25.0,4.0,13.0,1.0,26.0,25.0,28.0,25.0,19.0,Regular Season,1610612755.0,17.0,7.0,10.0,0.412,816.0,110.9,112.6,111.0,114.6,-0.1,-2.0,0.631,2.13,18.5,0.292,0.687,0.483,0.123,0.521,0.554,95.6,93.47,77.89,1591.0,0.48,1.0,20.0,21.0,20.0,3.0,20.0,18.0,20.0,18.0,15.0,23.0,12.0,29.0,26.0,10.0,27.0,27.0,29.0,23.0,Regular Season
phoenix suns,2023-24,12,1610612756.0,15.0,8.0,7.0,0.533,48.3,43.7,87.5,0.499,13.4,33.9,0.396,13.3,16.9,0.787,10.7,35.7,46.5,28.7,15.3,5.8,6.1,4.1,16.3,15.2,114.1,0.8,12.0,14.0,13.0,15.0,10.0,8.0,17.0,3.0,7.0,21.0,4.0,27.0,27.0,13.0,11.0,3.0,2.0,5.0,26.0,28.0,5.0,3.0,7.0,29.0,10.0,16.0,Regular Season,1610612756.0,15.0,8.0,7.0,0.533,725.0,114.5,115.8,112.7,114.6,1.8,1.1,0.658,1.87,20.5,0.295,0.739,0.529,0.156,0.575,0.6,99.4,97.99,81.66,1478.0,0.512,12.0,14.0,13.0,15.0,15.0,12.0,19.0,16.0,8.0,21.0,6.0,10.0,8.0,1.0,27.0,3.0,5.0,12.0,14.0,Regular Season
portland trail blazers,2023-24,12,1610612757.0,17.0,4.0,13.0,0.235,48.6,40.8,88.2,0.462,11.8,32.6,0.36,13.8,17.6,0.786,12.1,30.6,42.6,24.6,16.6,7.2,4.3,6.8,20.2,16.8,107.1,-8.8,1.0,25.0,28.0,27.0,8.0,20.0,12.0,22.0,24.0,27.0,18.0,23.0,25.0,14.0,5.0,26.0,19.0,24.0,29.0,17.0,23.0,30.0,29.0,21.0,23.0,24.0,Regular Season,1610612757.0,17.0,4.0,13.0,0.235,826.0,106.5,108.7,115.0,117.4,-8.5,-8.7,0.603,1.48,17.8,0.313,0.695,0.501,0.169,0.529,0.558,99.5,97.48,81.23,1676.0,0.445,1.0,25.0,28.0,27.0,1.0,25.0,25.0,24.0,28.0,29.0,28.0,3.0,26.0,16.0,29.0,24.0,24.0,15.0,26.0,Regular Season
sacramento kings,2023-24,12,1610612758.0,16.0,10.0,6.0,0.625,48.6,42.8,90.9,0.47,12.6,35.8,0.353,16.1,20.1,0.801,11.5,34.2,45.7,28.1,12.9,8.6,4.8,4.0,20.8,18.3,114.2,4.8,5.0,6.0,10.0,10.0,6.0,10.0,5.0,17.0,15.0,13.0,24.0,11.0,16.0,7.0,8.0,9.0,5.0,9.0,15.0,5.0,19.0,2.0,30.0,12.0,9.0,9.0,Regular Season,1610612758.0,16.0,10.0,6.0,0.625,778.0,113.0,116.0,110.0,110.8,3.0,5.2,0.658,2.18,19.8,0.308,0.759,0.528,0.131,0.54,0.573,99.0,97.3,81.08,1575.0,0.523,5.0,6.0,10.0,10.0,5.0,10.0,7.0,8.0,9.0,11.0,11.0,6.0,3.0,3.0,14.0,18.0,18.0,16.0,11.0,Regular Season
san antonio spurs,2023-24,12,1610612759.0,15.0,6.0,9.0,0.4,48.7,41.3,88.1,0.469,12.5,34.9,0.358,16.9,21.2,0.799,10.7,34.4,45.1,30.0,15.7,6.7,6.3,4.3,16.4,17.8,111.9,-2.0,12.0,22.0,20.0,22.0,3.0,16.0,13.0,18.0,17.0,17.0,21.0,8.0,7.0,8.0,11.0,8.0,7.0,2.0,28.0,24.0,3.0,6.0,8.0,15.0,15.0,20.0,Regular Season,1610612759.0,15.0,6.0,9.0,0.4,730.0,109.4,110.3,110.2,112.1,-0.8,-1.8,0.727,1.91,20.7,0.278,0.729,0.505,0.154,0.539,0.575,101.5,100.14,83.45,1522.0,0.498,12.0,22.0,20.0,22.0,12.0,24.0,11.0,19.0,2.0,20.0,3.0,14.0,12.0,14.0,26.0,19.0,16.0,4.0,19.0,Regular Season
toronto raptors,2023-24,12,1610612761.0,15.0,1.0,14.0,0.067,48.3,40.3,88.3,0.456,11.2,35.1,0.319,13.4,17.9,0.75,9.3,28.6,37.9,27.6,15.3,8.9,4.2,5.9,17.1,16.8,105.1,-15.5,12.0,30.0,30.0,30.0,10.0,22.0,11.0,26.0,29.0,16.0,29.0,26.0,24.0,29.0,22.0,30.0,30.0,10.0,25.0,3.0,24.0,24.0,12.0,20.0,27.0,30.0,Regular Season,1610612761.0,15.0,1.0,14.0,0.067,725.0,103.0,104.5,118.5,120.0,-15.5,-15.5,0.685,1.81,19.7,0.248,0.658,0.446,0.152,0.52,0.547,101.2,99.87,83.23,1509.0,0.433,12.0,30.0,30.0,30.0,15.0,29.0,29.0,30.0,3.0,23.0,13.0,25.0,30.0,30.0,25.0,28.0,28.0,6.0,30.0,Regular Season
utah jazz,2023-24,12,1610612762.0,15.0,2.0,13.0,0.133,48.0,40.7,87.7,0.464,11.8,34.9,0.338,17.7,20.6,0.861,10.7,32.6,43.3,24.6,14.5,5.2,5.1,6.0,17.2,18.1,111.0,-10.3,12.0,29.0,28.0,29.0,21.0,21.0,15.0,21.0,23.0,17.0,26.0,4.0,13.0,1.0,11.0,18.0,15.0,23.0,23.0,29.0,15.0,25.0,14.0,13.0,17.0,27.0,Regular Season,1610612762.0,15.0,2.0,13.0,0.133,720.0,110.4,112.9,121.8,123.2,-11.3,-10.3,0.604,1.7,18.0,0.297,0.725,0.509,0.147,0.532,0.573,100.1,98.4,82.0,1475.0,0.454,12.0,29.0,28.0,29.0,22.0,19.0,30.0,27.0,27.0,26.0,26.0,9.0,16.0,11.0,23.0,22.0,17.0,11.0,24.0,Regular Season
washington wizards,2023-24,12,1610612764.0,16.0,5.0,11.0,0.313,48.3,41.0,89.4,0.458,12.0,35.9,0.334,14.4,18.8,0.767,9.5,32.5,42.0,26.6,14.4,6.6,4.4,6.6,19.6,17.1,108.4,-9.4,5.0,24.0,24.0,24.0,17.0,18.0,8.0,24.0,21.0,11.0,27.0,20.0,19.0,18.0,19.0,19.0,21.0,16.0,22.0,25.0,22.0,29.0,27.0,19.0,20.0,25.0,Regular Season,1610612764.0,16.0,5.0,11.0,0.313,773.0,105.6,107.4,114.7,116.4,-9.0,-9.1,0.649,1.84,19.0,0.255,0.705,0.478,0.143,0.526,0.555,102.0,100.41,83.67,1615.0,0.453,5.0,24.0,24.0,24.0,7.0,26.0,24.0,25.0,11.0,22.0,21.0,23.0,24.0,28.0,22.0,26.0,25.0,3.0,25.0,Regular Season
