TEAM_NAME,Season,Month,TEAM_ID_base,GP_base,W_base,L_base,W_PCT_base,MIN_base,FGM,FGA,FG_PCT,FG3M,FG3A,FG3_PCT,FTM,FTA,FT_PCT,OREB,DREB,REB,AST,TOV,STL,BLK,BLKA,PF,PFD,PTS,PLUS_MINUS,GP_RANK_base,W_RANK_base,L_RANK_base,W_PCT_RANK_base,MIN_RANK_base,FGM_RANK,FGA_RANK,FG_PCT_RANK,FG3M_RANK,FG3A_RANK,FG3_PCT_RANK,FTM_RANK,FTA_RANK,FT_PCT_RANK,OREB_RANK,DREB_RANK,REB_RANK,AST_RANK,TOV_RANK,STL_RANK,BLK_RANK,BLKA_RANK,PF_RANK,PFD_RANK,PTS_RANK,PLUS_MINUS_RANK,SeasonType_base,TEAM_ID_adv,GP_adv,W_adv,L_adv,W_PCT_adv,MIN_adv,E_OFF_RATING,OFF_RATING,E_DEF_RATING,DEF_RATING,E_NET_RATING,NET_RATING,AST_PCT,AST_TO,AST_RATIO,OREB_PCT,DREB_PCT,REB_PCT,TM_TOV_PCT,EFG_PCT,TS_PCT,E_PACE,PACE,PACE_PER40,POSS,PIE,GP_RANK_adv,W_RANK_adv,L_RANK_adv,W_PCT_RANK_adv,MIN_RANK_adv,OFF_RATING_RANK,DEF_RATING_RANK,NET_RATING_RANK,AST_PCT_RANK,AST_TO_RANK,AST_RATIO_RANK,OREB_PCT_RANK,DREB_PCT_RANK,REB_PCT_RANK,TM_TOV_PCT_RANK,EFG_PCT_RANK,TS_PCT_RANK,PACE_RANK,PIE_RANK,SeasonType_adv
atlanta hawks,2021-22,1,1610612737.0,4.0,2.0,2.0,0.5,48.0,38.0,90.5,0.42,12.8,35.3,0.362,14.5,17.5,0.829,9.3,36.0,45.3,25.3,15.8,10.0,5.0,6.5,20.0,19.3,103.3,2.5,10.0,13.0,10.0,12.0,4.0,20.0,14.0,25.0,13.0,18.0,10.0,19.0,25.0,4.0,19.0,19.0,20.0,10.0,8.0,9.0,17.0,22.0,13.0,18.0,24.0,13.0,Pre Season,1610612737.0,4.0,2.0,2.0,0.5,192.0,98.6,100.2,97.3,98.1,1.3,2.2,0.664,1.6,18.0,0.239,0.739,0.485,0.153,0.49,0.526,104.1,102.88,85.73,412.0,0.51,10.0,13.0,10.0,12.0,12.0,22.0,6.0,13.0,4.0,8.0,7.0,21.0,17.0,21.0,10.0,24.0,23.0,18.0,11.0,Pre Season
boston celtics,2021-22,1,1610612738.0,4.0,2.0,2.0,0.5,48.0,36.3,86.0,0.422,14.5,40.0,0.363,16.3,19.5,0.833,9.0,36.3,45.3,22.8,17.8,8.5,5.8,6.8,18.3,19.0,103.3,-4.8,10.0,13.0,10.0,12.0,4.0,27.0,25.0,23.0,7.0,8.0,8.0,13.0,17.0,3.0,20.0,16.0,20.0,20.0,19.0,18.0,13.0,25.0,6.0,19.0,24.0,18.0,Pre Season,1610612738.0,4.0,2.0,2.0,0.5,192.0,99.9,101.2,102.2,106.4,-2.3,-5.2,0.628,1.28,16.6,0.237,0.714,0.479,0.174,0.506,0.546,104.5,101.75,84.79,408.0,0.486,10.0,13.0,10.0,12.0,12.0,21.0,18.0,20.0,10.0,21.0,20.0,23.0,24.0,27.0,21.0,21.0,16.0,23.0,18.0,Pre Season
brooklyn nets,2021-22,1,1610612751.0,4.0,3.0,1.0,0.75,48.0,40.8,83.3,0.489,13.8,33.8,0.407,18.0,23.5,0.766,9.0,34.8,43.8,22.3,19.3,9.3,5.0,4.3,21.8,22.0,113.3,6.3,10.0,7.0,6.0,7.0,4.0,12.0,28.0,1.0,11.0,22.0,1.0,5.0,5.0,12.0,20.0,24.0,27.0,23.0,25.0,13.0,17.0,4.0,21.0,5.0,9.0,10.0,Pre Season,1610612751.0,4.0,3.0,1.0,0.75,192.0,109.1,109.4,101.7,103.4,7.4,6.0,0.546,1.16,16.3,0.249,0.705,0.492,0.186,0.572,0.605,104.5,103.5,86.25,414.0,0.538,10.0,7.0,6.0,7.0,12.0,5.0,14.0,10.0,27.0,26.0,23.0,17.0,25.0,16.0,27.0,1.0,1.0,16.0,9.0,Pre Season
charlotte hornets,2021-22,1,1610612766.0,4.0,1.0,3.0,0.25,48.0,35.8,89.5,0.399,8.5,32.5,0.262,13.3,19.3,0.688,11.0,34.3,45.3,21.3,19.3,9.0,5.5,6.0,20.8,21.0,93.3,-20.8,10.0,20.0,18.0,20.0,4.0,29.0,17.0,29.0,30.0,26.0,29.0,23.0,19.0,27.0,10.0,27.0,20.0,27.0,25.0,15.0,15.0,18.0,18.0,11.0,29.0,29.0,Pre Season,1610612766.0,4.0,1.0,3.0,0.25,192.0,87.8,89.7,107.7,109.6,-19.9,-20.0,0.594,1.1,15.3,0.253,0.693,0.466,0.185,0.447,0.476,106.0,104.0,86.67,416.0,0.39,10.0,20.0,18.0,20.0,12.0,29.0,26.0,29.0,18.0,28.0,28.0,15.0,27.0,29.0,26.0,30.0,30.0,14.0,29.0,Pre Season
chicago bulls,2021-22,1,1610612741.0,4.0,4.0,0.0,1.0,48.0,44.8,97.3,0.46,11.5,31.8,0.362,17.0,20.8,0.819,11.5,41.0,52.5,28.0,12.8,12.5,6.5,6.0,20.3,18.3,118.0,21.5,10.0,3.0,1.0,1.0,4.0,1.0,1.0,6.0,23.0,28.0,9.0,7.0,13.0,5.0,8.0,2.0,2.0,3.0,2.0,4.0,6.0,18.0,15.0,23.0,2.0,2.0,Pre Season,1610612741.0,4.0,4.0,0.0,1.0,192.0,109.6,111.1,89.5,91.3,20.2,19.8,0.626,2.2,18.7,0.29,0.743,0.523,0.12,0.519,0.555,107.7,106.0,88.33,425.0,0.615,10.0,3.0,1.0,1.0,12.0,3.0,1.0,2.0,11.0,3.0,4.0,6.0,15.0,5.0,2.0,13.0,11.0,8.0,3.0,Pre Season
cleveland cavaliers,2021-22,1,1610612739.0,5.0,2.0,3.0,0.4,48.0,36.8,82.8,0.444,10.6,30.6,0.346,16.8,25.6,0.656,8.8,34.6,43.4,24.0,19.8,10.2,4.8,6.6,16.6,23.2,101.0,-5.4,4.0,13.0,18.0,19.0,4.0,24.0,29.0,13.0,25.0,30.0,14.0,9.0,3.0,30.0,24.0,25.0,28.0,13.0,27.0,8.0,20.0,24.0,2.0,3.0,26.0,20.0,Pre Season,1610612739.0,5.0,2.0,3.0,0.4,240.0,96.1,98.2,101.3,103.1,-5.1,-4.9,0.652,1.21,17.2,0.257,0.699,0.485,0.193,0.508,0.537,105.1,103.0,85.83,514.0,0.478,4.0,13.0,18.0,19.0,5.0,24.0,13.0,19.0,5.0,25.0,12.0,12.0,26.0,22.0,29.0,19.0,19.0,17.0,22.0,Pre Season
dallas mavericks,2021-22,1,1610612742.0,4.0,4.0,0.0,1.0,48.0,44.8,94.3,0.475,12.5,37.0,0.338,16.5,22.5,0.733,14.3,42.8,57.0,29.8,13.0,9.8,6.5,4.5,20.3,20.8,118.5,24.3,10.0,3.0,1.0,1.0,4.0,1.0,6.0,5.0,16.0,14.0,21.0,12.0,9.0,20.0,1.0,1.0,1.0,2.0,3.0,12.0,6.0,9.0,15.0,13.0,1.0,1.0,Pre Season,1610612742.0,4.0,4.0,0.0,1.0,192.0,115.2,115.9,89.6,92.6,25.6,23.3,0.665,2.29,20.0,0.33,0.761,0.556,0.127,0.541,0.569,104.1,102.0,85.0,409.0,0.651,10.0,3.0,1.0,1.0,12.0,1.0,3.0,1.0,3.0,2.0,1.0,1.0,8.0,1.0,4.0,5.0,5.0,22.0,1.0,Pre Season
denver nuggets,2021-22,1,1610612743.0,5.0,1.0,4.0,0.2,50.0,38.6,89.2,0.433,15.6,45.2,0.345,15.6,21.0,0.743,8.2,36.6,44.8,24.8,16.8,8.0,6.8,4.4,21.8,20.6,108.4,-1.6,4.0,20.0,26.0,26.0,1.0,17.0,19.0,19.0,4.0,5.0,16.0,16.0,12.0,16.0,30.0,15.0,25.0,12.0,15.0,22.0,4.0,8.0,25.0,14.0,16.0,16.0,Pre Season,1610612743.0,5.0,1.0,4.0,0.2,250.0,101.3,103.2,104.1,106.0,-2.8,-2.7,0.642,1.48,17.5,0.228,0.765,0.489,0.16,0.52,0.551,102.1,100.22,83.52,525.0,0.483,4.0,20.0,26.0,26.0,4.0,17.0,17.0,17.0,6.0,14.0,11.0,27.0,7.0,17.0,14.0,11.0,13.0,28.0,20.0,Pre Season
detroit pistons,2021-22,1,1610612765.0,4.0,2.0,2.0,0.5,48.0,38.3,84.0,0.455,9.8,31.5,0.31,18.5,23.3,0.796,9.0,34.3,43.3,22.5,17.0,6.5,6.3,5.0,18.0,21.8,104.8,-7.3,10.0,13.0,10.0,12.0,4.0,19.0,27.0,7.0,28.0,29.0,24.0,3.0,6.0,7.0,20.0,27.0,29.0,21.0,16.0,29.0,10.0,12.0,4.0,8.0,20.0,22.0,Pre Season,1610612765.0,4.0,2.0,2.0,0.5,192.0,102.5,104.5,109.5,111.4,-7.0,-7.0,0.588,1.32,16.8,0.233,0.668,0.462,0.17,0.513,0.556,102.3,100.38,83.65,401.0,0.479,10.0,13.0,10.0,12.0,12.0,16.0,28.0,22.0,20.0,19.0,15.0,25.0,30.0,30.0,18.0,17.0,9.0,27.0,21.0,Pre Season
golden state warriors,2021-22,1,1610612744.0,5.0,5.0,0.0,1.0,48.0,42.4,95.8,0.443,18.4,53.2,0.346,14.8,19.8,0.747,10.0,37.8,47.8,29.8,15.8,13.4,4.4,5.0,19.2,20.8,118.0,11.4,4.0,1.0,1.0,1.0,4.0,6.0,2.0,16.0,1.0,1.0,15.0,18.0,16.0,14.0,13.0,11.0,9.0,1.0,10.0,2.0,25.0,12.0,10.0,12.0,2.0,5.0,Pre Season,1610612744.0,5.0,5.0,0.0,1.0,240.0,107.0,108.1,95.6,98.2,11.4,9.9,0.703,1.89,19.6,0.238,0.768,0.494,0.145,0.539,0.565,110.9,108.9,90.75,546.0,0.56,4.0,1.0,1.0,1.0,5.0,9.0,7.0,5.0,1.0,4.0,2.0,22.0,4.0,15.0,7.0,6.0,7.0,1.0,4.0,Pre Season
houston rockets,2021-22,1,1610612745.0,4.0,1.0,3.0,0.25,48.0,36.8,87.3,0.421,10.3,34.5,0.297,21.5,32.8,0.656,12.5,38.0,50.5,21.0,20.3,8.0,4.5,5.8,22.8,29.0,105.3,-11.0,10.0,20.0,18.0,20.0,4.0,25.0,23.0,24.0,26.0,20.0,28.0,2.0,1.0,29.0,5.0,8.0,4.0,29.0,29.0,22.0,23.0,15.0,29.0,1.0,19.0,25.0,Pre Season,1610612745.0,4.0,1.0,3.0,0.25,192.0,96.2,98.4,106.7,107.6,-10.5,-9.3,0.571,1.04,14.7,0.277,0.743,0.502,0.189,0.48,0.518,109.2,107.5,89.58,428.0,0.444,10.0,20.0,18.0,20.0,12.0,23.0,20.0,25.0,25.0,29.0,29.0,10.0,16.0,12.0,28.0,26.0,26.0,3.0,25.0,Pre Season
indiana pacers,2021-22,1,1610612754.0,4.0,2.0,2.0,0.5,48.0,39.8,89.8,0.443,11.5,38.0,0.303,13.0,18.3,0.712,10.3,36.3,46.5,25.0,16.5,9.0,6.5,4.3,20.3,15.3,104.0,-6.5,10.0,13.0,10.0,12.0,4.0,16.0,16.0,15.0,23.0,11.0,26.0,24.0,23.0,23.0,12.0,16.0,15.0,11.0,13.0,15.0,6.0,4.0,15.0,30.0,21.0,21.0,Pre Season,1610612754.0,4.0,2.0,2.0,0.5,192.0,100.0,102.7,105.8,109.4,-5.8,-6.7,0.629,1.52,17.8,0.283,0.746,0.508,0.163,0.507,0.532,104.2,101.13,84.27,405.0,0.47,10.0,13.0,10.0,12.0,12.0,18.0,25.0,21.0,7.0,12.0,8.0,9.0,13.0,9.0,15.0,20.0,22.0,25.0,23.0,Pre Season
la clippers,2021-22,1,1610612746.0,4.0,1.0,3.0,0.25,48.0,37.8,90.8,0.416,10.0,32.5,0.308,18.3,23.3,0.785,11.8,36.0,47.8,25.5,18.5,6.8,6.5,8.0,21.8,22.0,103.8,-12.5,10.0,20.0,18.0,20.0,4.0,21.0,13.0,27.0,27.0,26.0,25.0,4.0,6.0,10.0,7.0,19.0,10.0,8.0,23.0,27.0,6.0,29.0,21.0,5.0,22.0,26.0,Pre Season,1610612746.0,4.0,1.0,3.0,0.25,192.0,96.3,98.1,108.1,109.2,-11.8,-11.0,0.675,1.38,17.5,0.256,0.718,0.482,0.175,0.471,0.514,107.6,106.13,88.44,423.0,0.428,10.0,20.0,18.0,20.0,12.0,25.0,24.0,26.0,2.0,17.0,10.0,13.0,23.0,24.0,22.0,27.0,27.0,7.0,26.0,Pre Season
los angeles lakers,2021-22,1,1610612747.0,6.0,0.0,6.0,0.0,48.0,37.0,88.2,0.42,11.7,34.5,0.338,17.8,25.2,0.709,9.0,37.8,46.8,22.2,19.8,9.0,5.2,4.3,23.3,22.8,103.5,-15.0,1.0,28.0,30.0,28.0,4.0,23.0,21.0,26.0,22.0,20.0,20.0,6.0,4.0,24.0,20.0,10.0,11.0,24.0,28.0,15.0,16.0,7.0,30.0,4.0,23.0,28.0,Pre Season,1610612747.0,6.0,0.0,6.0,0.0,288.0,94.0,95.8,108.4,109.0,-14.4,-13.2,0.599,1.12,15.6,0.232,0.733,0.482,0.184,0.486,0.521,109.7,108.33,90.28,648.0,0.418,1.0,28.0,30.0,28.0,1.0,27.0,22.0,28.0,15.0,27.0,26.0,26.0,18.0,24.0,25.0,25.0,25.0,2.0,27.0,Pre Season
memphis grizzlies,2021-22,1,1610612763.0,6.0,3.0,3.0,0.5,48.0,40.7,91.3,0.445,12.8,39.2,0.328,12.7,16.0,0.792,12.7,39.0,51.7,23.7,18.3,9.8,7.7,4.0,18.3,16.7,106.8,9.3,1.0,7.0,18.0,12.0,4.0,14.0,12.0,12.0,12.0,9.0,22.0,26.0,28.0,8.0,2.0,4.0,3.0,14.0,22.0,11.0,2.0,3.0,8.0,28.0,17.0,7.0,Pre Season,1610612763.0,6.0,3.0,3.0,0.5,288.0,102.7,105.4,94.0,95.7,8.6,9.7,0.582,1.29,16.7,0.328,0.773,0.554,0.181,0.516,0.543,103.9,101.58,84.65,608.0,0.548,1.0,7.0,18.0,12.0,1.0,14.0,4.0,7.0,23.0,20.0,17.0,2.0,3.0,2.0,23.0,15.0,17.0,24.0,5.0,Pre Season
miami heat,2021-22,1,1610612748.0,6.0,5.0,1.0,0.833,48.0,40.3,89.0,0.453,13.8,37.3,0.371,16.2,21.2,0.764,12.7,35.3,48.0,23.5,18.7,8.3,4.8,4.5,22.0,21.8,110.7,4.0,1.0,1.0,6.0,6.0,4.0,15.0,20.0,9.0,10.0,13.0,6.0,14.0,11.0,13.0,2.0,22.0,8.0,15.0,24.0,20.0,19.0,9.0,26.0,7.0,11.0,12.0,Pre Season,1610612748.0,6.0,5.0,1.0,0.833,288.0,106.1,107.8,102.1,103.6,4.0,4.2,0.583,1.26,16.6,0.298,0.756,0.525,0.182,0.531,0.563,104.4,102.83,85.69,616.0,0.508,1.0,1.0,6.0,6.0,1.0,10.0,15.0,11.0,22.0,22.0,18.0,5.0,10.0,4.0,24.0,7.0,8.0,19.0,12.0,Pre Season
milwaukee bucks,2021-22,1,1610612749.0,5.0,1.0,4.0,0.2,48.0,41.8,87.8,0.476,14.2,35.8,0.397,11.2,15.6,0.718,9.6,35.6,45.2,22.4,15.2,7.6,4.6,6.2,16.4,16.6,109.0,-1.8,4.0,20.0,26.0,26.0,4.0,9.0,22.0,3.0,9.0,16.0,2.0,30.0,29.0,22.0,17.0,21.0,24.0,22.0,7.0,26.0,21.0,21.0,1.0,29.0,15.0,17.0,Pre Season,1610612749.0,5.0,1.0,4.0,0.2,240.0,108.7,109.4,109.9,111.9,-1.2,-2.5,0.536,1.47,16.8,0.254,0.745,0.505,0.153,0.557,0.576,100.5,99.3,82.75,498.0,0.488,4.0,20.0,26.0,26.0,5.0,4.0,29.0,16.0,29.0,15.0,16.0,14.0,14.0,11.0,9.0,2.0,3.0,29.0,17.0,Pre Season
minnesota timberwolves,2021-22,1,1610612750.0,4.0,3.0,1.0,0.75,49.3,43.0,94.5,0.455,12.3,40.5,0.302,16.8,20.5,0.817,9.8,37.0,46.8,26.8,16.0,12.8,6.3,6.5,22.5,21.5,115.0,6.8,10.0,7.0,6.0,7.0,2.0,4.0,4.0,8.0,17.0,7.0,27.0,10.0,14.0,6.0,15.0,12.0,13.0,5.0,11.0,3.0,10.0,22.0,28.0,10.0,6.0,9.0,Pre Season,1610612750.0,4.0,3.0,1.0,0.75,197.0,104.8,106.5,98.8,99.5,5.9,6.9,0.628,1.69,18.1,0.242,0.719,0.484,0.148,0.52,0.555,106.9,105.62,88.02,432.0,0.546,10.0,7.0,6.0,7.0,10.0,13.0,9.0,9.0,9.0,6.0,6.0,18.0,22.0,23.0,8.0,12.0,10.0,9.0,6.0,Pre Season
new orleans pelicans,2021-22,1,1610612740.0,4.0,1.0,3.0,0.25,48.0,36.8,93.8,0.392,12.0,35.0,0.343,14.3,19.3,0.74,12.0,34.5,46.5,22.0,17.8,7.8,4.3,8.0,18.8,21.8,99.8,-13.0,10.0,20.0,18.0,20.0,4.0,25.0,9.0,30.0,20.0,19.0,17.0,20.0,19.0,18.0,6.0,26.0,15.0,25.0,19.0,24.0,26.0,29.0,9.0,8.0,27.0,27.0,Pre Season,1610612740.0,4.0,1.0,3.0,0.25,192.0,92.4,95.0,105.5,107.4,-13.1,-12.4,0.599,1.24,15.3,0.289,0.757,0.506,0.169,0.456,0.488,107.4,105.0,87.5,420.0,0.4,10.0,20.0,18.0,20.0,12.0,28.0,19.0,27.0,17.0,24.0,27.0,7.0,9.0,10.0,17.0,29.0,29.0,11.0,28.0,Pre Season
new york knicks,2021-22,1,1610612752.0,4.0,4.0,0.0,1.0,48.0,41.8,94.0,0.444,15.8,41.0,0.384,17.0,20.3,0.84,9.5,38.8,48.3,26.3,11.3,6.8,4.5,7.5,21.8,18.5,116.3,12.3,10.0,3.0,1.0,1.0,4.0,10.0,8.0,14.0,3.0,6.0,3.0,7.0,15.0,2.0,18.0,6.0,7.0,6.0,1.0,27.0,23.0,27.0,21.0,20.0,4.0,4.0,Pre Season,1610612752.0,4.0,4.0,0.0,1.0,192.0,111.1,113.4,99.7,101.5,11.4,12.0,0.629,2.33,18.4,0.259,0.767,0.515,0.11,0.528,0.565,104.5,102.5,85.42,410.0,0.545,10.0,3.0,1.0,1.0,12.0,2.0,10.0,4.0,8.0,1.0,5.0,11.0,6.0,8.0,1.0,8.0,6.0,21.0,7.0,Pre Season
oklahoma city thunder,2021-22,1,1610612760.0,4.0,1.0,3.0,0.25,49.3,38.5,90.0,0.428,15.5,45.5,0.341,13.0,19.0,0.684,8.5,36.3,44.8,23.5,15.8,8.5,3.5,5.8,19.8,19.5,105.5,-8.3,10.0,20.0,18.0,20.0,2.0,18.0,15.0,21.0,5.0,3.0,18.0,24.0,22.0,28.0,27.0,16.0,26.0,15.0,8.0,18.0,29.0,15.0,11.0,17.0,18.0,24.0,Pre Season,1610612760.0,4.0,1.0,3.0,0.25,197.0,99.9,102.4,108.1,109.6,-8.2,-7.2,0.61,1.49,16.9,0.24,0.754,0.488,0.153,0.514,0.536,102.7,100.75,83.96,412.0,0.454,10.0,20.0,18.0,20.0,10.0,19.0,27.0,23.0,13.0,13.0,14.0,20.0,12.0,18.0,10.0,16.0,20.0,26.0,24.0,Pre Season
orlando magic,2021-22,1,1610612753.0,4.0,1.0,3.0,0.25,48.0,36.0,85.3,0.422,12.3,33.5,0.366,12.3,15.5,0.79,8.8,36.8,45.5,21.3,17.0,8.3,10.0,4.5,18.3,17.5,96.5,-4.8,10.0,20.0,18.0,20.0,4.0,28.0,26.0,22.0,17.0,24.0,7.0,28.0,30.0,9.0,25.0,14.0,19.0,27.0,16.0,21.0,1.0,9.0,6.0,26.0,28.0,18.0,Pre Season,1610612753.0,4.0,1.0,3.0,0.25,192.0,96.2,98.0,98.7,102.5,-2.5,-4.6,0.59,1.25,16.1,0.251,0.691,0.485,0.173,0.494,0.524,101.4,98.63,82.19,394.0,0.492,10.0,20.0,18.0,20.0,12.0,26.0,11.0,18.0,19.0,23.0,24.0,16.0,28.0,20.0,19.0,23.0,24.0,30.0,16.0,Pre Season
philadelphia 76ers,2021-22,1,1610612755.0,4.0,2.0,2.0,0.5,48.0,42.5,89.5,0.475,12.8,33.8,0.378,16.0,23.0,0.696,11.0,28.0,39.0,23.0,17.3,15.0,7.0,6.0,21.8,20.5,113.8,0.8,10.0,13.0,10.0,12.0,4.0,5.0,17.0,4.0,13.0,22.0,4.0,15.0,8.0,26.0,10.0,30.0,30.0,19.0,18.0,1.0,3.0,18.0,21.0,15.0,7.0,14.0,Pre Season,1610612755.0,4.0,2.0,2.0,0.5,192.0,107.4,109.4,107.6,108.9,-0.2,0.5,0.541,1.33,16.3,0.284,0.687,0.474,0.166,0.546,0.571,105.4,103.88,86.56,416.0,0.495,10.0,13.0,10.0,12.0,12.0,7.0,21.0,14.0,28.0,18.0,22.0,8.0,29.0,28.0,16.0,3.0,4.0,15.0,14.0,Pre Season
phoenix suns,2021-22,1,1610612756.0,4.0,3.0,1.0,0.75,48.0,44.5,92.5,0.481,11.8,33.3,0.353,15.5,17.3,0.899,9.8,40.5,50.3,27.8,16.8,11.0,4.0,3.5,17.8,20.3,116.3,18.8,10.0,7.0,6.0,7.0,4.0,3.0,11.0,2.0,21.0,25.0,11.0,17.0,26.0,1.0,15.0,3.0,5.0,4.0,14.0,6.0,27.0,2.0,3.0,16.0,4.0,3.0,Pre Season,1610612756.0,4.0,3.0,1.0,0.75,192.0,108.6,109.4,91.0,91.3,17.5,18.1,0.624,1.66,19.0,0.24,0.787,0.527,0.158,0.545,0.581,107.1,106.5,88.75,425.0,0.624,10.0,7.0,6.0,7.0,12.0,6.0,2.0,3.0,12.0,7.0,3.0,19.0,2.0,3.0,13.0,4.0,2.0,5.0,2.0,Pre Season
portland trail blazers,2021-22,1,1610612757.0,4.0,0.0,4.0,0.0,48.0,33.3,82.5,0.403,9.5,36.5,0.26,16.8,21.5,0.779,8.3,38.0,46.3,17.8,23.5,9.3,4.0,3.3,18.0,18.5,92.8,-23.8,10.0,28.0,26.0,28.0,4.0,30.0,30.0,28.0,29.0,15.0,30.0,10.0,10.0,11.0,29.0,8.0,17.0,30.0,30.0,13.0,27.0,1.0,4.0,20.0,30.0,30.0,Pre Season,1610612757.0,4.0,0.0,4.0,0.0,192.0,86.5,87.1,107.7,109.1,-21.2,-22.0,0.534,0.76,13.2,0.213,0.767,0.499,0.221,0.461,0.504,107.7,106.63,88.85,426.0,0.376,10.0,28.0,26.0,28.0,12.0,30.0,23.0,30.0,30.0,30.0,30.0,29.0,5.0,13.0,30.0,28.0,28.0,4.0,30.0,Pre Season
sacramento kings,2021-22,1,1610612758.0,4.0,4.0,0.0,1.0,48.0,41.5,94.5,0.439,16.0,45.5,0.352,14.3,19.3,0.74,10.0,35.3,45.3,23.3,13.3,10.5,3.5,5.8,20.8,17.5,113.3,11.0,10.0,3.0,1.0,1.0,4.0,11.0,4.0,17.0,2.0,3.0,13.0,20.0,19.0,18.0,13.0,23.0,20.0,18.0,4.0,7.0,29.0,15.0,18.0,26.0,9.0,6.0,Pre Season,1610612758.0,4.0,4.0,0.0,1.0,192.0,106.6,107.3,96.5,97.6,10.1,9.7,0.56,1.75,16.5,0.236,0.755,0.486,0.126,0.524,0.55,106.1,105.13,87.6,422.0,0.524,10.0,3.0,1.0,1.0,12.0,11.0,5.0,6.0,26.0,5.0,21.0,24.0,11.0,19.0,3.0,10.0,15.0,10.0,10.0,Pre Season
san antonio spurs,2021-22,1,1610612759.0,5.0,3.0,2.0,0.6,48.0,42.2,93.6,0.451,12.6,35.8,0.352,12.6,17.8,0.708,11.4,38.8,50.2,25.6,16.0,6.4,4.6,7.4,19.8,18.0,109.6,8.2,4.0,7.0,10.0,10.0,4.0,8.0,10.0,10.0,15.0,16.0,12.0,27.0,24.0,25.0,9.0,5.0,6.0,7.0,11.0,30.0,21.0,26.0,12.0,24.0,13.0,8.0,Pre Season,1610612759.0,5.0,3.0,2.0,0.6,240.0,103.4,106.8,97.7,98.6,5.7,8.2,0.607,1.6,17.8,0.306,0.726,0.523,0.156,0.518,0.54,104.9,102.7,85.58,513.0,0.539,4.0,7.0,10.0,10.0,5.0,12.0,8.0,8.0,14.0,9.0,9.0,4.0,21.0,6.0,12.0,14.0,18.0,20.0,8.0,Pre Season
toronto raptors,2021-22,1,1610612761.0,5.0,3.0,2.0,0.6,48.0,42.4,94.2,0.45,14.4,38.8,0.371,14.2,19.4,0.732,12.6,34.2,46.8,25.4,18.2,12.0,6.0,7.8,22.2,18.4,113.4,4.4,4.0,7.0,10.0,10.0,4.0,6.0,7.0,11.0,8.0,10.0,5.0,22.0,18.0,21.0,4.0,29.0,12.0,9.0,21.0,5.0,12.0,28.0,27.0,22.0,8.0,11.0,Pre Season,1610612761.0,5.0,3.0,2.0,0.6,240.0,104.7,108.2,102.0,104.6,2.6,3.6,0.599,1.4,17.2,0.324,0.728,0.516,0.174,0.527,0.552,107.6,104.5,87.08,524.0,0.505,4.0,7.0,10.0,10.0,5.0,8.0,16.0,12.0,16.0,16.0,13.0,3.0,20.0,7.0,20.0,9.0,12.0,13.0,13.0,Pre Season
utah jazz,2021-22,1,1610612762.0,4.0,2.0,2.0,0.5,48.0,40.8,95.0,0.429,15.5,45.8,0.339,12.3,16.5,0.742,8.8,37.0,45.8,23.5,15.0,10.0,5.8,4.3,20.0,18.0,109.3,-0.3,10.0,13.0,10.0,12.0,4.0,12.0,3.0,20.0,5.0,2.0,19.0,28.0,27.0,17.0,25.0,12.0,18.0,15.0,6.0,9.0,13.0,4.0,13.0,24.0,14.0,15.0,Pre Season,1610612762.0,4.0,2.0,2.0,0.5,192.0,100.7,102.3,101.9,103.1,-1.2,-0.7,0.577,1.57,16.6,0.218,0.797,0.495,0.141,0.511,0.534,108.0,106.5,88.75,427.0,0.494,10.0,13.0,10.0,12.0,12.0,20.0,12.0,15.0,24.0,11.0,19.0,28.0,1.0,14.0,6.0,18.0,21.0,5.0,15.0,Pre Season
washington wizards,2021-22,1,1610612764.0,4.0,0.0,4.0,0.0,48.0,37.8,86.8,0.435,12.3,37.8,0.325,22.0,29.5,0.746,8.5,38.3,46.8,22.0,13.8,7.8,6.8,5.0,21.3,24.3,109.8,-7.8,10.0,28.0,26.0,28.0,4.0,21.0,24.0,18.0,17.0,12.0,23.0,1.0,2.0,15.0,27.0,7.0,13.0,25.0,5.0,24.0,5.0,12.0,20.0,2.0,12.0,23.0,Pre Season,1610612764.0,4.0,0.0,4.0,0.0,192.0,104.5,104.8,109.8,112.4,-5.2,-7.7,0.583,1.6,16.0,0.21,0.732,0.479,0.131,0.506,0.55,106.0,104.63,87.19,419.0,0.485,10.0,28.0,26.0,28.0,12.0,15.0,30.0,24.0,21.0,9.0,25.0,30.0,19.0,26.0,5.0,22.0,14.0,12.0,19.0,Pre Season
atlanta hawks,2021-22,2,1610612737.0,15.0,8.0,7.0,0.533,48.0,41.3,87.9,0.47,12.5,33.1,0.379,17.0,21.0,0.81,9.5,35.1,44.7,23.5,11.5,7.2,4.4,4.4,17.4,19.8,112.1,3.5,11.0,9.0,9.0,10.0,14.0,8.0,13.0,6.0,10.0,22.0,3.0,7.0,8.0,7.0,22.0,14.0,17.0,19.0,3.0,19.0,24.0,13.0,6.0,7.0,6.0,8.0,Regular Season,1610612737.0,15.0,8.0,7.0,0.533,720.0,113.1,114.7,109.1,111.1,4.0,3.6,0.57,2.04,17.6,0.266,0.732,0.505,0.118,0.541,0.577,99.3,97.73,81.44,1466.0,0.519,11.0,9.0,9.0,10.0,15.0,3.0,22.0,6.0,24.0,4.0,15.0,17.0,14.0,12.0,2.0,6.0,5.0,17.0,8.0,Regular Season
boston celtics,2021-22,2,1610612738.0,15.0,9.0,6.0,0.6,48.3,37.9,86.8,0.437,11.5,35.0,0.328,17.1,20.9,0.818,11.1,36.1,47.2,21.9,13.5,6.9,4.5,4.1,17.1,19.5,104.5,4.1,11.0,6.0,5.0,6.0,9.0,24.0,20.0,24.0,20.0,17.0,23.0,6.0,9.0,6.0,5.0,8.0,5.0,24.0,12.0,24.0,20.0,7.0,5.0,12.0,22.0,6.0,Regular Season,1610612738.0,15.0,9.0,6.0,0.6,725.0,106.2,107.2,102.3,103.7,3.9,3.5,0.576,1.62,16.4,0.288,0.761,0.522,0.139,0.503,0.544,97.6,96.46,80.39,1462.0,0.526,11.0,6.0,5.0,6.0,12.0,20.0,3.0,8.0,22.0,20.0,22.0,8.0,1.0,3.0,14.0,24.0,20.0,24.0,6.0,Regular Season
brooklyn nets,2021-22,2,1610612751.0,14.0,11.0,3.0,0.786,48.0,40.4,85.7,0.472,13.2,34.4,0.384,18.0,21.5,0.837,8.5,35.0,43.5,26.9,13.6,6.9,5.1,4.2,18.6,20.3,112.1,6.0,23.0,3.0,3.0,3.0,14.0,11.0,24.0,5.0,6.0,20.0,1.0,1.0,6.0,1.0,30.0,15.0,23.0,3.0,13.0,25.0,10.0,10.0,11.0,4.0,5.0,5.0,Regular Season,1610612751.0,14.0,11.0,3.0,0.786,672.0,111.8,112.5,104.7,106.2,7.1,6.2,0.664,1.98,19.6,0.225,0.717,0.485,0.136,0.549,0.589,100.8,99.75,83.12,1395.0,0.54,23.0,3.0,3.0,3.0,25.0,5.0,9.0,5.0,2.0,6.0,2.0,30.0,23.0,26.0,11.0,4.0,3.0,5.0,5.0,Regular Season
charlotte hornets,2021-22,2,1610612766.0,16.0,8.0,8.0,0.5,48.6,42.0,93.4,0.45,13.7,37.3,0.367,14.9,20.1,0.745,10.9,33.8,44.8,25.9,13.3,9.1,5.7,5.3,19.7,19.3,112.6,-2.1,1.0,9.0,15.0,14.0,5.0,3.0,1.0,18.0,5.0,9.0,6.0,20.0,14.0,24.0,7.0,20.0,15.0,5.0,9.0,3.0,4.0,20.0,21.0,13.0,4.0,18.0,Regular Season,1610612766.0,16.0,8.0,8.0,0.5,778.0,107.8,109.7,109.2,111.5,-1.5,-1.7,0.616,1.95,18.2,0.255,0.702,0.473,0.129,0.523,0.551,103.4,101.43,84.52,1642.0,0.487,1.0,9.0,15.0,14.0,4.0,13.0,24.0,18.0,9.0,7.0,7.0,22.0,27.0,30.0,8.0,16.0,16.0,2.0,18.0,Regular Season
chicago bulls,2021-22,2,1610612741.0,16.0,9.0,7.0,0.563,48.0,41.7,87.6,0.476,11.2,30.5,0.367,15.4,18.8,0.821,9.4,34.8,44.2,23.4,13.9,7.9,3.7,5.6,19.6,17.2,110.0,3.2,1.0,6.0,9.0,9.0,14.0,5.0,14.0,4.0,25.0,29.0,7.0,15.0,23.0,4.0,24.0,17.0,21.0,20.0,15.0,10.0,28.0,25.0,20.0,27.0,9.0,9.0,Regular Season,1610612741.0,16.0,9.0,7.0,0.563,768.0,109.6,111.2,106.0,107.6,3.6,3.6,0.562,1.69,17.5,0.252,0.751,0.505,0.14,0.54,0.574,100.5,99.09,82.58,1583.0,0.512,1.0,6.0,9.0,9.0,7.0,7.0,11.0,7.0,25.0,15.0,16.0,23.0,6.0,13.0,15.0,7.0,7.0,12.0,10.0,Regular Season
cleveland cavaliers,2021-22,2,1610612739.0,14.0,8.0,6.0,0.571,48.0,38.3,84.9,0.451,12.5,35.5,0.352,15.0,19.6,0.764,10.1,34.8,44.9,23.6,15.9,6.9,3.8,5.4,16.6,18.1,104.1,2.4,23.0,9.0,5.0,8.0,14.0,23.0,28.0,17.0,11.0,15.0,11.0,18.0,17.0,17.0,13.0,18.0,14.0,16.0,27.0,25.0,27.0,22.0,3.0,24.0,24.0,11.0,Regular Season,1610612739.0,14.0,8.0,6.0,0.571,672.0,104.7,107.4,103.9,104.7,0.9,2.7,0.618,1.48,17.7,0.288,0.743,0.52,0.164,0.525,0.557,98.6,97.04,80.86,1357.0,0.503,23.0,9.0,5.0,8.0,25.0,19.0,7.0,10.0,8.0,27.0,13.0,7.0,9.0,5.0,28.0,13.0,12.0,21.0,13.0,Regular Season
dallas mavericks,2021-22,2,1610612742.0,13.0,6.0,7.0,0.462,48.4,39.9,88.0,0.454,12.7,37.1,0.342,14.4,19.3,0.745,9.5,33.2,42.8,23.5,11.2,7.8,4.1,3.9,18.5,18.2,106.9,-1.4,29.0,20.0,9.0,20.0,6.0,16.0,12.0,14.0,9.0,11.0,18.0,25.0,21.0,23.0,21.0,23.0,25.0,18.0,1.0,12.0,25.0,4.0,10.0,23.0,14.0,15.0,Regular Season,1610612742.0,13.0,6.0,7.0,0.462,629.0,108.9,110.1,109.9,111.7,-1.0,-1.7,0.59,2.1,17.7,0.245,0.755,0.488,0.116,0.526,0.554,97.6,96.27,80.22,1263.0,0.485,29.0,20.0,9.0,20.0,29.0,12.0,25.0,17.0,16.0,3.0,11.0,27.0,4.0,24.0,1.0,12.0,14.0,26.0,20.0,Regular Season
denver nuggets,2021-22,2,1610612743.0,14.0,6.0,8.0,0.429,48.0,39.1,86.6,0.452,12.5,36.4,0.344,13.9,17.9,0.776,9.6,32.6,42.1,24.3,11.5,6.4,3.9,5.0,17.4,17.9,104.6,-2.3,23.0,20.0,15.0,21.0,14.0,18.0,21.0,16.0,11.0,13.0,17.0,27.0,28.0,14.0,20.0,27.0,30.0,10.0,2.0,28.0,26.0,18.0,7.0,25.0,21.0,19.0,Regular Season,1610612743.0,14.0,6.0,8.0,0.429,672.0,108.6,110.6,111.3,112.9,-2.7,-2.3,0.62,2.11,18.5,0.258,0.742,0.493,0.122,0.524,0.554,96.2,94.68,78.9,1325.0,0.484,23.0,20.0,15.0,21.0,25.0,11.0,27.0,19.0,7.0,2.0,6.0,20.0,10.0,20.0,3.0,14.0,13.0,30.0,21.0,Regular Season
detroit pistons,2021-22,2,1610612765.0,15.0,3.0,12.0,0.2,48.0,35.3,87.3,0.404,11.3,38.1,0.298,17.8,22.1,0.804,10.7,32.3,43.1,21.5,14.7,7.6,4.5,5.0,20.0,20.3,99.7,-9.0,11.0,28.0,29.0,29.0,14.0,30.0,18.0,29.0,23.0,7.0,30.0,2.0,4.0,8.0,9.0,29.0,24.0,27.0,23.0,15.0,20.0,18.0,25.0,5.0,28.0,29.0,Regular Season,1610612765.0,15.0,3.0,12.0,0.2,720.0,98.7,101.0,108.3,110.1,-9.6,-9.0,0.609,1.46,16.0,0.27,0.711,0.477,0.149,0.469,0.514,100.6,98.7,82.25,1480.0,0.441,11.0,28.0,29.0,29.0,15.0,28.0,20.0,29.0,11.0,28.0,25.0,13.0,25.0,29.0,22.0,29.0,28.0,16.0,29.0,Regular Season
golden state warriors,2021-22,2,1610612744.0,15.0,13.0,2.0,0.867,48.0,41.5,85.5,0.485,15.1,41.5,0.363,16.1,20.8,0.772,10.2,36.2,46.4,29.3,16.3,10.4,4.6,3.3,20.1,18.3,114.1,14.5,11.0,2.0,2.0,2.0,14.0,6.0,26.0,2.0,3.0,3.0,8.0,11.0,10.0,16.0,12.0,7.0,7.0,1.0,28.0,1.0,18.0,2.0,27.0,22.0,2.0,1.0,Regular Season,1610612744.0,15.0,13.0,2.0,0.867,720.0,113.2,114.8,98.1,100.3,15.1,14.6,0.706,1.79,20.7,0.29,0.73,0.524,0.164,0.573,0.603,101.1,99.3,82.75,1490.0,0.594,11.0,2.0,2.0,2.0,15.0,2.0,1.0,1.0,1.0,11.0,1.0,6.0,15.0,2.0,29.0,2.0,1.0,10.0,1.0,Regular Season
houston rockets,2021-22,2,1610612745.0,14.0,3.0,11.0,0.214,48.4,37.9,86.6,0.438,12.1,37.5,0.324,16.3,23.9,0.681,9.2,36.4,45.6,22.2,18.1,6.3,4.9,5.9,19.1,22.1,104.3,-8.9,23.0,28.0,26.0,28.0,7.0,25.0,21.0,23.0,15.0,8.0,25.0,10.0,2.0,30.0,26.0,5.0,11.0,22.0,30.0,29.0,15.0,27.0,15.0,1.0,23.0,28.0,Regular Season,1610612745.0,14.0,3.0,11.0,0.214,677.0,98.4,101.0,108.2,109.4,-9.8,-8.4,0.586,1.22,16.1,0.25,0.75,0.5,0.176,0.508,0.537,104.5,102.56,85.47,1445.0,0.446,23.0,28.0,26.0,28.0,23.0,27.0,16.0,28.0,20.0,30.0,24.0,26.0,7.0,16.0,30.0,22.0,24.0,1.0,28.0,Regular Season
indiana pacers,2021-22,2,1610612754.0,16.0,8.0,8.0,0.5,48.3,40.9,89.6,0.457,11.9,36.4,0.326,13.0,17.1,0.759,10.4,36.3,46.7,24.1,13.5,7.1,6.1,4.3,20.1,17.6,106.8,3.6,1.0,9.0,15.0,14.0,12.0,10.0,10.0,12.0,18.0,12.0,24.0,29.0,29.0,18.0,11.0,6.0,6.0,12.0,11.0,22.0,2.0,11.0,26.0,26.0,15.0,7.0,Regular Season,1610612754.0,16.0,8.0,8.0,0.5,773.0,106.5,108.8,104.4,105.5,2.1,3.3,0.589,1.79,17.7,0.286,0.76,0.522,0.138,0.523,0.55,98.9,97.34,81.11,1570.0,0.517,1.0,9.0,15.0,14.0,5.0,15.0,8.0,9.0,17.0,12.0,12.0,10.0,2.0,4.0,12.0,15.0,17.0,20.0,9.0,Regular Season
la clippers,2021-22,2,1610612746.0,16.0,10.0,6.0,0.625,48.3,38.8,85.5,0.453,12.9,35.8,0.362,15.4,18.6,0.832,8.9,37.2,46.1,21.7,16.4,7.0,4.5,4.1,16.6,19.8,105.9,2.6,1.0,4.0,5.0,5.0,12.0,21.0,25.0,15.0,8.0,14.0,9.0,15.0,25.0,2.0,27.0,4.0,9.0,25.0,29.0,23.0,19.0,6.0,4.0,8.0,19.0,10.0,Regular Season,1610612746.0,16.0,10.0,6.0,0.625,773.0,104.7,106.1,101.6,104.0,3.1,2.2,0.56,1.32,16.2,0.261,0.732,0.51,0.164,0.529,0.565,100.7,98.89,82.41,1596.0,0.521,1.0,4.0,5.0,5.0,5.0,23.0,5.0,11.0,27.0,29.0,23.0,19.0,13.0,8.0,27.0,10.0,10.0,13.0,7.0,Regular Season
los angeles lakers,2021-22,2,1610612747.0,16.0,8.0,8.0,0.5,49.9,41.1,90.1,0.456,11.4,34.1,0.336,17.6,23.4,0.749,10.0,37.4,47.4,24.3,15.7,8.3,5.7,3.7,20.3,20.9,111.1,-2.6,1.0,9.0,15.0,14.0,1.0,9.0,7.0,13.0,22.0,21.0,20.0,4.0,3.0,21.0,15.0,3.0,4.0,8.0,25.0,7.0,4.0,3.0,28.0,2.0,7.0,20.0,Regular Season,1610612747.0,16.0,8.0,8.0,0.5,798.0,104.7,105.7,105.6,108.2,-0.9,-2.5,0.592,1.55,17.1,0.252,0.728,0.495,0.149,0.519,0.553,102.9,101.14,84.29,1682.0,0.499,1.0,9.0,15.0,14.0,1.0,24.0,12.0,20.0,14.0,21.0,20.0,24.0,18.0,19.0,23.0,18.0,15.0,3.0,14.0,Regular Season
memphis grizzlies,2021-22,2,1610612763.0,15.0,8.0,7.0,0.533,48.3,41.7,93.3,0.447,10.9,33.1,0.329,14.9,19.7,0.756,12.6,34.9,47.5,24.5,12.7,8.8,6.5,6.5,19.0,18.5,109.2,-4.2,11.0,9.0,9.0,10.0,9.0,4.0,2.0,20.0,27.0,22.0,22.0,21.0,16.0,20.0,3.0,16.0,3.0,6.0,7.0,4.0,1.0,29.0,14.0,18.0,12.0,25.0,Regular Season,1610612763.0,15.0,8.0,7.0,0.533,725.0,107.1,108.9,110.2,113.2,-3.2,-4.3,0.588,1.94,17.4,0.301,0.724,0.506,0.126,0.506,0.536,101.7,99.51,82.92,1504.0,0.486,11.0,9.0,9.0,10.0,12.0,14.0,28.0,25.0,18.0,8.0,17.0,3.0,19.0,11.0,5.0,23.0,25.0,7.0,19.0,Regular Season
miami heat,2021-22,2,1610612748.0,15.0,8.0,7.0,0.533,48.3,38.7,83.8,0.461,12.1,34.8,0.347,17.3,21.9,0.793,9.9,32.5,42.4,24.2,13.9,7.5,2.4,4.2,20.7,20.0,106.7,0.9,11.0,9.0,9.0,10.0,9.0,22.0,29.0,9.0,17.0,19.0,15.0,5.0,5.0,12.0,17.0,28.0,28.0,11.0,16.0,16.0,30.0,9.0,29.0,6.0,16.0,12.0,Regular Season,1610612748.0,15.0,8.0,7.0,0.533,725.0,109.6,110.6,107.9,110.1,1.7,0.6,0.626,1.74,18.1,0.28,0.733,0.506,0.144,0.533,0.571,97.1,95.64,79.7,1447.0,0.511,11.0,9.0,9.0,10.0,12.0,9.0,19.0,13.0,6.0,13.0,8.0,11.0,12.0,10.0,20.0,9.0,8.0,29.0,11.0,Regular Season
milwaukee bucks,2021-22,2,1610612749.0,14.0,10.0,4.0,0.714,48.4,40.3,87.4,0.461,15.3,40.0,0.382,14.8,20.5,0.721,10.0,38.6,48.6,23.6,14.3,7.1,4.9,4.4,16.4,18.8,110.6,7.3,23.0,4.0,4.0,4.0,7.0,12.0,17.0,10.0,2.0,4.0,2.0,22.0,12.0,28.0,15.0,1.0,2.0,16.0,19.0,20.0,15.0,14.0,2.0,15.0,8.0,4.0,Regular Season,1610612749.0,14.0,10.0,4.0,0.714,677.0,109.9,110.9,101.3,104.0,8.6,6.9,0.587,1.66,17.4,0.268,0.724,0.51,0.143,0.549,0.574,100.6,98.87,82.39,1397.0,0.556,23.0,4.0,4.0,4.0,23.0,8.0,4.0,4.0,19.0,18.0,18.0,16.0,20.0,7.0,18.0,5.0,6.0,14.0,3.0,Regular Season
minnesota timberwolves,2021-22,2,1610612750.0,16.0,8.0,8.0,0.5,48.9,40.1,92.7,0.433,14.3,42.5,0.335,14.8,19.4,0.759,13.7,32.6,46.3,23.7,15.9,8.8,5.8,5.4,23.6,19.8,109.3,0.9,1.0,9.0,15.0,14.0,2.0,15.0,3.0,25.0,4.0,1.0,21.0,23.0,19.0,19.0,1.0,26.0,8.0,15.0,26.0,5.0,3.0,23.0,30.0,8.0,11.0,13.0,Regular Season,1610612750.0,16.0,8.0,8.0,0.5,783.0,105.6,108.0,105.2,107.1,0.5,0.9,0.59,1.49,16.7,0.316,0.69,0.495,0.157,0.51,0.54,101.3,99.22,82.68,1618.0,0.48,1.0,9.0,15.0,14.0,2.0,18.0,10.0,12.0,15.0,26.0,21.0,2.0,28.0,18.0,26.0,21.0,22.0,11.0,23.0,Regular Season
new orleans pelicans,2021-22,2,1610612740.0,16.0,5.0,11.0,0.313,48.0,37.4,87.5,0.428,10.8,31.8,0.338,16.6,20.0,0.828,11.4,33.3,44.7,24.3,14.8,7.8,3.5,4.8,19.8,19.5,102.2,-6.4,1.0,23.0,26.0,25.0,14.0,26.0,16.0,27.0,28.0,26.0,19.0,8.0,15.0,3.0,4.0,22.0,16.0,8.0,24.0,13.0,29.0,17.0,24.0,11.0,27.0,27.0,Regular Season,1610612740.0,16.0,5.0,11.0,0.313,768.0,102.5,105.2,110.3,111.1,-7.9,-5.9,0.649,1.64,17.8,0.299,0.75,0.514,0.153,0.489,0.531,99.1,97.41,81.17,1554.0,0.468,1.0,23.0,26.0,25.0,7.0,26.0,23.0,27.0,3.0,19.0,10.0,4.0,7.0,6.0,25.0,27.0,27.0,19.0,25.0,Regular Season
new york knicks,2021-22,2,1610612752.0,15.0,6.0,9.0,0.4,48.0,37.1,86.3,0.43,12.2,35.3,0.345,15.9,20.3,0.784,10.7,35.3,45.9,20.8,13.9,6.5,5.5,4.6,18.9,18.4,102.3,-2.8,11.0,20.0,22.0,22.0,14.0,27.0,23.0,26.0,13.0,16.0,16.0,12.0,13.0,13.0,10.0,13.0,10.0,29.0,16.0,27.0,6.0,15.0,13.0,21.0,26.0,21.0,Regular Season,1610612752.0,15.0,6.0,9.0,0.4,720.0,103.8,105.6,105.9,108.8,-2.1,-3.3,0.561,1.49,15.8,0.278,0.715,0.499,0.144,0.5,0.537,98.8,96.7,80.58,1453.0,0.482,11.0,20.0,22.0,22.0,15.0,25.0,15.0,22.0,26.0,24.0,28.0,12.0,24.0,17.0,19.0,26.0,23.0,23.0,22.0,Regular Season
oklahoma city thunder,2021-22,2,1610612760.0,14.0,5.0,9.0,0.357,48.0,36.6,90.6,0.404,12.1,39.2,0.31,13.6,18.4,0.743,11.0,38.6,49.6,20.4,13.6,7.1,5.0,6.2,17.4,15.6,99.1,-4.1,23.0,23.0,22.0,23.0,14.0,28.0,6.0,28.0,15.0,5.0,28.0,28.0,27.0,25.0,6.0,2.0,1.0,30.0,14.0,20.0,13.0,28.0,7.0,30.0,29.0,24.0,Regular Season,1610612760.0,14.0,5.0,9.0,0.357,672.0,97.7,100.2,103.2,104.6,-5.4,-4.4,0.556,1.49,15.2,0.268,0.758,0.508,0.138,0.471,0.502,100.7,98.75,82.29,1384.0,0.463,23.0,23.0,22.0,23.0,25.0,29.0,6.0,26.0,28.0,25.0,30.0,15.0,3.0,9.0,13.0,28.0,29.0,15.0,26.0,Regular Season
orlando magic,2021-22,2,1610612753.0,15.0,3.0,12.0,0.2,48.0,36.2,89.9,0.403,11.7,38.8,0.302,14.2,19.0,0.747,9.9,35.4,45.3,21.5,14.2,7.3,4.9,6.8,19.4,18.6,98.3,-10.7,11.0,28.0,29.0,29.0,14.0,29.0,9.0,30.0,19.0,6.0,29.0,26.0,22.0,22.0,17.0,11.0,12.0,26.0,18.0,18.0,14.0,30.0,19.0,17.0,30.0,30.0,Regular Season,1610612753.0,15.0,3.0,12.0,0.2,720.0,95.9,99.1,107.7,109.6,-11.8,-10.5,0.595,1.52,15.9,0.266,0.729,0.488,0.143,0.468,0.501,101.8,99.37,82.81,1489.0,0.429,11.0,28.0,29.0,29.0,15.0,30.0,17.0,30.0,12.0,23.0,27.0,18.0,17.0,23.0,17.0,30.0,30.0,8.0,30.0,Regular Season
philadelphia 76ers,2021-22,2,1610612755.0,15.0,7.0,8.0,0.467,48.7,39.0,87.1,0.448,11.1,31.7,0.349,16.5,20.7,0.8,9.5,33.2,42.7,22.7,12.1,8.2,5.4,4.8,19.1,18.9,105.6,-1.9,11.0,19.0,15.0,19.0,4.0,19.0,19.0,19.0,26.0,27.0,13.0,9.0,11.0,10.0,22.0,24.0,27.0,21.0,4.0,8.0,8.0,16.0,16.0,14.0,20.0,17.0,Regular Season,1610612755.0,15.0,7.0,8.0,0.467,730.0,106.9,108.6,108.5,110.0,-1.6,-1.3,0.581,1.87,17.2,0.245,0.718,0.479,0.125,0.511,0.549,97.5,96.13,80.11,1458.0,0.489,11.0,19.0,15.0,19.0,11.0,16.0,18.0,14.0,21.0,10.0,19.0,28.0,22.0,28.0,4.0,19.0,18.0,27.0,17.0,Regular Season
phoenix suns,2021-22,2,1610612756.0,16.0,16.0,0.0,1.0,48.0,43.4,88.9,0.488,12.2,32.2,0.379,15.4,18.8,0.821,8.6,35.9,44.5,26.4,13.3,9.4,4.4,3.3,19.3,18.4,114.4,11.6,1.0,1.0,1.0,1.0,14.0,1.0,11.0,1.0,14.0,25.0,4.0,15.0,23.0,4.0,29.0,9.0,19.0,4.0,9.0,2.0,22.0,1.0,17.0,20.0,1.0,2.0,Regular Season,1610612756.0,16.0,16.0,0.0,1.0,768.0,112.3,113.1,99.3,101.8,13.0,11.3,0.61,2.0,19.1,0.233,0.71,0.487,0.131,0.556,0.588,102.7,101.06,84.22,1618.0,0.573,1.0,1.0,1.0,1.0,7.0,4.0,2.0,2.0,10.0,5.0,4.0,29.0,26.0,25.0,10.0,3.0,4.0,4.0,2.0,Regular Season
portland trail blazers,2021-22,2,1610612757.0,16.0,8.0,8.0,0.5,48.0,40.2,87.6,0.459,13.1,37.3,0.351,15.8,19.6,0.803,10.1,32.7,42.8,23.9,12.6,7.9,4.4,4.2,18.8,18.7,109.2,-1.0,1.0,9.0,15.0,14.0,14.0,14.0,14.0,11.0,7.0,9.0,12.0,14.0,18.0,9.0,14.0,25.0,26.0,13.0,6.0,10.0,22.0,8.0,12.0,16.0,13.0,14.0,Regular Season,1610612757.0,16.0,8.0,8.0,0.5,768.0,110.6,112.3,112.3,113.9,-1.7,-1.6,0.594,1.9,17.8,0.269,0.754,0.502,0.129,0.534,0.568,98.4,97.0,80.83,1556.0,0.492,1.0,9.0,15.0,14.0,7.0,6.0,29.0,16.0,13.0,9.0,9.0,14.0,5.0,15.0,9.0,8.0,9.0,22.0,16.0,Regular Season
sacramento kings,2021-22,2,1610612758.0,16.0,5.0,11.0,0.313,48.9,40.3,90.0,0.447,11.3,34.9,0.324,17.8,24.1,0.736,10.8,33.5,44.3,22.1,14.4,7.4,4.9,5.8,19.8,20.6,109.6,-4.3,1.0,23.0,26.0,25.0,2.0,13.0,8.0,21.0,24.0,18.0,26.0,3.0,1.0,27.0,8.0,21.0,20.0,23.0,21.0,17.0,17.0,26.0,23.0,3.0,10.0,26.0,Regular Season,1610612758.0,16.0,5.0,11.0,0.313,783.0,105.2,108.5,109.6,112.1,-4.4,-3.6,0.548,1.53,16.0,0.286,0.687,0.484,0.142,0.51,0.544,102.1,99.34,82.78,1616.0,0.474,1.0,23.0,26.0,25.0,2.0,17.0,26.0,24.0,29.0,22.0,26.0,9.0,29.0,27.0,16.0,20.0,19.0,9.0,24.0,Regular Season
san antonio spurs,2021-22,2,1610612759.0,13.0,4.0,9.0,0.308,48.0,42.8,91.1,0.47,9.4,26.5,0.354,11.5,16.5,0.701,9.3,34.7,44.0,27.2,12.8,8.0,5.3,5.6,15.7,17.2,106.5,-3.5,29.0,27.0,22.0,27.0,14.0,2.0,4.0,7.0,30.0,30.0,10.0,30.0,30.0,29.0,25.0,19.0,22.0,2.0,8.0,9.0,9.0,24.0,1.0,28.0,17.0,22.0,Regular Season,1610612759.0,13.0,4.0,9.0,0.308,624.0,104.5,107.0,108.5,110.2,-4.0,-3.2,0.637,2.12,19.5,0.257,0.723,0.489,0.129,0.521,0.541,101.6,99.65,83.04,1294.0,0.497,29.0,27.0,22.0,27.0,30.0,22.0,21.0,21.0,4.0,1.0,3.0,21.0,21.0,21.0,7.0,17.0,21.0,6.0,15.0,Regular Season
toronto raptors,2021-22,2,1610612761.0,15.0,5.0,10.0,0.333,48.0,39.9,90.7,0.439,11.5,33.1,0.347,14.7,18.5,0.795,12.9,29.4,42.3,20.9,12.3,8.7,5.1,5.3,19.7,16.7,105.9,-3.5,11.0,23.0,25.0,24.0,14.0,17.0,5.0,22.0,20.0,22.0,14.0,24.0,26.0,11.0,2.0,30.0,29.0,28.0,5.0,6.0,11.0,21.0,22.0,29.0,18.0,23.0,Regular Season,1610612761.0,15.0,5.0,10.0,0.333,720.0,107.8,110.6,111.6,114.0,-3.8,-3.4,0.525,1.71,15.7,0.321,0.68,0.489,0.128,0.503,0.536,98.2,95.9,79.92,1437.0,0.462,11.0,23.0,25.0,24.0,15.0,10.0,30.0,23.0,30.0,14.0,29.0,1.0,30.0,22.0,6.0,25.0,26.0,28.0,27.0,Regular Season
utah jazz,2021-22,2,1610612762.0,15.0,9.0,6.0,0.6,48.0,41.3,85.5,0.484,15.4,41.7,0.369,15.8,21.3,0.743,9.6,35.4,45.0,23.7,14.3,7.7,5.5,4.3,19.3,19.6,113.9,8.4,11.0,6.0,5.0,6.0,14.0,7.0,26.0,3.0,1.0,2.0,5.0,13.0,7.0,26.0,19.0,11.0,13.0,14.0,20.0,14.0,6.0,12.0,18.0,10.0,3.0,3.0,Regular Season,1610612762.0,15.0,9.0,6.0,0.6,720.0,114.4,116.7,105.7,108.3,8.6,8.5,0.574,1.66,17.6,0.291,0.742,0.526,0.147,0.574,0.6,99.7,97.47,81.22,1463.0,0.542,11.0,6.0,5.0,6.0,15.0,1.0,13.0,3.0,23.0,17.0,14.0,5.0,11.0,1.0,21.0,1.0,2.0,18.0,4.0,Regular Season
washington wizards,2021-22,2,1610612764.0,15.0,8.0,7.0,0.533,48.0,38.9,83.3,0.468,10.1,31.6,0.321,15.0,19.3,0.776,8.9,35.8,44.7,24.5,14.6,5.9,5.1,3.9,17.9,18.5,103.0,-1.5,11.0,9.0,9.0,10.0,14.0,20.0,30.0,8.0,29.0,28.0,27.0,18.0,20.0,15.0,28.0,10.0,17.0,6.0,22.0,30.0,11.0,5.0,9.0,18.0,25.0,16.0,Regular Season,1610612764.0,15.0,8.0,7.0,0.533,720.0,105.6,107.0,107.1,108.4,-1.4,-1.4,0.63,1.68,18.6,0.25,0.729,0.503,0.152,0.528,0.561,97.6,96.37,80.31,1444.0,0.506,11.0,9.0,9.0,10.0,15.0,21.0,14.0,15.0,5.0,16.0,5.0,25.0,16.0,14.0,24.0,11.0,11.0,25.0,12.0,Regular Season
atlanta hawks,2021-22,3,1610612737.0,14.0,5.0,9.0,0.357,48.0,39.6,87.4,0.453,13.3,33.3,0.399,18.6,22.8,0.815,10.4,33.5,43.9,23.4,12.2,6.3,4.9,5.4,18.3,19.1,111.0,-3.7,13.0,24.0,21.0,25.0,14.0,19.0,14.0,21.0,10.0,19.0,3.0,4.0,9.0,4.0,14.0,16.0,15.0,21.0,5.0,28.0,19.0,25.0,6.0,20.0,10.0,22.0,Regular Season,1610612737.0,14.0,5.0,9.0,0.357,672.0,111.9,113.1,115.5,116.5,-3.6,-3.4,0.59,1.91,17.3,0.268,0.757,0.506,0.124,0.529,0.569,99.3,98.29,81.9,1374.0,0.474,13.0,24.0,21.0,25.0,17.0,9.0,27.0,22.0,19.0,8.0,19.0,18.0,2.0,13.0,5.0,14.0,9.0,14.0,23.0,Regular Season
boston celtics,2021-22,3,1610612738.0,15.0,6.0,9.0,0.4,48.0,39.6,87.4,0.453,12.5,36.4,0.342,17.6,22.1,0.798,11.3,33.1,44.5,22.7,13.8,7.6,5.6,5.2,19.1,19.5,109.3,0.1,5.0,18.0,21.0,21.0,14.0,18.0,15.0,20.0,13.0,12.0,21.0,8.0,13.0,8.0,8.0,19.0,13.0,24.0,16.0,14.0,4.0,20.0,11.0,12.0,15.0,13.0,Regular Season,1610612738.0,15.0,6.0,9.0,0.4,720.0,109.7,111.5,108.2,111.2,1.5,0.3,0.574,1.65,16.9,0.285,0.705,0.495,0.141,0.524,0.563,100.2,98.07,81.72,1470.0,0.503,5.0,18.0,21.0,21.0,5.0,15.0,18.0,13.0,25.0,21.0,25.0,11.0,24.0,15.0,16.0,18.0,15.0,17.0,15.0,Regular Season
brooklyn nets,2021-22,3,1610612751.0,12.0,8.0,4.0,0.667,48.4,42.4,90.9,0.467,9.6,29.9,0.32,17.1,21.0,0.813,10.9,36.8,47.8,25.8,14.6,6.3,6.0,5.0,21.5,19.4,111.5,2.8,26.0,9.0,3.0,6.0,3.0,4.0,3.0,9.0,30.0,29.0,28.0,13.0,18.0,5.0,12.0,2.0,3.0,7.0,23.0,29.0,2.0,16.0,26.0,15.0,9.0,9.0,Regular Season,1610612751.0,12.0,8.0,4.0,0.667,581.0,107.4,111.5,104.5,108.7,2.9,2.8,0.609,1.77,18.3,0.318,0.696,0.517,0.146,0.519,0.557,103.1,99.18,82.65,1200.0,0.531,26.0,9.0,3.0,6.0,27.0,14.0,7.0,9.0,11.0,15.0,11.0,3.0,27.0,7.0,22.0,21.0,21.0,9.0,6.0,Regular Season
charlotte hornets,2021-22,3,1610612766.0,13.0,6.0,7.0,0.462,48.4,42.9,90.7,0.473,14.6,39.1,0.374,16.0,20.9,0.765,10.0,32.0,42.0,27.6,12.7,8.6,5.2,4.8,19.2,18.8,116.5,-1.8,21.0,18.0,14.0,18.0,5.0,2.0,4.0,6.0,3.0,5.0,8.0,21.0,20.0,19.0,16.0,27.0,24.0,3.0,8.0,2.0,11.0,14.0,16.0,23.0,3.0,21.0,Regular Season,1610612766.0,13.0,6.0,7.0,0.462,629.0,113.5,115.6,114.6,117.1,-1.1,-1.6,0.643,2.18,19.6,0.257,0.685,0.469,0.126,0.554,0.583,102.1,100.04,83.37,1310.0,0.497,21.0,18.0,14.0,18.0,21.0,3.0,28.0,20.0,7.0,2.0,5.0,25.0,29.0,30.0,6.0,4.0,5.0,4.0,17.0,Regular Season
chicago bulls,2021-22,3,1610612741.0,11.0,9.0,2.0,0.818,48.0,41.8,86.7,0.482,12.3,30.5,0.403,18.0,22.9,0.786,9.2,32.3,41.5,24.8,12.5,6.9,5.6,5.7,17.9,19.1,113.9,2.5,29.0,5.0,1.0,2.0,14.0,6.0,19.0,3.0,17.0,27.0,1.0,7.0,8.0,12.0,24.0,25.0,27.0,12.0,6.0,20.0,3.0,28.0,3.0,19.0,4.0,10.0,Regular Season,1610612741.0,11.0,9.0,2.0,0.818,528.0,113.7,115.6,110.6,113.2,3.1,2.4,0.593,1.98,18.4,0.258,0.696,0.482,0.127,0.553,0.588,100.5,98.5,82.08,1084.0,0.506,29.0,5.0,1.0,2.0,29.0,2.0,22.0,11.0,18.0,6.0,10.0,24.0,26.0,24.0,7.0,5.0,4.0,12.0,12.0,Regular Season
cleveland cavaliers,2021-22,3,1610612739.0,15.0,9.0,6.0,0.6,48.0,41.7,86.3,0.483,13.8,36.1,0.382,16.3,20.3,0.803,9.5,36.5,45.9,27.3,14.3,7.7,5.3,4.6,17.9,18.4,113.5,11.5,5.0,5.0,11.0,9.0,14.0,8.0,21.0,2.0,7.0,13.0,4.0,19.0,26.0,6.0,21.0,4.0,8.0,4.0,19.0,11.0,9.0,10.0,2.0,28.0,6.0,2.0,Regular Season,1610612739.0,15.0,9.0,6.0,0.6,720.0,113.3,115.2,102.0,104.1,11.3,11.2,0.654,1.9,19.8,0.265,0.739,0.515,0.146,0.563,0.595,100.1,98.23,81.86,1477.0,0.569,5.0,5.0,11.0,9.0,5.0,5.0,2.0,2.0,5.0,9.0,3.0,20.0,7.0,8.0,21.0,2.0,2.0,15.0,1.0,Regular Season
dallas mavericks,2021-22,3,1610612742.0,16.0,7.0,9.0,0.438,48.3,39.4,85.3,0.462,11.4,35.4,0.323,16.6,20.8,0.799,9.5,33.7,43.2,24.9,12.8,6.2,3.6,3.9,21.1,21.1,106.9,4.1,1.0,12.0,21.0,19.0,12.0,20.0,24.0,13.0,23.0,15.0,27.0,17.0,21.0,7.0,20.0,13.0,19.0,11.0,9.0,30.0,30.0,2.0,24.0,5.0,21.0,8.0,Regular Season,1610612742.0,16.0,7.0,9.0,0.438,773.0,109.4,112.6,105.5,108.1,3.9,4.6,0.631,1.94,18.7,0.283,0.73,0.511,0.135,0.529,0.566,97.0,94.42,78.68,1519.0,0.522,1.0,12.0,21.0,19.0,1.0,11.0,5.0,8.0,8.0,7.0,7.0,13.0,11.0,9.0,10.0,13.0,13.0,30.0,8.0,Regular Season
denver nuggets,2021-22,3,1610612743.0,13.0,7.0,6.0,0.538,48.4,40.5,87.8,0.461,13.5,37.7,0.359,14.5,18.7,0.778,7.2,34.9,42.2,27.9,13.5,7.8,4.3,5.1,19.6,19.8,109.0,-0.2,21.0,12.0,11.0,13.0,5.0,14.0,13.0,14.0,9.0,8.0,15.0,28.0,29.0,15.0,29.0,9.0,22.0,2.0,14.0,8.0,26.0,18.0,19.0,10.0,17.0,14.0,Regular Season,1610612743.0,13.0,7.0,6.0,0.538,629.0,106.5,109.8,108.2,110.2,-1.7,-0.3,0.69,2.06,20.1,0.241,0.737,0.489,0.136,0.538,0.567,100.9,98.4,82.0,1290.0,0.506,21.0,12.0,11.0,13.0,21.0,20.0,13.0,14.0,1.0,4.0,2.0,28.0,9.0,19.0,12.0,10.0,12.0,13.0,13.0,Regular Season
detroit pistons,2021-22,3,1610612765.0,12.0,1.0,11.0,0.083,48.4,37.0,86.8,0.426,11.4,33.3,0.343,17.6,22.3,0.787,9.2,32.9,42.1,21.8,15.8,8.2,4.9,5.3,23.5,20.2,103.0,-10.2,26.0,30.0,28.0,30.0,3.0,28.0,18.0,28.0,24.0,20.0,20.0,9.0,10.0,11.0,25.0,20.0,23.0,27.0,29.0,5.0,17.0,24.0,30.0,8.0,28.0,29.0,Regular Season,1610612765.0,12.0,1.0,11.0,0.083,581.0,99.8,102.2,109.9,112.2,-10.1,-10.0,0.59,1.39,16.1,0.252,0.723,0.478,0.156,0.492,0.533,102.2,99.92,83.27,1209.0,0.431,26.0,30.0,28.0,30.0,27.0,30.0,20.0,29.0,20.0,30.0,27.0,26.0,16.0,28.0,28.0,29.0,29.0,5.0,29.0,Regular Season
golden state warriors,2021-22,3,1610612744.0,13.0,9.0,4.0,0.692,48.0,38.9,84.2,0.463,14.3,39.2,0.365,15.1,21.0,0.718,9.7,35.1,44.8,25.8,15.5,8.3,5.5,3.9,21.5,18.2,107.2,5.8,21.0,5.0,3.0,4.0,14.0,22.0,28.0,12.0,4.0,3.0,11.0,27.0,18.0,30.0,19.0,8.0,12.0,8.0,28.0,3.0,6.0,3.0,25.0,29.0,20.0,4.0,Regular Season,1610612744.0,13.0,9.0,4.0,0.692,624.0,108.1,110.5,102.3,104.7,5.8,5.9,0.662,1.67,18.9,0.284,0.746,0.52,0.159,0.548,0.574,99.2,96.96,80.8,1261.0,0.533,21.0,5.0,3.0,4.0,24.0,18.0,3.0,4.0,4.0,20.0,6.0,12.0,5.0,5.0,29.0,7.0,7.0,22.0,5.0,Regular Season
houston rockets,2021-22,3,1610612745.0,16.0,6.0,10.0,0.375,48.0,39.7,83.7,0.474,14.2,39.2,0.362,18.1,24.6,0.734,9.9,29.4,39.4,24.6,15.8,7.7,5.3,5.3,21.6,22.6,111.6,-7.1,1.0,18.0,27.0,24.0,14.0,17.0,29.0,4.0,5.0,4.0,13.0,6.0,3.0,26.0,17.0,30.0,30.0,13.0,29.0,10.0,10.0,23.0,27.0,1.0,8.0,26.0,Regular Season,1610612745.0,16.0,6.0,10.0,0.375,768.0,111.3,114.3,118.7,121.3,-7.5,-6.9,0.62,1.56,18.1,0.301,0.666,0.485,0.161,0.559,0.59,100.2,97.75,81.46,1562.0,0.473,1.0,18.0,27.0,24.0,3.0,8.0,30.0,26.0,9.0,27.0,12.0,7.0,30.0,21.0,30.0,3.0,3.0,20.0,24.0,Regular Season
indiana pacers,2021-22,3,1610612754.0,13.0,5.0,8.0,0.385,48.0,40.0,87.1,0.459,10.2,33.1,0.309,18.5,23.4,0.789,11.8,31.8,43.6,23.8,13.2,7.6,5.4,5.1,18.6,19.2,108.7,-1.2,21.0,24.0,16.0,23.0,14.0,15.0,17.0,15.0,27.0,21.0,30.0,5.0,5.0,10.0,6.0,28.0,17.0,18.0,11.0,13.0,7.0,18.0,10.0,18.0,18.0,18.0,Regular Season,1610612754.0,13.0,5.0,8.0,0.385,624.0,110.1,113.0,113.1,114.6,-3.0,-1.6,0.594,1.8,17.5,0.329,0.742,0.526,0.138,0.518,0.558,98.0,96.04,80.03,1250.0,0.497,21.0,24.0,16.0,23.0,24.0,10.0,23.0,19.0,17.0,14.0,17.0,2.0,6.0,4.0,15.0,22.0,19.0,26.0,18.0,Regular Season
la clippers,2021-22,3,1610612746.0,15.0,7.0,8.0,0.467,48.0,39.3,86.4,0.454,12.0,31.7,0.379,14.5,19.2,0.757,9.0,33.6,42.6,24.3,14.1,7.5,4.8,4.7,18.5,18.9,105.1,-1.7,5.0,12.0,16.0,15.0,14.0,21.0,20.0,19.0,19.0,25.0,5.0,29.0,28.0,24.0,26.0,14.0,20.0,16.0,17.0,16.0,21.0,11.0,8.0,22.0,24.0,20.0,Regular Season,1610612746.0,15.0,7.0,8.0,0.467,720.0,105.2,107.8,106.6,109.1,-1.4,-1.3,0.618,1.73,18.1,0.259,0.688,0.48,0.144,0.524,0.554,100.0,97.63,81.36,1462.0,0.491,5.0,12.0,16.0,15.0,5.0,26.0,9.0,18.0,10.0,18.0,13.0,23.0,28.0,26.0,19.0,19.0,24.0,21.0,20.0,Regular Season
los angeles lakers,2021-22,3,1610612747.0,14.0,6.0,8.0,0.429,48.4,41.0,87.3,0.47,12.4,34.9,0.354,15.9,22.1,0.718,8.8,36.5,45.3,24.5,15.1,7.6,5.6,4.5,20.2,18.5,110.2,-0.4,13.0,18.0,16.0,20.0,8.0,10.0,16.0,8.0,15.0,16.0,16.0,22.0,12.0,29.0,28.0,3.0,10.0,15.0,27.0,12.0,5.0,6.0,22.0,26.0,12.0,15.0,Regular Season,1610612747.0,14.0,6.0,8.0,0.429,677.0,106.6,109.3,107.8,109.7,-1.2,-0.4,0.598,1.62,17.7,0.265,0.727,0.508,0.15,0.541,0.568,102.2,100.08,83.4,1412.0,0.5,13.0,18.0,16.0,20.0,13.0,21.0,11.0,16.0,16.0,24.0,16.0,19.0,12.0,10.0,26.0,8.0,11.0,3.0,16.0,Regular Season
memphis grizzlies,2021-22,3,1610612763.0,16.0,12.0,4.0,0.75,48.0,41.9,90.6,0.463,11.3,30.9,0.366,17.3,23.5,0.737,13.3,34.2,47.5,25.1,13.5,11.6,5.4,6.3,19.6,19.3,112.5,12.4,1.0,1.0,3.0,3.0,14.0,5.0,5.0,11.0,25.0,26.0,10.0,12.0,4.0,25.0,1.0,12.0,5.0,10.0,13.0,1.0,8.0,30.0,17.0,17.0,7.0,1.0,Regular Season,1610612763.0,16.0,12.0,4.0,0.75,768.0,111.2,114.6,99.5,102.0,11.8,12.5,0.598,1.86,17.8,0.342,0.738,0.534,0.137,0.525,0.557,100.9,98.16,81.8,1571.0,0.566,1.0,1.0,3.0,3.0,3.0,6.0,1.0,1.0,15.0,11.0,15.0,1.0,8.0,2.0,14.0,17.0,20.0,16.0,2.0,Regular Season
miami heat,2021-22,3,1610612748.0,15.0,10.0,5.0,0.667,48.0,38.6,84.3,0.458,15.3,38.0,0.402,13.7,17.9,0.769,10.7,31.5,42.2,26.4,14.7,6.6,4.3,4.5,19.1,19.7,106.2,2.3,5.0,4.0,7.0,6.0,14.0,24.0,27.0,17.0,2.0,6.0,2.0,30.0,30.0,18.0,13.0,29.0,21.0,5.0,25.0,24.0,25.0,7.0,13.0,11.0,23.0,11.0,Regular Season,1610612748.0,15.0,10.0,5.0,0.667,720.0,110.4,111.7,106.1,109.0,4.3,2.7,0.684,1.8,19.6,0.276,0.712,0.494,0.154,0.548,0.576,97.1,95.2,79.33,1426.0,0.515,5.0,4.0,7.0,6.0,5.0,13.0,8.0,10.0,2.0,13.0,4.0,16.0,21.0,16.0,27.0,6.0,6.0,27.0,9.0,Regular Season
milwaukee bucks,2021-22,3,1610612749.0,16.0,11.0,5.0,0.688,48.3,41.4,90.3,0.459,13.6,37.7,0.36,17.4,21.9,0.797,11.9,34.4,46.3,23.3,13.7,8.0,4.1,4.8,17.8,19.9,113.9,4.8,1.0,3.0,7.0,5.0,12.0,9.0,6.0,16.0,8.0,9.0,14.0,11.0,14.0,9.0,5.0,11.0,6.0,22.0,15.0,6.0,28.0,12.0,1.0,9.0,5.0,7.0,Regular Season,1610612749.0,16.0,11.0,5.0,0.688,773.0,112.1,114.4,108.3,109.5,3.8,4.9,0.563,1.7,16.9,0.299,0.749,0.52,0.137,0.534,0.57,100.5,98.95,82.46,1593.0,0.512,1.0,3.0,7.0,5.0,1.0,7.0,10.0,7.0,27.0,19.0,24.0,8.0,3.0,6.0,13.0,11.0,8.0,11.0,10.0,Regular Season
minnesota timberwolves,2021-22,3,1610612750.0,14.0,5.0,9.0,0.357,48.0,38.6,90.1,0.429,14.1,40.4,0.35,16.8,22.1,0.758,11.1,32.5,43.6,23.4,13.4,7.6,4.9,5.6,21.6,21.4,108.2,-4.7,13.0,24.0,21.0,25.0,14.0,23.0,7.0,26.0,6.0,2.0,17.0,15.0,11.0,23.0,10.0,24.0,16.0,20.0,12.0,15.0,15.0,26.0,29.0,3.0,19.0,23.0,Regular Season,1610612750.0,14.0,5.0,9.0,0.357,672.0,105.9,108.5,110.9,112.9,-5.0,-4.4,0.606,1.74,17.0,0.274,0.72,0.483,0.135,0.507,0.542,102.0,99.86,83.21,1396.0,0.46,13.0,24.0,21.0,25.0,17.0,24.0,21.0,23.0,12.0,16.0,22.0,17.0,17.0,22.0,9.0,26.0,27.0,6.0,26.0,Regular Season
new orleans pelicans,2021-22,3,1610612740.0,12.0,7.0,5.0,0.583,48.8,40.0,88.4,0.452,11.8,33.8,0.35,17.5,23.0,0.761,12.4,35.4,47.8,25.9,14.3,7.0,4.3,4.6,18.2,20.6,109.3,-0.4,26.0,12.0,7.0,11.0,1.0,15.0,10.0,22.0,20.0,18.0,18.0,10.0,7.0,21.0,2.0,6.0,2.0,6.0,18.0,19.0,27.0,9.0,5.0,6.0,14.0,16.0,Regular Season,1610612740.0,12.0,7.0,5.0,0.583,586.0,108.9,111.1,110.3,111.4,-1.4,-0.3,0.648,1.82,18.6,0.309,0.762,0.532,0.145,0.519,0.555,98.2,96.78,80.65,1181.0,0.509,26.0,12.0,7.0,11.0,26.0,16.0,19.0,15.0,6.0,12.0,8.0,4.0,1.0,3.0,20.0,20.0,23.0,23.0,11.0,Regular Season
new york knicks,2021-22,3,1610612752.0,15.0,6.0,9.0,0.4,48.0,36.1,85.1,0.425,13.1,37.9,0.345,16.9,21.5,0.783,11.3,33.5,44.8,20.3,12.9,6.9,4.8,5.1,18.1,19.1,102.2,-1.6,5.0,18.0,21.0,21.0,14.0,29.0,25.0,29.0,11.0,7.0,19.0,14.0,16.0,13.0,8.0,18.0,11.0,30.0,10.0,21.0,21.0,17.0,4.0,21.0,30.0,19.0,Regular Season,1610612752.0,15.0,6.0,9.0,0.4,720.0,106.4,107.9,107.4,110.0,-1.0,-2.2,0.563,1.58,15.7,0.287,0.735,0.505,0.136,0.502,0.541,96.4,94.53,78.78,1421.0,0.478,5.0,18.0,21.0,21.0,5.0,25.0,12.0,21.0,26.0,25.0,28.0,10.0,10.0,14.0,11.0,27.0,28.0,29.0,22.0,Regular Season
oklahoma city thunder,2021-22,3,1610612760.0,15.0,7.0,8.0,0.467,48.0,37.3,88.1,0.423,11.5,36.1,0.317,16.5,21.2,0.777,9.9,34.4,44.3,20.5,12.6,6.9,4.9,5.7,19.2,18.7,102.5,-7.1,5.0,12.0,16.0,15.0,14.0,27.0,12.0,30.0,22.0,13.0,29.0,18.0,17.0,16.0,18.0,10.0,14.0,29.0,7.0,21.0,14.0,27.0,15.0,24.0,29.0,27.0,Regular Season,1610612760.0,15.0,7.0,8.0,0.467,720.0,102.4,103.6,108.9,110.6,-6.5,-7.1,0.551,1.63,15.5,0.245,0.726,0.482,0.127,0.488,0.526,100.3,98.97,82.47,1484.0,0.454,5.0,12.0,16.0,15.0,5.0,29.0,17.0,27.0,30.0,23.0,30.0,27.0,13.0,23.0,8.0,30.0,30.0,10.0,28.0,Regular Season
orlando magic,2021-22,3,1610612753.0,14.0,3.0,11.0,0.214,48.0,38.5,85.4,0.451,11.2,34.4,0.326,16.8,20.4,0.822,9.2,32.6,41.9,22.6,14.4,6.5,4.6,4.9,19.1,17.4,105.0,-8.1,13.0,28.0,28.0,28.0,14.0,25.0,23.0,24.0,26.0,17.0,26.0,15.0,25.0,1.0,23.0,22.0,26.0,25.0,20.0,25.0,23.0,15.0,14.0,30.0,25.0,28.0,Regular Season,1610612753.0,14.0,3.0,11.0,0.214,672.0,105.4,107.2,113.7,115.7,-8.3,-8.5,0.586,1.56,17.0,0.261,0.715,0.488,0.147,0.516,0.556,99.6,97.86,81.55,1371.0,0.458,13.0,28.0,28.0,28.0,17.0,27.0,25.0,28.0,22.0,26.0,21.0,22.0,20.0,20.0,24.0,23.0,22.0,19.0,27.0,Regular Season
philadelphia 76ers,2021-22,3,1610612755.0,14.0,8.0,6.0,0.571,48.4,37.5,83.0,0.452,10.1,30.1,0.335,19.0,23.2,0.818,6.9,33.6,40.5,21.9,11.7,7.7,6.1,4.8,19.6,19.4,104.1,-1.2,13.0,9.0,11.0,12.0,8.0,26.0,30.0,23.0,28.0,28.0,24.0,3.0,6.0,2.0,30.0,15.0,29.0,26.0,2.0,9.0,1.0,13.0,18.0,13.0,27.0,17.0,Regular Season,1610612755.0,14.0,8.0,6.0,0.571,677.0,106.2,109.1,107.3,110.3,-1.1,-1.3,0.583,1.87,17.2,0.223,0.71,0.472,0.123,0.512,0.558,97.3,94.72,78.94,1336.0,0.505,13.0,9.0,11.0,12.0,13.0,23.0,14.0,17.0,23.0,10.0,20.0,30.0,22.0,29.0,3.0,25.0,18.0,28.0,14.0,Regular Season
phoenix suns,2021-22,3,1610612756.0,14.0,9.0,5.0,0.643,48.4,41.8,90.1,0.464,11.6,32.1,0.362,15.8,19.4,0.815,11.1,35.2,46.3,25.1,14.4,7.9,4.1,5.3,19.7,19.4,111.0,5.4,13.0,5.0,7.0,8.0,8.0,7.0,8.0,10.0,21.0,24.0,12.0,24.0,27.0,3.0,11.0,7.0,7.0,9.0,20.0,7.0,29.0,22.0,20.0,13.0,10.0,5.0,Regular Season,1610612756.0,14.0,9.0,5.0,0.643,677.0,108.9,110.8,103.4,105.1,5.5,5.7,0.602,1.74,18.1,0.283,0.724,0.508,0.144,0.529,0.563,101.3,99.55,82.95,1402.0,0.53,13.0,5.0,7.0,8.0,13.0,17.0,4.0,5.0,14.0,17.0,14.0,14.0,14.0,11.0,18.0,15.0,14.0,8.0,7.0,Regular Season
portland trail blazers,2021-22,3,1610612757.0,13.0,2.0,11.0,0.154,48.4,36.1,84.5,0.427,12.5,36.7,0.34,20.0,25.6,0.781,9.5,32.5,42.0,20.8,14.8,6.8,4.8,4.4,21.6,21.2,104.6,-12.5,21.0,29.0,28.0,29.0,5.0,30.0,26.0,27.0,14.0,11.0,23.0,1.0,2.0,14.0,22.0,23.0,24.0,28.0,26.0,23.0,20.0,4.0,28.0,4.0,26.0,30.0,Regular Season,1610612757.0,13.0,2.0,11.0,0.154,629.0,103.5,105.8,115.0,118.7,-11.6,-13.0,0.576,1.4,15.7,0.262,0.716,0.482,0.15,0.501,0.546,100.7,98.02,81.69,1286.0,0.429,21.0,29.0,28.0,29.0,21.0,28.0,29.0,30.0,24.0,29.0,29.0,21.0,19.0,25.0,25.0,28.0,25.0,18.0,30.0,Regular Season
sacramento kings,2021-22,3,1610612758.0,15.0,7.0,8.0,0.467,48.0,40.5,88.7,0.457,12.1,32.5,0.371,16.1,20.8,0.776,10.3,32.9,43.2,22.8,14.6,7.3,5.1,5.7,19.1,18.7,109.3,-5.0,5.0,12.0,16.0,15.0,14.0,13.0,9.0,18.0,18.0,23.0,9.0,20.0,22.0,17.0,15.0,21.0,18.0,23.0,24.0,18.0,12.0,29.0,11.0,24.0,15.0,24.0,Regular Season,1610612758.0,15.0,7.0,8.0,0.467,720.0,107.0,109.3,111.9,114.6,-4.9,-5.4,0.563,1.56,16.7,0.28,0.71,0.492,0.146,0.525,0.559,102.1,99.83,83.19,1500.0,0.465,5.0,12.0,16.0,15.0,5.0,22.0,24.0,24.0,28.0,28.0,26.0,15.0,23.0,18.0,23.0,16.0,17.0,7.0,25.0,Regular Season
san antonio spurs,2021-22,3,1610612759.0,15.0,8.0,7.0,0.533,48.0,44.3,93.5,0.473,12.3,32.6,0.378,15.8,20.7,0.765,12.1,35.6,47.7,29.7,12.2,7.5,5.0,5.2,18.5,19.4,116.7,5.3,5.0,9.0,14.0,14.0,14.0,1.0,1.0,7.0,16.0,22.0,6.0,23.0,23.0,20.0,4.0,5.0,4.0,1.0,4.0,16.0,13.0,20.0,8.0,16.0,2.0,6.0,Regular Season,1610612759.0,15.0,8.0,7.0,0.533,720.0,113.5,115.5,108.5,110.6,5.0,4.9,0.67,2.43,20.4,0.292,0.718,0.506,0.121,0.539,0.568,102.7,100.87,84.06,1515.0,0.536,5.0,9.0,14.0,14.0,5.0,4.0,16.0,6.0,3.0,1.0,1.0,9.0,18.0,12.0,2.0,9.0,10.0,1.0,4.0,Regular Season
toronto raptors,2021-22,3,1610612761.0,10.0,6.0,4.0,0.6,48.5,40.8,91.8,0.444,12.7,37.2,0.341,15.1,20.6,0.733,12.1,33.5,45.6,24.0,11.4,8.3,4.9,4.4,20.2,18.5,109.4,1.6,30.0,18.0,3.0,9.0,2.0,11.0,2.0,25.0,12.0,10.0,22.0,26.0,24.0,27.0,3.0,16.0,9.0,17.0,1.0,4.0,18.0,5.0,21.0,26.0,13.0,12.0,Regular Season,1610612761.0,10.0,6.0,4.0,0.6,485.0,109.2,112.0,108.8,110.5,0.5,1.5,0.588,2.11,17.4,0.302,0.698,0.493,0.117,0.514,0.542,98.6,96.64,80.54,977.0,0.496,30.0,18.0,3.0,9.0,30.0,12.0,15.0,12.0,21.0,3.0,18.0,6.0,25.0,17.0,1.0,24.0,26.0,24.0,19.0,Regular Season
utah jazz,2021-22,3,1610612762.0,14.0,12.0,2.0,0.857,48.0,42.7,88.1,0.485,15.3,40.5,0.377,19.7,26.0,0.758,11.5,37.9,49.4,23.6,14.4,6.4,4.9,3.8,18.4,21.6,120.4,11.4,13.0,1.0,1.0,1.0,14.0,3.0,11.0,1.0,1.0,1.0,7.0,2.0,1.0,22.0,7.0,1.0,1.0,19.0,20.0,27.0,15.0,1.0,7.0,2.0,1.0,3.0,Regular Season,1610612762.0,14.0,12.0,2.0,0.857,672.0,117.6,119.6,106.0,108.6,11.6,11.0,0.552,1.63,17.0,0.306,0.747,0.538,0.143,0.572,0.605,102.7,100.57,83.81,1410.0,0.557,13.0,1.0,1.0,1.0,17.0,1.0,6.0,3.0,29.0,22.0,23.0,5.0,4.0,1.0,17.0,1.0,1.0,2.0,3.0,Regular Season
washington wizards,2021-22,3,1610612764.0,14.0,5.0,9.0,0.357,48.4,40.6,85.6,0.474,9.8,29.4,0.333,15.8,21.7,0.727,9.0,32.1,41.1,24.6,11.9,6.4,4.4,4.6,20.6,20.4,106.7,-6.1,13.0,24.0,21.0,25.0,8.0,12.0,22.0,5.0,29.0,30.0,25.0,24.0,15.0,28.0,26.0,26.0,28.0,14.0,3.0,26.0,24.0,8.0,23.0,7.0,22.0,25.0,Regular Season,1610612764.0,14.0,5.0,9.0,0.357,677.0,108.8,110.1,114.0,116.1,-5.2,-6.0,0.606,2.06,18.5,0.237,0.724,0.479,0.123,0.531,0.56,97.8,96.32,80.27,1357.0,0.478,13.0,24.0,21.0,25.0,13.0,19.0,26.0,25.0,13.0,5.0,9.0,29.0,15.0,27.0,4.0,12.0,16.0,25.0,21.0,Regular Season
atlanta hawks,2021-22,4,1610612737.0,15.0,8.0,7.0,0.533,48.0,40.7,84.1,0.484,12.8,35.7,0.358,19.4,24.5,0.791,7.7,34.3,42.0,25.7,12.7,6.9,4.3,3.7,19.5,22.1,113.5,0.7,15.0,13.0,13.0,13.0,15.0,11.0,28.0,3.0,12.0,15.0,11.0,3.0,4.0,13.0,30.0,14.0,29.0,10.0,4.0,22.0,18.0,2.0,14.0,2.0,6.0,13.0,Regular Season,1610612737.0,15.0,8.0,7.0,0.533,720.0,113.7,115.0,112.1,114.1,1.6,0.9,0.631,2.02,19.1,0.229,0.725,0.489,0.129,0.56,0.598,100.3,98.8,82.33,1481.0,0.518,15.0,13.0,13.0,13.0,18.0,5.0,22.0,13.0,10.0,5.0,7.0,30.0,15.0,23.0,5.0,2.0,2.0,14.0,11.0,Regular Season
boston celtics,2021-22,4,1610612738.0,16.0,10.0,6.0,0.625,48.6,39.4,85.1,0.463,13.0,36.2,0.359,16.0,19.1,0.837,10.1,36.4,46.5,23.8,14.3,6.6,6.4,4.5,18.3,18.1,107.9,8.8,4.0,8.0,7.0,8.0,4.0,19.0,24.0,11.0,11.0,12.0,9.0,23.0,28.0,3.0,17.0,3.0,4.0,21.0,23.0,25.0,2.0,15.0,3.0,26.0,23.0,2.0,Regular Season,1610612738.0,16.0,10.0,6.0,0.625,778.0,110.5,112.2,100.2,102.9,10.3,9.2,0.604,1.67,17.9,0.275,0.732,0.515,0.148,0.54,0.577,97.0,94.98,79.15,1539.0,0.555,4.0,8.0,7.0,8.0,6.0,10.0,1.0,2.0,17.0,26.0,18.0,13.0,10.0,6.0,24.0,9.0,8.0,28.0,2.0,Regular Season
brooklyn nets,2021-22,4,1610612751.0,16.0,6.0,10.0,0.375,48.3,43.6,91.0,0.479,10.1,29.1,0.346,17.8,21.1,0.843,12.2,33.1,45.3,25.2,14.0,7.6,5.3,6.0,20.1,18.6,115.1,-1.8,4.0,20.0,22.0,21.0,9.0,4.0,4.0,6.0,28.0,30.0,17.0,8.0,22.0,2.0,4.0,23.0,10.0,12.0,20.0,14.0,8.0,27.0,20.0,23.0,4.0,16.0,Regular Season,1610612751.0,16.0,6.0,10.0,0.375,773.0,112.7,115.7,114.5,116.9,-1.8,-1.2,0.577,1.8,18.0,0.314,0.697,0.509,0.141,0.535,0.574,101.4,99.07,82.56,1592.0,0.498,4.0,20.0,22.0,21.0,7.0,4.0,27.0,16.0,25.0,18.0,16.0,3.0,27.0,8.0,19.0,14.0,11.0,12.0,16.0,Regular Season
charlotte hornets,2021-22,4,1610612766.0,15.0,9.0,6.0,0.6,48.0,42.1,91.0,0.462,13.5,39.5,0.341,15.3,21.6,0.707,10.2,35.1,45.3,28.1,13.1,8.3,4.3,3.9,20.1,20.2,112.9,1.7,15.0,10.0,7.0,10.0,15.0,7.0,4.0,13.0,9.0,3.0,22.0,28.0,18.0,27.0,16.0,9.0,9.0,2.0,8.0,7.0,18.0,3.0,19.0,11.0,7.0,12.0,Regular Season,1610612766.0,15.0,9.0,6.0,0.6,720.0,109.2,111.2,107.5,110.1,1.7,1.1,0.667,2.15,19.7,0.263,0.736,0.494,0.129,0.536,0.562,103.4,101.2,84.33,1522.0,0.511,15.0,10.0,7.0,10.0,18.0,16.0,13.0,12.0,4.0,3.0,3.0,16.0,8.0,19.0,4.0,11.0,20.0,3.0,12.0,Regular Season
chicago bulls,2021-22,4,1610612741.0,16.0,8.0,8.0,0.5,48.0,41.8,86.8,0.481,11.4,31.3,0.365,16.7,20.8,0.802,8.8,34.2,42.9,25.3,13.3,6.6,4.1,4.4,19.4,17.1,111.6,-2.3,4.0,13.0,14.0,14.0,15.0,8.0,20.0,5.0,22.0,27.0,6.0,18.0,24.0,8.0,27.0,15.0,23.0,11.0,11.0,25.0,22.0,11.0,12.0,30.0,10.0,17.0,Regular Season,1610612741.0,16.0,8.0,8.0,0.5,768.0,111.2,112.9,114.0,115.5,-2.8,-2.6,0.605,1.91,18.6,0.247,0.759,0.504,0.134,0.547,0.582,100.2,98.72,82.27,1582.0,0.48,4.0,13.0,14.0,14.0,11.0,8.0,25.0,20.0,16.0,7.0,9.0,26.0,2.0,13.0,11.0,5.0,5.0,16.0,21.0,Regular Season
cleveland cavaliers,2021-22,4,1610612739.0,15.0,11.0,4.0,0.733,48.0,39.4,83.5,0.472,10.5,31.4,0.335,15.4,22.1,0.698,10.7,33.6,44.3,25.9,14.1,6.5,4.4,4.4,15.7,20.2,104.7,2.8,15.0,5.0,3.0,5.0,15.0,20.0,29.0,8.0,26.0,26.0,26.0,27.0,14.0,29.0,12.0,18.0,17.0,8.0,22.0,28.0,17.0,12.0,1.0,11.0,27.0,11.0,Regular Season,1610612739.0,15.0,11.0,4.0,0.733,720.0,108.4,110.2,106.4,107.4,2.0,2.9,0.657,1.83,19.3,0.29,0.705,0.504,0.149,0.535,0.562,96.2,94.97,79.14,1425.0,0.533,15.0,5.0,3.0,5.0,18.0,21.0,6.0,11.0,5.0,13.0,5.0,10.0,25.0,11.0,26.0,13.0,19.0,29.0,7.0,Regular Season
dallas mavericks,2021-22,4,1610612742.0,16.0,12.0,4.0,0.75,48.0,39.1,84.6,0.462,12.5,36.1,0.346,16.9,21.7,0.778,8.7,36.1,44.8,24.6,13.3,7.2,4.3,2.9,18.8,20.2,107.5,7.3,4.0,2.0,3.0,3.0,15.0,23.0,26.0,14.0,14.0,13.0,18.0,15.0,17.0,16.0,28.0,4.0,13.0,16.0,11.0,18.0,20.0,1.0,7.0,13.0,24.0,4.0,Regular Season,1610612742.0,16.0,12.0,4.0,0.75,768.0,108.9,111.0,101.8,103.3,7.1,7.7,0.63,1.86,18.5,0.244,0.753,0.504,0.137,0.535,0.571,98.6,96.97,80.81,1550.0,0.54,4.0,2.0,3.0,3.0,11.0,18.0,2.0,4.0,11.0,11.0,11.0,28.0,3.0,10.0,16.0,12.0,13.0,25.0,3.0,Regular Season
denver nuggets,2021-22,4,1610612743.0,16.0,11.0,5.0,0.688,48.3,42.7,86.3,0.495,13.1,35.6,0.368,17.3,21.3,0.815,10.1,34.8,44.9,30.1,14.8,6.9,3.1,4.6,20.1,20.1,115.8,7.1,4.0,5.0,6.0,6.0,9.0,6.0,21.0,1.0,10.0,16.0,4.0,12.0,20.0,5.0,18.0,10.0,12.0,1.0,27.0,21.0,30.0,17.0,20.0,14.0,2.0,5.0,Regular Season,1610612743.0,16.0,11.0,5.0,0.688,773.0,115.3,117.1,109.3,110.1,6.0,7.0,0.706,2.03,21.2,0.289,0.772,0.539,0.15,0.571,0.605,99.3,98.24,81.86,1583.0,0.539,4.0,5.0,6.0,6.0,7.0,3.0,12.0,5.0,1.0,4.0,1.0,11.0,1.0,1.0,28.0,1.0,1.0,17.0,5.0,Regular Season
detroit pistons,2021-22,4,1610612765.0,16.0,7.0,9.0,0.438,48.3,39.1,89.3,0.438,11.4,33.9,0.337,17.1,22.3,0.765,10.7,31.8,42.4,24.0,13.1,7.7,4.9,4.9,22.3,20.7,106.6,-8.3,4.0,17.0,19.0,19.0,9.0,23.0,9.0,28.0,22.0,20.0,24.0,13.0,13.0,18.0,13.0,28.0,27.0,20.0,7.0,12.0,11.0,22.0,30.0,8.0,25.0,29.0,Regular Season,1610612765.0,16.0,7.0,9.0,0.438,773.0,105.1,107.2,112.7,115.5,-7.6,-8.3,0.614,1.84,17.5,0.262,0.692,0.469,0.131,0.502,0.538,101.0,98.86,82.38,1592.0,0.453,4.0,17.0,19.0,19.0,7.0,28.0,24.0,28.0,13.0,12.0,20.0,19.0,29.0,30.0,8.0,28.0,29.0,13.0,29.0,Regular Season
golden state warriors,2021-22,4,1610612744.0,17.0,11.0,6.0,0.647,48.3,40.0,87.6,0.457,13.5,38.9,0.346,15.9,20.3,0.786,10.2,37.0,47.2,26.8,14.7,9.6,4.9,4.6,20.6,17.1,109.4,4.8,1.0,5.0,7.0,7.0,13.0,15.0,14.0,17.0,8.0,5.0,16.0,25.0,26.0,14.0,15.0,1.0,2.0,6.0,26.0,2.0,12.0,18.0,25.0,29.0,17.0,8.0,Regular Season,1610612744.0,17.0,11.0,6.0,0.647,821.0,108.3,110.0,101.9,105.3,6.4,4.7,0.669,1.82,19.2,0.266,0.721,0.503,0.148,0.534,0.567,101.2,98.78,82.31,1691.0,0.536,1.0,5.0,7.0,7.0,2.0,22.0,3.0,8.0,3.0,16.0,6.0,14.0,20.0,14.0,23.0,15.0,15.0,15.0,6.0,Regular Season
houston rockets,2021-22,4,1610612745.0,14.0,4.0,10.0,0.286,48.0,39.2,87.3,0.449,13.6,39.8,0.343,19.3,26.2,0.736,9.4,33.4,42.7,22.6,16.1,6.8,3.9,6.1,18.6,22.4,111.4,-10.7,26.0,26.0,22.0,26.0,15.0,22.0,16.0,24.0,6.0,2.0,21.0,4.0,1.0,25.0,22.0,21.0,24.0,27.0,30.0,24.0,25.0,28.0,6.0,1.0,12.0,30.0,Regular Season,1610612745.0,14.0,4.0,10.0,0.286,672.0,105.5,108.1,116.6,118.8,-11.1,-10.6,0.576,1.4,16.3,0.258,0.732,0.487,0.156,0.527,0.563,105.1,102.89,85.74,1442.0,0.438,26.0,26.0,22.0,26.0,27.0,27.0,30.0,30.0,26.0,30.0,29.0,21.0,11.0,25.0,29.0,19.0,16.0,1.0,30.0,Regular Season
indiana pacers,2021-22,4,1610612754.0,16.0,5.0,11.0,0.313,48.9,40.6,88.4,0.459,12.5,36.0,0.347,17.8,23.9,0.744,11.3,31.9,43.2,25.7,14.9,6.4,5.4,5.2,21.7,20.8,111.4,-6.8,4.0,22.0,25.0,24.0,2.0,12.0,12.0,16.0,14.0,14.0,15.0,8.0,6.0,22.0,8.0,27.0,22.0,9.0,28.0,29.0,5.0,23.0,29.0,7.0,11.0,27.0,Regular Season,1610612754.0,16.0,5.0,11.0,0.313,783.0,108.6,111.6,116.4,118.2,-7.7,-6.6,0.633,1.72,18.2,0.313,0.709,0.505,0.15,0.529,0.563,100.2,98.05,81.71,1598.0,0.459,4.0,22.0,25.0,24.0,4.0,13.0,29.0,27.0,9.0,22.0,13.0,4.0,24.0,9.0,27.0,18.0,17.0,20.0,26.0,Regular Season
la clippers,2021-22,4,1610612746.0,17.0,8.0,9.0,0.471,48.3,39.6,87.9,0.451,12.0,34.1,0.352,16.9,21.1,0.802,9.2,35.2,44.4,23.4,13.5,6.9,4.5,4.2,19.8,18.4,108.2,-2.5,1.0,13.0,19.0,16.0,13.0,16.0,13.0,22.0,18.0,19.0,13.0,14.0,23.0,7.0,26.0,8.0,16.0,22.0,14.0,19.0,16.0,7.0,17.0,24.0,21.0,18.0,Regular Season,1610612746.0,17.0,8.0,9.0,0.471,821.0,106.6,108.5,109.7,110.9,-3.1,-2.4,0.589,1.73,17.2,0.252,0.698,0.48,0.135,0.519,0.557,100.7,99.22,82.68,1696.0,0.481,1.0,13.0,19.0,16.0,2.0,25.0,15.0,17.0,23.0,19.0,22.0,23.0,26.0,27.0,14.0,23.0,21.0,10.0,20.0,Regular Season
los angeles lakers,2021-22,4,1610612747.0,14.0,6.0,8.0,0.429,48.0,41.2,89.1,0.463,12.5,36.2,0.345,15.9,21.3,0.745,9.4,31.4,40.8,23.1,12.4,7.9,4.8,4.4,20.0,20.2,110.8,-2.9,26.0,20.0,14.0,20.0,15.0,10.0,10.0,12.0,14.0,11.0,20.0,26.0,19.0,21.0,19.0,30.0,30.0,23.0,2.0,10.0,13.0,14.0,18.0,10.0,16.0,20.0,Regular Season,1610612747.0,14.0,6.0,8.0,0.429,672.0,109.3,111.7,112.1,114.6,-2.8,-2.9,0.562,1.87,17.2,0.251,0.711,0.472,0.125,0.533,0.563,101.4,99.14,82.62,1388.0,0.47,26.0,20.0,14.0,20.0,27.0,12.0,23.0,21.0,28.0,8.0,23.0,24.0,23.0,29.0,3.0,16.0,18.0,11.0,24.0,Regular Season
memphis grizzlies,2021-22,4,1610612763.0,16.0,12.0,4.0,0.75,48.3,44.1,94.4,0.467,9.4,30.0,0.313,16.9,24.1,0.701,14.5,35.7,50.2,24.6,13.4,9.9,7.8,6.5,19.0,19.6,114.4,5.4,4.0,2.0,3.0,3.0,9.0,1.0,2.0,9.0,30.0,29.0,29.0,15.0,5.0,28.0,1.0,6.0,1.0,18.0,13.0,1.0,1.0,29.0,9.0,16.0,5.0,7.0,Regular Season,1610612763.0,16.0,12.0,4.0,0.75,773.0,110.1,112.3,104.4,107.5,5.6,4.8,0.557,1.83,17.1,0.339,0.722,0.529,0.132,0.517,0.545,103.4,100.97,84.14,1630.0,0.528,4.0,2.0,3.0,3.0,7.0,9.0,7.0,7.0,29.0,14.0,24.0,1.0,19.0,2.0,9.0,24.0,25.0,4.0,8.0,Regular Season
miami heat,2021-22,4,1610612748.0,15.0,9.0,6.0,0.6,49.0,39.5,86.9,0.455,14.7,37.8,0.39,17.4,20.5,0.85,11.5,34.1,45.5,27.2,15.7,7.7,3.6,4.1,21.0,19.8,111.2,3.1,15.0,10.0,7.0,10.0,1.0,17.0,18.0,20.0,1.0,9.0,1.0,11.0,25.0,1.0,6.0,16.0,8.0,4.0,29.0,11.0,29.0,4.0,27.0,15.0,14.0,10.0,Regular Season,1610612748.0,15.0,9.0,6.0,0.6,735.0,111.0,113.6,108.3,110.1,2.7,3.5,0.688,1.73,19.4,0.312,0.739,0.523,0.161,0.54,0.58,97.9,96.0,80.0,1468.0,0.52,15.0,10.0,7.0,10.0,15.0,7.0,14.0,9.0,2.0,20.0,4.0,5.0,7.0,4.0,30.0,8.0,7.0,26.0,10.0,Regular Season
milwaukee bucks,2021-22,4,1610612749.0,15.0,7.0,8.0,0.467,48.0,39.4,87.5,0.45,14.1,39.4,0.357,19.3,23.5,0.821,9.4,36.9,46.3,23.1,13.7,8.0,3.9,4.2,18.6,19.3,112.1,-0.1,15.0,17.0,14.0,17.0,15.0,20.0,15.0,23.0,4.0,4.0,12.0,5.0,9.0,4.0,20.0,2.0,5.0,24.0,18.0,8.0,26.0,8.0,5.0,20.0,8.0,14.0,Regular Season,1610612749.0,15.0,7.0,8.0,0.467,720.0,109.7,111.2,109.4,111.4,0.4,-0.2,0.585,1.68,17.0,0.249,0.724,0.495,0.136,0.53,0.573,102.4,100.83,84.03,1513.0,0.504,15.0,17.0,14.0,17.0,18.0,17.0,16.0,14.0,24.0,24.0,25.0,25.0,16.0,18.0,15.0,17.0,12.0,5.0,13.0,Regular Season
minnesota timberwolves,2021-22,4,1610612750.0,15.0,9.0,6.0,0.6,48.0,43.7,91.5,0.477,14.2,41.1,0.346,18.1,23.8,0.762,11.5,32.9,44.3,26.5,14.3,9.4,6.0,4.3,20.3,21.1,119.7,5.5,15.0,10.0,7.0,10.0,15.0,2.0,3.0,7.0,3.0,1.0,19.0,7.0,7.0,20.0,6.0,24.0,17.0,7.0,24.0,4.0,3.0,9.0,24.0,5.0,1.0,6.0,Regular Season,1610612750.0,15.0,9.0,6.0,0.6,720.0,114.3,117.6,110.3,112.0,4.0,5.5,0.608,1.86,18.6,0.298,0.716,0.501,0.14,0.555,0.587,104.1,101.87,84.89,1527.0,0.524,15.0,10.0,7.0,10.0,18.0,2.0,17.0,6.0,15.0,10.0,10.0,9.0,21.0,15.0,18.0,3.0,3.0,2.0,9.0,Regular Season
new orleans pelicans,2021-22,4,1610612740.0,15.0,5.0,10.0,0.333,48.0,37.8,86.0,0.44,10.1,33.7,0.298,20.0,25.9,0.771,11.2,32.1,43.3,24.7,12.7,7.9,4.0,5.5,19.7,21.5,105.7,-4.3,15.0,22.0,22.0,23.0,15.0,29.0,22.0,27.0,27.0,21.0,30.0,2.0,2.0,17.0,10.0,26.0,21.0,14.0,4.0,9.0,24.0,26.0,16.0,4.0,26.0,24.0,Regular Season,1610612740.0,15.0,5.0,10.0,0.333,720.0,106.8,108.4,111.0,112.3,-4.2,-3.9,0.653,1.94,18.1,0.278,0.743,0.5,0.131,0.498,0.542,99.0,97.7,81.42,1462.0,0.479,15.0,22.0,22.0,23.0,18.0,26.0,18.0,24.0,6.0,6.0,14.0,12.0,6.0,16.0,7.0,29.0,27.0,22.0,22.0,Regular Season
new york knicks,2021-22,4,1610612752.0,15.0,7.0,8.0,0.467,48.0,36.9,82.7,0.446,12.5,34.9,0.359,16.3,23.7,0.69,11.5,34.3,45.9,21.8,14.0,7.3,3.7,4.4,21.4,20.4,102.6,-0.3,15.0,17.0,14.0,17.0,15.0,30.0,30.0,25.0,13.0,17.0,10.0,21.0,8.0,30.0,5.0,12.0,7.0,29.0,20.0,17.0,28.0,12.0,28.0,9.0,29.0,15.0,Regular Season,1610612752.0,15.0,7.0,8.0,0.467,720.0,107.3,108.6,106.3,109.4,1.0,-0.8,0.591,1.56,16.6,0.304,0.752,0.526,0.148,0.521,0.551,96.2,94.27,78.56,1417.0,0.494,15.0,17.0,14.0,17.0,18.0,24.0,11.0,15.0,20.0,28.0,27.0,6.0,4.0,3.0,25.0,21.0,23.0,30.0,17.0,Regular Season
oklahoma city thunder,2021-22,4,1610612760.0,14.0,2.0,12.0,0.143,48.4,38.0,90.1,0.422,12.1,38.4,0.314,13.9,17.5,0.792,10.9,33.9,44.8,22.4,13.1,8.6,4.1,6.7,19.4,17.4,101.9,-5.7,26.0,30.0,27.0,30.0,6.0,28.0,8.0,30.0,17.0,6.0,28.0,29.0,30.0,12.0,11.0,17.0,14.0,28.0,9.0,5.0,21.0,30.0,11.0,28.0,30.0,26.0,Regular Season,1610612760.0,14.0,2.0,12.0,0.143,677.0,102.0,103.5,107.3,109.2,-5.3,-5.7,0.59,1.72,16.6,0.266,0.694,0.475,0.133,0.489,0.521,99.4,97.81,81.51,1379.0,0.456,26.0,30.0,27.0,30.0,26.0,30.0,10.0,26.0,22.0,23.0,26.0,15.0,28.0,28.0,10.0,30.0,30.0,21.0,27.0,Regular Season
orlando magic,2021-22,4,1610612753.0,15.0,4.0,11.0,0.267,48.3,38.7,87.1,0.444,11.2,33.3,0.336,16.1,20.2,0.795,8.2,34.5,42.7,24.6,14.7,7.4,5.0,5.3,20.9,19.5,104.6,-3.1,15.0,26.0,25.0,27.0,7.0,26.0,17.0,26.0,24.0,22.0,25.0,22.0,27.0,11.0,29.0,11.0,25.0,17.0,25.0,16.0,10.0,24.0,26.0,19.0,28.0,23.0,Regular Season,1610612753.0,15.0,4.0,11.0,0.267,725.0,102.1,104.5,106.2,107.8,-4.1,-3.3,0.636,1.68,18.0,0.241,0.749,0.492,0.146,0.508,0.545,101.2,99.34,82.79,1502.0,0.487,15.0,26.0,25.0,27.0,16.0,29.0,8.0,23.0,8.0,25.0,15.0,29.0,5.0,20.0,22.0,27.0,24.0,9.0,18.0,Regular Season
philadelphia 76ers,2021-22,4,1610612755.0,15.0,12.0,3.0,0.8,48.3,41.3,85.8,0.482,11.1,30.3,0.366,18.3,23.0,0.797,9.3,34.3,43.7,24.9,13.7,7.5,5.3,4.7,18.9,19.2,112.1,7.5,15.0,2.0,2.0,2.0,7.0,9.0,23.0,4.0,25.0,28.0,5.0,6.0,10.0,10.0,23.0,12.0,19.0,13.0,16.0,15.0,7.0,19.0,8.0,22.0,9.0,3.0,Regular Season,1610612755.0,15.0,12.0,3.0,0.8,725.0,111.8,114.3,104.5,106.2,7.3,8.0,0.602,1.82,18.4,0.262,0.726,0.504,0.139,0.546,0.584,99.5,97.56,81.3,1471.0,0.54,15.0,2.0,2.0,2.0,16.0,6.0,4.0,3.0,18.0,17.0,12.0,18.0,13.0,12.0,17.0,7.0,4.0,23.0,4.0,Regular Season
phoenix suns,2021-22,4,1610612756.0,14.0,13.0,1.0,0.929,48.0,43.6,90.1,0.484,11.9,31.6,0.376,16.6,21.1,0.784,11.3,35.9,47.1,27.9,12.0,8.4,4.6,4.1,19.6,19.3,115.7,10.8,26.0,1.0,1.0,1.0,15.0,3.0,7.0,2.0,19.0,24.0,3.0,19.0,21.0,15.0,9.0,5.0,3.0,3.0,1.0,6.0,14.0,5.0,15.0,21.0,3.0,1.0,Regular Season,1610612756.0,14.0,13.0,1.0,0.929,672.0,115.5,117.9,104.2,106.8,11.3,11.1,0.638,2.32,19.8,0.303,0.726,0.522,0.122,0.55,0.582,100.4,98.18,81.82,1374.0,0.568,26.0,1.0,1.0,1.0,27.0,1.0,5.0,1.0,7.0,1.0,2.0,7.0,12.0,5.0,1.0,4.0,6.0,18.0,1.0,Regular Season
portland trail blazers,2021-22,4,1610612757.0,16.0,8.0,8.0,0.5,48.0,39.1,84.8,0.461,14.6,38.2,0.383,16.0,21.9,0.729,9.2,33.4,42.6,23.1,13.9,7.7,4.6,4.8,20.1,19.6,108.8,-2.9,4.0,13.0,14.0,14.0,15.0,23.0,25.0,15.0,2.0,8.0,2.0,23.0,15.0,26.0,25.0,20.0,26.0,25.0,19.0,12.0,15.0,21.0,20.0,18.0,20.0,22.0,Regular Season,1610612757.0,16.0,8.0,8.0,0.5,768.0,109.6,110.8,111.3,113.9,-1.7,-3.1,0.59,1.65,17.4,0.246,0.735,0.489,0.142,0.547,0.576,99.8,98.09,81.74,1570.0,0.477,4.0,13.0,14.0,14.0,11.0,19.0,20.0,22.0,21.0,27.0,21.0,27.0,9.0,22.0,21.0,6.0,10.0,19.0,23.0,Regular Season
sacramento kings,2021-22,4,1610612758.0,15.0,3.0,12.0,0.2,48.0,40.5,88.8,0.456,11.6,33.3,0.348,16.5,22.3,0.737,10.3,33.1,43.4,24.1,12.9,6.9,4.1,4.3,19.3,18.3,109.0,-8.2,15.0,29.0,27.0,29.0,15.0,14.0,11.0,19.0,20.0,22.0,14.0,20.0,12.0,23.0,14.0,22.0,20.0,19.0,6.0,22.0,23.0,10.0,10.0,25.0,19.0,28.0,Regular Season,1610612758.0,15.0,3.0,12.0,0.2,720.0,107.6,109.3,116.0,117.7,-8.4,-8.5,0.596,1.87,17.6,0.262,0.724,0.486,0.13,0.521,0.553,101.2,99.63,83.03,1496.0,0.456,15.0,29.0,27.0,29.0,18.0,23.0,28.0,29.0,19.0,9.0,19.0,17.0,17.0,26.0,6.0,22.0,22.0,7.0,28.0,Regular Season
san antonio spurs,2021-22,4,1610612759.0,17.0,5.0,12.0,0.294,48.6,42.9,95.0,0.452,11.5,34.2,0.337,13.7,17.9,0.764,12.3,33.6,45.9,26.8,12.4,6.6,5.3,5.4,18.6,17.5,111.1,-2.9,1.0,22.0,27.0,25.0,5.0,5.0,1.0,21.0,21.0,18.0,23.0,30.0,29.0,19.0,3.0,19.0,6.0,5.0,3.0,27.0,6.0,25.0,4.0,27.0,15.0,21.0,Regular Season,1610612759.0,17.0,5.0,12.0,0.294,826.0,107.9,110.5,111.2,113.1,-3.4,-2.6,0.625,2.16,18.8,0.299,0.683,0.488,0.123,0.513,0.54,101.5,99.43,82.86,1709.0,0.486,1.0,22.0,27.0,25.0,1.0,20.0,19.0,19.0,12.0,2.0,8.0,8.0,30.0,24.0,2.0,25.0,28.0,8.0,19.0,Regular Season
toronto raptors,2021-22,4,1610612761.0,16.0,10.0,6.0,0.625,48.9,39.5,90.6,0.436,13.5,37.3,0.362,16.8,22.8,0.737,13.4,31.6,45.1,22.6,13.1,9.6,5.6,4.5,20.3,21.0,109.3,3.3,4.0,8.0,7.0,8.0,2.0,18.0,6.0,29.0,7.0,10.0,8.0,17.0,11.0,24.0,2.0,29.0,11.0,26.0,10.0,3.0,4.0,15.0,23.0,6.0,18.0,9.0,Regular Season,1610612761.0,16.0,10.0,6.0,0.625,783.0,109.0,112.0,106.7,108.9,2.3,3.1,0.573,1.72,16.4,0.334,0.714,0.51,0.135,0.511,0.543,97.9,95.57,79.64,1561.0,0.502,4.0,8.0,7.0,8.0,4.0,11.0,9.0,10.0,27.0,21.0,28.0,2.0,22.0,7.0,12.0,26.0,26.0,27.0,15.0,Regular Season
utah jazz,2021-22,4,1610612762.0,16.0,4.0,12.0,0.25,48.0,38.4,84.2,0.456,13.9,38.3,0.362,17.4,21.9,0.797,9.4,32.8,42.1,20.7,13.7,6.9,3.8,4.7,19.4,19.6,108.1,-4.4,4.0,26.0,27.0,28.0,15.0,27.0,27.0,18.0,5.0,7.0,7.0,10.0,16.0,9.0,21.0,25.0,28.0,30.0,17.0,20.0,27.0,20.0,13.0,16.0,22.0,25.0,Regular Season,1610612762.0,16.0,4.0,12.0,0.25,768.0,110.1,111.5,113.6,115.8,-3.5,-4.2,0.539,1.51,16.0,0.255,0.726,0.492,0.141,0.538,0.576,98.6,97.0,80.83,1550.0,0.469,4.0,26.0,27.0,28.0,11.0,14.0,26.0,25.0,30.0,29.0,30.0,22.0,14.0,21.0,20.0,10.0,9.0,24.0,25.0,Regular Season
washington wizards,2021-22,4,1610612764.0,14.0,5.0,9.0,0.357,48.0,40.5,86.8,0.467,10.0,31.4,0.318,20.4,25.1,0.812,9.2,35.4,44.6,24.6,13.5,5.6,5.2,4.1,18.2,21.8,111.4,-2.7,26.0,22.0,19.0,22.0,15.0,13.0,19.0,10.0,29.0,25.0,27.0,1.0,3.0,6.0,24.0,7.0,15.0,15.0,15.0,30.0,9.0,5.0,2.0,3.0,12.0,19.0,Regular Season,1610612764.0,14.0,5.0,9.0,0.357,672.0,109.1,111.4,111.6,113.9,-2.6,-2.6,0.608,1.83,18.0,0.259,0.722,0.497,0.135,0.524,0.569,102.1,100.07,83.39,1400.0,0.503,26.0,22.0,19.0,22.0,27.0,15.0,21.0,18.0,14.0,15.0,17.0,20.0,18.0,17.0,13.0,20.0,14.0,6.0,14.0,Regular Season
atlanta hawks,2021-22,5,1610612737.0,10.0,5.0,5.0,0.5,48.0,43.4,90.8,0.478,13.0,33.3,0.39,17.2,20.9,0.823,11.0,33.3,44.3,25.0,12.3,7.5,4.5,4.3,19.6,20.3,117.0,3.7,18.0,15.0,14.0,15.0,14.0,6.0,9.0,12.0,9.0,16.0,2.0,15.0,22.0,4.0,9.0,17.0,15.0,16.0,5.0,16.0,14.0,13.0,12.0,12.0,6.0,10.0,Regular Season,1610612737.0,10.0,5.0,5.0,0.5,480.0,115.5,117.5,112.7,114.1,2.8,3.4,0.576,2.03,17.9,0.304,0.73,0.516,0.123,0.55,0.585,100.9,99.45,82.87,996.0,0.51,18.0,15.0,14.0,15.0,20.0,4.0,19.0,10.0,24.0,8.0,19.0,6.0,9.0,6.0,5.0,14.0,13.0,16.0,15.0,Regular Season
boston celtics,2021-22,5,1610612738.0,11.0,9.0,2.0,0.818,48.0,42.1,87.1,0.483,13.5,37.5,0.358,17.4,21.5,0.806,10.3,36.8,47.1,27.4,13.5,6.8,6.9,3.8,17.9,19.7,115.0,14.3,10.0,1.0,2.0,2.0,14.0,12.0,20.0,10.0,8.0,12.0,16.0,14.0,18.0,8.0,16.0,3.0,4.0,5.0,15.0,25.0,1.0,7.0,3.0,18.0,10.0,1.0,Regular Season,1610612738.0,11.0,9.0,2.0,0.818,528.0,115.2,116.5,98.7,101.4,16.5,15.1,0.65,2.02,19.8,0.265,0.689,0.497,0.137,0.561,0.595,101.0,99.05,82.54,1086.0,0.597,10.0,1.0,2.0,2.0,14.0,8.0,1.0,1.0,6.0,9.0,3.0,21.0,28.0,18.0,13.0,6.0,6.0,19.0,1.0,Regular Season
brooklyn nets,2021-22,5,1610612751.0,13.0,3.0,10.0,0.231,48.0,39.6,90.0,0.44,11.5,33.9,0.34,15.7,21.4,0.734,11.3,30.2,41.5,22.3,12.5,7.2,4.5,4.6,19.8,19.2,106.5,-11.2,1.0,24.0,29.0,26.0,14.0,24.0,12.0,26.0,17.0,14.0,22.0,25.0,19.0,23.0,7.0,29.0,25.0,28.0,7.0,20.0,15.0,18.0,15.0,21.0,27.0,29.0,Regular Season,1610612751.0,13.0,3.0,10.0,0.231,624.0,105.8,107.8,116.9,119.1,-11.1,-11.3,0.563,1.78,16.4,0.282,0.712,0.481,0.127,0.504,0.535,100.6,98.77,82.31,1284.0,0.428,1.0,24.0,29.0,26.0,2.0,23.0,29.0,29.0,27.0,16.0,29.0,11.0,20.0,26.0,8.0,26.0,26.0,21.0,28.0,Regular Season
charlotte hornets,2021-22,5,1610612766.0,12.0,2.0,10.0,0.167,49.7,41.1,93.3,0.44,12.5,39.5,0.316,17.6,24.3,0.723,13.4,35.8,49.3,27.1,15.3,8.5,4.3,5.0,22.6,21.3,112.3,-3.3,3.0,27.0,29.0,28.0,1.0,16.0,2.0,25.0,13.0,6.0,29.0,12.0,10.0,26.0,3.0,8.0,2.0,7.0,27.0,5.0,18.0,22.0,28.0,7.0,17.0,20.0,Regular Season,1610612766.0,12.0,2.0,10.0,0.167,596.0,106.0,107.6,108.9,110.3,-2.8,-2.7,0.659,1.78,18.4,0.295,0.684,0.488,0.146,0.507,0.539,102.5,101.07,84.23,1252.0,0.485,3.0,27.0,29.0,28.0,3.0,25.0,10.0,20.0,2.0,17.0,12.0,9.0,30.0,21.0,24.0,25.0,25.0,7.0,20.0,Regular Season
chicago bulls,2021-22,5,1610612741.0,13.0,8.0,5.0,0.615,48.4,44.2,87.8,0.504,9.9,27.3,0.363,19.1,23.2,0.824,8.5,36.4,44.8,23.8,12.2,6.0,4.3,4.6,18.1,17.4,117.5,2.2,1.0,4.0,14.0,11.0,13.0,5.0,16.0,1.0,30.0,30.0,14.0,8.0,13.0,2.0,27.0,4.0,12.0,22.0,4.0,30.0,16.0,18.0,4.0,30.0,5.0,12.0,Regular Season,1610612741.0,13.0,8.0,5.0,0.615,629.0,115.4,116.1,111.9,114.9,3.5,1.2,0.537,1.94,17.5,0.256,0.739,0.512,0.121,0.56,0.599,101.6,99.93,83.28,1315.0,0.512,1.0,4.0,14.0,11.0,1.0,10.0,23.0,14.0,30.0,10.0,21.0,23.0,4.0,7.0,4.0,7.0,4.0,15.0,13.0,Regular Season
cleveland cavaliers,2021-22,5,1610612739.0,10.0,5.0,5.0,0.5,48.0,37.9,81.6,0.464,10.9,29.5,0.369,18.8,24.8,0.758,10.9,32.6,43.5,23.4,14.8,7.0,3.9,4.5,18.1,23.1,105.5,0.3,18.0,15.0,14.0,15.0,14.0,29.0,30.0,21.0,23.0,29.0,8.0,10.0,8.0,18.0,11.0,22.0,20.0,25.0,24.0,22.0,24.0,16.0,5.0,3.0,29.0,16.0,Regular Season,1610612739.0,10.0,5.0,5.0,0.5,480.0,109.4,109.9,106.8,109.9,2.6,0.0,0.617,1.58,17.7,0.284,0.709,0.502,0.154,0.531,0.57,97.4,95.85,79.87,960.0,0.513,18.0,15.0,14.0,15.0,20.0,20.0,8.0,17.0,11.0,28.0,20.0,10.0,21.0,14.0,28.0,18.0,17.0,27.0,12.0,Regular Season
dallas mavericks,2021-22,5,1610612742.0,10.0,7.0,3.0,0.7,48.5,39.5,83.7,0.472,15.3,38.1,0.402,15.4,20.1,0.766,9.6,31.4,41.0,21.7,13.0,7.0,4.2,3.3,20.9,20.3,109.7,6.3,18.0,10.0,5.0,6.0,8.0,25.0,28.0,14.0,2.0,8.0,1.0,27.0,28.0,17.0,19.0,26.0,28.0,30.0,9.0,22.0,19.0,1.0,21.0,12.0,22.0,8.0,Regular Season,1610612742.0,10.0,7.0,3.0,0.7,485.0,114.3,116.2,107.3,109.2,7.0,7.0,0.549,1.67,16.9,0.267,0.694,0.483,0.138,0.563,0.593,95.1,93.58,77.98,944.0,0.516,18.0,10.0,5.0,6.0,19.0,9.0,4.0,6.0,28.0,25.0,27.0,19.0,27.0,25.0,14.0,4.0,8.0,30.0,11.0,Regular Season
denver nuggets,2021-22,5,1610612743.0,12.0,8.0,4.0,0.667,48.0,41.9,86.0,0.487,14.0,38.0,0.368,18.6,22.7,0.82,9.2,37.8,47.0,27.6,16.1,6.9,3.4,5.3,19.8,20.1,116.4,5.9,3.0,4.0,7.0,7.0,14.0,15.0,24.0,8.0,6.0,9.0,9.0,11.0,15.0,5.0,23.0,1.0,5.0,4.0,30.0,24.0,28.0,25.0,14.0,15.0,8.0,9.0,Regular Season,1610612743.0,12.0,8.0,4.0,0.667,576.0,113.1,115.7,109.4,109.7,3.7,6.1,0.658,1.72,19.6,0.282,0.762,0.535,0.16,0.569,0.607,101.9,100.67,83.89,1207.0,0.53,3.0,4.0,7.0,7.0,8.0,11.0,6.0,8.0,3.0,20.0,4.0,12.0,1.0,3.0,30.0,3.0,2.0,9.0,7.0,Regular Season
detroit pistons,2021-22,5,1610612765.0,12.0,3.0,9.0,0.25,48.4,39.7,93.2,0.426,10.4,32.5,0.321,16.2,20.8,0.776,14.0,31.7,45.7,24.3,14.1,6.5,4.7,5.4,23.3,18.8,105.9,-11.1,3.0,24.0,25.0,25.0,10.0,23.0,3.0,28.0,27.0,17.0,27.0,21.0,23.0,13.0,2.0,25.0,10.0,18.0,18.0,28.0,11.0,26.0,30.0,24.0,28.0,28.0,Regular Season,1610612765.0,12.0,3.0,9.0,0.25,581.0,103.4,106.0,115.7,117.2,-12.3,-11.2,0.611,1.72,17.1,0.319,0.708,0.497,0.141,0.482,0.518,100.9,99.02,82.51,1199.0,0.424,3.0,24.0,25.0,25.0,5.0,28.0,27.0,28.0,13.0,19.0,24.0,3.0,22.0,17.0,20.0,30.0,30.0,20.0,29.0,Regular Season
golden state warriors,2021-22,5,1610612744.0,10.0,5.0,5.0,0.5,48.0,40.9,87.3,0.468,15.0,41.2,0.364,16.1,20.8,0.774,8.5,32.9,41.4,26.7,12.5,9.4,3.7,4.5,20.7,18.8,112.9,1.7,18.0,15.0,14.0,15.0,14.0,17.0,18.0,16.0,3.0,2.0,13.0,23.0,24.0,14.0,26.0,21.0,26.0,8.0,6.0,1.0,26.0,16.0,18.0,23.0,15.0,14.0,Regular Season,1610612744.0,10.0,5.0,5.0,0.5,480.0,112.4,114.3,110.5,113.2,1.9,1.0,0.653,2.14,19.4,0.265,0.73,0.497,0.127,0.554,0.585,100.5,98.5,82.08,988.0,0.516,18.0,15.0,14.0,15.0,20.0,13.0,16.0,15.0,5.0,6.0,6.0,20.0,8.0,16.0,7.0,10.0,12.0,22.0,10.0,Regular Season
houston rockets,2021-22,5,1610612745.0,10.0,1.0,9.0,0.1,48.0,38.8,87.4,0.444,13.9,40.5,0.343,17.2,25.2,0.683,10.4,28.4,38.8,23.5,15.8,7.6,3.7,5.9,22.1,23.4,108.7,-13.6,18.0,29.0,25.0,29.0,14.0,26.0,17.0,24.0,7.0,3.0,21.0,15.0,6.0,29.0,15.0,30.0,30.0,24.0,29.0,14.0,26.0,27.0,25.0,2.0,23.0,30.0,Regular Season,1610612745.0,10.0,1.0,9.0,0.1,480.0,104.6,108.1,119.9,121.1,-15.3,-13.0,0.606,1.49,17.0,0.279,0.699,0.467,0.157,0.523,0.552,102.9,100.8,84.0,1006.0,0.407,18.0,29.0,25.0,29.0,20.0,22.0,30.0,30.0,15.0,30.0,25.0,13.0,26.0,30.0,29.0,23.0,24.0,8.0,30.0,Regular Season
indiana pacers,2021-22,5,1610612754.0,11.0,2.0,9.0,0.182,48.5,42.6,90.8,0.469,12.9,33.7,0.383,15.5,21.4,0.728,11.1,33.0,44.1,25.6,14.7,6.8,4.5,4.8,20.3,19.5,113.7,-5.5,10.0,27.0,25.0,27.0,9.0,8.0,8.0,15.0,11.0,15.0,5.0,26.0,20.0,25.0,8.0,18.0,17.0,11.0,23.0,25.0,12.0,21.0,17.0,19.0,13.0,23.0,Regular Season,1610612754.0,11.0,2.0,9.0,0.182,533.0,109.5,112.4,116.4,117.8,-6.9,-5.4,0.601,1.74,18.1,0.3,0.728,0.508,0.146,0.541,0.567,102.2,100.28,83.56,1113.0,0.466,10.0,27.0,25.0,27.0,13.0,18.0,28.0,23.0,18.0,18.0,16.0,7.0,11.0,9.0,23.0,16.0,18.0,11.0,24.0,Regular Season
la clippers,2021-22,5,1610612746.0,10.0,6.0,4.0,0.6,48.0,42.2,87.1,0.485,12.2,31.6,0.386,13.2,18.4,0.717,8.6,35.9,44.5,25.5,14.0,7.6,5.8,3.5,19.1,17.4,109.8,-1.1,18.0,12.0,7.0,12.0,14.0,11.0,19.0,9.0,15.0,21.0,3.0,30.0,29.0,27.0,25.0,7.0,14.0,12.0,16.0,14.0,5.0,3.0,10.0,29.0,20.0,18.0,Regular Season,1610612746.0,10.0,6.0,4.0,0.6,480.0,109.1,110.6,110.4,112.0,-1.2,-1.4,0.604,1.82,18.7,0.251,0.735,0.503,0.141,0.555,0.577,100.5,99.15,82.62,993.0,0.511,18.0,12.0,7.0,12.0,20.0,19.0,15.0,19.0,16.0,12.0,8.0,27.0,6.0,11.0,21.0,9.0,16.0,18.0,14.0,Regular Season
los angeles lakers,2021-22,5,1610612747.0,9.0,3.0,6.0,0.333,48.6,40.3,86.4,0.467,10.4,32.2,0.324,16.7,25.0,0.667,10.7,34.9,45.6,23.6,14.9,7.3,6.7,4.4,18.4,22.1,107.8,-3.8,29.0,24.0,18.0,23.0,7.0,19.0,22.0,19.0,26.0,18.0,26.0,18.0,7.0,30.0,13.0,13.0,11.0,23.0,25.0,18.0,2.0,15.0,7.0,6.0,24.0,21.0,Regular Season,1610612747.0,9.0,3.0,6.0,0.333,437.0,106.0,107.7,109.5,110.8,-3.5,-3.2,0.584,1.58,17.3,0.252,0.722,0.486,0.149,0.527,0.553,100.6,99.24,82.7,901.0,0.484,29.0,24.0,18.0,23.0,29.0,24.0,11.0,21.0,23.0,27.0,22.0,26.0,17.0,22.0,25.0,21.0,23.0,17.0,21.0,Regular Season
memphis grizzlies,2021-22,5,1610612763.0,10.0,8.0,2.0,0.8,48.0,45.5,96.4,0.472,11.2,31.1,0.36,21.3,29.9,0.712,17.2,37.6,54.8,27.3,13.3,8.5,6.1,5.9,21.9,22.6,123.5,11.2,18.0,4.0,2.0,4.0,14.0,1.0,1.0,13.0,21.0,23.0,15.0,3.0,1.0,28.0,1.0,2.0,1.0,6.0,11.0,5.0,4.0,27.0,24.0,4.0,1.0,3.0,Regular Season,1610612763.0,10.0,8.0,2.0,0.8,480.0,116.9,120.3,107.7,109.9,9.2,10.4,0.6,2.05,18.1,0.397,0.726,0.56,0.13,0.53,0.564,105.0,102.45,85.37,1027.0,0.558,18.0,4.0,2.0,4.0,20.0,3.0,7.0,3.0,20.0,7.0,17.0,1.0,16.0,1.0,10.0,19.0,19.0,2.0,5.0,Regular Season
miami heat,2021-22,5,1610612748.0,11.0,9.0,2.0,0.818,48.9,40.3,84.0,0.479,11.4,31.9,0.356,20.8,26.2,0.795,9.2,34.5,43.6,25.4,14.0,8.7,3.3,3.5,22.2,24.5,112.7,9.0,10.0,1.0,2.0,2.0,4.0,20.0,27.0,11.0,18.0,20.0,18.0,4.0,4.0,11.0,22.0,14.0,18.0,14.0,16.0,3.0,29.0,2.0,26.0,1.0,16.0,4.0,Regular Season,1610612748.0,11.0,9.0,2.0,0.818,538.0,112.3,113.4,103.2,105.1,9.2,8.4,0.63,1.81,18.6,0.27,0.728,0.509,0.141,0.547,0.59,98.6,97.2,81.0,1093.0,0.564,10.0,1.0,2.0,2.0,10.0,15.0,2.0,4.0,9.0,13.0,9.0,18.0,12.0,8.0,19.0,15.0,10.0,26.0,3.0,Regular Season
milwaukee bucks,2021-22,5,1610612749.0,10.0,6.0,4.0,0.6,48.0,44.4,89.5,0.496,15.0,39.7,0.378,19.4,26.0,0.746,9.5,36.3,45.8,25.4,11.8,6.6,2.9,3.7,20.7,21.2,123.2,7.0,18.0,12.0,7.0,12.0,14.0,4.0,14.0,4.0,3.0,5.0,6.0,7.0,5.0,21.0,21.0,5.0,9.0,13.0,3.0,27.0,30.0,4.0,18.0,9.0,2.0,6.0,Regular Season,1610612749.0,10.0,6.0,4.0,0.6,480.0,119.3,120.5,113.0,114.6,6.3,6.0,0.572,2.15,18.2,0.27,0.76,0.522,0.115,0.58,0.61,103.0,101.8,84.83,1022.0,0.53,18.0,12.0,7.0,12.0,20.0,2.0,21.0,9.0,25.0,4.0,13.0,16.0,2.0,4.0,3.0,1.0,1.0,4.0,8.0,Regular Season
minnesota timberwolves,2021-22,5,1610612750.0,12.0,8.0,4.0,0.667,48.4,43.0,92.0,0.467,15.5,41.6,0.373,18.9,24.5,0.772,10.2,32.5,42.7,28.3,12.8,7.7,6.2,5.1,22.4,20.8,120.4,1.3,3.0,4.0,7.0,7.0,10.0,7.0,5.0,17.0,1.0,1.0,7.0,9.0,9.0,15.0,18.0,23.0,22.0,3.0,8.0,12.0,3.0,23.0,27.0,10.0,3.0,15.0,Regular Season,1610612750.0,12.0,8.0,4.0,0.667,581.0,114.3,117.0,113.6,115.4,0.7,1.6,0.657,2.22,19.5,0.27,0.686,0.476,0.124,0.552,0.586,104.2,102.15,85.13,1235.0,0.496,3.0,4.0,7.0,7.0,5.0,5.0,25.0,13.0,4.0,3.0,5.0,17.0,29.0,28.0,6.0,12.0,11.0,3.0,18.0,Regular Season
new orleans pelicans,2021-22,5,1610612740.0,11.0,7.0,4.0,0.636,48.0,42.1,84.5,0.498,10.1,30.5,0.331,19.5,24.2,0.808,10.5,32.9,43.5,25.1,14.9,8.4,4.8,4.6,21.0,21.3,113.8,6.6,10.0,10.0,7.0,10.0,14.0,12.0,26.0,3.0,29.0,26.0,24.0,6.0,11.0,6.0,14.0,19.0,21.0,15.0,26.0,8.0,9.0,20.0,22.0,8.0,12.0,7.0,Regular Season,1610612740.0,11.0,7.0,4.0,0.636,528.0,114.4,116.8,107.1,110.1,7.3,6.7,0.596,1.68,18.4,0.311,0.707,0.52,0.153,0.558,0.598,99.8,97.41,81.17,1072.0,0.555,10.0,10.0,7.0,10.0,14.0,7.0,9.0,7.0,21.0,24.0,11.0,5.0,23.0,5.0,27.0,8.0,5.0,24.0,6.0,Regular Season
new york knicks,2021-22,5,1610612752.0,10.0,1.0,9.0,0.1,49.0,37.8,90.6,0.417,12.8,39.1,0.327,21.5,28.7,0.749,13.3,35.2,48.5,22.3,14.2,6.4,5.3,3.8,23.1,22.4,109.9,-9.2,18.0,29.0,25.0,29.0,3.0,30.0,10.0,30.0,12.0,7.0,25.0,2.0,2.0,19.0,4.0,11.0,3.0,29.0,21.0,29.0,7.0,6.0,29.0,5.0,19.0,26.0,Regular Season,1610612752.0,10.0,1.0,9.0,0.1,490.0,105.5,107.5,114.0,116.5,-8.4,-9.0,0.59,1.57,15.8,0.299,0.726,0.503,0.139,0.488,0.532,102.2,100.11,83.43,1022.0,0.44,18.0,29.0,25.0,29.0,18.0,26.0,26.0,26.0,22.0,29.0,30.0,8.0,15.0,12.0,16.0,29.0,27.0,12.0,26.0,Regular Season
oklahoma city thunder,2021-22,5,1610612760.0,12.0,4.0,8.0,0.333,49.3,40.1,91.3,0.439,11.3,35.5,0.317,15.2,20.3,0.749,11.0,35.9,46.9,24.2,14.3,8.1,4.8,6.5,18.3,18.3,106.6,-7.6,3.0,20.0,24.0,23.0,2.0,22.0,6.0,27.0,20.0,13.0,28.0,28.0,26.0,20.0,9.0,6.0,6.0,19.0,22.0,10.0,8.0,30.0,6.0,27.0,26.0,24.0,Regular Season,1610612760.0,12.0,4.0,8.0,0.333,591.0,102.9,103.6,109.3,110.8,-6.4,-7.3,0.603,1.69,17.1,0.264,0.727,0.491,0.139,0.5,0.532,101.4,100.35,83.62,1235.0,0.46,3.0,20.0,24.0,23.0,4.0,30.0,12.0,24.0,17.0,23.0,23.0,22.0,14.0,20.0,17.0,27.0,28.0,10.0,25.0,Regular Season
orlando magic,2021-22,5,1610612753.0,11.0,4.0,7.0,0.364,48.0,40.3,89.8,0.448,13.0,37.7,0.345,16.2,20.2,0.802,8.5,35.2,43.6,25.8,14.1,7.3,4.0,4.3,17.8,17.9,109.7,-8.5,10.0,20.0,22.0,21.0,14.0,20.0,13.0,23.0,9.0,10.0,20.0,20.0,27.0,9.0,28.0,12.0,18.0,10.0,19.0,19.0,23.0,11.0,2.0,28.0,21.0,25.0,Regular Season,1610612753.0,11.0,4.0,7.0,0.364,528.0,105.2,106.8,113.0,114.6,-7.8,-7.8,0.641,1.83,18.5,0.218,0.718,0.469,0.137,0.521,0.556,104.5,102.95,85.8,1130.0,0.467,10.0,20.0,22.0,21.0,14.0,27.0,22.0,25.0,8.0,11.0,10.0,30.0,18.0,29.0,12.0,24.0,22.0,1.0,23.0,Regular Season
philadelphia 76ers,2021-22,5,1610612755.0,10.0,6.0,4.0,0.6,48.0,38.4,83.4,0.46,10.8,29.6,0.365,22.4,26.8,0.836,8.1,34.4,42.5,23.8,11.1,7.1,4.2,3.9,20.7,20.1,110.0,1.9,18.0,12.0,7.0,12.0,14.0,27.0,29.0,22.0,25.0,28.0,12.0,1.0,3.0,1.0,30.0,15.0,23.0,21.0,1.0,21.0,19.0,9.0,18.0,14.0,18.0,13.0,Regular Season,1610612755.0,10.0,6.0,4.0,0.6,480.0,112.0,113.1,109.2,111.2,2.8,1.8,0.62,2.14,18.1,0.225,0.732,0.484,0.114,0.525,0.578,98.6,97.25,81.04,973.0,0.517,18.0,12.0,7.0,12.0,20.0,16.0,13.0,12.0,10.0,5.0,15.0,29.0,7.0,23.0,1.0,22.0,15.0,25.0,9.0,Regular Season
phoenix suns,2021-22,5,1610612756.0,12.0,9.0,3.0,0.75,48.0,45.0,89.4,0.503,10.3,30.6,0.335,16.6,21.0,0.79,9.1,35.7,44.8,29.3,11.5,8.4,4.8,3.8,18.7,19.0,116.8,7.2,3.0,1.0,5.0,5.0,14.0,3.0,15.0,2.0,28.0,25.0,23.0,19.0,21.0,12.0,24.0,9.0,13.0,2.0,2.0,7.0,10.0,8.0,9.0,22.0,7.0,5.0,Regular Season,1610612756.0,12.0,9.0,3.0,0.75,576.0,115.6,116.9,106.9,109.5,8.7,7.4,0.65,2.54,20.8,0.253,0.728,0.503,0.115,0.561,0.592,101.8,100.04,83.37,1199.0,0.56,3.0,1.0,5.0,5.0,8.0,6.0,5.0,5.0,7.0,1.0,1.0,25.0,10.0,13.0,2.0,5.0,9.0,13.0,4.0,Regular Season
portland trail blazers,2021-22,5,1610612757.0,10.0,4.0,6.0,0.4,48.0,38.3,90.2,0.425,11.6,37.6,0.309,15.9,21.8,0.729,12.5,33.7,46.2,23.3,14.1,8.2,4.1,6.1,21.7,19.8,104.1,-9.4,18.0,20.0,18.0,20.0,14.0,28.0,11.0,29.0,16.0,11.0,30.0,24.0,17.0,24.0,6.0,16.0,8.0,26.0,20.0,9.0,22.0,29.0,23.0,17.0,30.0,27.0,Regular Season,1610612757.0,10.0,4.0,6.0,0.4,480.0,102.7,104.2,111.9,113.5,-9.2,-9.3,0.608,1.65,16.9,0.278,0.738,0.495,0.141,0.489,0.522,101.4,99.95,83.29,999.0,0.439,18.0,20.0,18.0,20.0,20.0,29.0,17.0,27.0,14.0,26.0,26.0,14.0,5.0,19.0,22.0,28.0,29.0,14.0,27.0,Regular Season
sacramento kings,2021-22,5,1610612758.0,11.0,5.0,6.0,0.455,48.0,42.0,85.8,0.489,10.8,31.2,0.347,19.9,24.2,0.823,8.5,32.9,41.4,25.9,15.4,7.5,4.5,4.3,18.5,20.7,114.7,-1.6,10.0,15.0,18.0,18.0,14.0,14.0,25.0,5.0,24.0,22.0,19.0,5.0,11.0,3.0,28.0,19.0,27.0,9.0,28.0,17.0,12.0,11.0,8.0,11.0,11.0,19.0,Regular Season,1610612758.0,11.0,5.0,6.0,0.455,528.0,111.0,113.0,112.6,114.2,-1.6,-1.2,0.617,1.69,18.7,0.245,0.746,0.499,0.151,0.552,0.595,103.4,101.73,84.77,1117.0,0.497,10.0,15.0,18.0,18.0,14.0,17.0,20.0,18.0,12.0,22.0,7.0,28.0,3.0,15.0,26.0,11.0,7.0,5.0,17.0,Regular Season
san antonio spurs,2021-22,5,1610612759.0,11.0,5.0,6.0,0.455,48.9,45.2,92.5,0.488,11.4,31.1,0.365,17.5,22.7,0.772,10.3,32.1,42.4,29.9,13.2,8.5,4.2,4.2,19.9,19.8,119.3,0.0,10.0,15.0,18.0,18.0,4.0,2.0,4.0,7.0,18.0,24.0,11.0,13.0,14.0,16.0,16.0,24.0,24.0,1.0,10.0,4.0,21.0,10.0,16.0,16.0,4.0,17.0,Regular Season,1610612759.0,11.0,5.0,6.0,0.455,538.0,113.1,115.6,113.4,114.9,-0.3,0.7,0.662,2.27,20.4,0.271,0.702,0.484,0.128,0.55,0.582,103.4,101.58,84.65,1135.0,0.509,10.0,15.0,18.0,18.0,10.0,12.0,24.0,16.0,1.0,2.0,2.0,15.0,25.0,24.0,9.0,13.0,14.0,6.0,16.0,Regular Season
toronto raptors,2021-22,5,1610612761.0,12.0,8.0,4.0,0.667,48.4,42.5,91.1,0.467,12.3,32.0,0.385,16.2,21.8,0.74,13.0,31.3,44.3,23.0,13.4,9.1,3.8,5.1,19.6,19.4,113.5,2.8,3.0,4.0,7.0,7.0,10.0,9.0,7.0,18.0,14.0,19.0,4.0,21.0,16.0,22.0,5.0,27.0,16.0,27.0,13.0,2.0,25.0,23.0,11.0,20.0,14.0,11.0,Regular Season,1610612761.0,12.0,8.0,4.0,0.667,581.0,112.3,114.2,109.8,111.6,2.5,2.6,0.541,1.71,16.7,0.314,0.716,0.503,0.135,0.534,0.564,100.1,98.48,82.07,1193.0,0.486,3.0,4.0,7.0,7.0,5.0,14.0,14.0,11.0,29.0,21.0,28.0,4.0,19.0,10.0,11.0,17.0,20.0,23.0,19.0,Regular Season
utah jazz,2021-22,5,1610612762.0,9.0,8.0,1.0,0.889,48.0,42.2,86.4,0.488,14.2,39.8,0.358,16.8,20.8,0.807,10.8,35.6,46.3,24.1,13.3,8.0,5.6,4.3,17.6,18.6,115.4,12.8,29.0,4.0,1.0,1.0,14.0,10.0,22.0,6.0,5.0,4.0,17.0,17.0,25.0,7.0,12.0,10.0,7.0,20.0,12.0,11.0,6.0,14.0,1.0,25.0,9.0,2.0,Regular Season,1610612762.0,9.0,8.0,1.0,0.889,432.0,117.6,121.2,106.0,108.7,11.6,12.5,0.571,1.81,18.0,0.337,0.728,0.541,0.14,0.571,0.604,97.5,94.83,79.03,857.0,0.569,29.0,4.0,1.0,1.0,30.0,1.0,3.0,2.0,26.0,15.0,18.0,2.0,13.0,2.0,18.0,2.0,3.0,29.0,2.0,Regular Season
washington wizards,2021-22,5,1610612764.0,11.0,4.0,7.0,0.364,48.9,40.5,87.1,0.466,11.1,30.2,0.367,14.5,18.2,0.8,9.5,31.2,40.7,24.4,13.5,7.6,4.3,3.7,19.7,18.4,106.7,-4.6,10.0,20.0,22.0,21.0,4.0,18.0,20.0,20.0,22.0,27.0,10.0,29.0,30.0,10.0,20.0,28.0,29.0,17.0,14.0,13.0,17.0,5.0,13.0,26.0,25.0,22.0,Regular Season,1610612764.0,11.0,4.0,7.0,0.364,538.0,107.8,109.7,112.5,113.8,-4.7,-4.1,0.601,1.81,18.2,0.255,0.703,0.479,0.138,0.529,0.561,97.2,95.73,79.78,1070.0,0.479,10.0,20.0,22.0,21.0,10.0,21.0,18.0,22.0,19.0,14.0,14.0,24.0,24.0,27.0,15.0,20.0,21.0,28.0,22.0,Regular Season
atlanta hawks,2021-22,6,1610612737.0,17.0,11.0,6.0,0.647,48.3,42.5,89.5,0.475,13.5,36.9,0.365,19.9,23.5,0.845,10.3,31.7,42.0,25.6,10.9,8.0,4.1,4.6,19.4,21.3,118.3,3.1,1.0,3.0,9.0,9.0,20.0,11.0,9.0,13.0,8.0,10.0,13.0,5.0,10.0,2.0,11.0,27.0,19.0,12.0,1.0,7.0,18.0,18.0,12.0,4.0,7.0,11.0,Regular Season,1610612737.0,17.0,11.0,6.0,0.647,821.0,117.8,119.1,114.7,116.2,3.1,2.9,0.602,2.35,18.5,0.279,0.706,0.49,0.11,0.55,0.593,99.8,98.63,82.19,1689.0,0.514,1.0,3.0,9.0,9.0,2.0,7.0,20.0,11.0,19.0,2.0,13.0,13.0,22.0,21.0,1.0,12.0,8.0,16.0,12.0,Regular Season
boston celtics,2021-22,6,1610612738.0,14.0,11.0,3.0,0.786,48.4,42.4,86.3,0.492,14.4,37.6,0.382,17.6,21.3,0.826,10.2,35.1,45.4,26.8,12.2,7.2,5.5,4.7,18.3,19.8,116.8,12.1,23.0,3.0,2.0,2.0,9.0,12.0,23.0,5.0,4.0,8.0,8.0,15.0,24.0,4.0,13.0,5.0,9.0,9.0,11.0,14.0,4.0,20.0,5.0,18.0,10.0,2.0,Regular Season,1610612738.0,14.0,11.0,3.0,0.786,677.0,119.6,120.9,106.2,108.6,13.4,12.3,0.631,2.19,19.7,0.278,0.733,0.517,0.126,0.575,0.61,97.4,95.79,79.82,1352.0,0.574,23.0,3.0,2.0,2.0,25.0,2.0,2.0,1.0,6.0,6.0,5.0,14.0,11.0,6.0,12.0,4.0,5.0,29.0,1.0,Regular Season
brooklyn nets,2021-22,6,1610612751.0,15.0,8.0,7.0,0.533,48.3,44.5,86.5,0.514,12.1,30.1,0.403,18.8,23.7,0.794,9.9,31.7,41.6,27.2,14.6,8.0,5.9,4.4,21.5,20.9,119.9,5.5,14.0,13.0,11.0,13.0,12.0,3.0,22.0,1.0,19.0,29.0,1.0,9.0,9.0,12.0,17.0,25.0,26.0,7.0,26.0,7.0,2.0,15.0,26.0,8.0,5.0,7.0,Regular Season,1610612751.0,15.0,8.0,7.0,0.533,725.0,118.0,120.3,111.0,114.6,6.9,5.8,0.612,1.86,19.5,0.289,0.669,0.492,0.147,0.584,0.619,101.6,99.01,82.51,1494.0,0.539,14.0,13.0,11.0,13.0,15.0,3.0,15.0,7.0,16.0,18.0,6.0,9.0,30.0,20.0,26.0,1.0,1.0,14.0,5.0,Regular Season
charlotte hornets,2021-22,6,1610612766.0,14.0,10.0,4.0,0.714,48.0,43.7,88.8,0.492,14.9,38.5,0.386,16.1,20.9,0.768,10.6,32.6,43.1,30.4,11.9,8.4,4.9,4.1,19.3,19.3,118.4,5.9,23.0,8.0,5.0,6.0,22.0,5.0,13.0,4.0,3.0,5.0,6.0,27.0,26.0,22.0,10.0,19.0,14.0,1.0,7.0,5.0,9.0,10.0,11.0,22.0,6.0,6.0,Regular Season,1610612766.0,14.0,10.0,4.0,0.714,672.0,119.1,121.2,113.2,115.4,6.0,5.8,0.696,2.55,21.6,0.284,0.704,0.497,0.122,0.576,0.604,99.3,97.54,81.28,1367.0,0.531,23.0,8.0,5.0,6.0,28.0,1.0,19.0,6.0,1.0,1.0,1.0,12.0,23.0,17.0,6.0,3.0,6.0,19.0,7.0,Regular Season
chicago bulls,2021-22,6,1610612741.0,15.0,6.0,9.0,0.4,48.3,41.1,86.5,0.475,9.2,26.2,0.351,17.6,21.9,0.805,7.7,31.7,39.4,23.3,11.7,7.2,2.9,4.4,19.0,19.3,109.1,-5.1,14.0,18.0,17.0,18.0,12.0,15.0,19.0,12.0,30.0,30.0,19.0,14.0,21.0,9.0,30.0,25.0,30.0,24.0,5.0,15.0,30.0,15.0,9.0,20.0,26.0,23.0,Regular Season,1610612741.0,15.0,6.0,9.0,0.4,725.0,108.8,111.1,114.4,116.2,-5.6,-5.2,0.566,1.98,17.6,0.239,0.733,0.481,0.119,0.529,0.567,99.3,97.52,81.27,1473.0,0.48,14.0,18.0,17.0,18.0,15.0,25.0,21.0,22.0,25.0,11.0,23.0,27.0,10.0,25.0,5.0,22.0,22.0,20.0,21.0,Regular Season
cleveland cavaliers,2021-22,6,1610612739.0,16.0,6.0,10.0,0.375,48.6,40.1,85.0,0.471,10.3,30.8,0.335,19.2,24.7,0.777,10.3,32.3,42.6,24.7,13.4,7.1,3.8,4.3,18.3,21.8,109.6,-5.0,4.0,18.0,21.0,19.0,4.0,23.0,25.0,15.0,29.0,26.0,28.0,8.0,7.0,16.0,12.0,23.0,17.0,17.0,18.0,19.0,24.0,11.0,6.0,3.0,24.0,22.0,Regular Season,1610612739.0,16.0,6.0,10.0,0.375,778.0,110.7,112.4,115.2,117.9,-4.6,-5.6,0.616,1.84,18.3,0.285,0.732,0.506,0.138,0.532,0.572,98.0,96.12,80.1,1561.0,0.482,4.0,18.0,21.0,19.0,4.0,21.0,26.0,23.0,13.0,20.0,16.0,10.0,12.0,11.0,21.0,20.0,20.0,25.0,20.0,Regular Season
dallas mavericks,2021-22,6,1610612742.0,16.0,12.0,4.0,0.75,48.0,39.4,84.4,0.467,13.3,38.7,0.344,16.7,21.9,0.763,9.5,32.3,41.8,22.1,11.7,5.8,3.7,3.6,19.2,20.3,108.8,1.3,4.0,2.0,5.0,5.0,22.0,25.0,28.0,18.0,13.0,4.0,25.0,25.0,20.0,24.0,23.0,23.0,23.0,29.0,4.0,30.0,27.0,3.0,10.0,14.0,27.0,14.0,Regular Season,1610612742.0,16.0,12.0,4.0,0.75,768.0,113.1,115.3,111.0,114.0,2.0,1.3,0.56,1.89,17.2,0.26,0.71,0.488,0.124,0.546,0.578,96.5,94.31,78.59,1509.0,0.499,4.0,2.0,5.0,5.0,10.0,14.0,12.0,15.0,27.0,15.0,26.0,20.0,20.0,23.0,9.0,15.0,16.0,30.0,17.0,Regular Season
denver nuggets,2021-22,6,1610612743.0,16.0,10.0,6.0,0.625,48.6,42.8,84.8,0.505,11.7,33.4,0.35,20.4,25.4,0.803,9.9,34.3,44.3,29.3,14.7,7.1,4.0,4.6,21.2,21.2,117.8,1.2,4.0,8.0,9.0,10.0,4.0,10.0,26.0,3.0,21.0,19.0,21.0,4.0,4.0,10.0,16.0,10.0,12.0,2.0,27.0,18.0,19.0,19.0,23.0,5.0,8.0,15.0,Regular Season,1610612743.0,16.0,10.0,6.0,0.625,778.0,116.9,118.5,115.5,116.9,1.3,1.6,0.685,2.0,20.8,0.274,0.738,0.516,0.148,0.574,0.613,99.5,98.25,81.88,1590.0,0.514,4.0,8.0,9.0,10.0,4.0,8.0,22.0,14.0,2.0,10.0,2.0,15.0,8.0,7.0,27.0,5.0,2.0,17.0,13.0,Regular Season
detroit pistons,2021-22,6,1610612765.0,16.0,6.0,10.0,0.375,48.3,40.7,87.4,0.465,11.4,33.1,0.345,17.2,21.9,0.783,10.6,32.4,43.0,25.0,13.3,7.6,4.6,5.1,23.6,18.9,110.0,0.1,4.0,18.0,21.0,19.0,18.0,18.0,17.0,20.0,23.0,20.0,23.0,20.0,19.0,14.0,9.0,22.0,15.0,15.0,16.0,11.0,13.0,25.0,29.0,24.0,23.0,17.0,Regular Season,1610612765.0,16.0,6.0,10.0,0.375,773.0,110.3,112.5,109.7,112.1,0.6,0.3,0.614,1.89,18.3,0.284,0.694,0.489,0.135,0.531,0.566,99.3,97.27,81.06,1565.0,0.494,4.0,18.0,21.0,19.0,8.0,20.0,9.0,17.0,14.0,16.0,15.0,11.0,27.0,22.0,18.0,21.0,23.0,21.0,19.0,Regular Season
golden state warriors,2021-22,6,1610612744.0,16.0,5.0,11.0,0.313,48.0,40.5,86.8,0.467,13.4,37.8,0.355,16.0,20.6,0.776,10.2,34.4,44.6,25.1,14.3,6.9,3.6,3.4,22.8,18.3,110.4,-3.2,4.0,22.0,26.0,25.0,22.0,20.0,18.0,19.0,10.0,6.0,18.0,29.0,28.0,17.0,15.0,6.0,11.0,14.0,24.0,24.0,28.0,2.0,28.0,29.0,22.0,19.0,Regular Season,1610612744.0,16.0,5.0,11.0,0.313,768.0,110.4,112.0,112.4,115.1,-1.9,-3.1,0.619,1.75,18.4,0.263,0.738,0.503,0.145,0.544,0.576,100.6,98.69,82.24,1578.0,0.476,4.0,22.0,26.0,25.0,10.0,23.0,17.0,19.0,11.0,24.0,14.0,18.0,7.0,13.0,24.0,17.0,18.0,15.0,22.0,Regular Season
houston rockets,2021-22,6,1610612745.0,17.0,5.0,12.0,0.294,48.6,40.8,86.5,0.472,13.8,37.6,0.366,17.1,23.5,0.728,8.5,33.1,41.6,25.2,16.1,7.5,5.1,5.1,21.5,21.1,112.5,-4.9,1.0,22.0,27.0,26.0,8.0,17.0,20.0,14.0,7.0,7.0,12.0,22.0,10.0,30.0,26.0,17.0,25.0,13.0,30.0,12.0,8.0,24.0,25.0,7.0,14.0,21.0,Regular Season,1610612745.0,17.0,5.0,12.0,0.294,826.0,107.8,110.5,112.6,115.2,-4.8,-4.8,0.618,1.57,18.2,0.242,0.685,0.47,0.158,0.552,0.581,103.0,100.65,83.87,1732.0,0.472,1.0,22.0,27.0,26.0,1.0,27.0,18.0,21.0,12.0,29.0,17.0,26.0,28.0,30.0,29.0,9.0,15.0,7.0,24.0,Regular Season
indiana pacers,2021-22,6,1610612754.0,14.0,4.0,10.0,0.286,48.4,43.1,91.4,0.471,12.5,35.7,0.35,16.9,21.6,0.785,12.4,29.6,42.0,27.4,14.1,7.1,5.4,5.4,19.8,18.5,115.6,-6.3,23.0,27.0,21.0,27.0,9.0,8.0,4.0,16.0,16.0,15.0,20.0,23.0,22.0,13.0,5.0,29.0,19.0,6.0,23.0,16.0,6.0,28.0,15.0,27.0,11.0,25.0,Regular Season,1610612754.0,14.0,4.0,10.0,0.286,677.0,112.6,115.6,120.8,121.8,-8.2,-6.2,0.637,1.94,19.1,0.335,0.698,0.507,0.141,0.539,0.573,101.0,99.3,82.75,1400.0,0.458,23.0,27.0,21.0,27.0,25.0,13.0,29.0,25.0,5.0,14.0,7.0,3.0,25.0,10.0,23.0,19.0,19.0,12.0,27.0,Regular Season
la clippers,2021-22,6,1610612746.0,14.0,5.0,9.0,0.357,48.7,39.7,88.1,0.451,12.4,32.5,0.382,17.3,20.4,0.849,9.6,32.4,42.0,24.0,11.6,6.9,5.4,4.4,18.7,17.9,109.1,-5.5,23.0,22.0,17.0,22.0,2.0,24.0,14.0,27.0,17.0,23.0,7.0,18.0,29.0,1.0,21.0,21.0,19.0,23.0,3.0,25.0,5.0,17.0,8.0,30.0,25.0,24.0,Regular Season,1610612746.0,14.0,5.0,9.0,0.357,682.0,110.1,111.9,115.8,117.8,-5.7,-5.9,0.604,2.06,17.9,0.258,0.696,0.474,0.119,0.521,0.562,97.6,96.04,80.03,1366.0,0.476,23.0,22.0,17.0,22.0,23.0,24.0,25.0,24.0,18.0,7.0,18.0,21.0,26.0,28.0,4.0,26.0,26.0,27.0,23.0,Regular Season
los angeles lakers,2021-22,6,1610612747.0,16.0,4.0,12.0,0.25,48.6,43.1,89.3,0.483,13.2,36.5,0.361,15.9,21.4,0.743,9.8,31.6,41.4,24.4,13.5,6.6,3.8,4.1,21.0,18.5,115.3,-7.3,4.0,27.0,27.0,28.0,4.0,7.0,11.0,10.0,14.0,11.0,17.0,30.0,23.0,26.0,18.0,28.0,27.0,20.0,19.0,27.0,24.0,6.0,22.0,27.0,12.0,26.0,Regular Season,1610612747.0,16.0,4.0,12.0,0.25,778.0,112.6,114.7,120.2,121.6,-7.6,-6.8,0.565,1.81,17.8,0.261,0.7,0.48,0.134,0.557,0.584,100.9,99.39,82.83,1608.0,0.458,4.0,27.0,27.0,28.0,4.0,16.0,28.0,27.0,26.0,21.0,20.0,19.0,24.0,26.0,16.0,8.0,11.0,11.0,28.0,Regular Season
memphis grizzlies,2021-22,6,1610612763.0,14.0,11.0,3.0,0.786,48.0,46.2,97.2,0.475,13.4,34.4,0.391,16.1,22.0,0.731,14.4,35.5,49.9,27.5,12.0,9.2,7.4,5.6,20.1,20.3,121.9,12.4,23.0,3.0,2.0,2.0,22.0,1.0,1.0,11.0,12.0,17.0,3.0,27.0,18.0,29.0,2.0,3.0,1.0,4.0,8.0,3.0,1.0,29.0,18.0,13.0,2.0,1.0,Regular Season,1610612763.0,14.0,11.0,3.0,0.786,672.0,116.7,120.3,105.4,108.3,11.4,12.0,0.595,2.29,18.7,0.346,0.728,0.531,0.118,0.544,0.57,104.2,101.21,84.35,1419.0,0.559,23.0,3.0,2.0,2.0,28.0,4.0,1.0,2.0,22.0,3.0,9.0,1.0,17.0,1.0,3.0,16.0,21.0,3.0,2.0,Regular Season
miami heat,2021-22,6,1610612748.0,15.0,8.0,7.0,0.533,48.0,38.9,83.0,0.469,13.5,36.0,0.374,17.1,20.8,0.824,7.7,34.0,41.7,24.5,14.1,6.6,3.3,3.8,20.3,20.3,108.5,1.8,14.0,13.0,11.0,13.0,22.0,26.0,29.0,17.0,9.0,13.0,9.0,21.0,27.0,6.0,29.0,11.0,24.0,19.0,21.0,26.0,29.0,5.0,19.0,11.0,28.0,12.0,Regular Season,1610612748.0,15.0,8.0,7.0,0.533,720.0,110.1,112.1,108.2,110.0,1.9,2.0,0.63,1.74,18.6,0.237,0.739,0.496,0.146,0.55,0.589,98.6,96.87,80.72,1452.0,0.515,14.0,13.0,11.0,13.0,21.0,22.0,6.0,13.0,8.0,26.0,11.0,29.0,5.0,18.0,25.0,11.0,9.0,22.0,11.0,Regular Season
milwaukee bucks,2021-22,6,1610612749.0,14.0,11.0,3.0,0.786,48.4,43.7,89.8,0.487,14.1,36.4,0.388,19.6,25.1,0.778,10.2,38.1,48.4,24.2,13.4,7.4,3.9,4.3,17.4,19.9,121.1,3.9,23.0,3.0,2.0,2.0,9.0,5.0,8.0,7.0,6.0,12.0,4.0,6.0,5.0,15.0,13.0,1.0,2.0,21.0,17.0,13.0,21.0,13.0,1.0,16.0,4.0,10.0,Regular Season,1610612749.0,14.0,11.0,3.0,0.786,677.0,116.4,118.4,113.1,114.3,3.3,4.2,0.554,1.8,17.4,0.269,0.782,0.53,0.131,0.566,0.601,103.1,101.71,84.76,1432.0,0.516,23.0,3.0,2.0,2.0,25.0,9.0,13.0,10.0,29.0,22.0,25.0,16.0,1.0,3.0,15.0,7.0,7.0,2.0,10.0,Regular Season
minnesota timberwolves,2021-22,6,1610612750.0,15.0,10.0,5.0,0.667,48.0,43.0,88.9,0.484,15.7,40.5,0.388,21.3,25.9,0.823,9.7,35.4,45.1,26.9,14.3,9.3,4.9,4.1,20.4,21.1,123.1,10.3,14.0,8.0,7.0,8.0,22.0,9.0,12.0,8.0,1.0,2.0,5.0,2.0,3.0,7.0,20.0,4.0,10.0,8.0,25.0,2.0,11.0,8.0,20.0,6.0,1.0,4.0,Regular Season,1610612750.0,15.0,10.0,5.0,0.667,720.0,117.2,119.6,107.7,109.5,9.5,10.1,0.626,1.88,18.9,0.265,0.739,0.508,0.139,0.572,0.613,104.9,102.93,85.78,1543.0,0.549,14.0,8.0,7.0,8.0,21.0,6.0,5.0,4.0,9.0,17.0,8.0,17.0,6.0,9.0,22.0,6.0,3.0,1.0,4.0,Regular Season
new orleans pelicans,2021-22,6,1610612740.0,15.0,8.0,7.0,0.533,48.3,44.1,90.4,0.488,10.5,30.6,0.344,18.7,24.2,0.774,12.7,33.5,46.1,26.1,12.9,10.1,3.8,4.1,20.1,20.7,117.5,5.5,14.0,13.0,11.0,13.0,12.0,4.0,6.0,6.0,28.0,27.0,24.0,10.0,8.0,20.0,3.0,16.0,6.0,11.0,13.0,1.0,22.0,8.0,17.0,9.0,9.0,8.0,Regular Season,1610612740.0,15.0,8.0,7.0,0.533,725.0,116.1,117.8,110.2,112.4,5.9,5.4,0.592,2.03,18.5,0.317,0.729,0.521,0.129,0.546,0.582,100.8,99.08,82.57,1497.0,0.532,14.0,13.0,11.0,13.0,15.0,10.0,10.0,8.0,23.0,8.0,12.0,4.0,14.0,5.0,13.0,14.0,12.0,13.0,6.0,Regular Season
new york knicks,2021-22,6,1610612752.0,16.0,9.0,7.0,0.563,48.0,38.5,86.1,0.447,13.4,36.0,0.373,21.3,28.9,0.737,12.4,34.4,46.8,22.1,12.0,7.1,4.5,5.3,21.7,22.4,111.8,4.8,4.0,11.0,11.0,11.0,22.0,29.0,24.0,28.0,10.0,13.0,10.0,3.0,1.0,28.0,6.0,6.0,5.0,28.0,8.0,19.0,16.0,26.0,27.0,2.0,19.0,9.0,Regular Season,1610612752.0,16.0,9.0,7.0,0.563,768.0,113.5,115.6,109.1,110.9,4.4,4.7,0.575,1.84,16.4,0.315,0.756,0.53,0.124,0.525,0.565,98.3,96.56,80.47,1547.0,0.516,4.0,11.0,11.0,11.0,10.0,12.0,8.0,9.0,24.0,19.0,29.0,5.0,3.0,2.0,10.0,25.0,25.0,23.0,9.0,Regular Season
oklahoma city thunder,2021-22,6,1610612760.0,15.0,3.0,12.0,0.2,48.3,40.5,87.6,0.463,14.2,39.2,0.362,17.2,22.3,0.77,9.7,34.3,44.1,24.6,15.5,7.9,4.5,4.3,18.2,19.0,112.5,-10.2,14.0,29.0,27.0,29.0,12.0,19.0,16.0,22.0,5.0,3.0,16.0,19.0,17.0,21.0,19.0,9.0,13.0,18.0,28.0,9.0,15.0,12.0,4.0,23.0,15.0,29.0,Regular Season,1610612760.0,15.0,3.0,12.0,0.2,725.0,109.0,110.6,118.9,120.4,-9.9,-9.8,0.607,1.58,17.8,0.25,0.718,0.485,0.153,0.544,0.577,102.5,101.06,84.22,1525.0,0.453,14.0,29.0,27.0,29.0,15.0,26.0,27.0,29.0,17.0,28.0,19.0,24.0,19.0,24.0,28.0,18.0,17.0,4.0,29.0,Regular Season
orlando magic,2021-22,6,1610612753.0,15.0,5.0,10.0,0.333,49.0,38.7,90.6,0.428,12.1,37.3,0.324,16.3,20.2,0.805,9.5,38.1,47.7,24.7,14.1,6.4,3.8,4.9,20.7,18.7,105.8,-7.4,14.0,22.0,21.0,24.0,1.0,28.0,5.0,30.0,20.0,9.0,30.0,26.0,30.0,8.0,22.0,2.0,4.0,16.0,21.0,28.0,22.0,23.0,21.0,26.0,30.0,27.0,Regular Season,1610612753.0,15.0,5.0,10.0,0.333,735.0,101.6,102.9,109.0,110.8,-7.4,-7.8,0.639,1.75,17.7,0.249,0.76,0.504,0.137,0.494,0.532,101.8,100.41,83.67,1542.0,0.464,14.0,22.0,21.0,24.0,14.0,30.0,7.0,28.0,4.0,25.0,21.0,25.0,2.0,12.0,19.0,30.0,30.0,8.0,26.0,Regular Season
philadelphia 76ers,2021-22,6,1610612755.0,16.0,9.0,7.0,0.563,48.3,37.6,83.0,0.453,12.4,34.1,0.363,22.9,27.5,0.834,8.5,33.8,42.3,23.1,11.9,7.0,4.9,4.8,19.6,20.3,110.6,0.9,4.0,11.0,11.0,11.0,18.0,30.0,29.0,26.0,18.0,18.0,14.0,1.0,2.0,3.0,27.0,14.0,18.0,26.0,6.0,21.0,10.0,21.0,13.0,12.0,21.0,16.0,Regular Season,1610612755.0,16.0,9.0,7.0,0.563,773.0,112.3,114.1,112.0,113.2,0.3,0.9,0.613,1.94,17.5,0.254,0.749,0.502,0.123,0.528,0.581,97.6,96.31,80.26,1551.0,0.502,4.0,11.0,11.0,11.0,8.0,17.0,11.0,16.0,15.0,13.0,24.0,23.0,4.0,15.0,7.0,23.0,14.0,24.0,15.0,Regular Season
phoenix suns,2021-22,6,1610612756.0,15.0,13.0,2.0,0.867,48.3,45.7,90.1,0.507,12.7,31.9,0.399,17.5,21.3,0.824,8.5,34.4,42.9,28.5,12.6,8.1,4.7,3.3,21.4,18.9,121.6,11.0,14.0,1.0,1.0,1.0,12.0,2.0,7.0,2.0,15.0,25.0,2.0,16.0,25.0,5.0,25.0,8.0,16.0,3.0,12.0,6.0,12.0,1.0,24.0,25.0,3.0,3.0,Regular Season,1610612756.0,15.0,13.0,2.0,0.867,725.0,117.5,120.0,107.5,109.1,10.0,10.9,0.623,2.26,20.1,0.257,0.728,0.502,0.124,0.578,0.612,102.5,100.67,83.89,1520.0,0.554,14.0,1.0,1.0,1.0,15.0,5.0,4.0,3.0,10.0,4.0,4.0,22.0,16.0,14.0,11.0,2.0,4.0,6.0,3.0,Regular Season
portland trail blazers,2021-22,6,1610612757.0,15.0,2.0,13.0,0.133,48.3,38.9,89.4,0.435,10.7,33.0,0.325,17.7,23.5,0.756,12.5,29.5,42.0,23.1,15.9,8.8,4.0,6.1,23.9,19.3,106.2,-18.2,14.0,30.0,30.0,30.0,12.0,27.0,10.0,29.0,27.0,22.0,29.0,13.0,13.0,25.0,4.0,30.0,19.0,25.0,29.0,4.0,19.0,30.0,30.0,20.0,29.0,30.0,Regular Season,1610612757.0,15.0,2.0,13.0,0.133,725.0,103.0,105.4,120.4,123.7,-17.5,-18.4,0.595,1.45,16.6,0.305,0.676,0.477,0.158,0.495,0.532,102.5,99.97,83.31,1512.0,0.392,14.0,30.0,30.0,30.0,15.0,29.0,30.0,30.0,21.0,30.0,28.0,7.0,29.0,27.0,30.0,29.0,29.0,10.0,30.0,Regular Season
sacramento kings,2021-22,6,1610612758.0,14.0,5.0,9.0,0.357,48.7,40.5,87.8,0.461,11.4,33.1,0.346,19.5,25.1,0.776,8.7,32.5,41.2,24.1,13.7,7.1,3.7,3.6,17.9,23.1,111.9,-7.6,23.0,22.0,17.0,22.0,2.0,20.0,15.0,23.0,24.0,21.0,22.0,7.0,5.0,18.0,24.0,20.0,29.0,22.0,20.0,16.0,26.0,4.0,3.0,1.0,18.0,28.0,Regular Season,1610612758.0,14.0,5.0,9.0,0.357,682.0,107.8,110.2,115.9,117.0,-8.2,-6.8,0.596,1.76,17.6,0.23,0.729,0.472,0.135,0.526,0.566,101.9,100.36,83.64,1422.0,0.468,23.0,22.0,17.0,22.0,23.0,28.0,23.0,26.0,20.0,23.0,22.0,30.0,13.0,29.0,17.0,24.0,24.0,9.0,25.0,Regular Season
san antonio spurs,2021-22,6,1610612759.0,14.0,7.0,7.0,0.5,48.0,42.1,92.6,0.455,11.6,34.6,0.337,18.2,23.5,0.775,12.1,33.8,45.9,26.6,13.1,7.0,5.2,4.9,17.7,20.1,114.1,-1.6,23.0,17.0,11.0,16.0,22.0,13.0,2.0,24.0,22.0,16.0,27.0,12.0,12.0,19.0,7.0,13.0,7.0,10.0,14.0,21.0,7.0,22.0,2.0,15.0,13.0,18.0,Regular Season,1610612759.0,14.0,7.0,7.0,0.5,672.0,109.8,112.9,113.4,114.6,-3.6,-1.7,0.631,2.02,18.6,0.306,0.709,0.501,0.13,0.518,0.554,103.0,101.0,84.17,1415.0,0.499,23.0,17.0,11.0,16.0,28.0,19.0,16.0,18.0,7.0,9.0,10.0,6.0,21.0,16.0,14.0,27.0,27.0,5.0,18.0,Regular Season
toronto raptors,2021-22,6,1610612761.0,16.0,11.0,5.0,0.688,48.6,41.9,92.3,0.454,10.9,31.9,0.341,17.3,22.6,0.765,14.7,33.6,48.3,21.9,11.3,7.7,4.6,5.3,20.0,19.6,111.9,6.0,4.0,3.0,7.0,7.0,4.0,14.0,3.0,25.0,26.0,24.0,26.0,17.0,16.0,23.0,1.0,15.0,3.0,30.0,2.0,10.0,14.0,27.0,16.0,19.0,17.0,5.0,Regular Season,1610612761.0,16.0,11.0,5.0,0.688,778.0,113.3,114.9,107.1,109.0,6.2,5.9,0.522,1.94,16.0,0.335,0.726,0.523,0.115,0.513,0.548,97.6,96.06,80.05,1559.0,0.516,4.0,3.0,7.0,7.0,4.0,15.0,3.0,5.0,30.0,12.0,30.0,2.0,18.0,4.0,2.0,28.0,28.0,26.0,8.0,Regular Season
utah jazz,2021-22,6,1610612762.0,17.0,8.0,9.0,0.471,48.3,40.2,86.5,0.465,14.9,41.2,0.362,16.7,22.6,0.738,11.6,34.0,45.6,22.5,13.2,6.9,4.5,4.4,19.6,19.8,112.1,1.5,1.0,13.0,17.0,17.0,20.0,22.0,20.0,21.0,2.0,1.0,15.0,24.0,15.0,27.0,8.0,11.0,8.0,27.0,15.0,23.0,17.0,14.0,14.0,17.0,16.0,13.0,Regular Season,1610612762.0,17.0,8.0,9.0,0.471,821.0,114.3,116.6,112.3,114.4,2.0,2.2,0.558,1.7,16.9,0.304,0.729,0.515,0.138,0.552,0.581,97.7,95.82,79.85,1634.0,0.501,1.0,13.0,17.0,17.0,2.0,11.0,14.0,12.0,28.0,27.0,27.0,8.0,15.0,8.0,20.0,9.0,13.0,28.0,16.0,Regular Season
washington wizards,2021-22,6,1610612764.0,16.0,6.0,10.0,0.375,48.0,40.9,84.8,0.483,11.2,30.4,0.368,18.6,23.3,0.801,8.4,32.9,41.4,27.5,12.2,6.3,5.6,4.1,18.3,20.6,111.7,-3.8,4.0,18.0,21.0,19.0,22.0,16.0,27.0,9.0,25.0,28.0,11.0,11.0,14.0,11.0,28.0,18.0,28.0,4.0,10.0,29.0,3.0,7.0,6.0,10.0,20.0,20.0,Regular Season,1610612764.0,16.0,6.0,10.0,0.375,768.0,113.1,113.5,114.9,117.7,-1.7,-4.2,0.672,2.26,20.1,0.239,0.736,0.492,0.124,0.549,0.588,99.6,98.22,81.85,1574.0,0.506,4.0,18.0,21.0,19.0,10.0,18.0,24.0,20.0,3.0,5.0,3.0,28.0,9.0,19.0,8.0,13.0,10.0,18.0,14.0,Regular Season
atlanta hawks,2021-22,10,1610612737.0,17.0,11.0,6.0,0.647,48.3,42.5,89.5,0.475,13.5,36.9,0.365,19.9,23.5,0.845,10.3,31.7,42.0,25.6,10.9,8.0,4.1,4.6,19.4,21.3,118.3,3.1,1.0,3.0,9.0,9.0,20.0,11.0,9.0,13.0,8.0,10.0,13.0,5.0,10.0,2.0,11.0,27.0,19.0,12.0,1.0,7.0,18.0,18.0,12.0,4.0,7.0,11.0,Regular Season,1610612737.0,17.0,11.0,6.0,0.647,821.0,117.8,119.1,114.7,116.2,3.1,2.9,0.602,2.35,18.5,0.279,0.706,0.49,0.11,0.55,0.593,99.8,98.63,82.19,1689.0,0.514,1.0,3.0,9.0,9.0,2.0,7.0,20.0,11.0,19.0,2.0,13.0,13.0,22.0,21.0,1.0,12.0,8.0,16.0,12.0,Regular Season
boston celtics,2021-22,10,1610612738.0,14.0,11.0,3.0,0.786,48.4,42.4,86.3,0.492,14.4,37.6,0.382,17.6,21.3,0.826,10.2,35.1,45.4,26.8,12.2,7.2,5.5,4.7,18.3,19.8,116.8,12.1,23.0,3.0,2.0,2.0,9.0,12.0,23.0,5.0,4.0,8.0,8.0,15.0,24.0,4.0,13.0,5.0,9.0,9.0,11.0,14.0,4.0,20.0,5.0,18.0,10.0,2.0,Regular Season,1610612738.0,14.0,11.0,3.0,0.786,677.0,119.6,120.9,106.2,108.6,13.4,12.3,0.631,2.19,19.7,0.278,0.733,0.517,0.126,0.575,0.61,97.4,95.79,79.82,1352.0,0.574,23.0,3.0,2.0,2.0,25.0,2.0,2.0,1.0,6.0,6.0,5.0,14.0,11.0,6.0,12.0,4.0,5.0,29.0,1.0,Regular Season
brooklyn nets,2021-22,10,1610612751.0,15.0,8.0,7.0,0.533,48.3,44.5,86.5,0.514,12.1,30.1,0.403,18.8,23.7,0.794,9.9,31.7,41.6,27.2,14.6,8.0,5.9,4.4,21.5,20.9,119.9,5.5,14.0,13.0,11.0,13.0,12.0,3.0,22.0,1.0,19.0,29.0,1.0,9.0,9.0,12.0,17.0,25.0,26.0,7.0,26.0,7.0,2.0,15.0,26.0,8.0,5.0,7.0,Regular Season,1610612751.0,15.0,8.0,7.0,0.533,725.0,118.0,120.3,111.0,114.6,6.9,5.8,0.612,1.86,19.5,0.289,0.669,0.492,0.147,0.584,0.619,101.6,99.01,82.51,1494.0,0.539,14.0,13.0,11.0,13.0,15.0,3.0,15.0,7.0,16.0,18.0,6.0,9.0,30.0,20.0,26.0,1.0,1.0,14.0,5.0,Regular Season
charlotte hornets,2021-22,10,1610612766.0,14.0,10.0,4.0,0.714,48.0,43.7,88.8,0.492,14.9,38.5,0.386,16.1,20.9,0.768,10.6,32.6,43.1,30.4,11.9,8.4,4.9,4.1,19.3,19.3,118.4,5.9,23.0,8.0,5.0,6.0,22.0,5.0,13.0,4.0,3.0,5.0,6.0,27.0,26.0,22.0,10.0,19.0,14.0,1.0,7.0,5.0,9.0,10.0,11.0,22.0,6.0,6.0,Regular Season,1610612766.0,14.0,10.0,4.0,0.714,672.0,119.1,121.2,113.2,115.4,6.0,5.8,0.696,2.55,21.6,0.284,0.704,0.497,0.122,0.576,0.604,99.3,97.54,81.28,1367.0,0.531,23.0,8.0,5.0,6.0,28.0,1.0,19.0,6.0,1.0,1.0,1.0,12.0,23.0,17.0,6.0,3.0,6.0,19.0,7.0,Regular Season
chicago bulls,2021-22,10,1610612741.0,15.0,6.0,9.0,0.4,48.3,41.1,86.5,0.475,9.2,26.2,0.351,17.6,21.9,0.805,7.7,31.7,39.4,23.3,11.7,7.2,2.9,4.4,19.0,19.3,109.1,-5.1,14.0,18.0,17.0,18.0,12.0,15.0,19.0,12.0,30.0,30.0,19.0,14.0,21.0,9.0,30.0,25.0,30.0,24.0,5.0,15.0,30.0,15.0,9.0,20.0,26.0,23.0,Regular Season,1610612741.0,15.0,6.0,9.0,0.4,725.0,108.8,111.1,114.4,116.2,-5.6,-5.2,0.566,1.98,17.6,0.239,0.733,0.481,0.119,0.529,0.567,99.3,97.52,81.27,1473.0,0.48,14.0,18.0,17.0,18.0,15.0,25.0,21.0,22.0,25.0,11.0,23.0,27.0,10.0,25.0,5.0,22.0,22.0,20.0,21.0,Regular Season
cleveland cavaliers,2021-22,10,1610612739.0,16.0,6.0,10.0,0.375,48.6,40.1,85.0,0.471,10.3,30.8,0.335,19.2,24.7,0.777,10.3,32.3,42.6,24.7,13.4,7.1,3.8,4.3,18.3,21.8,109.6,-5.0,4.0,18.0,21.0,19.0,4.0,23.0,25.0,15.0,29.0,26.0,28.0,8.0,7.0,16.0,12.0,23.0,17.0,17.0,18.0,19.0,24.0,11.0,6.0,3.0,24.0,22.0,Regular Season,1610612739.0,16.0,6.0,10.0,0.375,778.0,110.7,112.4,115.2,117.9,-4.6,-5.6,0.616,1.84,18.3,0.285,0.732,0.506,0.138,0.532,0.572,98.0,96.12,80.1,1561.0,0.482,4.0,18.0,21.0,19.0,4.0,21.0,26.0,23.0,13.0,20.0,16.0,10.0,12.0,11.0,21.0,20.0,20.0,25.0,20.0,Regular Season
dallas mavericks,2021-22,10,1610612742.0,16.0,12.0,4.0,0.75,48.0,39.4,84.4,0.467,13.3,38.7,0.344,16.7,21.9,0.763,9.5,32.3,41.8,22.1,11.7,5.8,3.7,3.6,19.2,20.3,108.8,1.3,4.0,2.0,5.0,5.0,22.0,25.0,28.0,18.0,13.0,4.0,25.0,25.0,20.0,24.0,23.0,23.0,23.0,29.0,4.0,30.0,27.0,3.0,10.0,14.0,27.0,14.0,Regular Season,1610612742.0,16.0,12.0,4.0,0.75,768.0,113.1,115.3,111.0,114.0,2.0,1.3,0.56,1.89,17.2,0.26,0.71,0.488,0.124,0.546,0.578,96.5,94.31,78.59,1509.0,0.499,4.0,2.0,5.0,5.0,10.0,14.0,12.0,15.0,27.0,15.0,26.0,20.0,20.0,23.0,9.0,15.0,16.0,30.0,17.0,Regular Season
denver nuggets,2021-22,10,1610612743.0,16.0,10.0,6.0,0.625,48.6,42.8,84.8,0.505,11.7,33.4,0.35,20.4,25.4,0.803,9.9,34.3,44.3,29.3,14.7,7.1,4.0,4.6,21.2,21.2,117.8,1.2,4.0,8.0,9.0,10.0,4.0,10.0,26.0,3.0,21.0,19.0,21.0,4.0,4.0,10.0,16.0,10.0,12.0,2.0,27.0,18.0,19.0,19.0,23.0,5.0,8.0,15.0,Regular Season,1610612743.0,16.0,10.0,6.0,0.625,778.0,116.9,118.5,115.5,116.9,1.3,1.6,0.685,2.0,20.8,0.274,0.738,0.516,0.148,0.574,0.613,99.5,98.25,81.88,1590.0,0.514,4.0,8.0,9.0,10.0,4.0,8.0,22.0,14.0,2.0,10.0,2.0,15.0,8.0,7.0,27.0,5.0,2.0,17.0,13.0,Regular Season
detroit pistons,2021-22,10,1610612765.0,16.0,6.0,10.0,0.375,48.3,40.7,87.4,0.465,11.4,33.1,0.345,17.2,21.9,0.783,10.6,32.4,43.0,25.0,13.3,7.6,4.6,5.1,23.6,18.9,110.0,0.1,4.0,18.0,21.0,19.0,18.0,18.0,17.0,20.0,23.0,20.0,23.0,20.0,19.0,14.0,9.0,22.0,15.0,15.0,16.0,11.0,13.0,25.0,29.0,24.0,23.0,17.0,Regular Season,1610612765.0,16.0,6.0,10.0,0.375,773.0,110.3,112.5,109.7,112.1,0.6,0.3,0.614,1.89,18.3,0.284,0.694,0.489,0.135,0.531,0.566,99.3,97.27,81.06,1565.0,0.494,4.0,18.0,21.0,19.0,8.0,20.0,9.0,17.0,14.0,16.0,15.0,11.0,27.0,22.0,18.0,21.0,23.0,21.0,19.0,Regular Season
golden state warriors,2021-22,10,1610612744.0,16.0,5.0,11.0,0.313,48.0,40.5,86.8,0.467,13.4,37.8,0.355,16.0,20.6,0.776,10.2,34.4,44.6,25.1,14.3,6.9,3.6,3.4,22.8,18.3,110.4,-3.2,4.0,22.0,26.0,25.0,22.0,20.0,18.0,19.0,10.0,6.0,18.0,29.0,28.0,17.0,15.0,6.0,11.0,14.0,24.0,24.0,28.0,2.0,28.0,29.0,22.0,19.0,Regular Season,1610612744.0,16.0,5.0,11.0,0.313,768.0,110.4,112.0,112.4,115.1,-1.9,-3.1,0.619,1.75,18.4,0.263,0.738,0.503,0.145,0.544,0.576,100.6,98.69,82.24,1578.0,0.476,4.0,22.0,26.0,25.0,10.0,23.0,17.0,19.0,11.0,24.0,14.0,18.0,7.0,13.0,24.0,17.0,18.0,15.0,22.0,Regular Season
houston rockets,2021-22,10,1610612745.0,17.0,5.0,12.0,0.294,48.6,40.8,86.5,0.472,13.8,37.6,0.366,17.1,23.5,0.728,8.5,33.1,41.6,25.2,16.1,7.5,5.1,5.1,21.5,21.1,112.5,-4.9,1.0,22.0,27.0,26.0,8.0,17.0,20.0,14.0,7.0,7.0,12.0,22.0,10.0,30.0,26.0,17.0,25.0,13.0,30.0,12.0,8.0,24.0,25.0,7.0,14.0,21.0,Regular Season,1610612745.0,17.0,5.0,12.0,0.294,826.0,107.8,110.5,112.6,115.2,-4.8,-4.8,0.618,1.57,18.2,0.242,0.685,0.47,0.158,0.552,0.581,103.0,100.65,83.87,1732.0,0.472,1.0,22.0,27.0,26.0,1.0,27.0,18.0,21.0,12.0,29.0,17.0,26.0,28.0,30.0,29.0,9.0,15.0,7.0,24.0,Regular Season
indiana pacers,2021-22,10,1610612754.0,14.0,4.0,10.0,0.286,48.4,43.1,91.4,0.471,12.5,35.7,0.35,16.9,21.6,0.785,12.4,29.6,42.0,27.4,14.1,7.1,5.4,5.4,19.8,18.5,115.6,-6.3,23.0,27.0,21.0,27.0,9.0,8.0,4.0,16.0,16.0,15.0,20.0,23.0,22.0,13.0,5.0,29.0,19.0,6.0,23.0,16.0,6.0,28.0,15.0,27.0,11.0,25.0,Regular Season,1610612754.0,14.0,4.0,10.0,0.286,677.0,112.6,115.6,120.8,121.8,-8.2,-6.2,0.637,1.94,19.1,0.335,0.698,0.507,0.141,0.539,0.573,101.0,99.3,82.75,1400.0,0.458,23.0,27.0,21.0,27.0,25.0,13.0,29.0,25.0,5.0,14.0,7.0,3.0,25.0,10.0,23.0,19.0,19.0,12.0,27.0,Regular Season
la clippers,2021-22,10,1610612746.0,14.0,5.0,9.0,0.357,48.7,39.7,88.1,0.451,12.4,32.5,0.382,17.3,20.4,0.849,9.6,32.4,42.0,24.0,11.6,6.9,5.4,4.4,18.7,17.9,109.1,-5.5,23.0,22.0,17.0,22.0,2.0,24.0,14.0,27.0,17.0,23.0,7.0,18.0,29.0,1.0,21.0,21.0,19.0,23.0,3.0,25.0,5.0,17.0,8.0,30.0,25.0,24.0,Regular Season,1610612746.0,14.0,5.0,9.0,0.357,682.0,110.1,111.9,115.8,117.8,-5.7,-5.9,0.604,2.06,17.9,0.258,0.696,0.474,0.119,0.521,0.562,97.6,96.04,80.03,1366.0,0.476,23.0,22.0,17.0,22.0,23.0,24.0,25.0,24.0,18.0,7.0,18.0,21.0,26.0,28.0,4.0,26.0,26.0,27.0,23.0,Regular Season
los angeles lakers,2021-22,10,1610612747.0,16.0,4.0,12.0,0.25,48.6,43.1,89.3,0.483,13.2,36.5,0.361,15.9,21.4,0.743,9.8,31.6,41.4,24.4,13.5,6.6,3.8,4.1,21.0,18.5,115.3,-7.3,4.0,27.0,27.0,28.0,4.0,7.0,11.0,10.0,14.0,11.0,17.0,30.0,23.0,26.0,18.0,28.0,27.0,20.0,19.0,27.0,24.0,6.0,22.0,27.0,12.0,26.0,Regular Season,1610612747.0,16.0,4.0,12.0,0.25,778.0,112.6,114.7,120.2,121.6,-7.6,-6.8,0.565,1.81,17.8,0.261,0.7,0.48,0.134,0.557,0.584,100.9,99.39,82.83,1608.0,0.458,4.0,27.0,27.0,28.0,4.0,16.0,28.0,27.0,26.0,21.0,20.0,19.0,24.0,26.0,16.0,8.0,11.0,11.0,28.0,Regular Season
memphis grizzlies,2021-22,10,1610612763.0,14.0,11.0,3.0,0.786,48.0,46.2,97.2,0.475,13.4,34.4,0.391,16.1,22.0,0.731,14.4,35.5,49.9,27.5,12.0,9.2,7.4,5.6,20.1,20.3,121.9,12.4,23.0,3.0,2.0,2.0,22.0,1.0,1.0,11.0,12.0,17.0,3.0,27.0,18.0,29.0,2.0,3.0,1.0,4.0,8.0,3.0,1.0,29.0,18.0,13.0,2.0,1.0,Regular Season,1610612763.0,14.0,11.0,3.0,0.786,672.0,116.7,120.3,105.4,108.3,11.4,12.0,0.595,2.29,18.7,0.346,0.728,0.531,0.118,0.544,0.57,104.2,101.21,84.35,1419.0,0.559,23.0,3.0,2.0,2.0,28.0,4.0,1.0,2.0,22.0,3.0,9.0,1.0,17.0,1.0,3.0,16.0,21.0,3.0,2.0,Regular Season
miami heat,2021-22,10,1610612748.0,15.0,8.0,7.0,0.533,48.0,38.9,83.0,0.469,13.5,36.0,0.374,17.1,20.8,0.824,7.7,34.0,41.7,24.5,14.1,6.6,3.3,3.8,20.3,20.3,108.5,1.8,14.0,13.0,11.0,13.0,22.0,26.0,29.0,17.0,9.0,13.0,9.0,21.0,27.0,6.0,29.0,11.0,24.0,19.0,21.0,26.0,29.0,5.0,19.0,11.0,28.0,12.0,Regular Season,1610612748.0,15.0,8.0,7.0,0.533,720.0,110.1,112.1,108.2,110.0,1.9,2.0,0.63,1.74,18.6,0.237,0.739,0.496,0.146,0.55,0.589,98.6,96.87,80.72,1452.0,0.515,14.0,13.0,11.0,13.0,21.0,22.0,6.0,13.0,8.0,26.0,11.0,29.0,5.0,18.0,25.0,11.0,9.0,22.0,11.0,Regular Season
milwaukee bucks,2021-22,10,1610612749.0,14.0,11.0,3.0,0.786,48.4,43.7,89.8,0.487,14.1,36.4,0.388,19.6,25.1,0.778,10.2,38.1,48.4,24.2,13.4,7.4,3.9,4.3,17.4,19.9,121.1,3.9,23.0,3.0,2.0,2.0,9.0,5.0,8.0,7.0,6.0,12.0,4.0,6.0,5.0,15.0,13.0,1.0,2.0,21.0,17.0,13.0,21.0,13.0,1.0,16.0,4.0,10.0,Regular Season,1610612749.0,14.0,11.0,3.0,0.786,677.0,116.4,118.4,113.1,114.3,3.3,4.2,0.554,1.8,17.4,0.269,0.782,0.53,0.131,0.566,0.601,103.1,101.71,84.76,1432.0,0.516,23.0,3.0,2.0,2.0,25.0,9.0,13.0,10.0,29.0,22.0,25.0,16.0,1.0,3.0,15.0,7.0,7.0,2.0,10.0,Regular Season
minnesota timberwolves,2021-22,10,1610612750.0,15.0,10.0,5.0,0.667,48.0,43.0,88.9,0.484,15.7,40.5,0.388,21.3,25.9,0.823,9.7,35.4,45.1,26.9,14.3,9.3,4.9,4.1,20.4,21.1,123.1,10.3,14.0,8.0,7.0,8.0,22.0,9.0,12.0,8.0,1.0,2.0,5.0,2.0,3.0,7.0,20.0,4.0,10.0,8.0,25.0,2.0,11.0,8.0,20.0,6.0,1.0,4.0,Regular Season,1610612750.0,15.0,10.0,5.0,0.667,720.0,117.2,119.6,107.7,109.5,9.5,10.1,0.626,1.88,18.9,0.265,0.739,0.508,0.139,0.572,0.613,104.9,102.93,85.78,1543.0,0.549,14.0,8.0,7.0,8.0,21.0,6.0,5.0,4.0,9.0,17.0,8.0,17.0,6.0,9.0,22.0,6.0,3.0,1.0,4.0,Regular Season
new orleans pelicans,2021-22,10,1610612740.0,15.0,8.0,7.0,0.533,48.3,44.1,90.4,0.488,10.5,30.6,0.344,18.7,24.2,0.774,12.7,33.5,46.1,26.1,12.9,10.1,3.8,4.1,20.1,20.7,117.5,5.5,14.0,13.0,11.0,13.0,12.0,4.0,6.0,6.0,28.0,27.0,24.0,10.0,8.0,20.0,3.0,16.0,6.0,11.0,13.0,1.0,22.0,8.0,17.0,9.0,9.0,8.0,Regular Season,1610612740.0,15.0,8.0,7.0,0.533,725.0,116.1,117.8,110.2,112.4,5.9,5.4,0.592,2.03,18.5,0.317,0.729,0.521,0.129,0.546,0.582,100.8,99.08,82.57,1497.0,0.532,14.0,13.0,11.0,13.0,15.0,10.0,10.0,8.0,23.0,8.0,12.0,4.0,14.0,5.0,13.0,14.0,12.0,13.0,6.0,Regular Season
new york knicks,2021-22,10,1610612752.0,16.0,9.0,7.0,0.563,48.0,38.5,86.1,0.447,13.4,36.0,0.373,21.3,28.9,0.737,12.4,34.4,46.8,22.1,12.0,7.1,4.5,5.3,21.7,22.4,111.8,4.8,4.0,11.0,11.0,11.0,22.0,29.0,24.0,28.0,10.0,13.0,10.0,3.0,1.0,28.0,6.0,6.0,5.0,28.0,8.0,19.0,16.0,26.0,27.0,2.0,19.0,9.0,Regular Season,1610612752.0,16.0,9.0,7.0,0.563,768.0,113.5,115.6,109.1,110.9,4.4,4.7,0.575,1.84,16.4,0.315,0.756,0.53,0.124,0.525,0.565,98.3,96.56,80.47,1547.0,0.516,4.0,11.0,11.0,11.0,10.0,12.0,8.0,9.0,24.0,19.0,29.0,5.0,3.0,2.0,10.0,25.0,25.0,23.0,9.0,Regular Season
oklahoma city thunder,2021-22,10,1610612760.0,15.0,3.0,12.0,0.2,48.3,40.5,87.6,0.463,14.2,39.2,0.362,17.2,22.3,0.77,9.7,34.3,44.1,24.6,15.5,7.9,4.5,4.3,18.2,19.0,112.5,-10.2,14.0,29.0,27.0,29.0,12.0,19.0,16.0,22.0,5.0,3.0,16.0,19.0,17.0,21.0,19.0,9.0,13.0,18.0,28.0,9.0,15.0,12.0,4.0,23.0,15.0,29.0,Regular Season,1610612760.0,15.0,3.0,12.0,0.2,725.0,109.0,110.6,118.9,120.4,-9.9,-9.8,0.607,1.58,17.8,0.25,0.718,0.485,0.153,0.544,0.577,102.5,101.06,84.22,1525.0,0.453,14.0,29.0,27.0,29.0,15.0,26.0,27.0,29.0,17.0,28.0,19.0,24.0,19.0,24.0,28.0,18.0,17.0,4.0,29.0,Regular Season
orlando magic,2021-22,10,1610612753.0,15.0,5.0,10.0,0.333,49.0,38.7,90.6,0.428,12.1,37.3,0.324,16.3,20.2,0.805,9.5,38.1,47.7,24.7,14.1,6.4,3.8,4.9,20.7,18.7,105.8,-7.4,14.0,22.0,21.0,24.0,1.0,28.0,5.0,30.0,20.0,9.0,30.0,26.0,30.0,8.0,22.0,2.0,4.0,16.0,21.0,28.0,22.0,23.0,21.0,26.0,30.0,27.0,Regular Season,1610612753.0,15.0,5.0,10.0,0.333,735.0,101.6,102.9,109.0,110.8,-7.4,-7.8,0.639,1.75,17.7,0.249,0.76,0.504,0.137,0.494,0.532,101.8,100.41,83.67,1542.0,0.464,14.0,22.0,21.0,24.0,14.0,30.0,7.0,28.0,4.0,25.0,21.0,25.0,2.0,12.0,19.0,30.0,30.0,8.0,26.0,Regular Season
philadelphia 76ers,2021-22,10,1610612755.0,16.0,9.0,7.0,0.563,48.3,37.6,83.0,0.453,12.4,34.1,0.363,22.9,27.5,0.834,8.5,33.8,42.3,23.1,11.9,7.0,4.9,4.8,19.6,20.3,110.6,0.9,4.0,11.0,11.0,11.0,18.0,30.0,29.0,26.0,18.0,18.0,14.0,1.0,2.0,3.0,27.0,14.0,18.0,26.0,6.0,21.0,10.0,21.0,13.0,12.0,21.0,16.0,Regular Season,1610612755.0,16.0,9.0,7.0,0.563,773.0,112.3,114.1,112.0,113.2,0.3,0.9,0.613,1.94,17.5,0.254,0.749,0.502,0.123,0.528,0.581,97.6,96.31,80.26,1551.0,0.502,4.0,11.0,11.0,11.0,8.0,17.0,11.0,16.0,15.0,13.0,24.0,23.0,4.0,15.0,7.0,23.0,14.0,24.0,15.0,Regular Season
phoenix suns,2021-22,10,1610612756.0,15.0,13.0,2.0,0.867,48.3,45.7,90.1,0.507,12.7,31.9,0.399,17.5,21.3,0.824,8.5,34.4,42.9,28.5,12.6,8.1,4.7,3.3,21.4,18.9,121.6,11.0,14.0,1.0,1.0,1.0,12.0,2.0,7.0,2.0,15.0,25.0,2.0,16.0,25.0,5.0,25.0,8.0,16.0,3.0,12.0,6.0,12.0,1.0,24.0,25.0,3.0,3.0,Regular Season,1610612756.0,15.0,13.0,2.0,0.867,725.0,117.5,120.0,107.5,109.1,10.0,10.9,0.623,2.26,20.1,0.257,0.728,0.502,0.124,0.578,0.612,102.5,100.67,83.89,1520.0,0.554,14.0,1.0,1.0,1.0,15.0,5.0,4.0,3.0,10.0,4.0,4.0,22.0,16.0,14.0,11.0,2.0,4.0,6.0,3.0,Regular Season
portland trail blazers,2021-22,10,1610612757.0,15.0,2.0,13.0,0.133,48.3,38.9,89.4,0.435,10.7,33.0,0.325,17.7,23.5,0.756,12.5,29.5,42.0,23.1,15.9,8.8,4.0,6.1,23.9,19.3,106.2,-18.2,14.0,30.0,30.0,30.0,12.0,27.0,10.0,29.0,27.0,22.0,29.0,13.0,13.0,25.0,4.0,30.0,19.0,25.0,29.0,4.0,19.0,30.0,30.0,20.0,29.0,30.0,Regular Season,1610612757.0,15.0,2.0,13.0,0.133,725.0,103.0,105.4,120.4,123.7,-17.5,-18.4,0.595,1.45,16.6,0.305,0.676,0.477,0.158,0.495,0.532,102.5,99.97,83.31,1512.0,0.392,14.0,30.0,30.0,30.0,15.0,29.0,30.0,30.0,21.0,30.0,28.0,7.0,29.0,27.0,30.0,29.0,29.0,10.0,30.0,Regular Season
sacramento kings,2021-22,10,1610612758.0,14.0,5.0,9.0,0.357,48.7,40.5,87.8,0.461,11.4,33.1,0.346,19.5,25.1,0.776,8.7,32.5,41.2,24.1,13.7,7.1,3.7,3.6,17.9,23.1,111.9,-7.6,23.0,22.0,17.0,22.0,2.0,20.0,15.0,23.0,24.0,21.0,22.0,7.0,5.0,18.0,24.0,20.0,29.0,22.0,20.0,16.0,26.0,4.0,3.0,1.0,18.0,28.0,Regular Season,1610612758.0,14.0,5.0,9.0,0.357,682.0,107.8,110.2,115.9,117.0,-8.2,-6.8,0.596,1.76,17.6,0.23,0.729,0.472,0.135,0.526,0.566,101.9,100.36,83.64,1422.0,0.468,23.0,22.0,17.0,22.0,23.0,28.0,23.0,26.0,20.0,23.0,22.0,30.0,13.0,29.0,17.0,24.0,24.0,9.0,25.0,Regular Season
san antonio spurs,2021-22,10,1610612759.0,14.0,7.0,7.0,0.5,48.0,42.1,92.6,0.455,11.6,34.6,0.337,18.2,23.5,0.775,12.1,33.8,45.9,26.6,13.1,7.0,5.2,4.9,17.7,20.1,114.1,-1.6,23.0,17.0,11.0,16.0,22.0,13.0,2.0,24.0,22.0,16.0,27.0,12.0,12.0,19.0,7.0,13.0,7.0,10.0,14.0,21.0,7.0,22.0,2.0,15.0,13.0,18.0,Regular Season,1610612759.0,14.0,7.0,7.0,0.5,672.0,109.8,112.9,113.4,114.6,-3.6,-1.7,0.631,2.02,18.6,0.306,0.709,0.501,0.13,0.518,0.554,103.0,101.0,84.17,1415.0,0.499,23.0,17.0,11.0,16.0,28.0,19.0,16.0,18.0,7.0,9.0,10.0,6.0,21.0,16.0,14.0,27.0,27.0,5.0,18.0,Regular Season
toronto raptors,2021-22,10,1610612761.0,16.0,11.0,5.0,0.688,48.6,41.9,92.3,0.454,10.9,31.9,0.341,17.3,22.6,0.765,14.7,33.6,48.3,21.9,11.3,7.7,4.6,5.3,20.0,19.6,111.9,6.0,4.0,3.0,7.0,7.0,4.0,14.0,3.0,25.0,26.0,24.0,26.0,17.0,16.0,23.0,1.0,15.0,3.0,30.0,2.0,10.0,14.0,27.0,16.0,19.0,17.0,5.0,Regular Season,1610612761.0,16.0,11.0,5.0,0.688,778.0,113.3,114.9,107.1,109.0,6.2,5.9,0.522,1.94,16.0,0.335,0.726,0.523,0.115,0.513,0.548,97.6,96.06,80.05,1559.0,0.516,4.0,3.0,7.0,7.0,4.0,15.0,3.0,5.0,30.0,12.0,30.0,2.0,18.0,4.0,2.0,28.0,28.0,26.0,8.0,Regular Season
utah jazz,2021-22,10,1610612762.0,17.0,8.0,9.0,0.471,48.3,40.2,86.5,0.465,14.9,41.2,0.362,16.7,22.6,0.738,11.6,34.0,45.6,22.5,13.2,6.9,4.5,4.4,19.6,19.8,112.1,1.5,1.0,13.0,17.0,17.0,20.0,22.0,20.0,21.0,2.0,1.0,15.0,24.0,15.0,27.0,8.0,11.0,8.0,27.0,15.0,23.0,17.0,14.0,14.0,17.0,16.0,13.0,Regular Season,1610612762.0,17.0,8.0,9.0,0.471,821.0,114.3,116.6,112.3,114.4,2.0,2.2,0.558,1.7,16.9,0.304,0.729,0.515,0.138,0.552,0.581,97.7,95.82,79.85,1634.0,0.501,1.0,13.0,17.0,17.0,2.0,11.0,14.0,12.0,28.0,27.0,27.0,8.0,15.0,8.0,20.0,9.0,13.0,28.0,16.0,Regular Season
washington wizards,2021-22,10,1610612764.0,16.0,6.0,10.0,0.375,48.0,40.9,84.8,0.483,11.2,30.4,0.368,18.6,23.3,0.801,8.4,32.9,41.4,27.5,12.2,6.3,5.6,4.1,18.3,20.6,111.7,-3.8,4.0,18.0,21.0,19.0,22.0,16.0,27.0,9.0,25.0,28.0,11.0,11.0,14.0,11.0,28.0,18.0,28.0,4.0,10.0,29.0,3.0,7.0,6.0,10.0,20.0,20.0,Regular Season,1610612764.0,16.0,6.0,10.0,0.375,768.0,113.1,113.5,114.9,117.7,-1.7,-4.2,0.672,2.26,20.1,0.239,0.736,0.492,0.124,0.549,0.588,99.6,98.22,81.85,1574.0,0.506,4.0,18.0,21.0,19.0,10.0,18.0,24.0,20.0,3.0,5.0,3.0,28.0,9.0,19.0,8.0,13.0,10.0,18.0,14.0,Regular Season
atlanta hawks,2021-22,11,1610612737.0,17.0,11.0,6.0,0.647,48.3,42.5,89.5,0.475,13.5,36.9,0.365,19.9,23.5,0.845,10.3,31.7,42.0,25.6,10.9,8.0,4.1,4.6,19.4,21.3,118.3,3.1,1.0,3.0,9.0,9.0,20.0,11.0,9.0,13.0,8.0,10.0,13.0,5.0,10.0,2.0,11.0,27.0,19.0,12.0,1.0,7.0,18.0,18.0,12.0,4.0,7.0,11.0,Regular Season,1610612737.0,17.0,11.0,6.0,0.647,821.0,117.8,119.1,114.7,116.2,3.1,2.9,0.602,2.35,18.5,0.279,0.706,0.49,0.11,0.55,0.593,99.8,98.63,82.19,1689.0,0.514,1.0,3.0,9.0,9.0,2.0,7.0,20.0,11.0,19.0,2.0,13.0,13.0,22.0,21.0,1.0,12.0,8.0,16.0,12.0,Regular Season
boston celtics,2021-22,11,1610612738.0,14.0,11.0,3.0,0.786,48.4,42.4,86.3,0.492,14.4,37.6,0.382,17.6,21.3,0.826,10.2,35.1,45.4,26.8,12.2,7.2,5.5,4.7,18.3,19.8,116.8,12.1,23.0,3.0,2.0,2.0,9.0,12.0,23.0,5.0,4.0,8.0,8.0,15.0,24.0,4.0,13.0,5.0,9.0,9.0,11.0,14.0,4.0,20.0,5.0,18.0,10.0,2.0,Regular Season,1610612738.0,14.0,11.0,3.0,0.786,677.0,119.6,120.9,106.2,108.6,13.4,12.3,0.631,2.19,19.7,0.278,0.733,0.517,0.126,0.575,0.61,97.4,95.79,79.82,1352.0,0.574,23.0,3.0,2.0,2.0,25.0,2.0,2.0,1.0,6.0,6.0,5.0,14.0,11.0,6.0,12.0,4.0,5.0,29.0,1.0,Regular Season
brooklyn nets,2021-22,11,1610612751.0,15.0,8.0,7.0,0.533,48.3,44.5,86.5,0.514,12.1,30.1,0.403,18.8,23.7,0.794,9.9,31.7,41.6,27.2,14.6,8.0,5.9,4.4,21.5,20.9,119.9,5.5,14.0,13.0,11.0,13.0,12.0,3.0,22.0,1.0,19.0,29.0,1.0,9.0,9.0,12.0,17.0,25.0,26.0,7.0,26.0,7.0,2.0,15.0,26.0,8.0,5.0,7.0,Regular Season,1610612751.0,15.0,8.0,7.0,0.533,725.0,118.0,120.3,111.0,114.6,6.9,5.8,0.612,1.86,19.5,0.289,0.669,0.492,0.147,0.584,0.619,101.6,99.01,82.51,1494.0,0.539,14.0,13.0,11.0,13.0,15.0,3.0,15.0,7.0,16.0,18.0,6.0,9.0,30.0,20.0,26.0,1.0,1.0,14.0,5.0,Regular Season
charlotte hornets,2021-22,11,1610612766.0,14.0,10.0,4.0,0.714,48.0,43.7,88.8,0.492,14.9,38.5,0.386,16.1,20.9,0.768,10.6,32.6,43.1,30.4,11.9,8.4,4.9,4.1,19.3,19.3,118.4,5.9,23.0,8.0,5.0,6.0,22.0,5.0,13.0,4.0,3.0,5.0,6.0,27.0,26.0,22.0,10.0,19.0,14.0,1.0,7.0,5.0,9.0,10.0,11.0,22.0,6.0,6.0,Regular Season,1610612766.0,14.0,10.0,4.0,0.714,672.0,119.1,121.2,113.2,115.4,6.0,5.8,0.696,2.55,21.6,0.284,0.704,0.497,0.122,0.576,0.604,99.3,97.54,81.28,1367.0,0.531,23.0,8.0,5.0,6.0,28.0,1.0,19.0,6.0,1.0,1.0,1.0,12.0,23.0,17.0,6.0,3.0,6.0,19.0,7.0,Regular Season
chicago bulls,2021-22,11,1610612741.0,15.0,6.0,9.0,0.4,48.3,41.1,86.5,0.475,9.2,26.2,0.351,17.6,21.9,0.805,7.7,31.7,39.4,23.3,11.7,7.2,2.9,4.4,19.0,19.3,109.1,-5.1,14.0,18.0,17.0,18.0,12.0,15.0,19.0,12.0,30.0,30.0,19.0,14.0,21.0,9.0,30.0,25.0,30.0,24.0,5.0,15.0,30.0,15.0,9.0,20.0,26.0,23.0,Regular Season,1610612741.0,15.0,6.0,9.0,0.4,725.0,108.8,111.1,114.4,116.2,-5.6,-5.2,0.566,1.98,17.6,0.239,0.733,0.481,0.119,0.529,0.567,99.3,97.52,81.27,1473.0,0.48,14.0,18.0,17.0,18.0,15.0,25.0,21.0,22.0,25.0,11.0,23.0,27.0,10.0,25.0,5.0,22.0,22.0,20.0,21.0,Regular Season
cleveland cavaliers,2021-22,11,1610612739.0,16.0,6.0,10.0,0.375,48.6,40.1,85.0,0.471,10.3,30.8,0.335,19.2,24.7,0.777,10.3,32.3,42.6,24.7,13.4,7.1,3.8,4.3,18.3,21.8,109.6,-5.0,4.0,18.0,21.0,19.0,4.0,23.0,25.0,15.0,29.0,26.0,28.0,8.0,7.0,16.0,12.0,23.0,17.0,17.0,18.0,19.0,24.0,11.0,6.0,3.0,24.0,22.0,Regular Season,1610612739.0,16.0,6.0,10.0,0.375,778.0,110.7,112.4,115.2,117.9,-4.6,-5.6,0.616,1.84,18.3,0.285,0.732,0.506,0.138,0.532,0.572,98.0,96.12,80.1,1561.0,0.482,4.0,18.0,21.0,19.0,4.0,21.0,26.0,23.0,13.0,20.0,16.0,10.0,12.0,11.0,21.0,20.0,20.0,25.0,20.0,Regular Season
dallas mavericks,2021-22,11,1610612742.0,16.0,12.0,4.0,0.75,48.0,39.4,84.4,0.467,13.3,38.7,0.344,16.7,21.9,0.763,9.5,32.3,41.8,22.1,11.7,5.8,3.7,3.6,19.2,20.3,108.8,1.3,4.0,2.0,5.0,5.0,22.0,25.0,28.0,18.0,13.0,4.0,25.0,25.0,20.0,24.0,23.0,23.0,23.0,29.0,4.0,30.0,27.0,3.0,10.0,14.0,27.0,14.0,Regular Season,1610612742.0,16.0,12.0,4.0,0.75,768.0,113.1,115.3,111.0,114.0,2.0,1.3,0.56,1.89,17.2,0.26,0.71,0.488,0.124,0.546,0.578,96.5,94.31,78.59,1509.0,0.499,4.0,2.0,5.0,5.0,10.0,14.0,12.0,15.0,27.0,15.0,26.0,20.0,20.0,23.0,9.0,15.0,16.0,30.0,17.0,Regular Season
denver nuggets,2021-22,11,1610612743.0,16.0,10.0,6.0,0.625,48.6,42.8,84.8,0.505,11.7,33.4,0.35,20.4,25.4,0.803,9.9,34.3,44.3,29.3,14.7,7.1,4.0,4.6,21.2,21.2,117.8,1.2,4.0,8.0,9.0,10.0,4.0,10.0,26.0,3.0,21.0,19.0,21.0,4.0,4.0,10.0,16.0,10.0,12.0,2.0,27.0,18.0,19.0,19.0,23.0,5.0,8.0,15.0,Regular Season,1610612743.0,16.0,10.0,6.0,0.625,778.0,116.9,118.5,115.5,116.9,1.3,1.6,0.685,2.0,20.8,0.274,0.738,0.516,0.148,0.574,0.613,99.5,98.25,81.88,1590.0,0.514,4.0,8.0,9.0,10.0,4.0,8.0,22.0,14.0,2.0,10.0,2.0,15.0,8.0,7.0,27.0,5.0,2.0,17.0,13.0,Regular Season
detroit pistons,2021-22,11,1610612765.0,16.0,6.0,10.0,0.375,48.3,40.7,87.4,0.465,11.4,33.1,0.345,17.2,21.9,0.783,10.6,32.4,43.0,25.0,13.3,7.6,4.6,5.1,23.6,18.9,110.0,0.1,4.0,18.0,21.0,19.0,18.0,18.0,17.0,20.0,23.0,20.0,23.0,20.0,19.0,14.0,9.0,22.0,15.0,15.0,16.0,11.0,13.0,25.0,29.0,24.0,23.0,17.0,Regular Season,1610612765.0,16.0,6.0,10.0,0.375,773.0,110.3,112.5,109.7,112.1,0.6,0.3,0.614,1.89,18.3,0.284,0.694,0.489,0.135,0.531,0.566,99.3,97.27,81.06,1565.0,0.494,4.0,18.0,21.0,19.0,8.0,20.0,9.0,17.0,14.0,16.0,15.0,11.0,27.0,22.0,18.0,21.0,23.0,21.0,19.0,Regular Season
golden state warriors,2021-22,11,1610612744.0,16.0,5.0,11.0,0.313,48.0,40.5,86.8,0.467,13.4,37.8,0.355,16.0,20.6,0.776,10.2,34.4,44.6,25.1,14.3,6.9,3.6,3.4,22.8,18.3,110.4,-3.2,4.0,22.0,26.0,25.0,22.0,20.0,18.0,19.0,10.0,6.0,18.0,29.0,28.0,17.0,15.0,6.0,11.0,14.0,24.0,24.0,28.0,2.0,28.0,29.0,22.0,19.0,Regular Season,1610612744.0,16.0,5.0,11.0,0.313,768.0,110.4,112.0,112.4,115.1,-1.9,-3.1,0.619,1.75,18.4,0.263,0.738,0.503,0.145,0.544,0.576,100.6,98.69,82.24,1578.0,0.476,4.0,22.0,26.0,25.0,10.0,23.0,17.0,19.0,11.0,24.0,14.0,18.0,7.0,13.0,24.0,17.0,18.0,15.0,22.0,Regular Season
houston rockets,2021-22,11,1610612745.0,17.0,5.0,12.0,0.294,48.6,40.8,86.5,0.472,13.8,37.6,0.366,17.1,23.5,0.728,8.5,33.1,41.6,25.2,16.1,7.5,5.1,5.1,21.5,21.1,112.5,-4.9,1.0,22.0,27.0,26.0,8.0,17.0,20.0,14.0,7.0,7.0,12.0,22.0,10.0,30.0,26.0,17.0,25.0,13.0,30.0,12.0,8.0,24.0,25.0,7.0,14.0,21.0,Regular Season,1610612745.0,17.0,5.0,12.0,0.294,826.0,107.8,110.5,112.6,115.2,-4.8,-4.8,0.618,1.57,18.2,0.242,0.685,0.47,0.158,0.552,0.581,103.0,100.65,83.87,1732.0,0.472,1.0,22.0,27.0,26.0,1.0,27.0,18.0,21.0,12.0,29.0,17.0,26.0,28.0,30.0,29.0,9.0,15.0,7.0,24.0,Regular Season
indiana pacers,2021-22,11,1610612754.0,14.0,4.0,10.0,0.286,48.4,43.1,91.4,0.471,12.5,35.7,0.35,16.9,21.6,0.785,12.4,29.6,42.0,27.4,14.1,7.1,5.4,5.4,19.8,18.5,115.6,-6.3,23.0,27.0,21.0,27.0,9.0,8.0,4.0,16.0,16.0,15.0,20.0,23.0,22.0,13.0,5.0,29.0,19.0,6.0,23.0,16.0,6.0,28.0,15.0,27.0,11.0,25.0,Regular Season,1610612754.0,14.0,4.0,10.0,0.286,677.0,112.6,115.6,120.8,121.8,-8.2,-6.2,0.637,1.94,19.1,0.335,0.698,0.507,0.141,0.539,0.573,101.0,99.3,82.75,1400.0,0.458,23.0,27.0,21.0,27.0,25.0,13.0,29.0,25.0,5.0,14.0,7.0,3.0,25.0,10.0,23.0,19.0,19.0,12.0,27.0,Regular Season
la clippers,2021-22,11,1610612746.0,14.0,5.0,9.0,0.357,48.7,39.7,88.1,0.451,12.4,32.5,0.382,17.3,20.4,0.849,9.6,32.4,42.0,24.0,11.6,6.9,5.4,4.4,18.7,17.9,109.1,-5.5,23.0,22.0,17.0,22.0,2.0,24.0,14.0,27.0,17.0,23.0,7.0,18.0,29.0,1.0,21.0,21.0,19.0,23.0,3.0,25.0,5.0,17.0,8.0,30.0,25.0,24.0,Regular Season,1610612746.0,14.0,5.0,9.0,0.357,682.0,110.1,111.9,115.8,117.8,-5.7,-5.9,0.604,2.06,17.9,0.258,0.696,0.474,0.119,0.521,0.562,97.6,96.04,80.03,1366.0,0.476,23.0,22.0,17.0,22.0,23.0,24.0,25.0,24.0,18.0,7.0,18.0,21.0,26.0,28.0,4.0,26.0,26.0,27.0,23.0,Regular Season
los angeles lakers,2021-22,11,1610612747.0,16.0,4.0,12.0,0.25,48.6,43.1,89.3,0.483,13.2,36.5,0.361,15.9,21.4,0.743,9.8,31.6,41.4,24.4,13.5,6.6,3.8,4.1,21.0,18.5,115.3,-7.3,4.0,27.0,27.0,28.0,4.0,7.0,11.0,10.0,14.0,11.0,17.0,30.0,23.0,26.0,18.0,28.0,27.0,20.0,19.0,27.0,24.0,6.0,22.0,27.0,12.0,26.0,Regular Season,1610612747.0,16.0,4.0,12.0,0.25,778.0,112.6,114.7,120.2,121.6,-7.6,-6.8,0.565,1.81,17.8,0.261,0.7,0.48,0.134,0.557,0.584,100.9,99.39,82.83,1608.0,0.458,4.0,27.0,27.0,28.0,4.0,16.0,28.0,27.0,26.0,21.0,20.0,19.0,24.0,26.0,16.0,8.0,11.0,11.0,28.0,Regular Season
memphis grizzlies,2021-22,11,1610612763.0,14.0,11.0,3.0,0.786,48.0,46.2,97.2,0.475,13.4,34.4,0.391,16.1,22.0,0.731,14.4,35.5,49.9,27.5,12.0,9.2,7.4,5.6,20.1,20.3,121.9,12.4,23.0,3.0,2.0,2.0,22.0,1.0,1.0,11.0,12.0,17.0,3.0,27.0,18.0,29.0,2.0,3.0,1.0,4.0,8.0,3.0,1.0,29.0,18.0,13.0,2.0,1.0,Regular Season,1610612763.0,14.0,11.0,3.0,0.786,672.0,116.7,120.3,105.4,108.3,11.4,12.0,0.595,2.29,18.7,0.346,0.728,0.531,0.118,0.544,0.57,104.2,101.21,84.35,1419.0,0.559,23.0,3.0,2.0,2.0,28.0,4.0,1.0,2.0,22.0,3.0,9.0,1.0,17.0,1.0,3.0,16.0,21.0,3.0,2.0,Regular Season
miami heat,2021-22,11,1610612748.0,15.0,8.0,7.0,0.533,48.0,38.9,83.0,0.469,13.5,36.0,0.374,17.1,20.8,0.824,7.7,34.0,41.7,24.5,14.1,6.6,3.3,3.8,20.3,20.3,108.5,1.8,14.0,13.0,11.0,13.0,22.0,26.0,29.0,17.0,9.0,13.0,9.0,21.0,27.0,6.0,29.0,11.0,24.0,19.0,21.0,26.0,29.0,5.0,19.0,11.0,28.0,12.0,Regular Season,1610612748.0,15.0,8.0,7.0,0.533,720.0,110.1,112.1,108.2,110.0,1.9,2.0,0.63,1.74,18.6,0.237,0.739,0.496,0.146,0.55,0.589,98.6,96.87,80.72,1452.0,0.515,14.0,13.0,11.0,13.0,21.0,22.0,6.0,13.0,8.0,26.0,11.0,29.0,5.0,18.0,25.0,11.0,9.0,22.0,11.0,Regular Season
milwaukee bucks,2021-22,11,1610612749.0,14.0,11.0,3.0,0.786,48.4,43.7,89.8,0.487,14.1,36.4,0.388,19.6,25.1,0.778,10.2,38.1,48.4,24.2,13.4,7.4,3.9,4.3,17.4,19.9,121.1,3.9,23.0,3.0,2.0,2.0,9.0,5.0,8.0,7.0,6.0,12.0,4.0,6.0,5.0,15.0,13.0,1.0,2.0,21.0,17.0,13.0,21.0,13.0,1.0,16.0,4.0,10.0,Regular Season,1610612749.0,14.0,11.0,3.0,0.786,677.0,116.4,118.4,113.1,114.3,3.3,4.2,0.554,1.8,17.4,0.269,0.782,0.53,0.131,0.566,0.601,103.1,101.71,84.76,1432.0,0.516,23.0,3.0,2.0,2.0,25.0,9.0,13.0,10.0,29.0,22.0,25.0,16.0,1.0,3.0,15.0,7.0,7.0,2.0,10.0,Regular Season
minnesota timberwolves,2021-22,11,1610612750.0,15.0,10.0,5.0,0.667,48.0,43.0,88.9,0.484,15.7,40.5,0.388,21.3,25.9,0.823,9.7,35.4,45.1,26.9,14.3,9.3,4.9,4.1,20.4,21.1,123.1,10.3,14.0,8.0,7.0,8.0,22.0,9.0,12.0,8.0,1.0,2.0,5.0,2.0,3.0,7.0,20.0,4.0,10.0,8.0,25.0,2.0,11.0,8.0,20.0,6.0,1.0,4.0,Regular Season,1610612750.0,15.0,10.0,5.0,0.667,720.0,117.2,119.6,107.7,109.5,9.5,10.1,0.626,1.88,18.9,0.265,0.739,0.508,0.139,0.572,0.613,104.9,102.93,85.78,1543.0,0.549,14.0,8.0,7.0,8.0,21.0,6.0,5.0,4.0,9.0,17.0,8.0,17.0,6.0,9.0,22.0,6.0,3.0,1.0,4.0,Regular Season
new orleans pelicans,2021-22,11,1610612740.0,15.0,8.0,7.0,0.533,48.3,44.1,90.4,0.488,10.5,30.6,0.344,18.7,24.2,0.774,12.7,33.5,46.1,26.1,12.9,10.1,3.8,4.1,20.1,20.7,117.5,5.5,14.0,13.0,11.0,13.0,12.0,4.0,6.0,6.0,28.0,27.0,24.0,10.0,8.0,20.0,3.0,16.0,6.0,11.0,13.0,1.0,22.0,8.0,17.0,9.0,9.0,8.0,Regular Season,1610612740.0,15.0,8.0,7.0,0.533,725.0,116.1,117.8,110.2,112.4,5.9,5.4,0.592,2.03,18.5,0.317,0.729,0.521,0.129,0.546,0.582,100.8,99.08,82.57,1497.0,0.532,14.0,13.0,11.0,13.0,15.0,10.0,10.0,8.0,23.0,8.0,12.0,4.0,14.0,5.0,13.0,14.0,12.0,13.0,6.0,Regular Season
new york knicks,2021-22,11,1610612752.0,16.0,9.0,7.0,0.563,48.0,38.5,86.1,0.447,13.4,36.0,0.373,21.3,28.9,0.737,12.4,34.4,46.8,22.1,12.0,7.1,4.5,5.3,21.7,22.4,111.8,4.8,4.0,11.0,11.0,11.0,22.0,29.0,24.0,28.0,10.0,13.0,10.0,3.0,1.0,28.0,6.0,6.0,5.0,28.0,8.0,19.0,16.0,26.0,27.0,2.0,19.0,9.0,Regular Season,1610612752.0,16.0,9.0,7.0,0.563,768.0,113.5,115.6,109.1,110.9,4.4,4.7,0.575,1.84,16.4,0.315,0.756,0.53,0.124,0.525,0.565,98.3,96.56,80.47,1547.0,0.516,4.0,11.0,11.0,11.0,10.0,12.0,8.0,9.0,24.0,19.0,29.0,5.0,3.0,2.0,10.0,25.0,25.0,23.0,9.0,Regular Season
oklahoma city thunder,2021-22,11,1610612760.0,15.0,3.0,12.0,0.2,48.3,40.5,87.6,0.463,14.2,39.2,0.362,17.2,22.3,0.77,9.7,34.3,44.1,24.6,15.5,7.9,4.5,4.3,18.2,19.0,112.5,-10.2,14.0,29.0,27.0,29.0,12.0,19.0,16.0,22.0,5.0,3.0,16.0,19.0,17.0,21.0,19.0,9.0,13.0,18.0,28.0,9.0,15.0,12.0,4.0,23.0,15.0,29.0,Regular Season,1610612760.0,15.0,3.0,12.0,0.2,725.0,109.0,110.6,118.9,120.4,-9.9,-9.8,0.607,1.58,17.8,0.25,0.718,0.485,0.153,0.544,0.577,102.5,101.06,84.22,1525.0,0.453,14.0,29.0,27.0,29.0,15.0,26.0,27.0,29.0,17.0,28.0,19.0,24.0,19.0,24.0,28.0,18.0,17.0,4.0,29.0,Regular Season
orlando magic,2021-22,11,1610612753.0,15.0,5.0,10.0,0.333,49.0,38.7,90.6,0.428,12.1,37.3,0.324,16.3,20.2,0.805,9.5,38.1,47.7,24.7,14.1,6.4,3.8,4.9,20.7,18.7,105.8,-7.4,14.0,22.0,21.0,24.0,1.0,28.0,5.0,30.0,20.0,9.0,30.0,26.0,30.0,8.0,22.0,2.0,4.0,16.0,21.0,28.0,22.0,23.0,21.0,26.0,30.0,27.0,Regular Season,1610612753.0,15.0,5.0,10.0,0.333,735.0,101.6,102.9,109.0,110.8,-7.4,-7.8,0.639,1.75,17.7,0.249,0.76,0.504,0.137,0.494,0.532,101.8,100.41,83.67,1542.0,0.464,14.0,22.0,21.0,24.0,14.0,30.0,7.0,28.0,4.0,25.0,21.0,25.0,2.0,12.0,19.0,30.0,30.0,8.0,26.0,Regular Season
philadelphia 76ers,2021-22,11,1610612755.0,16.0,9.0,7.0,0.563,48.3,37.6,83.0,0.453,12.4,34.1,0.363,22.9,27.5,0.834,8.5,33.8,42.3,23.1,11.9,7.0,4.9,4.8,19.6,20.3,110.6,0.9,4.0,11.0,11.0,11.0,18.0,30.0,29.0,26.0,18.0,18.0,14.0,1.0,2.0,3.0,27.0,14.0,18.0,26.0,6.0,21.0,10.0,21.0,13.0,12.0,21.0,16.0,Regular Season,1610612755.0,16.0,9.0,7.0,0.563,773.0,112.3,114.1,112.0,113.2,0.3,0.9,0.613,1.94,17.5,0.254,0.749,0.502,0.123,0.528,0.581,97.6,96.31,80.26,1551.0,0.502,4.0,11.0,11.0,11.0,8.0,17.0,11.0,16.0,15.0,13.0,24.0,23.0,4.0,15.0,7.0,23.0,14.0,24.0,15.0,Regular Season
phoenix suns,2021-22,11,1610612756.0,15.0,13.0,2.0,0.867,48.3,45.7,90.1,0.507,12.7,31.9,0.399,17.5,21.3,0.824,8.5,34.4,42.9,28.5,12.6,8.1,4.7,3.3,21.4,18.9,121.6,11.0,14.0,1.0,1.0,1.0,12.0,2.0,7.0,2.0,15.0,25.0,2.0,16.0,25.0,5.0,25.0,8.0,16.0,3.0,12.0,6.0,12.0,1.0,24.0,25.0,3.0,3.0,Regular Season,1610612756.0,15.0,13.0,2.0,0.867,725.0,117.5,120.0,107.5,109.1,10.0,10.9,0.623,2.26,20.1,0.257,0.728,0.502,0.124,0.578,0.612,102.5,100.67,83.89,1520.0,0.554,14.0,1.0,1.0,1.0,15.0,5.0,4.0,3.0,10.0,4.0,4.0,22.0,16.0,14.0,11.0,2.0,4.0,6.0,3.0,Regular Season
portland trail blazers,2021-22,11,1610612757.0,15.0,2.0,13.0,0.133,48.3,38.9,89.4,0.435,10.7,33.0,0.325,17.7,23.5,0.756,12.5,29.5,42.0,23.1,15.9,8.8,4.0,6.1,23.9,19.3,106.2,-18.2,14.0,30.0,30.0,30.0,12.0,27.0,10.0,29.0,27.0,22.0,29.0,13.0,13.0,25.0,4.0,30.0,19.0,25.0,29.0,4.0,19.0,30.0,30.0,20.0,29.0,30.0,Regular Season,1610612757.0,15.0,2.0,13.0,0.133,725.0,103.0,105.4,120.4,123.7,-17.5,-18.4,0.595,1.45,16.6,0.305,0.676,0.477,0.158,0.495,0.532,102.5,99.97,83.31,1512.0,0.392,14.0,30.0,30.0,30.0,15.0,29.0,30.0,30.0,21.0,30.0,28.0,7.0,29.0,27.0,30.0,29.0,29.0,10.0,30.0,Regular Season
sacramento kings,2021-22,11,1610612758.0,14.0,5.0,9.0,0.357,48.7,40.5,87.8,0.461,11.4,33.1,0.346,19.5,25.1,0.776,8.7,32.5,41.2,24.1,13.7,7.1,3.7,3.6,17.9,23.1,111.9,-7.6,23.0,22.0,17.0,22.0,2.0,20.0,15.0,23.0,24.0,21.0,22.0,7.0,5.0,18.0,24.0,20.0,29.0,22.0,20.0,16.0,26.0,4.0,3.0,1.0,18.0,28.0,Regular Season,1610612758.0,14.0,5.0,9.0,0.357,682.0,107.8,110.2,115.9,117.0,-8.2,-6.8,0.596,1.76,17.6,0.23,0.729,0.472,0.135,0.526,0.566,101.9,100.36,83.64,1422.0,0.468,23.0,22.0,17.0,22.0,23.0,28.0,23.0,26.0,20.0,23.0,22.0,30.0,13.0,29.0,17.0,24.0,24.0,9.0,25.0,Regular Season
san antonio spurs,2021-22,11,1610612759.0,14.0,7.0,7.0,0.5,48.0,42.1,92.6,0.455,11.6,34.6,0.337,18.2,23.5,0.775,12.1,33.8,45.9,26.6,13.1,7.0,5.2,4.9,17.7,20.1,114.1,-1.6,23.0,17.0,11.0,16.0,22.0,13.0,2.0,24.0,22.0,16.0,27.0,12.0,12.0,19.0,7.0,13.0,7.0,10.0,14.0,21.0,7.0,22.0,2.0,15.0,13.0,18.0,Regular Season,1610612759.0,14.0,7.0,7.0,0.5,672.0,109.8,112.9,113.4,114.6,-3.6,-1.7,0.631,2.02,18.6,0.306,0.709,0.501,0.13,0.518,0.554,103.0,101.0,84.17,1415.0,0.499,23.0,17.0,11.0,16.0,28.0,19.0,16.0,18.0,7.0,9.0,10.0,6.0,21.0,16.0,14.0,27.0,27.0,5.0,18.0,Regular Season
toronto raptors,2021-22,11,1610612761.0,16.0,11.0,5.0,0.688,48.6,41.9,92.3,0.454,10.9,31.9,0.341,17.3,22.6,0.765,14.7,33.6,48.3,21.9,11.3,7.7,4.6,5.3,20.0,19.6,111.9,6.0,4.0,3.0,7.0,7.0,4.0,14.0,3.0,25.0,26.0,24.0,26.0,17.0,16.0,23.0,1.0,15.0,3.0,30.0,2.0,10.0,14.0,27.0,16.0,19.0,17.0,5.0,Regular Season,1610612761.0,16.0,11.0,5.0,0.688,778.0,113.3,114.9,107.1,109.0,6.2,5.9,0.522,1.94,16.0,0.335,0.726,0.523,0.115,0.513,0.548,97.6,96.06,80.05,1559.0,0.516,4.0,3.0,7.0,7.0,4.0,15.0,3.0,5.0,30.0,12.0,30.0,2.0,18.0,4.0,2.0,28.0,28.0,26.0,8.0,Regular Season
utah jazz,2021-22,11,1610612762.0,17.0,8.0,9.0,0.471,48.3,40.2,86.5,0.465,14.9,41.2,0.362,16.7,22.6,0.738,11.6,34.0,45.6,22.5,13.2,6.9,4.5,4.4,19.6,19.8,112.1,1.5,1.0,13.0,17.0,17.0,20.0,22.0,20.0,21.0,2.0,1.0,15.0,24.0,15.0,27.0,8.0,11.0,8.0,27.0,15.0,23.0,17.0,14.0,14.0,17.0,16.0,13.0,Regular Season,1610612762.0,17.0,8.0,9.0,0.471,821.0,114.3,116.6,112.3,114.4,2.0,2.2,0.558,1.7,16.9,0.304,0.729,0.515,0.138,0.552,0.581,97.7,95.82,79.85,1634.0,0.501,1.0,13.0,17.0,17.0,2.0,11.0,14.0,12.0,28.0,27.0,27.0,8.0,15.0,8.0,20.0,9.0,13.0,28.0,16.0,Regular Season
washington wizards,2021-22,11,1610612764.0,16.0,6.0,10.0,0.375,48.0,40.9,84.8,0.483,11.2,30.4,0.368,18.6,23.3,0.801,8.4,32.9,41.4,27.5,12.2,6.3,5.6,4.1,18.3,20.6,111.7,-3.8,4.0,18.0,21.0,19.0,22.0,16.0,27.0,9.0,25.0,28.0,11.0,11.0,14.0,11.0,28.0,18.0,28.0,4.0,10.0,29.0,3.0,7.0,6.0,10.0,20.0,20.0,Regular Season,1610612764.0,16.0,6.0,10.0,0.375,768.0,113.1,113.5,114.9,117.7,-1.7,-4.2,0.672,2.26,20.1,0.239,0.736,0.492,0.124,0.549,0.588,99.6,98.22,81.85,1574.0,0.506,4.0,18.0,21.0,19.0,10.0,18.0,24.0,20.0,3.0,5.0,3.0,28.0,9.0,19.0,8.0,13.0,10.0,18.0,14.0,Regular Season
atlanta hawks,2021-22,12,1610612737.0,17.0,11.0,6.0,0.647,48.3,42.5,89.5,0.475,13.5,36.9,0.365,19.9,23.5,0.845,10.3,31.7,42.0,25.6,10.9,8.0,4.1,4.6,19.4,21.3,118.3,3.1,1.0,3.0,9.0,9.0,20.0,11.0,9.0,13.0,8.0,10.0,13.0,5.0,10.0,2.0,11.0,27.0,19.0,12.0,1.0,7.0,18.0,18.0,12.0,4.0,7.0,11.0,Regular Season,1610612737.0,17.0,11.0,6.0,0.647,821.0,117.8,119.1,114.7,116.2,3.1,2.9,0.602,2.35,18.5,0.279,0.706,0.49,0.11,0.55,0.593,99.8,98.63,82.19,1689.0,0.514,1.0,3.0,9.0,9.0,2.0,7.0,20.0,11.0,19.0,2.0,13.0,13.0,22.0,21.0,1.0,12.0,8.0,16.0,12.0,Regular Season
boston celtics,2021-22,12,1610612738.0,14.0,11.0,3.0,0.786,48.4,42.4,86.3,0.492,14.4,37.6,0.382,17.6,21.3,0.826,10.2,35.1,45.4,26.8,12.2,7.2,5.5,4.7,18.3,19.8,116.8,12.1,23.0,3.0,2.0,2.0,9.0,12.0,23.0,5.0,4.0,8.0,8.0,15.0,24.0,4.0,13.0,5.0,9.0,9.0,11.0,14.0,4.0,20.0,5.0,18.0,10.0,2.0,Regular Season,1610612738.0,14.0,11.0,3.0,0.786,677.0,119.6,120.9,106.2,108.6,13.4,12.3,0.631,2.19,19.7,0.278,0.733,0.517,0.126,0.575,0.61,97.4,95.79,79.82,1352.0,0.574,23.0,3.0,2.0,2.0,25.0,2.0,2.0,1.0,6.0,6.0,5.0,14.0,11.0,6.0,12.0,4.0,5.0,29.0,1.0,Regular Season
brooklyn nets,2021-22,12,1610612751.0,15.0,8.0,7.0,0.533,48.3,44.5,86.5,0.514,12.1,30.1,0.403,18.8,23.7,0.794,9.9,31.7,41.6,27.2,14.6,8.0,5.9,4.4,21.5,20.9,119.9,5.5,14.0,13.0,11.0,13.0,12.0,3.0,22.0,1.0,19.0,29.0,1.0,9.0,9.0,12.0,17.0,25.0,26.0,7.0,26.0,7.0,2.0,15.0,26.0,8.0,5.0,7.0,Regular Season,1610612751.0,15.0,8.0,7.0,0.533,725.0,118.0,120.3,111.0,114.6,6.9,5.8,0.612,1.86,19.5,0.289,0.669,0.492,0.147,0.584,0.619,101.6,99.01,82.51,1494.0,0.539,14.0,13.0,11.0,13.0,15.0,3.0,15.0,7.0,16.0,18.0,6.0,9.0,30.0,20.0,26.0,1.0,1.0,14.0,5.0,Regular Season
charlotte hornets,2021-22,12,1610612766.0,14.0,10.0,4.0,0.714,48.0,43.7,88.8,0.492,14.9,38.5,0.386,16.1,20.9,0.768,10.6,32.6,43.1,30.4,11.9,8.4,4.9,4.1,19.3,19.3,118.4,5.9,23.0,8.0,5.0,6.0,22.0,5.0,13.0,4.0,3.0,5.0,6.0,27.0,26.0,22.0,10.0,19.0,14.0,1.0,7.0,5.0,9.0,10.0,11.0,22.0,6.0,6.0,Regular Season,1610612766.0,14.0,10.0,4.0,0.714,672.0,119.1,121.2,113.2,115.4,6.0,5.8,0.696,2.55,21.6,0.284,0.704,0.497,0.122,0.576,0.604,99.3,97.54,81.28,1367.0,0.531,23.0,8.0,5.0,6.0,28.0,1.0,19.0,6.0,1.0,1.0,1.0,12.0,23.0,17.0,6.0,3.0,6.0,19.0,7.0,Regular Season
chicago bulls,2021-22,12,1610612741.0,15.0,6.0,9.0,0.4,48.3,41.1,86.5,0.475,9.2,26.2,0.351,17.6,21.9,0.805,7.7,31.7,39.4,23.3,11.7,7.2,2.9,4.4,19.0,19.3,109.1,-5.1,14.0,18.0,17.0,18.0,12.0,15.0,19.0,12.0,30.0,30.0,19.0,14.0,21.0,9.0,30.0,25.0,30.0,24.0,5.0,15.0,30.0,15.0,9.0,20.0,26.0,23.0,Regular Season,1610612741.0,15.0,6.0,9.0,0.4,725.0,108.8,111.1,114.4,116.2,-5.6,-5.2,0.566,1.98,17.6,0.239,0.733,0.481,0.119,0.529,0.567,99.3,97.52,81.27,1473.0,0.48,14.0,18.0,17.0,18.0,15.0,25.0,21.0,22.0,25.0,11.0,23.0,27.0,10.0,25.0,5.0,22.0,22.0,20.0,21.0,Regular Season
cleveland cavaliers,2021-22,12,1610612739.0,16.0,6.0,10.0,0.375,48.6,40.1,85.0,0.471,10.3,30.8,0.335,19.2,24.7,0.777,10.3,32.3,42.6,24.7,13.4,7.1,3.8,4.3,18.3,21.8,109.6,-5.0,4.0,18.0,21.0,19.0,4.0,23.0,25.0,15.0,29.0,26.0,28.0,8.0,7.0,16.0,12.0,23.0,17.0,17.0,18.0,19.0,24.0,11.0,6.0,3.0,24.0,22.0,Regular Season,1610612739.0,16.0,6.0,10.0,0.375,778.0,110.7,112.4,115.2,117.9,-4.6,-5.6,0.616,1.84,18.3,0.285,0.732,0.506,0.138,0.532,0.572,98.0,96.12,80.1,1561.0,0.482,4.0,18.0,21.0,19.0,4.0,21.0,26.0,23.0,13.0,20.0,16.0,10.0,12.0,11.0,21.0,20.0,20.0,25.0,20.0,Regular Season
dallas mavericks,2021-22,12,1610612742.0,16.0,12.0,4.0,0.75,48.0,39.4,84.4,0.467,13.3,38.7,0.344,16.7,21.9,0.763,9.5,32.3,41.8,22.1,11.7,5.8,3.7,3.6,19.2,20.3,108.8,1.3,4.0,2.0,5.0,5.0,22.0,25.0,28.0,18.0,13.0,4.0,25.0,25.0,20.0,24.0,23.0,23.0,23.0,29.0,4.0,30.0,27.0,3.0,10.0,14.0,27.0,14.0,Regular Season,1610612742.0,16.0,12.0,4.0,0.75,768.0,113.1,115.3,111.0,114.0,2.0,1.3,0.56,1.89,17.2,0.26,0.71,0.488,0.124,0.546,0.578,96.5,94.31,78.59,1509.0,0.499,4.0,2.0,5.0,5.0,10.0,14.0,12.0,15.0,27.0,15.0,26.0,20.0,20.0,23.0,9.0,15.0,16.0,30.0,17.0,Regular Season
denver nuggets,2021-22,12,1610612743.0,16.0,10.0,6.0,0.625,48.6,42.8,84.8,0.505,11.7,33.4,0.35,20.4,25.4,0.803,9.9,34.3,44.3,29.3,14.7,7.1,4.0,4.6,21.2,21.2,117.8,1.2,4.0,8.0,9.0,10.0,4.0,10.0,26.0,3.0,21.0,19.0,21.0,4.0,4.0,10.0,16.0,10.0,12.0,2.0,27.0,18.0,19.0,19.0,23.0,5.0,8.0,15.0,Regular Season,1610612743.0,16.0,10.0,6.0,0.625,778.0,116.9,118.5,115.5,116.9,1.3,1.6,0.685,2.0,20.8,0.274,0.738,0.516,0.148,0.574,0.613,99.5,98.25,81.88,1590.0,0.514,4.0,8.0,9.0,10.0,4.0,8.0,22.0,14.0,2.0,10.0,2.0,15.0,8.0,7.0,27.0,5.0,2.0,17.0,13.0,Regular Season
detroit pistons,2021-22,12,1610612765.0,16.0,6.0,10.0,0.375,48.3,40.7,87.4,0.465,11.4,33.1,0.345,17.2,21.9,0.783,10.6,32.4,43.0,25.0,13.3,7.6,4.6,5.1,23.6,18.9,110.0,0.1,4.0,18.0,21.0,19.0,18.0,18.0,17.0,20.0,23.0,20.0,23.0,20.0,19.0,14.0,9.0,22.0,15.0,15.0,16.0,11.0,13.0,25.0,29.0,24.0,23.0,17.0,Regular Season,1610612765.0,16.0,6.0,10.0,0.375,773.0,110.3,112.5,109.7,112.1,0.6,0.3,0.614,1.89,18.3,0.284,0.694,0.489,0.135,0.531,0.566,99.3,97.27,81.06,1565.0,0.494,4.0,18.0,21.0,19.0,8.0,20.0,9.0,17.0,14.0,16.0,15.0,11.0,27.0,22.0,18.0,21.0,23.0,21.0,19.0,Regular Season
golden state warriors,2021-22,12,1610612744.0,16.0,5.0,11.0,0.313,48.0,40.5,86.8,0.467,13.4,37.8,0.355,16.0,20.6,0.776,10.2,34.4,44.6,25.1,14.3,6.9,3.6,3.4,22.8,18.3,110.4,-3.2,4.0,22.0,26.0,25.0,22.0,20.0,18.0,19.0,10.0,6.0,18.0,29.0,28.0,17.0,15.0,6.0,11.0,14.0,24.0,24.0,28.0,2.0,28.0,29.0,22.0,19.0,Regular Season,1610612744.0,16.0,5.0,11.0,0.313,768.0,110.4,112.0,112.4,115.1,-1.9,-3.1,0.619,1.75,18.4,0.263,0.738,0.503,0.145,0.544,0.576,100.6,98.69,82.24,1578.0,0.476,4.0,22.0,26.0,25.0,10.0,23.0,17.0,19.0,11.0,24.0,14.0,18.0,7.0,13.0,24.0,17.0,18.0,15.0,22.0,Regular Season
houston rockets,2021-22,12,1610612745.0,17.0,5.0,12.0,0.294,48.6,40.8,86.5,0.472,13.8,37.6,0.366,17.1,23.5,0.728,8.5,33.1,41.6,25.2,16.1,7.5,5.1,5.1,21.5,21.1,112.5,-4.9,1.0,22.0,27.0,26.0,8.0,17.0,20.0,14.0,7.0,7.0,12.0,22.0,10.0,30.0,26.0,17.0,25.0,13.0,30.0,12.0,8.0,24.0,25.0,7.0,14.0,21.0,Regular Season,1610612745.0,17.0,5.0,12.0,0.294,826.0,107.8,110.5,112.6,115.2,-4.8,-4.8,0.618,1.57,18.2,0.242,0.685,0.47,0.158,0.552,0.581,103.0,100.65,83.87,1732.0,0.472,1.0,22.0,27.0,26.0,1.0,27.0,18.0,21.0,12.0,29.0,17.0,26.0,28.0,30.0,29.0,9.0,15.0,7.0,24.0,Regular Season
indiana pacers,2021-22,12,1610612754.0,14.0,4.0,10.0,0.286,48.4,43.1,91.4,0.471,12.5,35.7,0.35,16.9,21.6,0.785,12.4,29.6,42.0,27.4,14.1,7.1,5.4,5.4,19.8,18.5,115.6,-6.3,23.0,27.0,21.0,27.0,9.0,8.0,4.0,16.0,16.0,15.0,20.0,23.0,22.0,13.0,5.0,29.0,19.0,6.0,23.0,16.0,6.0,28.0,15.0,27.0,11.0,25.0,Regular Season,1610612754.0,14.0,4.0,10.0,0.286,677.0,112.6,115.6,120.8,121.8,-8.2,-6.2,0.637,1.94,19.1,0.335,0.698,0.507,0.141,0.539,0.573,101.0,99.3,82.75,1400.0,0.458,23.0,27.0,21.0,27.0,25.0,13.0,29.0,25.0,5.0,14.0,7.0,3.0,25.0,10.0,23.0,19.0,19.0,12.0,27.0,Regular Season
la clippers,2021-22,12,1610612746.0,14.0,5.0,9.0,0.357,48.7,39.7,88.1,0.451,12.4,32.5,0.382,17.3,20.4,0.849,9.6,32.4,42.0,24.0,11.6,6.9,5.4,4.4,18.7,17.9,109.1,-5.5,23.0,22.0,17.0,22.0,2.0,24.0,14.0,27.0,17.0,23.0,7.0,18.0,29.0,1.0,21.0,21.0,19.0,23.0,3.0,25.0,5.0,17.0,8.0,30.0,25.0,24.0,Regular Season,1610612746.0,14.0,5.0,9.0,0.357,682.0,110.1,111.9,115.8,117.8,-5.7,-5.9,0.604,2.06,17.9,0.258,0.696,0.474,0.119,0.521,0.562,97.6,96.04,80.03,1366.0,0.476,23.0,22.0,17.0,22.0,23.0,24.0,25.0,24.0,18.0,7.0,18.0,21.0,26.0,28.0,4.0,26.0,26.0,27.0,23.0,Regular Season
los angeles lakers,2021-22,12,1610612747.0,16.0,4.0,12.0,0.25,48.6,43.1,89.3,0.483,13.2,36.5,0.361,15.9,21.4,0.743,9.8,31.6,41.4,24.4,13.5,6.6,3.8,4.1,21.0,18.5,115.3,-7.3,4.0,27.0,27.0,28.0,4.0,7.0,11.0,10.0,14.0,11.0,17.0,30.0,23.0,26.0,18.0,28.0,27.0,20.0,19.0,27.0,24.0,6.0,22.0,27.0,12.0,26.0,Regular Season,1610612747.0,16.0,4.0,12.0,0.25,778.0,112.6,114.7,120.2,121.6,-7.6,-6.8,0.565,1.81,17.8,0.261,0.7,0.48,0.134,0.557,0.584,100.9,99.39,82.83,1608.0,0.458,4.0,27.0,27.0,28.0,4.0,16.0,28.0,27.0,26.0,21.0,20.0,19.0,24.0,26.0,16.0,8.0,11.0,11.0,28.0,Regular Season
memphis grizzlies,2021-22,12,1610612763.0,14.0,11.0,3.0,0.786,48.0,46.2,97.2,0.475,13.4,34.4,0.391,16.1,22.0,0.731,14.4,35.5,49.9,27.5,12.0,9.2,7.4,5.6,20.1,20.3,121.9,12.4,23.0,3.0,2.0,2.0,22.0,1.0,1.0,11.0,12.0,17.0,3.0,27.0,18.0,29.0,2.0,3.0,1.0,4.0,8.0,3.0,1.0,29.0,18.0,13.0,2.0,1.0,Regular Season,1610612763.0,14.0,11.0,3.0,0.786,672.0,116.7,120.3,105.4,108.3,11.4,12.0,0.595,2.29,18.7,0.346,0.728,0.531,0.118,0.544,0.57,104.2,101.21,84.35,1419.0,0.559,23.0,3.0,2.0,2.0,28.0,4.0,1.0,2.0,22.0,3.0,9.0,1.0,17.0,1.0,3.0,16.0,21.0,3.0,2.0,Regular Season
miami heat,2021-22,12,1610612748.0,15.0,8.0,7.0,0.533,48.0,38.9,83.0,0.469,13.5,36.0,0.374,17.1,20.8,0.824,7.7,34.0,41.7,24.5,14.1,6.6,3.3,3.8,20.3,20.3,108.5,1.8,14.0,13.0,11.0,13.0,22.0,26.0,29.0,17.0,9.0,13.0,9.0,21.0,27.0,6.0,29.0,11.0,24.0,19.0,21.0,26.0,29.0,5.0,19.0,11.0,28.0,12.0,Regular Season,1610612748.0,15.0,8.0,7.0,0.533,720.0,110.1,112.1,108.2,110.0,1.9,2.0,0.63,1.74,18.6,0.237,0.739,0.496,0.146,0.55,0.589,98.6,96.87,80.72,1452.0,0.515,14.0,13.0,11.0,13.0,21.0,22.0,6.0,13.0,8.0,26.0,11.0,29.0,5.0,18.0,25.0,11.0,9.0,22.0,11.0,Regular Season
milwaukee bucks,2021-22,12,1610612749.0,14.0,11.0,3.0,0.786,48.4,43.7,89.8,0.487,14.1,36.4,0.388,19.6,25.1,0.778,10.2,38.1,48.4,24.2,13.4,7.4,3.9,4.3,17.4,19.9,121.1,3.9,23.0,3.0,2.0,2.0,9.0,5.0,8.0,7.0,6.0,12.0,4.0,6.0,5.0,15.0,13.0,1.0,2.0,21.0,17.0,13.0,21.0,13.0,1.0,16.0,4.0,10.0,Regular Season,1610612749.0,14.0,11.0,3.0,0.786,677.0,116.4,118.4,113.1,114.3,3.3,4.2,0.554,1.8,17.4,0.269,0.782,0.53,0.131,0.566,0.601,103.1,101.71,84.76,1432.0,0.516,23.0,3.0,2.0,2.0,25.0,9.0,13.0,10.0,29.0,22.0,25.0,16.0,1.0,3.0,15.0,7.0,7.0,2.0,10.0,Regular Season
minnesota timberwolves,2021-22,12,1610612750.0,15.0,10.0,5.0,0.667,48.0,43.0,88.9,0.484,15.7,40.5,0.388,21.3,25.9,0.823,9.7,35.4,45.1,26.9,14.3,9.3,4.9,4.1,20.4,21.1,123.1,10.3,14.0,8.0,7.0,8.0,22.0,9.0,12.0,8.0,1.0,2.0,5.0,2.0,3.0,7.0,20.0,4.0,10.0,8.0,25.0,2.0,11.0,8.0,20.0,6.0,1.0,4.0,Regular Season,1610612750.0,15.0,10.0,5.0,0.667,720.0,117.2,119.6,107.7,109.5,9.5,10.1,0.626,1.88,18.9,0.265,0.739,0.508,0.139,0.572,0.613,104.9,102.93,85.78,1543.0,0.549,14.0,8.0,7.0,8.0,21.0,6.0,5.0,4.0,9.0,17.0,8.0,17.0,6.0,9.0,22.0,6.0,3.0,1.0,4.0,Regular Season
new orleans pelicans,2021-22,12,1610612740.0,15.0,8.0,7.0,0.533,48.3,44.1,90.4,0.488,10.5,30.6,0.344,18.7,24.2,0.774,12.7,33.5,46.1,26.1,12.9,10.1,3.8,4.1,20.1,20.7,117.5,5.5,14.0,13.0,11.0,13.0,12.0,4.0,6.0,6.0,28.0,27.0,24.0,10.0,8.0,20.0,3.0,16.0,6.0,11.0,13.0,1.0,22.0,8.0,17.0,9.0,9.0,8.0,Regular Season,1610612740.0,15.0,8.0,7.0,0.533,725.0,116.1,117.8,110.2,112.4,5.9,5.4,0.592,2.03,18.5,0.317,0.729,0.521,0.129,0.546,0.582,100.8,99.08,82.57,1497.0,0.532,14.0,13.0,11.0,13.0,15.0,10.0,10.0,8.0,23.0,8.0,12.0,4.0,14.0,5.0,13.0,14.0,12.0,13.0,6.0,Regular Season
new york knicks,2021-22,12,1610612752.0,16.0,9.0,7.0,0.563,48.0,38.5,86.1,0.447,13.4,36.0,0.373,21.3,28.9,0.737,12.4,34.4,46.8,22.1,12.0,7.1,4.5,5.3,21.7,22.4,111.8,4.8,4.0,11.0,11.0,11.0,22.0,29.0,24.0,28.0,10.0,13.0,10.0,3.0,1.0,28.0,6.0,6.0,5.0,28.0,8.0,19.0,16.0,26.0,27.0,2.0,19.0,9.0,Regular Season,1610612752.0,16.0,9.0,7.0,0.563,768.0,113.5,115.6,109.1,110.9,4.4,4.7,0.575,1.84,16.4,0.315,0.756,0.53,0.124,0.525,0.565,98.3,96.56,80.47,1547.0,0.516,4.0,11.0,11.0,11.0,10.0,12.0,8.0,9.0,24.0,19.0,29.0,5.0,3.0,2.0,10.0,25.0,25.0,23.0,9.0,Regular Season
oklahoma city thunder,2021-22,12,1610612760.0,15.0,3.0,12.0,0.2,48.3,40.5,87.6,0.463,14.2,39.2,0.362,17.2,22.3,0.77,9.7,34.3,44.1,24.6,15.5,7.9,4.5,4.3,18.2,19.0,112.5,-10.2,14.0,29.0,27.0,29.0,12.0,19.0,16.0,22.0,5.0,3.0,16.0,19.0,17.0,21.0,19.0,9.0,13.0,18.0,28.0,9.0,15.0,12.0,4.0,23.0,15.0,29.0,Regular Season,1610612760.0,15.0,3.0,12.0,0.2,725.0,109.0,110.6,118.9,120.4,-9.9,-9.8,0.607,1.58,17.8,0.25,0.718,0.485,0.153,0.544,0.577,102.5,101.06,84.22,1525.0,0.453,14.0,29.0,27.0,29.0,15.0,26.0,27.0,29.0,17.0,28.0,19.0,24.0,19.0,24.0,28.0,18.0,17.0,4.0,29.0,Regular Season
orlando magic,2021-22,12,1610612753.0,15.0,5.0,10.0,0.333,49.0,38.7,90.6,0.428,12.1,37.3,0.324,16.3,20.2,0.805,9.5,38.1,47.7,24.7,14.1,6.4,3.8,4.9,20.7,18.7,105.8,-7.4,14.0,22.0,21.0,24.0,1.0,28.0,5.0,30.0,20.0,9.0,30.0,26.0,30.0,8.0,22.0,2.0,4.0,16.0,21.0,28.0,22.0,23.0,21.0,26.0,30.0,27.0,Regular Season,1610612753.0,15.0,5.0,10.0,0.333,735.0,101.6,102.9,109.0,110.8,-7.4,-7.8,0.639,1.75,17.7,0.249,0.76,0.504,0.137,0.494,0.532,101.8,100.41,83.67,1542.0,0.464,14.0,22.0,21.0,24.0,14.0,30.0,7.0,28.0,4.0,25.0,21.0,25.0,2.0,12.0,19.0,30.0,30.0,8.0,26.0,Regular Season
philadelphia 76ers,2021-22,12,1610612755.0,16.0,9.0,7.0,0.563,48.3,37.6,83.0,0.453,12.4,34.1,0.363,22.9,27.5,0.834,8.5,33.8,42.3,23.1,11.9,7.0,4.9,4.8,19.6,20.3,110.6,0.9,4.0,11.0,11.0,11.0,18.0,30.0,29.0,26.0,18.0,18.0,14.0,1.0,2.0,3.0,27.0,14.0,18.0,26.0,6.0,21.0,10.0,21.0,13.0,12.0,21.0,16.0,Regular Season,1610612755.0,16.0,9.0,7.0,0.563,773.0,112.3,114.1,112.0,113.2,0.3,0.9,0.613,1.94,17.5,0.254,0.749,0.502,0.123,0.528,0.581,97.6,96.31,80.26,1551.0,0.502,4.0,11.0,11.0,11.0,8.0,17.0,11.0,16.0,15.0,13.0,24.0,23.0,4.0,15.0,7.0,23.0,14.0,24.0,15.0,Regular Season
phoenix suns,2021-22,12,1610612756.0,15.0,13.0,2.0,0.867,48.3,45.7,90.1,0.507,12.7,31.9,0.399,17.5,21.3,0.824,8.5,34.4,42.9,28.5,12.6,8.1,4.7,3.3,21.4,18.9,121.6,11.0,14.0,1.0,1.0,1.0,12.0,2.0,7.0,2.0,15.0,25.0,2.0,16.0,25.0,5.0,25.0,8.0,16.0,3.0,12.0,6.0,12.0,1.0,24.0,25.0,3.0,3.0,Regular Season,1610612756.0,15.0,13.0,2.0,0.867,725.0,117.5,120.0,107.5,109.1,10.0,10.9,0.623,2.26,20.1,0.257,0.728,0.502,0.124,0.578,0.612,102.5,100.67,83.89,1520.0,0.554,14.0,1.0,1.0,1.0,15.0,5.0,4.0,3.0,10.0,4.0,4.0,22.0,16.0,14.0,11.0,2.0,4.0,6.0,3.0,Regular Season
portland trail blazers,2021-22,12,1610612757.0,15.0,2.0,13.0,0.133,48.3,38.9,89.4,0.435,10.7,33.0,0.325,17.7,23.5,0.756,12.5,29.5,42.0,23.1,15.9,8.8,4.0,6.1,23.9,19.3,106.2,-18.2,14.0,30.0,30.0,30.0,12.0,27.0,10.0,29.0,27.0,22.0,29.0,13.0,13.0,25.0,4.0,30.0,19.0,25.0,29.0,4.0,19.0,30.0,30.0,20.0,29.0,30.0,Regular Season,1610612757.0,15.0,2.0,13.0,0.133,725.0,103.0,105.4,120.4,123.7,-17.5,-18.4,0.595,1.45,16.6,0.305,0.676,0.477,0.158,0.495,0.532,102.5,99.97,83.31,1512.0,0.392,14.0,30.0,30.0,30.0,15.0,29.0,30.0,30.0,21.0,30.0,28.0,7.0,29.0,27.0,30.0,29.0,29.0,10.0,30.0,Regular Season
sacramento kings,2021-22,12,1610612758.0,14.0,5.0,9.0,0.357,48.7,40.5,87.8,0.461,11.4,33.1,0.346,19.5,25.1,0.776,8.7,32.5,41.2,24.1,13.7,7.1,3.7,3.6,17.9,23.1,111.9,-7.6,23.0,22.0,17.0,22.0,2.0,20.0,15.0,23.0,24.0,21.0,22.0,7.0,5.0,18.0,24.0,20.0,29.0,22.0,20.0,16.0,26.0,4.0,3.0,1.0,18.0,28.0,Regular Season,1610612758.0,14.0,5.0,9.0,0.357,682.0,107.8,110.2,115.9,117.0,-8.2,-6.8,0.596,1.76,17.6,0.23,0.729,0.472,0.135,0.526,0.566,101.9,100.36,83.64,1422.0,0.468,23.0,22.0,17.0,22.0,23.0,28.0,23.0,26.0,20.0,23.0,22.0,30.0,13.0,29.0,17.0,24.0,24.0,9.0,25.0,Regular Season
san antonio spurs,2021-22,12,1610612759.0,14.0,7.0,7.0,0.5,48.0,42.1,92.6,0.455,11.6,34.6,0.337,18.2,23.5,0.775,12.1,33.8,45.9,26.6,13.1,7.0,5.2,4.9,17.7,20.1,114.1,-1.6,23.0,17.0,11.0,16.0,22.0,13.0,2.0,24.0,22.0,16.0,27.0,12.0,12.0,19.0,7.0,13.0,7.0,10.0,14.0,21.0,7.0,22.0,2.0,15.0,13.0,18.0,Regular Season,1610612759.0,14.0,7.0,7.0,0.5,672.0,109.8,112.9,113.4,114.6,-3.6,-1.7,0.631,2.02,18.6,0.306,0.709,0.501,0.13,0.518,0.554,103.0,101.0,84.17,1415.0,0.499,23.0,17.0,11.0,16.0,28.0,19.0,16.0,18.0,7.0,9.0,10.0,6.0,21.0,16.0,14.0,27.0,27.0,5.0,18.0,Regular Season
toronto raptors,2021-22,12,1610612761.0,16.0,11.0,5.0,0.688,48.6,41.9,92.3,0.454,10.9,31.9,0.341,17.3,22.6,0.765,14.7,33.6,48.3,21.9,11.3,7.7,4.6,5.3,20.0,19.6,111.9,6.0,4.0,3.0,7.0,7.0,4.0,14.0,3.0,25.0,26.0,24.0,26.0,17.0,16.0,23.0,1.0,15.0,3.0,30.0,2.0,10.0,14.0,27.0,16.0,19.0,17.0,5.0,Regular Season,1610612761.0,16.0,11.0,5.0,0.688,778.0,113.3,114.9,107.1,109.0,6.2,5.9,0.522,1.94,16.0,0.335,0.726,0.523,0.115,0.513,0.548,97.6,96.06,80.05,1559.0,0.516,4.0,3.0,7.0,7.0,4.0,15.0,3.0,5.0,30.0,12.0,30.0,2.0,18.0,4.0,2.0,28.0,28.0,26.0,8.0,Regular Season
utah jazz,2021-22,12,1610612762.0,17.0,8.0,9.0,0.471,48.3,40.2,86.5,0.465,14.9,41.2,0.362,16.7,22.6,0.738,11.6,34.0,45.6,22.5,13.2,6.9,4.5,4.4,19.6,19.8,112.1,1.5,1.0,13.0,17.0,17.0,20.0,22.0,20.0,21.0,2.0,1.0,15.0,24.0,15.0,27.0,8.0,11.0,8.0,27.0,15.0,23.0,17.0,14.0,14.0,17.0,16.0,13.0,Regular Season,1610612762.0,17.0,8.0,9.0,0.471,821.0,114.3,116.6,112.3,114.4,2.0,2.2,0.558,1.7,16.9,0.304,0.729,0.515,0.138,0.552,0.581,97.7,95.82,79.85,1634.0,0.501,1.0,13.0,17.0,17.0,2.0,11.0,14.0,12.0,28.0,27.0,27.0,8.0,15.0,8.0,20.0,9.0,13.0,28.0,16.0,Regular Season
washington wizards,2021-22,12,1610612764.0,16.0,6.0,10.0,0.375,48.0,40.9,84.8,0.483,11.2,30.4,0.368,18.6,23.3,0.801,8.4,32.9,41.4,27.5,12.2,6.3,5.6,4.1,18.3,20.6,111.7,-3.8,4.0,18.0,21.0,19.0,22.0,16.0,27.0,9.0,25.0,28.0,11.0,11.0,14.0,11.0,28.0,18.0,28.0,4.0,10.0,29.0,3.0,7.0,6.0,10.0,20.0,20.0,Regular Season,1610612764.0,16.0,6.0,10.0,0.375,768.0,113.1,113.5,114.9,117.7,-1.7,-4.2,0.672,2.26,20.1,0.239,0.736,0.492,0.124,0.549,0.588,99.6,98.22,81.85,1574.0,0.506,4.0,18.0,21.0,19.0,10.0,18.0,24.0,20.0,3.0,5.0,3.0,28.0,9.0,19.0,8.0,13.0,10.0,18.0,14.0,Regular Season
