TEAM_NAME,Season,Month,TEAM_ID_base,GP_base,W_base,L_base,W_PCT_base,MIN_base,FGM,FGA,FG_PCT,FG3M,FG3A,FG3_PCT,FTM,FTA,FT_PCT,OREB,DREB,REB,AST,TOV,STL,BLK,BLKA,PF,PFD,PTS,PLUS_MINUS,GP_RANK_base,W_RANK_base,L_RANK_base,W_PCT_RANK_base,MIN_RANK_base,FGM_RANK,FGA_RANK,FG_PCT_RANK,FG3M_RANK,FG3A_RANK,FG3_PCT_RANK,FTM_RANK,FTA_RANK,FT_PCT_RANK,OREB_RANK,DREB_RANK,REB_RANK,AST_RANK,TOV_RANK,STL_RANK,BLK_RANK,BLKA_RANK,PF_RANK,PFD_RANK,PTS_RANK,PLUS_MINUS_RANK,SeasonType_base,TEAM_ID_adv,GP_adv,W_adv,L_adv,W_PCT_adv,MIN_adv,E_OFF_RATING,OFF_RATING,E_DEF_RATING,DEF_RATING,E_NET_RATING,NET_RATING,AST_PCT,AST_TO,AST_RATIO,OREB_PCT,DREB_PCT,REB_PCT,TM_TOV_PCT,EFG_PCT,TS_PCT,E_PACE,PACE,PACE_PER40,POSS,PIE,GP_RANK_adv,W_RANK_adv,L_RANK_adv,W_PCT_RANK_adv,MIN_RANK_adv,OFF_RATING_RANK,DEF_RATING_RANK,NET_RATING_RANK,AST_PCT_RANK,AST_TO_RANK,AST_RATIO_RANK,OREB_PCT_RANK,DREB_PCT_RANK,REB_PCT_RANK,TM_TOV_PCT_RANK,EFG_PCT_RANK,TS_PCT_RANK,PACE_RANK,PIE_RANK,SeasonType_adv
atlanta hawks,2022-23,1,1610612737.0,4.0,2.0,2.0,0.5,48.0,40.8,87.3,0.467,11.8,29.8,0.395,19.5,24.8,0.788,8.8,35.8,44.5,23.0,12.8,5.3,3.8,4.3,20.3,24.5,112.8,1.0,14.0,14.0,13.0,15.0,3.0,14.0,20.0,7.0,16.0,29.0,4.0,16.0,18.0,10.0,27.0,14.0,22.0,23.0,1.0,30.0,29.0,7.0,2.0,8.0,17.0,17.0,Pre Season,1610612737.0,4.0,2.0,2.0,0.5,192.0,110.4,110.3,107.6,109.3,2.8,1.0,0.564,1.8,16.9,0.228,0.708,0.477,0.125,0.534,0.574,103.0,102.25,85.21,409.0,0.509,14.0,14.0,13.0,15.0,15.0,10.0,24.0,17.0,29.0,4.0,19.0,27.0,21.0,26.0,1.0,9.0,9.0,26.0,16.0,Pre Season
boston celtics,2022-23,1,1610612738.0,4.0,2.0,2.0,0.5,50.5,42.8,90.8,0.471,19.0,49.3,0.386,20.3,24.5,0.827,9.8,40.8,50.5,31.0,18.5,4.3,3.8,5.0,25.3,21.3,124.8,10.3,14.0,14.0,13.0,15.0,1.0,3.0,10.0,5.0,1.0,1.0,7.0,11.0,20.0,4.0,21.0,2.0,3.0,1.0,21.0,32.0,29.0,13.0,28.0,23.0,1.0,6.0,Pre Season,1610612738.0,4.0,2.0,2.0,0.5,202.0,113.1,115.5,103.1,105.0,10.0,10.5,0.725,1.68,20.3,0.265,0.67,0.492,0.171,0.576,0.614,105.2,103.13,85.94,432.0,0.557,14.0,14.0,13.0,15.0,14.0,3.0,16.0,6.0,1.0,8.0,1.0,24.0,28.0,18.0,19.0,3.0,3.0,21.0,6.0,Pre Season
brooklyn nets,2022-23,1,1610612751.0,4.0,2.0,2.0,0.5,48.0,36.3,81.0,0.448,9.8,31.5,0.31,19.5,26.5,0.736,8.3,36.0,44.3,23.8,21.0,9.8,5.8,4.0,23.3,22.5,101.8,-7.0,14.0,14.0,13.0,15.0,3.0,26.0,31.0,14.0,27.0,25.0,22.0,16.0,11.0,23.0,28.0,12.0,24.0,20.0,32.0,12.0,13.0,5.0,19.0,17.0,27.0,24.0,Pre Season,1610612751.0,4.0,2.0,2.0,0.5,192.0,96.5,97.6,101.6,104.1,-5.1,-6.5,0.655,1.13,17.1,0.222,0.696,0.477,0.201,0.508,0.549,106.2,104.38,86.98,417.0,0.468,14.0,14.0,13.0,15.0,15.0,27.0,14.0,22.0,11.0,30.0,16.0,28.0,24.0,24.0,32.0,19.0,19.0,15.0,24.0,Pre Season
charlotte hornets,2022-23,1,1610612766.0,5.0,0.0,5.0,0.0,48.0,36.8,92.4,0.398,7.2,31.4,0.229,18.0,26.0,0.692,14.2,33.2,47.4,18.4,16.6,8.6,6.2,5.2,21.0,23.2,98.8,-17.8,3.0,29.0,30.0,29.0,3.0,23.0,5.0,30.0,32.0,26.0,32.0,22.0,13.0,28.0,2.0,24.0,10.0,32.0,12.0,17.0,7.0,16.0,7.0,11.0,31.0,31.0,Pre Season,1610612766.0,5.0,0.0,5.0,0.0,240.0,93.0,94.6,108.5,111.5,-15.5,-16.8,0.5,1.11,13.1,0.292,0.731,0.489,0.159,0.437,0.476,106.8,104.5,87.08,522.0,0.386,3.0,29.0,30.0,29.0,4.0,30.0,27.0,31.0,31.0,31.0,31.0,15.0,12.0,20.0,13.0,32.0,32.0,14.0,31.0,Pre Season
chicago bulls,2022-23,1,1610612741.0,4.0,3.0,1.0,0.75,48.0,46.5,87.8,0.53,11.8,29.5,0.398,19.8,23.5,0.84,9.5,37.3,46.8,30.0,20.0,8.3,5.0,5.5,22.8,22.5,124.5,13.5,14.0,8.0,3.0,8.0,3.0,1.0,18.0,1.0,16.0,30.0,3.0,14.0,27.0,3.0,23.0,8.0,15.0,2.0,29.0,23.0,17.0,19.0,13.0,17.0,2.0,3.0,Pre Season,1610612741.0,4.0,3.0,1.0,0.75,192.0,114.7,116.4,101.6,103.7,13.0,12.6,0.645,1.5,20.0,0.299,0.719,0.534,0.187,0.597,0.635,108.9,107.0,89.17,428.0,0.585,14.0,8.0,3.0,8.0,15.0,2.0,13.0,3.0,14.0,13.0,2.0,12.0,17.0,4.0,25.0,1.0,1.0,4.0,3.0,Pre Season
cleveland cavaliers,2022-23,1,1610612739.0,4.0,1.0,3.0,0.25,48.0,37.8,85.5,0.442,12.0,30.8,0.39,18.0,24.3,0.742,9.3,34.8,44.0,22.5,15.5,7.5,6.3,7.0,22.0,20.5,105.5,-4.3,14.0,20.0,24.0,23.0,3.0,20.0,23.0,18.0,15.0,28.0,5.0,22.0,22.0,20.0,25.0,19.0,25.0,25.0,9.0,27.0,5.0,27.0,10.0,26.0,23.0,21.0,Pre Season,1610612739.0,4.0,1.0,3.0,0.25,192.0,103.0,104.2,107.9,108.7,-4.9,-4.5,0.596,1.45,16.5,0.248,0.682,0.47,0.153,0.512,0.549,102.0,101.13,84.27,405.0,0.476,14.0,20.0,24.0,23.0,15.0,21.0,22.0,21.0,27.0,15.0,22.0,26.0,26.0,27.0,9.0,17.0,20.0,28.0,22.0,Pre Season
dallas mavericks,2022-23,1,1610612742.0,3.0,2.0,1.0,0.667,48.0,36.0,82.7,0.435,15.7,45.0,0.348,18.3,23.7,0.775,6.0,32.3,38.3,24.3,17.0,12.0,5.0,3.7,23.0,22.3,106.0,3.7,28.0,14.0,3.0,11.0,3.0,27.0,30.0,21.0,4.0,2.0,13.0,20.0,26.0,14.0,32.0,28.0,31.0,16.0,16.0,3.0,17.0,3.0,16.0,19.0,21.0,12.0,Pre Season,1610612742.0,3.0,2.0,1.0,0.667,144.0,101.8,102.3,97.5,98.7,4.4,3.5,0.676,1.43,17.9,0.167,0.689,0.429,0.164,0.53,0.569,104.5,103.67,86.39,311.0,0.517,28.0,14.0,3.0,11.0,28.0,24.0,2.0,12.0,6.0,18.0,12.0,32.0,25.0,31.0,16.0,10.0,11.0,17.0,14.0,Pre Season
denver nuggets,2022-23,1,1610612743.0,5.0,3.0,2.0,0.6,48.0,40.0,84.4,0.474,10.8,30.8,0.351,22.4,29.8,0.752,9.4,32.8,42.2,25.2,17.6,8.2,3.8,5.6,20.8,25.8,113.2,-1.8,3.0,8.0,13.0,12.0,3.0,15.0,26.0,4.0,20.0,27.0,10.0,6.0,5.0,19.0,24.0,25.0,27.0,13.0,17.0,25.0,28.0,21.0,6.0,4.0,14.0,18.0,Pre Season,1610612743.0,5.0,3.0,2.0,0.6,240.0,107.1,109.7,109.8,111.0,-2.7,-1.3,0.63,1.43,17.7,0.285,0.76,0.516,0.171,0.538,0.58,105.2,103.4,86.17,516.0,0.484,3.0,8.0,13.0,12.0,4.0,11.0,26.0,18.0,17.0,17.0,13.0,16.0,6.0,10.0,18.0,7.0,8.0,19.0,20.0,Pre Season
detroit pistons,2022-23,1,1610612765.0,4.0,0.0,4.0,0.0,48.0,34.8,88.3,0.394,13.5,44.8,0.302,18.8,24.0,0.781,11.0,35.5,46.5,22.5,19.5,4.8,5.5,6.3,26.0,19.3,101.8,-14.5,14.0,29.0,27.0,29.0,3.0,30.0,17.0,32.0,11.0,3.0,23.0,19.0,23.0,12.0,17.0,16.0,17.0,25.0,27.0,31.0,14.0,26.0,29.0,30.0,27.0,29.0,Pre Season,1610612765.0,4.0,0.0,4.0,0.0,192.0,94.8,97.6,109.1,111.8,-14.3,-14.2,0.647,1.15,15.9,0.271,0.729,0.491,0.187,0.47,0.515,106.9,104.13,86.77,417.0,0.389,14.0,29.0,27.0,29.0,15.0,27.0,29.0,29.0,12.0,27.0,26.0,22.0,13.0,19.0,26.0,27.0,27.0,16.0,30.0,Pre Season
golden state warriors,2022-23,1,1610612744.0,4.0,2.0,2.0,0.5,48.0,41.5,88.8,0.468,14.0,40.5,0.346,20.0,26.0,0.769,11.5,34.0,45.5,29.0,17.8,9.5,4.0,3.3,26.8,23.0,117.0,8.0,14.0,14.0,13.0,15.0,3.0,9.0,15.0,6.0,8.0,7.0,15.0,13.0,13.0,15.0,15.0,22.0,19.0,3.0,18.0,14.0,27.0,2.0,30.0,12.0,6.0,9.0,Pre Season,1610612744.0,4.0,2.0,2.0,0.5,192.0,109.9,113.0,104.2,106.3,5.7,6.7,0.699,1.63,19.5,0.319,0.717,0.515,0.171,0.546,0.584,105.5,103.0,85.83,414.0,0.539,14.0,14.0,13.0,15.0,15.0,5.0,17.0,9.0,3.0,10.0,3.0,5.0,19.0,11.0,20.0,6.0,5.0,22.0,11.0,Pre Season
houston rockets,2022-23,1,1610612745.0,4.0,3.0,1.0,0.75,48.0,43.5,90.5,0.481,15.5,37.0,0.419,18.0,24.5,0.735,14.0,39.0,53.0,25.3,20.3,8.5,4.3,7.0,24.0,21.3,120.5,13.5,14.0,8.0,3.0,8.0,3.0,2.0,12.0,3.0,5.0,13.0,2.0,22.0,20.0,24.0,3.0,3.0,1.0,11.0,31.0,18.0,26.0,27.0,24.0,23.0,3.0,3.0,Pre Season,1610612745.0,4.0,3.0,1.0,0.75,192.0,112.1,114.5,101.3,102.9,10.8,11.6,0.58,1.25,17.0,0.371,0.705,0.552,0.192,0.566,0.595,106.6,104.63,87.19,421.0,0.57,14.0,8.0,3.0,8.0,15.0,4.0,10.0,4.0,28.0,24.0,18.0,1.0,23.0,1.0,31.0,4.0,4.0,11.0,4.0,Pre Season
indiana pacers,2022-23,1,1610612754.0,4.0,2.0,2.0,0.5,48.0,42.3,91.5,0.462,10.0,33.5,0.299,20.3,25.3,0.802,10.8,36.0,46.8,27.0,16.0,6.8,8.0,4.8,24.5,23.0,114.8,2.3,14.0,14.0,13.0,15.0,3.0,4.0,7.0,8.0,25.0,21.0,24.0,11.0,16.0,8.0,19.0,12.0,15.0,7.0,10.0,28.0,1.0,12.0,25.0,12.0,10.0,14.0,Pre Season,1610612754.0,4.0,2.0,2.0,0.5,192.0,106.4,109.5,103.2,107.1,3.2,2.4,0.639,1.69,18.4,0.295,0.676,0.499,0.153,0.516,0.559,108.4,104.88,87.4,419.0,0.541,14.0,14.0,13.0,15.0,15.0,12.0,19.0,14.0,15.0,6.0,8.0,13.0,27.0,17.0,8.0,13.0,14.0,10.0,10.0,Pre Season
la clippers,2022-23,1,1610612746.0,3.0,1.0,2.0,0.333,48.0,37.0,83.3,0.444,14.0,36.3,0.385,23.3,28.3,0.824,6.7,35.7,42.3,25.3,18.0,10.3,7.3,6.0,21.7,20.7,111.3,-2.7,28.0,20.0,13.0,21.0,3.0,22.0,29.0,16.0,8.0,14.0,8.0,4.0,8.0,5.0,30.0,15.0,26.0,10.0,19.0,10.0,2.0,22.0,9.0,25.0,18.0,20.0,Pre Season,1610612746.0,3.0,1.0,2.0,0.333,144.0,103.9,104.4,105.3,106.9,-1.3,-2.5,0.685,1.41,18.0,0.186,0.775,0.477,0.169,0.528,0.581,107.7,106.67,88.89,320.0,0.483,28.0,20.0,13.0,21.0,28.0,20.0,18.0,20.0,5.0,19.0,11.0,31.0,2.0,25.0,17.0,11.0,7.0,5.0,21.0,Pre Season
los angeles lakers,2022-23,1,1610612747.0,6.0,1.0,5.0,0.167,48.0,33.8,85.0,0.398,11.0,38.5,0.286,23.3,32.0,0.729,7.8,38.3,46.2,22.3,19.7,6.7,6.2,4.5,23.7,26.5,102.0,-16.3,1.0,20.0,30.0,28.0,3.0,31.0,25.0,31.0,19.0,10.0,28.0,4.0,4.0,26.0,29.0,4.0,18.0,27.0,28.0,29.0,8.0,9.0,22.0,3.0,26.0,30.0,Pre Season,1610612747.0,6.0,1.0,5.0,0.167,288.0,92.0,93.9,106.7,109.1,-14.8,-15.2,0.66,1.14,15.7,0.21,0.714,0.468,0.181,0.463,0.515,110.9,108.58,90.49,652.0,0.417,1.0,20.0,30.0,28.0,1.0,31.0,23.0,30.0,8.0,28.0,29.0,29.0,20.0,28.0,24.0,30.0,28.0,1.0,28.0,Pre Season
memphis grizzlies,2022-23,1,1610612763.0,5.0,3.0,2.0,0.6,48.0,38.2,85.4,0.447,9.2,33.0,0.279,25.4,34.6,0.734,12.2,34.6,46.8,23.6,18.8,12.0,4.8,4.6,19.0,27.0,111.0,5.0,3.0,8.0,13.0,12.0,3.0,18.0,24.0,15.0,28.0,22.0,29.0,2.0,2.0,25.0,9.0,20.0,14.0,21.0,23.0,3.0,20.0,10.0,1.0,2.0,19.0,10.0,Pre Season,1610612763.0,5.0,3.0,2.0,0.6,240.0,103.5,105.5,98.7,100.8,4.8,4.8,0.618,1.26,16.4,0.294,0.706,0.503,0.179,0.501,0.552,107.3,105.2,87.67,526.0,0.545,3.0,8.0,13.0,12.0,4.0,17.0,6.0,10.0,22.0,23.0,23.0,14.0,22.0,15.0,23.0,22.0,18.0,8.0,8.0,Pre Season
miami heat,2022-23,1,1610612748.0,5.0,4.0,1.0,0.8,48.0,39.6,91.8,0.431,15.0,43.0,0.349,19.6,24.6,0.797,12.2,32.6,44.8,28.0,15.4,10.8,4.8,4.2,23.8,22.8,113.8,9.4,3.0,2.0,3.0,4.0,3.0,16.0,6.0,22.0,6.0,4.0,12.0,15.0,19.0,9.0,9.0,26.0,21.0,5.0,8.0,5.0,20.0,6.0,23.0,14.0,12.0,8.0,Pre Season,1610612748.0,5.0,4.0,1.0,0.8,240.0,107.5,110.3,99.5,101.0,8.0,9.3,0.707,1.82,19.0,0.304,0.72,0.501,0.149,0.513,0.554,105.4,103.3,86.08,516.0,0.548,3.0,2.0,3.0,4.0,4.0,9.0,7.0,8.0,2.0,2.0,4.0,10.0,16.0,16.0,7.0,16.0,16.0,20.0,7.0,Pre Season
milwaukee bucks,2022-23,1,1610612749.0,5.0,0.0,5.0,0.0,48.0,36.4,86.2,0.422,14.2,40.6,0.35,18.0,23.8,0.756,12.0,32.4,44.4,22.0,19.4,8.4,3.0,3.8,23.4,18.8,105.0,-11.4,3.0,29.0,30.0,29.0,3.0,25.0,21.0,25.0,7.0,6.0,11.0,22.0,24.0,17.0,11.0,27.0,23.0,28.0,26.0,21.0,31.0,4.0,20.0,31.0,24.0,27.0,Pre Season,1610612749.0,5.0,0.0,5.0,0.0,240.0,100.9,103.1,114.2,114.3,-13.3,-11.2,0.604,1.13,15.7,0.316,0.764,0.523,0.191,0.505,0.543,103.0,101.8,84.83,509.0,0.408,3.0,29.0,30.0,29.0,4.0,23.0,30.0,28.0,24.0,29.0,28.0,8.0,5.0,5.0,28.0,20.0,21.0,27.0,29.0,Pre Season
minnesota timberwolves,2022-23,1,1610612750.0,5.0,4.0,1.0,0.8,48.0,41.4,89.8,0.461,11.4,34.8,0.328,20.6,27.8,0.741,6.6,41.0,47.6,27.2,15.0,10.6,4.4,5.2,22.6,22.8,114.8,4.4,3.0,2.0,3.0,4.0,3.0,11.0,14.0,9.0,18.0,20.0,17.0,10.0,10.0,21.0,31.0,1.0,9.0,6.0,5.0,6.0,25.0,16.0,12.0,14.0,8.0,11.0,Pre Season,1610612750.0,5.0,4.0,1.0,0.8,240.0,104.0,105.9,99.7,101.7,4.2,4.2,0.657,1.81,18.7,0.19,0.768,0.489,0.138,0.524,0.563,110.6,108.5,90.42,542.0,0.534,3.0,2.0,3.0,4.0,4.0,16.0,8.0,11.0,10.0,3.0,7.0,30.0,3.0,21.0,5.0,12.0,12.0,2.0,12.0,Pre Season
new orleans pelicans,2022-23,1,1610612740.0,5.0,4.0,1.0,0.8,48.0,41.0,90.6,0.453,10.2,32.2,0.317,21.8,28.8,0.757,11.4,37.4,48.8,27.0,16.8,9.6,5.8,6.0,24.8,25.0,114.0,3.2,3.0,2.0,3.0,4.0,3.0,13.0,11.0,12.0,24.0,24.0,20.0,9.0,7.0,16.0,16.0,6.0,7.0,7.0,15.0,13.0,11.0,22.0,27.0,6.0,11.0,13.0,Pre Season,1610612740.0,5.0,4.0,1.0,0.8,240.0,104.9,106.1,100.5,103.4,4.4,2.8,0.659,1.61,18.2,0.274,0.741,0.508,0.156,0.509,0.552,109.5,107.3,89.42,537.0,0.528,3.0,2.0,3.0,4.0,4.0,15.0,12.0,13.0,9.0,11.0,9.0,20.0,9.0,13.0,12.0,18.0,17.0,3.0,13.0,Pre Season
new york knicks,2022-23,1,1610612752.0,4.0,3.0,1.0,0.75,48.0,41.8,95.8,0.436,12.5,38.3,0.327,17.3,21.0,0.821,12.8,37.3,50.0,25.3,13.5,8.5,6.3,8.3,20.3,22.0,113.3,11.3,14.0,8.0,3.0,8.0,3.0,8.0,3.0,20.0,14.0,11.0,18.0,28.0,30.0,6.0,6.0,8.0,4.0,11.0,2.0,18.0,5.0,32.0,2.0,20.0,13.0,5.0,Pre Season,1610612752.0,4.0,3.0,1.0,0.75,192.0,107.1,110.8,96.5,99.5,10.6,11.2,0.605,1.87,17.4,0.314,0.741,0.522,0.132,0.501,0.539,105.7,102.38,85.31,409.0,0.558,14.0,8.0,3.0,8.0,15.0,8.0,4.0,5.0,23.0,1.0,15.0,9.0,10.0,7.0,2.0,21.0,23.0,25.0,5.0,Pre Season
oklahoma city thunder,2022-23,1,1610612760.0,6.0,5.0,1.0,0.833,48.0,41.8,83.8,0.499,13.8,36.2,0.382,21.8,28.0,0.78,11.8,37.3,49.2,26.7,18.0,8.8,5.3,5.0,20.7,21.8,119.3,18.5,1.0,1.0,3.0,3.0,3.0,7.0,28.0,2.0,10.0,16.0,9.0,8.0,9.0,13.0,13.0,7.0,6.0,9.0,19.0,16.0,15.0,13.0,5.0,22.0,4.0,2.0,Pre Season,1610612760.0,6.0,5.0,1.0,0.833,288.0,116.6,118.0,99.0,99.8,17.6,18.1,0.637,1.48,18.8,0.316,0.747,0.552,0.178,0.582,0.621,102.1,101.08,84.24,607.0,0.602,1.0,1.0,3.0,3.0,1.0,1.0,5.0,2.0,16.0,14.0,5.0,7.0,8.0,2.0,22.0,2.0,2.0,29.0,2.0,Pre Season
orlando magic,2022-23,1,1610612753.0,5.0,4.0,1.0,0.8,48.0,37.8,85.6,0.442,12.6,40.0,0.315,18.2,22.6,0.805,10.8,36.2,47.0,23.8,19.2,10.4,6.0,4.6,23.2,22.0,106.4,1.2,3.0,2.0,3.0,4.0,3.0,19.0,22.0,17.0,13.0,8.0,21.0,21.0,29.0,7.0,18.0,11.0,12.0,18.0,24.0,9.0,9.0,10.0,18.0,20.0,20.0,16.0,Pre Season,1610612753.0,5.0,4.0,1.0,0.8,240.0,102.4,103.7,100.7,102.5,1.6,1.2,0.63,1.24,17.1,0.266,0.785,0.522,0.187,0.515,0.557,104.2,102.6,85.5,513.0,0.512,3.0,2.0,3.0,4.0,4.0,22.0,9.0,16.0,18.0,25.0,17.0,23.0,1.0,6.0,27.0,15.0,15.0,24.0,15.0,Pre Season
philadelphia 76ers,2022-23,1,1610612755.0,4.0,4.0,0.0,1.0,48.0,41.3,96.0,0.43,13.0,37.5,0.347,17.5,20.3,0.864,13.0,34.3,47.3,23.0,13.8,13.0,5.0,7.5,22.3,19.8,113.0,10.3,14.0,2.0,1.0,1.0,3.0,12.0,2.0,23.0,12.0,12.0,14.0,27.0,32.0,1.0,5.0,21.0,11.0,23.0,3.0,1.0,17.0,30.0,11.0,28.0,15.0,6.0,Pre Season,1610612755.0,4.0,4.0,0.0,1.0,192.0,106.9,108.9,97.3,99.3,9.7,9.6,0.558,1.67,16.1,0.3,0.735,0.504,0.133,0.497,0.539,105.6,103.63,86.35,415.0,0.544,14.0,2.0,1.0,1.0,15.0,13.0,3.0,7.0,30.0,9.0,25.0,11.0,11.0,14.0,3.0,23.0,24.0,18.0,9.0,Pre Season
phoenix suns,2022-23,1,1610612756.0,4.0,1.0,3.0,0.25,48.0,38.8,91.0,0.426,10.3,35.3,0.291,25.3,29.8,0.849,12.3,33.3,45.5,24.3,16.8,10.5,5.3,4.3,24.8,24.8,113.0,-2.3,14.0,20.0,24.0,23.0,3.0,17.0,9.0,24.0,23.0,18.0,27.0,3.0,6.0,2.0,8.0,23.0,19.0,17.0,13.0,7.0,16.0,7.0,26.0,7.0,15.0,19.0,Pre Season,1610612756.0,4.0,1.0,3.0,0.25,192.0,104.1,108.1,106.0,110.0,-2.0,-1.9,0.626,1.45,16.7,0.33,0.721,0.519,0.16,0.482,0.543,108.6,104.63,87.19,418.0,0.5,14.0,20.0,24.0,23.0,15.0,14.0,25.0,19.0,20.0,16.0,21.0,3.0,14.0,9.0,15.0,24.0,22.0,11.0,18.0,Pre Season
portland trail blazers,2022-23,1,1610612757.0,5.0,1.0,4.0,0.2,48.0,34.8,76.2,0.457,9.0,26.2,0.344,27.0,35.8,0.754,9.0,30.2,39.2,20.8,19.2,8.4,7.0,5.0,23.0,29.6,105.6,-6.8,3.0,20.0,27.0,26.0,3.0,29.0,32.0,11.0,29.0,31.0,16.0,1.0,1.0,18.0,26.0,30.0,30.0,30.0,24.0,21.0,3.0,13.0,16.0,1.0,22.0,23.0,Pre Season,1610612757.0,5.0,1.0,4.0,0.2,240.0,103.4,105.0,108.9,111.7,-5.6,-6.8,0.598,1.08,15.5,0.277,0.656,0.478,0.191,0.516,0.574,102.7,100.6,83.83,503.0,0.488,3.0,20.0,27.0,26.0,4.0,18.0,28.0,24.0,26.0,32.0,30.0,19.0,30.0,23.0,29.0,14.0,10.0,30.0,19.0,Pre Season
sacramento kings,2022-23,1,1610612758.0,4.0,4.0,0.0,1.0,48.0,42.3,93.5,0.452,16.0,41.0,0.39,16.8,25.0,0.67,12.5,36.3,48.8,28.3,16.8,12.8,4.5,6.0,28.3,22.8,117.3,27.5,14.0,2.0,1.0,1.0,3.0,4.0,4.0,13.0,3.0,5.0,5.0,29.0,17.0,30.0,7.0,10.0,8.0,4.0,13.0,2.0,23.0,22.0,32.0,16.0,5.0,1.0,Pre Season,1610612758.0,4.0,4.0,0.0,1.0,192.0,107.8,111.9,83.7,85.9,24.1,26.0,0.669,1.69,18.7,0.338,0.766,0.547,0.16,0.537,0.561,108.0,104.63,87.19,419.0,0.646,14.0,2.0,1.0,1.0,15.0,7.0,1.0,1.0,7.0,7.0,6.0,2.0,4.0,3.0,14.0,8.0,13.0,11.0,1.0,Pre Season
san antonio spurs,2022-23,1,1610612759.0,5.0,1.0,4.0,0.2,48.0,36.8,87.6,0.42,10.6,35.8,0.296,18.8,26.4,0.712,11.6,35.4,47.0,23.8,18.6,7.8,5.8,6.2,22.8,25.4,103.0,-10.8,3.0,20.0,27.0,26.0,3.0,23.0,19.0,26.0,21.0,17.0,26.0,18.0,12.0,27.0,14.0,17.0,12.0,18.0,22.0,26.0,11.0,25.0,15.0,5.0,25.0,26.0,Pre Season,1610612759.0,5.0,1.0,4.0,0.2,240.0,97.0,97.7,106.2,108.0,-9.2,-10.2,0.647,1.28,16.7,0.253,0.721,0.483,0.176,0.481,0.519,106.7,105.4,87.83,527.0,0.444,3.0,20.0,27.0,26.0,4.0,26.0,21.0,26.0,13.0,22.0,20.0,25.0,15.0,22.0,21.0,25.0,25.0,6.0,26.0,Pre Season
toronto raptors,2022-23,1,1610612761.0,5.0,3.0,2.0,0.6,50.0,42.2,96.6,0.437,8.0,32.8,0.244,22.4,32.4,0.691,15.2,37.6,52.8,19.2,15.0,10.0,6.0,3.2,23.6,23.8,114.8,1.6,3.0,8.0,13.0,12.0,2.0,6.0,1.0,19.0,30.0,23.0,31.0,6.0,3.0,29.0,1.0,5.0,2.0,31.0,5.0,11.0,9.0,1.0,21.0,10.0,8.0,15.0,Pre Season,1610612761.0,5.0,3.0,2.0,0.6,250.0,103.7,104.9,101.6,103.1,2.1,1.8,0.455,1.28,13.0,0.316,0.718,0.511,0.137,0.478,0.518,106.6,105.22,87.68,547.0,0.501,3.0,8.0,13.0,12.0,3.0,19.0,11.0,15.0,32.0,21.0,32.0,6.0,18.0,12.0,4.0,26.0,26.0,7.0,17.0,Pre Season
utah jazz,2022-23,1,1610612762.0,4.0,1.0,3.0,0.25,48.0,37.8,91.5,0.413,10.5,35.3,0.298,15.3,23.8,0.642,14.0,35.3,49.3,23.5,20.0,8.3,4.8,7.5,22.8,24.3,101.3,-9.0,14.0,20.0,24.0,23.0,3.0,20.0,7.0,27.0,22.0,18.0,25.0,32.0,25.0,31.0,3.0,18.0,5.0,22.0,29.0,23.0,22.0,30.0,13.0,9.0,29.0,25.0,Pre Season,1610612762.0,4.0,1.0,3.0,0.25,192.0,93.8,96.7,104.0,104.8,-10.3,-8.1,0.623,1.18,16.1,0.32,0.753,0.52,0.191,0.47,0.497,107.0,105.0,87.5,419.0,0.445,14.0,20.0,24.0,23.0,15.0,29.0,15.0,25.0,21.0,26.0,24.0,4.0,7.0,8.0,30.0,28.0,30.0,9.0,25.0,Pre Season
washington wizards,2022-23,1,1610612764.0,3.0,1.0,2.0,0.333,48.0,36.0,88.3,0.408,10.0,36.3,0.275,18.0,23.0,0.783,9.7,31.0,40.7,25.0,14.0,9.0,7.0,5.3,21.3,20.3,100.0,-5.3,28.0,20.0,13.0,21.0,3.0,27.0,16.0,28.0,25.0,14.0,30.0,22.0,28.0,11.0,22.0,29.0,28.0,14.0,4.0,15.0,3.0,18.0,8.0,27.0,30.0,22.0,Pre Season,1610612764.0,3.0,1.0,2.0,0.333,144.0,97.3,101.0,104.6,107.5,-7.3,-6.5,0.694,1.79,18.1,0.285,0.651,0.461,0.141,0.464,0.508,101.8,98.5,82.08,297.0,0.472,28.0,20.0,13.0,21.0,28.0,25.0,20.0,23.0,4.0,5.0,10.0,17.0,31.0,30.0,6.0,29.0,29.0,31.0,23.0,Pre Season
atlanta hawks,2022-23,2,1610612737.0,15.0,8.0,7.0,0.533,48.7,42.7,93.1,0.458,9.3,30.1,0.31,18.3,22.0,0.83,11.7,33.9,45.5,23.0,13.5,7.7,4.3,5.1,19.1,21.7,112.9,1.0,9.0,11.0,12.0,13.0,5.0,9.0,2.0,20.0,30.0,27.0,28.0,17.0,20.0,3.0,10.0,9.0,4.0,25.0,6.0,10.0,22.0,17.0,5.0,5.0,14.0,14.0,Regular Season,1610612737.0,15.0,8.0,7.0,0.533,730.0,107.9,109.1,107.1,108.7,0.8,0.4,0.539,1.7,16.3,0.287,0.733,0.502,0.131,0.508,0.549,103.2,101.79,84.82,1552.0,0.505,9.0,11.0,12.0,13.0,9.0,27.0,5.0,17.0,30.0,13.0,27.0,12.0,9.0,13.0,2.0,27.0,27.0,7.0,16.0,Regular Season
boston celtics,2022-23,2,1610612738.0,16.0,14.0,2.0,0.875,48.3,44.0,87.1,0.505,17.3,42.0,0.411,18.6,21.8,0.853,8.1,34.1,42.1,28.6,13.4,5.9,4.9,3.3,20.0,19.8,123.8,11.0,1.0,1.0,1.0,1.0,17.0,3.0,17.0,2.0,1.0,2.0,1.0,16.0,21.0,2.0,27.0,6.0,19.0,2.0,3.0,30.0,12.0,1.0,16.0,21.0,1.0,1.0,Regular Season,1610612738.0,16.0,14.0,2.0,0.875,773.0,121.4,123.3,110.1,111.6,11.3,11.6,0.649,2.14,20.5,0.232,0.736,0.498,0.133,0.604,0.64,101.6,100.1,83.42,1607.0,0.553,1.0,1.0,1.0,1.0,3.0,1.0,15.0,1.0,6.0,1.0,2.0,28.0,8.0,19.0,4.0,1.0,1.0,13.0,1.0,Regular Season
brooklyn nets,2022-23,2,1610612751.0,16.0,10.0,6.0,0.625,48.0,41.4,82.1,0.504,12.4,31.8,0.392,15.4,19.1,0.807,6.5,33.9,40.4,27.0,14.8,6.9,6.7,3.7,21.6,17.2,110.6,4.2,1.0,2.0,7.0,7.0,20.0,15.0,29.0,3.0,10.0,19.0,3.0,28.0,28.0,12.0,30.0,8.0,28.0,7.0,11.0,20.0,1.0,4.0,25.0,30.0,21.0,7.0,Regular Season,1610612751.0,16.0,10.0,6.0,0.625,768.0,111.9,113.1,105.2,108.8,6.7,4.4,0.653,1.83,20.3,0.202,0.689,0.474,0.151,0.58,0.611,99.9,97.78,81.48,1564.0,0.539,1.0,2.0,7.0,7.0,6.0,9.0,6.0,6.0,4.0,6.0,4.0,30.0,29.0,29.0,18.0,3.0,4.0,25.0,2.0,Regular Season
charlotte hornets,2022-23,2,1610612766.0,14.0,3.0,11.0,0.214,49.1,40.0,92.4,0.433,9.5,33.1,0.287,15.8,21.6,0.729,13.3,31.9,45.2,23.8,15.6,8.0,4.9,7.1,20.9,20.6,105.3,-9.9,19.0,28.0,27.0,28.0,2.0,22.0,4.0,30.0,29.0,16.0,30.0,27.0,22.0,26.0,3.0,19.0,8.0,20.0,25.0,6.0,13.0,30.0,22.0,16.0,30.0,29.0,Regular Season,1610612766.0,14.0,3.0,11.0,0.214,687.0,101.0,102.8,110.7,113.3,-9.7,-10.5,0.595,1.52,16.6,0.318,0.71,0.5,0.153,0.485,0.517,101.9,99.84,83.2,1434.0,0.444,19.0,28.0,27.0,28.0,19.0,30.0,21.0,29.0,18.0,27.0,25.0,4.0,19.0,16.0,21.0,30.0,30.0,15.0,28.0,Regular Season
chicago bulls,2022-23,2,1610612741.0,14.0,6.0,8.0,0.429,48.4,42.0,87.6,0.48,10.1,29.0,0.35,17.6,21.4,0.823,9.2,33.6,42.8,24.9,14.7,6.5,5.7,6.1,19.9,19.4,111.7,-0.8,19.0,23.0,20.0,23.0,8.0,12.0,16.0,12.0,26.0,29.0,19.0,18.0,25.0,5.0,22.0,11.0,16.0,14.0,10.0,23.0,8.0,29.0,13.0,24.0,16.0,21.0,Regular Season,1610612741.0,14.0,6.0,8.0,0.429,677.0,109.0,110.2,109.6,111.5,-0.6,-1.2,0.592,1.69,18.1,0.252,0.745,0.5,0.145,0.538,0.576,101.8,100.4,83.66,1419.0,0.497,19.0,23.0,20.0,23.0,21.0,24.0,14.0,21.0,20.0,15.0,14.0,24.0,6.0,17.0,11.0,15.0,13.0,12.0,19.0,Regular Season
cleveland cavaliers,2022-23,2,1610612739.0,16.0,9.0,7.0,0.563,48.9,40.4,84.1,0.481,11.2,30.4,0.368,19.1,23.6,0.807,9.9,33.8,43.8,23.3,14.9,6.4,4.1,4.7,19.1,22.1,111.1,5.0,1.0,6.0,12.0,12.0,3.0,21.0,24.0,10.0,19.0,26.0,11.0,11.0,15.0,11.0,17.0,10.0,11.0,23.0,16.0,24.0,24.0,11.0,4.0,3.0,18.0,4.0,Regular Season,1610612739.0,16.0,9.0,7.0,0.563,783.0,111.7,113.3,106.4,108.4,5.3,5.0,0.575,1.56,17.4,0.282,0.747,0.521,0.152,0.547,0.588,97.7,96.12,80.1,1569.0,0.535,1.0,6.0,12.0,12.0,2.0,8.0,4.0,5.0,24.0,24.0,19.0,16.0,4.0,5.0,20.0,10.0,9.0,29.0,3.0,Regular Season
dallas mavericks,2022-23,2,1610612742.0,14.0,7.0,7.0,0.5,48.0,38.0,82.0,0.463,13.5,39.9,0.338,16.3,22.8,0.715,7.1,29.4,36.5,22.1,12.9,8.1,2.9,4.6,19.8,21.6,105.8,-0.6,19.0,17.0,12.0,17.0,20.0,30.0,30.0,17.0,5.0,4.0,21.0,25.0,17.0,28.0,29.0,29.0,30.0,28.0,2.0,5.0,30.0,10.0,11.0,6.0,29.0,19.0,Regular Season,1610612742.0,14.0,7.0,7.0,0.5,672.0,108.1,109.9,109.0,110.8,-0.9,-0.8,0.581,1.71,17.1,0.226,0.717,0.464,0.134,0.546,0.575,97.8,96.11,80.09,1347.0,0.485,19.0,17.0,12.0,17.0,27.0,25.0,12.0,20.0,23.0,12.0,22.0,29.0,18.0,30.0,5.0,11.0,15.0,30.0,22.0,Regular Season
denver nuggets,2022-23,2,1610612743.0,14.0,10.0,4.0,0.714,48.4,43.7,85.9,0.509,12.1,29.4,0.41,16.6,21.4,0.773,10.1,32.5,42.6,28.5,15.5,7.4,4.6,4.5,19.2,19.7,116.1,4.9,19.0,2.0,2.0,2.0,8.0,4.0,21.0,1.0,12.0,28.0,2.0,24.0,24.0,22.0,16.0,17.0,17.0,3.0,24.0,12.0,18.0,8.0,6.0,22.0,8.0,6.0,Regular Season,1610612743.0,14.0,10.0,4.0,0.714,677.0,115.2,118.1,111.3,112.8,3.8,5.3,0.652,1.84,20.4,0.295,0.745,0.523,0.158,0.579,0.609,99.6,97.7,81.42,1376.0,0.532,19.0,2.0,2.0,2.0,21.0,2.0,19.0,4.0,5.0,5.0,3.0,9.0,5.0,4.0,25.0,4.0,5.0,27.0,5.0,Regular Season
detroit pistons,2022-23,2,1610612765.0,15.0,3.0,12.0,0.2,48.0,38.5,86.0,0.448,10.3,31.5,0.328,20.3,26.0,0.782,10.6,30.4,41.0,20.9,14.9,7.2,4.4,5.5,22.7,21.3,107.7,-8.7,9.0,28.0,29.0,29.0,20.0,27.0,20.0,28.0,25.0,20.0,25.0,4.0,2.0,20.0,13.0,27.0,25.0,30.0,15.0,16.0,21.0,26.0,28.0,11.0,25.0,28.0,Regular Season,1610612765.0,15.0,3.0,12.0,0.2,720.0,105.9,108.2,115.4,117.2,-9.6,-8.9,0.542,1.4,15.5,0.291,0.693,0.486,0.15,0.508,0.553,101.3,99.47,82.89,1493.0,0.44,9.0,28.0,29.0,29.0,15.0,28.0,29.0,28.0,29.0,28.0,30.0,10.0,27.0,23.0,17.0,28.0,25.0,17.0,29.0,Regular Season
golden state warriors,2022-23,2,1610612744.0,15.0,8.0,7.0,0.533,48.0,43.1,87.7,0.491,17.1,43.9,0.391,13.7,17.1,0.802,8.5,33.9,42.4,30.2,17.7,7.1,3.9,3.8,22.9,17.6,117.0,2.0,9.0,11.0,12.0,13.0,20.0,5.0,14.0,5.0,2.0,1.0,4.0,29.0,30.0,13.0,25.0,7.0,18.0,1.0,29.0,19.0,27.0,6.0,29.0,28.0,4.0,12.0,Regular Season,1610612744.0,15.0,8.0,7.0,0.533,720.0,112.0,114.3,109.7,112.4,2.3,2.0,0.701,1.71,21.0,0.248,0.707,0.49,0.173,0.589,0.614,104.7,102.33,85.28,1535.0,0.512,9.0,11.0,12.0,13.0,15.0,6.0,17.0,12.0,1.0,11.0,1.0,26.0,22.0,22.0,28.0,2.0,3.0,6.0,10.0,Regular Season
houston rockets,2022-23,2,1610612745.0,13.0,4.0,9.0,0.308,48.0,38.9,85.0,0.458,13.1,36.6,0.357,20.2,26.0,0.775,12.9,32.7,45.6,23.2,19.4,8.0,4.9,5.2,20.7,22.7,111.1,-5.5,29.0,26.0,22.0,26.0,20.0,26.0,22.0,22.0,7.0,9.0,12.0,5.0,2.0,21.0,4.0,16.0,3.0,24.0,30.0,6.0,14.0,19.0,20.0,1.0,19.0,26.0,Regular Season,1610612745.0,13.0,4.0,9.0,0.308,624.0,107.9,111.2,114.9,116.3,-7.0,-5.2,0.595,1.19,16.6,0.349,0.709,0.528,0.194,0.535,0.576,102.2,100.08,83.4,1299.0,0.477,29.0,26.0,22.0,26.0,29.0,17.0,26.0,26.0,17.0,30.0,26.0,1.0,21.0,2.0,30.0,17.0,14.0,14.0,26.0,Regular Season
indiana pacers,2022-23,2,1610612754.0,13.0,9.0,4.0,0.692,48.0,40.5,89.6,0.452,14.4,41.5,0.347,19.1,24.2,0.787,10.1,32.8,42.8,28.2,15.5,8.9,6.3,5.5,20.7,20.7,114.4,1.8,29.0,6.0,2.0,3.0,20.0,20.0,9.0,26.0,4.0,3.0,20.0,9.0,11.0,17.0,15.0,15.0,15.0,5.0,23.0,2.0,3.0,25.0,20.0,15.0,10.0,13.0,Regular Season,1610612754.0,13.0,9.0,4.0,0.692,624.0,108.3,110.7,107.5,108.9,0.8,1.8,0.696,1.82,19.4,0.27,0.697,0.481,0.15,0.532,0.57,105.2,103.35,86.12,1343.0,0.511,29.0,6.0,2.0,3.0,29.0,21.0,8.0,13.0,2.0,7.0,6.0,19.0,26.0,26.0,16.0,20.0,19.0,1.0,12.0,Regular Season
la clippers,2022-23,2,1610612746.0,16.0,10.0,6.0,0.625,48.0,39.8,82.8,0.48,12.1,31.5,0.383,18.8,25.2,0.747,8.8,33.3,42.1,23.4,15.3,6.7,4.1,4.3,20.9,21.0,110.4,2.2,1.0,2.0,7.0,7.0,20.0,23.0,28.0,11.0,13.0,21.0,6.0,13.0,5.0,25.0,24.0,13.0,20.0,22.0,21.0,22.0,24.0,7.0,23.0,13.0,22.0,11.0,Regular Season,1610612746.0,16.0,10.0,6.0,0.625,768.0,109.9,111.8,107.8,109.7,2.1,2.1,0.59,1.53,17.4,0.271,0.726,0.508,0.155,0.553,0.588,100.4,98.66,82.21,1579.0,0.51,1.0,2.0,7.0,7.0,6.0,13.0,9.0,11.0,21.0,26.0,18.0,18.0,11.0,9.0,23.0,8.0,10.0,23.0,13.0,Regular Season
los angeles lakers,2022-23,2,1610612747.0,14.0,7.0,7.0,0.5,48.4,42.1,87.1,0.484,10.1,28.6,0.354,22.0,27.0,0.815,9.6,35.9,45.5,24.6,15.0,5.9,5.2,5.2,18.6,22.2,116.4,0.6,19.0,17.0,12.0,17.0,8.0,11.0,18.0,8.0,26.0,30.0,14.0,1.0,1.0,8.0,19.0,3.0,5.0,16.0,17.0,29.0,11.0,20.0,2.0,2.0,7.0,15.0,Regular Season,1610612747.0,14.0,7.0,7.0,0.5,677.0,111.5,112.9,110.0,112.4,1.5,0.5,0.585,1.64,17.6,0.256,0.719,0.501,0.145,0.542,0.588,104.1,102.35,85.29,1444.0,0.512,19.0,17.0,12.0,17.0,21.0,10.0,18.0,16.0,22.0,20.0,16.0,21.0,15.0,15.0,12.0,13.0,8.0,5.0,11.0,Regular Season
memphis grizzlies,2022-23,2,1610612763.0,14.0,8.0,6.0,0.571,48.4,42.2,92.4,0.457,11.8,33.4,0.353,17.1,24.5,0.7,14.4,36.1,50.5,25.0,14.9,6.7,4.8,5.6,19.4,21.6,113.4,3.1,19.0,11.0,7.0,10.0,8.0,10.0,4.0,24.0,16.0,14.0,15.0,19.0,9.0,29.0,2.0,1.0,1.0,13.0,13.0,21.0,15.0,27.0,8.0,6.0,13.0,9.0,Regular Season,1610612763.0,14.0,8.0,6.0,0.571,677.0,109.3,112.0,107.5,108.8,1.8,3.2,0.592,1.67,17.4,0.337,0.752,0.538,0.147,0.521,0.55,102.4,100.54,83.78,1417.0,0.506,19.0,11.0,7.0,10.0,21.0,12.0,7.0,8.0,19.0,16.0,20.0,3.0,3.0,1.0,13.0,24.0,26.0,11.0,14.0,Regular Season
miami heat,2022-23,2,1610612748.0,15.0,8.0,7.0,0.533,48.7,39.1,86.4,0.452,12.3,36.7,0.334,19.1,22.3,0.854,9.4,31.6,41.0,24.1,14.3,7.3,3.7,3.7,18.3,20.8,109.5,-0.3,9.0,11.0,12.0,13.0,5.0,25.0,19.0,25.0,11.0,7.0,23.0,10.0,19.0,1.0,21.0,26.0,25.0,18.0,8.0,15.0,28.0,3.0,1.0,14.0,24.0,18.0,Regular Season,1610612748.0,15.0,8.0,7.0,0.533,730.0,108.3,110.5,108.1,110.8,0.2,-0.3,0.618,1.69,17.8,0.26,0.731,0.492,0.144,0.523,0.569,100.0,97.71,81.42,1486.0,0.495,9.0,11.0,12.0,13.0,9.0,22.0,13.0,18.0,12.0,14.0,15.0,20.0,10.0,21.0,10.0,23.0,20.0,26.0,20.0,Regular Season
milwaukee bucks,2022-23,2,1610612749.0,14.0,9.0,5.0,0.643,48.7,40.9,89.4,0.458,13.1,36.9,0.355,17.1,23.9,0.716,11.5,36.1,47.6,24.9,15.1,7.1,5.8,5.2,18.9,20.1,112.1,3.1,19.0,6.0,4.0,5.0,4.0,19.0,10.0,21.0,8.0,6.0,13.0,19.0,13.0,27.0,11.0,1.0,2.0,14.0,19.0,18.0,6.0,20.0,3.0,17.0,15.0,8.0,Regular Season,1610612749.0,14.0,9.0,5.0,0.643,682.0,108.3,110.7,106.6,107.7,1.6,3.0,0.607,1.64,17.6,0.301,0.755,0.526,0.15,0.531,0.561,101.3,99.7,83.08,1417.0,0.525,19.0,6.0,4.0,5.0,20.0,20.0,2.0,9.0,14.0,21.0,17.0,8.0,2.0,3.0,15.0,21.0,23.0,16.0,6.0,Regular Season
minnesota timberwolves,2022-23,2,1610612750.0,15.0,7.0,8.0,0.467,48.0,41.3,84.7,0.488,11.3,34.2,0.329,20.1,24.7,0.814,8.4,31.9,40.3,27.1,17.1,7.8,5.6,3.6,23.2,21.3,114.0,-2.3,9.0,17.0,20.0,20.0,20.0,16.0,23.0,6.0,18.0,11.0,24.0,6.0,7.0,9.0,26.0,18.0,29.0,6.0,27.0,8.0,9.0,2.0,30.0,10.0,12.0,24.0,Regular Season,1610612750.0,15.0,7.0,8.0,0.467,720.0,109.3,111.6,111.3,113.2,-1.9,-1.6,0.655,1.59,19.3,0.245,0.701,0.483,0.167,0.554,0.596,104.4,102.4,85.33,1532.0,0.5,9.0,17.0,20.0,20.0,15.0,14.0,20.0,22.0,3.0,23.0,7.0,27.0,24.0,25.0,27.0,7.0,7.0,4.0,18.0,Regular Season
new orleans pelicans,2022-23,2,1610612740.0,15.0,9.0,6.0,0.6,48.7,43.1,88.8,0.485,11.5,30.9,0.371,18.9,24.2,0.782,11.2,34.2,45.4,26.9,15.3,8.8,4.7,4.8,19.8,19.9,116.5,5.6,9.0,6.0,7.0,9.0,5.0,5.0,11.0,7.0,17.0,25.0,9.0,12.0,12.0,19.0,12.0,5.0,6.0,8.0,20.0,3.0,16.0,12.0,12.0,19.0,6.0,2.0,Regular Season,1610612740.0,15.0,9.0,6.0,0.6,730.0,112.6,113.6,106.2,107.8,6.4,5.7,0.625,1.76,18.8,0.284,0.741,0.514,0.149,0.55,0.586,102.6,101.33,84.44,1539.0,0.532,9.0,6.0,7.0,9.0,9.0,7.0,3.0,2.0,10.0,8.0,9.0,15.0,7.0,6.0,14.0,9.0,11.0,8.0,4.0,Regular Season
new york knicks,2022-23,2,1610612752.0,16.0,7.0,9.0,0.438,48.3,41.2,91.3,0.451,10.8,34.6,0.311,21.1,25.6,0.824,12.4,32.8,45.3,23.6,13.4,7.3,4.5,4.9,21.7,21.4,114.3,-2.2,1.0,17.0,22.0,21.0,17.0,18.0,7.0,27.0,24.0,10.0,27.0,2.0,4.0,4.0,5.0,14.0,7.0,21.0,5.0,14.0,19.0,14.0,26.0,9.0,11.0,22.0,Regular Season,1610612752.0,16.0,7.0,9.0,0.438,773.0,110.3,112.6,113.1,115.1,-2.8,-2.5,0.572,1.75,16.7,0.31,0.698,0.5,0.132,0.51,0.557,102.6,100.63,83.86,1623.0,0.483,1.0,17.0,22.0,21.0,3.0,11.0,24.0,24.0,25.0,9.0,23.0,7.0,25.0,18.0,3.0,26.0,24.0,10.0,23.0,Regular Season
oklahoma city thunder,2022-23,2,1610612760.0,16.0,6.0,10.0,0.375,49.3,44.3,94.0,0.471,11.9,33.8,0.352,16.9,21.6,0.783,11.7,31.8,43.4,24.0,14.6,7.7,6.1,5.4,22.1,19.2,117.4,-2.3,1.0,23.0,25.0,24.0,1.0,1.0,1.0,15.0,15.0,12.0,18.0,22.0,23.0,18.0,8.0,20.0,13.0,19.0,9.0,9.0,4.0,23.0,27.0,25.0,3.0,23.0,Regular Season,1610612760.0,16.0,6.0,10.0,0.375,788.0,110.4,111.5,111.7,113.7,-1.3,-2.3,0.542,1.65,16.7,0.28,0.676,0.476,0.138,0.535,0.567,104.0,102.58,85.48,1685.0,0.479,1.0,23.0,25.0,24.0,1.0,16.0,23.0,23.0,28.0,18.0,24.0,17.0,30.0,28.0,7.0,18.0,22.0,3.0,24.0,Regular Season
orlando magic,2022-23,2,1610612753.0,15.0,4.0,11.0,0.267,48.3,39.5,83.1,0.476,11.1,31.3,0.353,19.5,24.3,0.8,9.9,31.7,41.5,21.8,17.6,6.3,5.3,5.3,20.2,19.8,109.6,-6.7,9.0,26.0,27.0,27.0,14.0,24.0,27.0,13.0,22.0,23.0,16.0,7.0,10.0,15.0,18.0,21.0,23.0,29.0,28.0,25.0,10.0,22.0,18.0,20.0,23.0,27.0,Regular Season,1610612753.0,15.0,4.0,11.0,0.267,725.0,108.0,110.3,114.0,117.0,-6.0,-6.7,0.551,1.24,16.3,0.288,0.718,0.506,0.177,0.543,0.584,101.1,98.75,82.29,1491.0,0.462,9.0,26.0,27.0,27.0,12.0,23.0,27.0,27.0,27.0,29.0,28.0,11.0,17.0,11.0,29.0,12.0,12.0,22.0,27.0,Regular Season
philadelphia 76ers,2022-23,2,1610612755.0,14.0,8.0,6.0,0.571,48.0,38.4,83.1,0.462,11.1,31.4,0.353,19.2,23.7,0.81,9.1,31.6,40.7,22.9,14.9,8.5,4.6,5.1,19.9,18.8,107.1,2.2,19.0,11.0,7.0,10.0,20.0,29.0,26.0,18.0,21.0,22.0,17.0,8.0,14.0,10.0,23.0,23.0,27.0,26.0,13.0,4.0,17.0,18.0,14.0,27.0,28.0,10.0,Regular Season,1610612755.0,14.0,8.0,6.0,0.571,672.0,107.8,109.2,104.7,106.4,3.1,2.7,0.597,1.54,17.3,0.251,0.726,0.486,0.152,0.529,0.572,99.8,98.36,81.96,1374.0,0.506,19.0,11.0,7.0,10.0,27.0,26.0,1.0,10.0,16.0,25.0,21.0,25.0,12.0,24.0,19.0,22.0,17.0,24.0,15.0,Regular Season
phoenix suns,2022-23,2,1610612756.0,15.0,10.0,5.0,0.667,48.0,42.9,91.1,0.471,12.8,33.2,0.386,15.9,19.5,0.816,11.9,31.7,43.5,25.9,13.4,7.2,6.4,4.8,21.5,19.1,114.6,5.4,9.0,2.0,4.0,4.0,20.0,7.0,8.0,16.0,9.0,15.0,5.0,26.0,27.0,7.0,7.0,21.0,12.0,11.0,4.0,16.0,2.0,12.0,24.0,26.0,9.0,3.0,Regular Season,1610612756.0,15.0,10.0,5.0,0.667,720.0,113.2,115.7,108.2,110.3,5.0,5.4,0.604,1.94,18.5,0.312,0.72,0.512,0.135,0.541,0.575,101.1,99.03,82.53,1486.0,0.522,9.0,2.0,4.0,4.0,15.0,5.0,10.0,3.0,15.0,3.0,11.0,6.0,14.0,7.0,6.0,14.0,16.0,20.0,7.0,Regular Season
portland trail blazers,2022-23,2,1610612757.0,16.0,6.0,10.0,0.375,48.3,38.5,83.4,0.461,11.9,31.3,0.381,18.8,24.6,0.763,10.3,31.6,41.9,24.6,15.1,6.2,3.9,5.1,20.4,21.6,107.7,-4.1,1.0,23.0,25.0,24.0,17.0,28.0,25.0,19.0,14.0,24.0,7.0,14.0,8.0,23.0,14.0,24.0,21.0,17.0,18.0,27.0,26.0,16.0,19.0,8.0,26.0,25.0,Regular Season,1610612757.0,16.0,6.0,10.0,0.375,773.0,108.8,111.0,113.1,115.2,-4.3,-4.2,0.638,1.63,18.2,0.287,0.719,0.501,0.155,0.533,0.571,98.3,96.4,80.34,1552.0,0.477,1.0,23.0,25.0,24.0,3.0,19.0,25.0,25.0,9.0,22.0,13.0,13.0,16.0,14.0,24.0,19.0,18.0,28.0,25.0,Regular Season
sacramento kings,2022-23,2,1610612758.0,14.0,9.0,5.0,0.643,48.4,44.1,88.2,0.5,13.5,36.7,0.368,20.5,24.9,0.822,8.0,33.5,41.5,28.2,14.9,7.5,3.0,5.0,19.9,21.7,122.3,5.0,19.0,6.0,4.0,5.0,8.0,2.0,13.0,4.0,5.0,8.0,10.0,3.0,6.0,6.0,28.0,12.0,24.0,4.0,12.0,11.0,29.0,15.0,14.0,4.0,2.0,4.0,Regular Season,1610612758.0,14.0,9.0,5.0,0.643,677.0,115.3,117.7,111.7,113.3,3.6,4.3,0.639,1.9,19.7,0.253,0.755,0.505,0.143,0.577,0.616,104.7,102.95,85.79,1455.0,0.522,19.0,6.0,4.0,5.0,21.0,4.0,22.0,7.0,8.0,4.0,5.0,23.0,1.0,12.0,9.0,5.0,2.0,2.0,8.0,Regular Season
san antonio spurs,2022-23,2,1610612759.0,15.0,1.0,14.0,0.067,48.3,41.8,91.3,0.458,10.8,33.4,0.323,12.8,18.3,0.698,12.2,29.4,41.6,26.9,16.3,7.3,4.2,3.7,19.5,17.6,107.2,-14.9,9.0,30.0,30.0,30.0,14.0,13.0,6.0,23.0,23.0,13.0,26.0,30.0,29.0,30.0,6.0,30.0,22.0,8.0,26.0,13.0,23.0,5.0,9.0,28.0,27.0,30.0,Regular Season,1610612759.0,15.0,1.0,14.0,0.067,725.0,103.5,105.2,117.2,119.8,-13.7,-14.7,0.644,1.65,18.8,0.286,0.71,0.478,0.16,0.517,0.539,103.1,101.2,84.33,1529.0,0.424,9.0,30.0,30.0,30.0,12.0,29.0,30.0,30.0,7.0,17.0,10.0,14.0,20.0,27.0,26.0,25.0,28.0,9.0,30.0,Regular Season
toronto raptors,2022-23,2,1610612761.0,14.0,7.0,7.0,0.5,48.4,41.3,93.1,0.444,9.9,32.3,0.305,18.7,23.4,0.801,14.4,29.8,44.2,22.9,13.9,10.4,5.8,5.6,20.1,21.2,111.1,0.4,19.0,17.0,12.0,17.0,8.0,17.0,3.0,29.0,28.0,18.0,29.0,15.0,16.0,14.0,1.0,28.0,10.0,26.0,7.0,1.0,6.0,27.0,17.0,12.0,17.0,17.0,Regular Season,1610612761.0,14.0,7.0,7.0,0.5,677.0,108.1,111.1,109.4,110.4,-1.4,0.7,0.555,1.65,16.2,0.345,0.706,0.51,0.139,0.497,0.538,101.3,99.4,82.84,1400.0,0.489,19.0,17.0,12.0,17.0,21.0,18.0,11.0,15.0,26.0,19.0,29.0,2.0,23.0,8.0,8.0,29.0,29.0,18.0,21.0,Regular Season
utah jazz,2022-23,2,1610612762.0,16.0,7.0,9.0,0.438,48.0,42.9,88.6,0.484,14.4,38.4,0.376,16.6,20.9,0.794,11.7,31.6,43.3,26.8,15.3,6.1,4.4,5.4,19.7,19.6,116.8,0.6,1.0,17.0,22.0,21.0,20.0,8.0,12.0,9.0,3.0,5.0,8.0,23.0,26.0,16.0,8.0,24.0,14.0,10.0,21.0,28.0,20.0,23.0,10.0,23.0,5.0,16.0,Regular Season,1610612762.0,16.0,7.0,9.0,0.438,768.0,115.1,117.8,114.2,117.0,1.0,0.8,0.625,1.75,19.0,0.317,0.692,0.506,0.154,0.565,0.597,101.6,99.28,82.73,1587.0,0.5,1.0,17.0,22.0,21.0,6.0,3.0,28.0,14.0,11.0,10.0,8.0,5.0,28.0,10.0,22.0,6.0,6.0,19.0,17.0,Regular Season
washington wizards,2022-23,2,1610612764.0,15.0,8.0,7.0,0.533,48.3,41.4,87.6,0.473,11.1,33.0,0.337,16.9,22.5,0.754,9.5,35.1,44.6,25.3,12.7,6.3,5.9,4.5,19.4,20.1,110.9,-0.7,9.0,11.0,12.0,13.0,14.0,14.0,15.0,14.0,20.0,17.0,22.0,21.0,18.0,24.0,20.0,4.0,9.0,12.0,1.0,25.0,5.0,9.0,7.0,18.0,20.0,20.0,Regular Season,1610612764.0,15.0,8.0,7.0,0.533,725.0,110.1,111.5,109.6,112.1,0.5,-0.7,0.612,2.0,18.5,0.254,0.72,0.493,0.127,0.536,0.569,100.5,98.78,82.32,1492.0,0.513,9.0,11.0,12.0,13.0,12.0,15.0,16.0,19.0,13.0,2.0,12.0,22.0,13.0,20.0,1.0,16.0,21.0,21.0,9.0,Regular Season
atlanta hawks,2022-23,3,1610612737.0,14.0,5.0,9.0,0.357,48.4,43.3,92.6,0.467,11.4,33.1,0.345,17.5,21.9,0.801,10.7,32.4,43.1,24.2,12.4,6.4,4.8,5.4,18.6,18.5,115.5,-3.1,21.0,23.0,21.0,23.0,12.0,7.0,2.0,16.0,17.0,17.0,22.0,21.0,24.0,5.0,16.0,21.0,15.0,18.0,3.0,24.0,10.0,25.0,5.0,27.0,12.0,26.0,Regular Season,1610612737.0,14.0,5.0,9.0,0.357,677.0,111.2,113.2,113.3,116.2,-2.2,-3.0,0.559,1.96,17.3,0.264,0.705,0.476,0.121,0.529,0.565,103.5,101.35,84.46,1429.0,0.471,21.0,23.0,21.0,23.0,22.0,18.0,23.0,26.0,25.0,2.0,20.0,18.0,22.0,27.0,4.0,24.0,26.0,8.0,28.0,Regular Season
boston celtics,2022-23,3,1610612738.0,14.0,8.0,6.0,0.571,48.7,40.8,90.5,0.451,14.1,43.2,0.327,18.4,23.3,0.788,11.0,36.4,47.4,24.8,13.9,8.0,5.3,4.1,17.4,19.9,114.1,3.9,21.0,10.0,6.0,10.0,6.0,20.0,4.0,28.0,8.0,2.0,26.0,17.0,19.0,11.0,14.0,3.0,5.0,14.0,8.0,7.0,3.0,11.0,1.0,16.0,19.0,5.0,Regular Season,1610612738.0,14.0,8.0,6.0,0.571,682.0,110.0,110.9,106.1,107.2,3.9,3.7,0.608,1.78,17.6,0.262,0.742,0.502,0.135,0.529,0.566,102.2,101.28,84.4,1440.0,0.529,21.0,10.0,6.0,10.0,21.0,27.0,2.0,5.0,7.0,14.0,16.0,20.0,5.0,14.0,7.0,25.0,23.0,9.0,5.0,Regular Season
brooklyn nets,2022-23,3,1610612751.0,13.0,12.0,1.0,0.923,48.0,45.8,84.8,0.54,12.5,29.5,0.422,15.7,19.9,0.788,8.1,33.4,41.5,26.6,14.9,6.6,6.0,3.0,21.2,17.5,119.7,7.9,28.0,1.0,1.0,1.0,22.0,1.0,28.0,1.0,15.0,27.0,1.0,29.0,30.0,12.0,27.0,14.0,23.0,4.0,19.0,21.0,2.0,2.0,23.0,30.0,1.0,2.0,Regular Season,1610612751.0,13.0,12.0,1.0,0.923,624.0,119.2,120.5,109.9,112.2,9.3,8.3,0.582,1.78,19.6,0.246,0.728,0.506,0.15,0.613,0.64,101.0,99.46,82.88,1291.0,0.545,28.0,1.0,1.0,1.0,29.0,1.0,10.0,2.0,16.0,13.0,3.0,27.0,13.0,12.0,22.0,1.0,1.0,20.0,2.0,Regular Season
charlotte hornets,2022-23,3,1610612766.0,16.0,4.0,12.0,0.25,48.3,41.9,94.3,0.445,11.1,34.3,0.324,19.1,24.8,0.77,13.1,33.0,46.1,24.6,12.4,8.0,4.9,5.4,21.6,21.2,114.1,-7.4,2.0,30.0,30.0,30.0,21.0,12.0,1.0,30.0,20.0,15.0,27.0,12.0,13.0,17.0,3.0,17.0,6.0,15.0,4.0,7.0,8.0,26.0,26.0,9.0,20.0,30.0,Regular Season,1610612766.0,16.0,4.0,12.0,0.25,773.0,109.1,110.6,115.6,118.0,-6.5,-7.4,0.586,1.97,17.1,0.296,0.722,0.495,0.121,0.504,0.542,104.2,102.4,85.33,1650.0,0.467,2.0,30.0,30.0,30.0,5.0,28.0,28.0,30.0,14.0,1.0,22.0,10.0,17.0,19.0,2.0,29.0,30.0,3.0,30.0,Regular Season
chicago bulls,2022-23,3,1610612741.0,15.0,7.0,8.0,0.467,49.0,44.2,87.5,0.505,11.1,28.3,0.392,16.7,21.0,0.794,7.1,33.7,40.9,24.5,13.5,7.9,4.1,4.2,19.4,17.9,116.1,-1.5,7.0,17.0,17.0,18.0,2.0,4.0,19.0,3.0,22.0,30.0,6.0,27.0,28.0,8.0,30.0,9.0,25.0,16.0,6.0,10.0,21.0,13.0,8.0,29.0,9.0,19.0,Regular Season,1610612741.0,15.0,7.0,8.0,0.467,735.0,112.7,113.9,112.7,115.1,0.0,-1.3,0.555,1.82,18.1,0.205,0.719,0.475,0.132,0.569,0.6,101.6,100.02,83.35,1530.0,0.503,7.0,17.0,17.0,18.0,7.0,15.0,19.0,18.0,27.0,10.0,12.0,30.0,18.0,28.0,6.0,5.0,6.0,17.0,11.0,Regular Season
cleveland cavaliers,2022-23,3,1610612739.0,15.0,9.0,6.0,0.6,48.3,40.5,83.9,0.483,10.7,31.5,0.34,17.1,22.5,0.763,9.2,31.9,41.1,23.0,14.1,7.2,4.1,4.4,17.7,19.3,108.8,2.4,7.0,5.0,6.0,7.0,15.0,23.0,30.0,11.0,25.0,22.0,25.0,23.0,22.0,21.0,22.0,23.0,24.0,27.0,9.0,16.0,21.0,18.0,2.0,23.0,30.0,9.0,Regular Season,1610612739.0,15.0,9.0,6.0,0.6,725.0,110.2,112.6,108.3,109.8,1.9,2.7,0.568,1.63,17.4,0.281,0.732,0.509,0.146,0.547,0.58,97.8,96.1,80.08,1450.0,0.52,7.0,5.0,6.0,7.0,12.0,22.0,5.0,8.0,24.0,20.0,18.0,14.0,10.0,10.0,17.0,14.0,15.0,30.0,6.0,Regular Season
dallas mavericks,2022-23,3,1610612742.0,17.0,11.0,6.0,0.647,48.9,40.4,84.6,0.477,16.6,44.1,0.378,19.1,25.6,0.745,7.9,31.8,39.6,23.2,11.9,6.1,4.9,2.5,21.6,21.9,116.4,2.8,1.0,2.0,6.0,5.0,5.0,26.0,29.0,13.0,1.0,1.0,9.0,13.0,8.0,28.0,29.0,24.0,29.0,26.0,2.0,28.0,7.0,1.0,25.0,5.0,8.0,8.0,Regular Season,1610612742.0,17.0,11.0,6.0,0.647,831.0,116.6,118.2,113.1,115.9,3.5,2.3,0.574,1.95,17.6,0.229,0.716,0.474,0.121,0.575,0.607,98.4,96.49,80.41,1674.0,0.501,1.0,2.0,6.0,5.0,1.0,2.0,21.0,9.0,23.0,3.0,17.0,29.0,20.0,29.0,3.0,4.0,5.0,29.0,12.0,Regular Season
denver nuggets,2022-23,3,1610612743.0,14.0,9.0,5.0,0.643,48.4,44.5,85.0,0.524,10.9,28.8,0.377,18.0,24.7,0.728,9.3,32.3,41.6,29.8,15.6,7.4,4.2,4.9,19.1,22.1,117.9,1.6,21.0,5.0,4.0,6.0,12.0,3.0,27.0,2.0,24.0,29.0,10.0,18.0,14.0,30.0,20.0,22.0,21.0,1.0,26.0,15.0,16.0,21.0,6.0,3.0,5.0,11.0,Regular Season,1610612743.0,14.0,9.0,5.0,0.643,677.0,115.3,116.9,114.5,115.0,0.8,2.0,0.669,1.9,20.9,0.278,0.75,0.524,0.155,0.587,0.615,101.2,100.22,83.52,1411.0,0.519,21.0,5.0,4.0,6.0,22.0,4.0,18.0,10.0,2.0,4.0,1.0,17.0,2.0,4.0,26.0,2.0,2.0,15.0,7.0,Regular Season
detroit pistons,2022-23,3,1610612765.0,16.0,5.0,11.0,0.313,48.9,40.4,88.1,0.459,13.2,34.7,0.38,21.4,27.9,0.767,11.4,33.1,44.5,23.6,14.9,6.9,3.1,5.4,22.1,22.1,115.4,-4.1,2.0,23.0,28.0,28.0,4.0,25.0,16.0,23.0,12.0,14.0,8.0,2.0,2.0,18.0,11.0,16.0,9.0,22.0,18.0,17.0,28.0,26.0,29.0,2.0,13.0,27.0,Regular Season,1610612765.0,16.0,5.0,11.0,0.313,783.0,111.2,113.1,115.3,117.2,-4.1,-4.1,0.583,1.58,16.8,0.297,0.739,0.512,0.146,0.534,0.575,101.8,100.08,83.4,1633.0,0.471,2.0,23.0,28.0,28.0,2.0,19.0,26.0,27.0,15.0,24.0,26.0,9.0,6.0,7.0,15.0,20.0,17.0,16.0,29.0,Regular Season
golden state warriors,2022-23,3,1610612744.0,15.0,8.0,7.0,0.533,48.0,41.1,88.9,0.462,15.8,41.9,0.377,16.8,21.3,0.788,10.5,33.6,44.1,28.4,16.3,5.7,3.7,4.9,20.5,19.5,114.7,-1.5,7.0,10.0,13.0,13.0,22.0,19.0,11.0,20.0,2.0,3.0,11.0,25.0,26.0,13.0,17.0,11.0,11.0,2.0,30.0,30.0,26.0,22.0,17.0,20.0,15.0,19.0,Regular Season,1610612744.0,15.0,8.0,7.0,0.533,720.0,110.3,111.6,111.0,113.0,-0.7,-1.4,0.692,1.75,19.7,0.264,0.73,0.496,0.158,0.551,0.584,104.4,102.83,85.69,1542.0,0.495,7.0,10.0,13.0,13.0,18.0,25.0,13.0,19.0,1.0,15.0,2.0,19.0,11.0,18.0,28.0,12.0,13.0,1.0,16.0,Regular Season
houston rockets,2022-23,3,1610612745.0,15.0,5.0,10.0,0.333,48.7,39.5,88.7,0.446,10.1,33.7,0.3,19.7,25.7,0.764,13.6,34.8,48.4,21.5,16.2,7.5,4.2,5.7,19.7,21.4,108.9,-5.9,7.0,23.0,24.0,24.0,7.0,30.0,12.0,29.0,27.0,16.0,30.0,9.0,5.0,19.0,1.0,4.0,3.0,30.0,28.0,12.0,18.0,29.0,12.0,6.0,29.0,28.0,Regular Season,1610612745.0,15.0,5.0,10.0,0.333,730.0,106.0,108.9,113.0,115.4,-6.9,-6.5,0.543,1.33,15.4,0.348,0.738,0.54,0.162,0.503,0.544,100.7,98.37,81.97,1500.0,0.477,7.0,23.0,24.0,24.0,9.0,30.0,20.0,29.0,29.0,30.0,30.0,1.0,7.0,2.0,30.0,30.0,29.0,24.0,26.0,Regular Season
indiana pacers,2022-23,3,1610612754.0,16.0,8.0,8.0,0.5,48.0,41.7,86.8,0.48,15.0,38.1,0.393,16.7,21.1,0.79,8.0,31.1,39.1,25.5,14.9,7.7,5.1,3.9,21.9,18.8,115.1,-1.4,2.0,10.0,17.0,17.0,22.0,14.0,22.0,12.0,3.0,6.0,5.0,26.0,27.0,10.0,28.0,27.0,30.0,8.0,20.0,11.0,6.0,8.0,28.0,26.0,14.0,17.0,Regular Season,1610612754.0,16.0,8.0,8.0,0.5,768.0,111.7,114.3,114.5,116.0,-2.8,-1.7,0.612,1.71,18.6,0.248,0.665,0.46,0.148,0.567,0.599,102.4,100.5,83.75,1610.0,0.487,2.0,10.0,17.0,17.0,6.0,12.0,22.0,20.0,5.0,16.0,6.0,25.0,30.0,30.0,19.0,6.0,8.0,13.0,21.0,Regular Season
la clippers,2022-23,3,1610612746.0,15.0,8.0,7.0,0.533,48.7,40.3,88.3,0.457,15.0,37.9,0.395,18.0,22.7,0.794,11.5,34.5,46.0,23.4,15.1,6.3,4.7,4.2,19.6,18.9,113.7,1.8,7.0,10.0,13.0,13.0,7.0,27.0,14.0,25.0,3.0,7.0,4.0,18.0,21.0,7.0,9.0,7.0,7.0,24.0,22.0,25.0,11.0,13.0,11.0,25.0,24.0,10.0,Regular Season,1610612746.0,15.0,8.0,7.0,0.533,730.0,111.5,112.8,110.0,111.8,1.5,1.0,0.58,1.55,16.9,0.293,0.748,0.519,0.15,0.542,0.578,100.4,99.02,82.52,1511.0,0.489,7.0,10.0,13.0,13.0,9.0,20.0,7.0,11.0,17.0,26.0,25.0,13.0,3.0,5.0,21.0,17.0,16.0,21.0,18.0,Regular Season
los angeles lakers,2022-23,3,1610612747.0,16.0,7.0,9.0,0.438,48.6,44.6,88.9,0.501,11.1,31.4,0.355,19.3,24.3,0.794,9.0,34.7,43.7,25.8,14.4,6.1,4.3,4.2,17.8,20.5,119.6,-2.4,2.0,17.0,21.0,19.0,10.0,2.0,10.0,4.0,20.0,23.0,16.0,10.0,16.0,6.0,23.0,5.0,14.0,7.0,12.0,27.0,14.0,12.0,3.0,15.0,2.0,24.0,Regular Season,1610612747.0,16.0,7.0,9.0,0.438,778.0,113.9,116.2,116.9,118.2,-3.0,-1.9,0.579,1.79,18.4,0.259,0.724,0.5,0.14,0.564,0.6,103.3,101.74,84.78,1646.0,0.5,2.0,17.0,21.0,19.0,3.0,5.0,29.0,23.0,19.0,12.0,9.0,21.0,16.0,17.0,9.0,9.0,7.0,5.0,14.0,Regular Season
memphis grizzlies,2022-23,3,1610612763.0,14.0,10.0,4.0,0.714,48.0,43.6,91.6,0.475,10.1,32.3,0.312,18.8,25.1,0.749,11.9,37.0,48.9,26.5,14.4,8.8,7.2,4.4,20.2,20.6,116.0,9.0,21.0,3.0,2.0,2.0,22.0,5.0,3.0,14.0,28.0,18.0,29.0,14.0,12.0,26.0,6.0,1.0,2.0,5.0,11.0,3.0,1.0,19.0,14.0,14.0,10.0,1.0,Regular Season,1610612763.0,14.0,10.0,4.0,0.714,672.0,110.3,113.6,102.3,104.4,8.0,9.2,0.608,1.85,18.4,0.308,0.697,0.513,0.141,0.53,0.565,104.9,102.32,85.27,1430.0,0.565,21.0,3.0,2.0,2.0,25.0,17.0,1.0,1.0,6.0,8.0,7.0,5.0,24.0,6.0,10.0,23.0,25.0,4.0,1.0,Regular Season
miami heat,2022-23,3,1610612748.0,15.0,9.0,6.0,0.6,48.3,40.1,87.5,0.458,13.3,38.3,0.346,15.6,20.1,0.775,9.6,30.4,40.0,23.7,12.6,9.5,2.6,3.6,19.5,18.1,109.0,-0.1,7.0,5.0,6.0,7.0,15.0,28.0,18.0,24.0,10.0,5.0,21.0,30.0,29.0,16.0,19.0,28.0,28.0,20.0,5.0,1.0,30.0,4.0,10.0,28.0,28.0,13.0,Regular Season,1610612748.0,15.0,9.0,6.0,0.6,725.0,109.7,111.7,109.0,112.0,0.7,-0.3,0.592,1.88,17.7,0.258,0.724,0.479,0.129,0.534,0.565,99.0,96.83,80.69,1464.0,0.488,7.0,5.0,6.0,7.0,12.0,24.0,9.0,12.0,11.0,6.0,15.0,23.0,15.0,24.0,5.0,21.0,24.0,27.0,19.0,Regular Season
milwaukee bucks,2022-23,3,1610612749.0,15.0,8.0,7.0,0.533,48.3,41.3,89.1,0.463,12.9,37.7,0.341,18.4,24.1,0.762,12.7,36.5,49.2,24.3,16.2,5.9,4.3,4.0,18.1,19.4,113.8,-0.8,7.0,10.0,13.0,13.0,15.0,18.0,7.0,19.0,13.0,8.0,24.0,16.0,17.0,22.0,5.0,2.0,1.0,17.0,28.0,29.0,13.0,9.0,4.0,21.0,22.0,15.0,Regular Season,1610612749.0,15.0,8.0,7.0,0.533,725.0,110.3,111.9,111.7,112.6,-1.4,-0.8,0.59,1.5,17.2,0.305,0.751,0.529,0.159,0.536,0.571,102.2,101.03,84.19,1526.0,0.501,7.0,10.0,13.0,13.0,12.0,23.0,11.0,15.0,12.0,29.0,21.0,7.0,1.0,3.0,29.0,18.0,20.0,10.0,13.0,Regular Season
minnesota timberwolves,2022-23,3,1610612750.0,15.0,5.0,10.0,0.333,48.0,42.9,85.8,0.5,10.9,29.9,0.366,17.7,23.5,0.753,8.3,32.5,40.7,23.6,15.3,8.6,4.9,3.9,21.5,19.8,114.5,-2.3,7.0,23.0,24.0,24.0,22.0,8.0,25.0,5.0,23.0,25.0,12.0,20.0,18.0,25.0,25.0,20.0,26.0,21.0,23.0,4.0,9.0,7.0,24.0,17.0,16.0,23.0,Regular Season,1610612750.0,15.0,5.0,10.0,0.333,720.0,111.0,112.8,112.8,115.0,-1.8,-2.1,0.55,1.55,17.3,0.239,0.702,0.477,0.15,0.564,0.595,103.3,101.53,84.61,1522.0,0.497,7.0,23.0,24.0,24.0,18.0,21.0,17.0,25.0,28.0,27.0,19.0,28.0,23.0,26.0,23.0,8.0,9.0,6.0,15.0,Regular Season
new orleans pelicans,2022-23,3,1610612740.0,15.0,10.0,5.0,0.667,49.0,41.8,88.6,0.472,11.1,31.6,0.352,23.6,30.1,0.783,11.8,33.4,45.2,25.4,15.8,8.9,4.3,5.4,21.7,22.9,118.3,3.1,7.0,3.0,4.0,4.0,2.0,13.0,13.0,15.0,19.0,20.0,18.0,1.0,1.0,15.0,7.0,13.0,8.0,10.0,27.0,2.0,15.0,24.0,27.0,1.0,3.0,7.0,Regular Season,1610612740.0,15.0,10.0,5.0,0.667,735.0,111.8,115.0,109.3,111.7,2.5,3.3,0.608,1.61,17.7,0.308,0.718,0.512,0.153,0.535,0.581,103.5,100.93,84.11,1544.0,0.518,7.0,3.0,4.0,4.0,7.0,10.0,6.0,6.0,8.0,22.0,14.0,6.0,19.0,8.0,25.0,19.0,14.0,12.0,8.0,Regular Season
new york knicks,2022-23,3,1610612752.0,15.0,9.0,6.0,0.6,48.7,40.0,87.7,0.456,13.2,36.3,0.364,20.1,26.5,0.761,13.5,34.6,48.1,22.3,14.1,6.5,3.6,4.3,19.5,21.4,113.3,7.4,7.0,5.0,6.0,7.0,7.0,29.0,17.0,26.0,11.0,12.0,14.0,8.0,3.0,23.0,2.0,6.0,4.0,28.0,9.0,23.0,27.0,17.0,9.0,6.0,25.0,3.0,Regular Season,1610612752.0,15.0,9.0,6.0,0.6,730.0,113.3,115.7,106.7,108.2,6.6,7.5,0.557,1.58,16.2,0.342,0.748,0.542,0.144,0.531,0.57,98.3,96.56,80.47,1469.0,0.538,7.0,5.0,6.0,7.0,9.0,7.0,3.0,3.0,26.0,25.0,28.0,2.0,3.0,1.0,12.0,22.0,21.0,28.0,3.0,Regular Season
oklahoma city thunder,2022-23,3,1610612760.0,14.0,6.0,8.0,0.429,48.4,40.8,89.8,0.454,11.7,32.1,0.364,20.6,25.6,0.805,10.9,33.6,44.5,23.4,15.5,8.0,4.1,5.5,20.9,20.8,113.9,-2.1,21.0,20.0,17.0,20.0,12.0,20.0,6.0,27.0,16.0,19.0,13.0,5.0,7.0,4.0,15.0,10.0,9.0,23.0,25.0,7.0,20.0,28.0,18.0,11.0,21.0,22.0,Regular Season,1610612760.0,14.0,6.0,8.0,0.429,677.0,107.8,110.2,110.8,111.9,-3.1,-1.7,0.574,1.51,16.6,0.281,0.693,0.486,0.15,0.519,0.564,104.4,102.74,85.61,1447.0,0.481,21.0,20.0,17.0,20.0,22.0,29.0,8.0,21.0,22.0,28.0,27.0,15.0,26.0,22.0,20.0,27.0,27.0,2.0,25.0,Regular Season
orlando magic,2022-23,3,1610612753.0,15.0,8.0,7.0,0.533,48.3,40.5,87.1,0.464,10.4,29.7,0.35,20.5,25.3,0.811,10.3,33.5,43.8,23.3,14.5,7.4,4.1,5.9,20.3,19.7,111.9,-1.4,7.0,10.0,13.0,13.0,15.0,23.0,20.0,18.0,26.0,26.0,19.0,6.0,10.0,2.0,18.0,12.0,13.0,25.0,14.0,13.0,19.0,30.0,16.0,19.0,27.0,18.0,Regular Season,1610612753.0,15.0,8.0,7.0,0.533,725.0,109.2,111.5,110.6,112.7,-1.3,-1.2,0.577,1.61,17.0,0.28,0.737,0.507,0.144,0.524,0.569,101.7,99.74,83.12,1505.0,0.487,7.0,10.0,13.0,13.0,12.0,26.0,12.0,17.0,20.0,21.0,24.0,16.0,8.0,11.0,11.0,26.0,22.0,18.0,20.0,Regular Season
philadelphia 76ers,2022-23,3,1610612755.0,13.0,9.0,4.0,0.692,49.5,41.6,85.8,0.485,13.8,35.0,0.396,20.9,25.2,0.832,8.2,33.3,41.5,26.5,14.8,8.2,5.2,5.2,22.8,20.7,118.0,6.3,28.0,5.0,2.0,3.0,1.0,16.0,24.0,10.0,9.0,13.0,3.0,4.0,11.0,1.0,26.0,15.0,22.0,6.0,16.0,6.0,5.0,23.0,30.0,12.0,4.0,4.0,Regular Season,1610612755.0,13.0,9.0,4.0,0.692,644.0,114.1,115.9,106.9,109.7,7.1,6.3,0.636,1.79,19.0,0.246,0.683,0.478,0.145,0.565,0.609,100.7,98.65,82.2,1323.0,0.538,28.0,5.0,2.0,3.0,28.0,6.0,4.0,4.0,4.0,11.0,4.0,26.0,28.0,25.0,13.0,7.0,3.0,23.0,4.0,Regular Season
phoenix suns,2022-23,3,1610612756.0,16.0,5.0,11.0,0.313,48.6,41.6,90.2,0.462,14.5,36.4,0.399,16.4,21.6,0.759,12.9,29.4,42.4,26.9,14.4,6.9,4.6,4.3,21.2,20.7,114.1,-2.6,2.0,23.0,28.0,28.0,10.0,15.0,5.0,21.0,6.0,11.0,2.0,28.0,25.0,24.0,4.0,29.0,19.0,3.0,12.0,17.0,12.0,16.0,22.0,13.0,18.0,25.0,Regular Season,1610612756.0,16.0,5.0,11.0,0.313,778.0,112.8,115.3,115.0,117.4,-2.2,-2.1,0.646,1.86,18.9,0.33,0.67,0.493,0.146,0.542,0.572,100.0,97.91,81.59,1584.0,0.484,2.0,23.0,28.0,28.0,3.0,9.0,27.0,24.0,3.0,7.0,5.0,4.0,29.0,20.0,16.0,16.0,19.0,25.0,22.0,Regular Season
portland trail blazers,2022-23,3,1610612757.0,13.0,7.0,6.0,0.538,48.0,42.5,86.2,0.494,14.3,37.2,0.385,17.2,22.0,0.783,11.2,32.8,44.0,25.3,15.4,6.2,4.0,3.8,21.2,19.4,116.6,3.2,28.0,17.0,6.0,12.0,22.0,9.0,23.0,7.0,7.0,9.0,7.0,22.0,23.0,14.0,13.0,19.0,12.0,11.0,24.0,26.0,25.0,5.0,21.0,22.0,7.0,6.0,Regular Season,1610612757.0,13.0,7.0,6.0,0.538,624.0,116.6,117.8,111.7,114.6,4.9,3.2,0.595,1.65,18.4,0.3,0.695,0.504,0.155,0.577,0.608,100.8,98.96,82.47,1287.0,0.514,28.0,17.0,6.0,12.0,29.0,3.0,16.0,7.0,10.0,19.0,8.0,8.0,25.0,13.0,27.0,3.0,4.0,22.0,9.0,Regular Season
sacramento kings,2022-23,3,1610612758.0,14.0,8.0,6.0,0.571,48.0,42.1,86.9,0.485,12.6,36.6,0.344,19.1,25.6,0.746,9.2,32.8,42.0,25.4,13.9,6.8,3.0,4.2,20.3,21.3,115.9,0.0,21.0,10.0,6.0,10.0,22.0,11.0,21.0,9.0,14.0,10.0,23.0,11.0,9.0,27.0,21.0,18.0,20.0,9.0,7.0,19.0,29.0,15.0,15.0,8.0,11.0,12.0,Regular Season,1610612758.0,14.0,8.0,6.0,0.571,672.0,112.7,114.1,112.8,114.5,-0.1,-0.3,0.603,1.84,18.3,0.253,0.735,0.492,0.136,0.557,0.59,102.8,101.43,84.52,1422.0,0.494,21.0,10.0,6.0,10.0,25.0,13.0,14.0,13.0,9.0,9.0,10.0,24.0,9.0,21.0,8.0,11.0,11.0,7.0,17.0,Regular Season
san antonio spurs,2022-23,3,1610612759.0,14.0,6.0,8.0,0.429,48.0,43.4,89.0,0.487,10.0,28.9,0.347,17.1,22.9,0.745,11.8,31.3,43.1,25.1,15.1,6.8,4.2,3.9,21.1,19.8,113.8,-6.0,21.0,20.0,17.0,20.0,22.0,6.0,8.0,8.0,29.0,28.0,20.0,24.0,20.0,29.0,8.0,26.0,16.0,12.0,21.0,19.0,16.0,6.0,20.0,18.0,23.0,29.0,Regular Season,1610612759.0,14.0,6.0,8.0,0.429,672.0,111.1,114.0,117.8,120.2,-6.7,-6.2,0.58,1.67,17.9,0.331,0.69,0.511,0.151,0.543,0.574,102.0,99.71,83.1,1397.0,0.477,21.0,20.0,17.0,20.0,25.0,14.0,30.0,28.0,18.0,18.0,13.0,3.0,27.0,9.0,24.0,15.0,18.0,19.0,27.0,Regular Season
toronto raptors,2022-23,3,1610612761.0,15.0,5.0,10.0,0.333,48.3,40.5,88.1,0.46,9.9,30.5,0.324,21.3,26.3,0.81,11.5,29.2,40.7,21.7,11.5,8.5,4.1,3.4,20.0,20.9,112.2,-1.7,7.0,23.0,24.0,24.0,15.0,22.0,15.0,22.0,30.0,24.0,28.0,3.0,4.0,3.0,9.0,30.0,26.0,29.0,1.0,5.0,21.0,3.0,13.0,10.0,26.0,21.0,Regular Season,1610612761.0,15.0,5.0,10.0,0.333,725.0,112.5,114.4,114.4,116.3,-1.8,-1.9,0.536,1.88,16.2,0.293,0.71,0.485,0.118,0.516,0.563,98.9,97.32,81.1,1471.0,0.483,7.0,23.0,24.0,24.0,12.0,11.0,24.0,22.0,30.0,5.0,29.0,12.0,21.0,23.0,1.0,28.0,28.0,26.0,23.0,Regular Season
utah jazz,2022-23,3,1610612762.0,15.0,6.0,9.0,0.4,48.3,41.3,88.9,0.465,14.6,40.5,0.361,20.3,25.7,0.79,11.3,31.6,42.9,23.8,14.9,6.6,4.1,4.1,21.0,21.9,117.6,-0.9,7.0,20.0,21.0,22.0,15.0,17.0,9.0,17.0,5.0,4.0,15.0,7.0,5.0,9.0,12.0,25.0,17.0,19.0,17.0,22.0,21.0,10.0,19.0,4.0,6.0,16.0,Regular Season,1610612762.0,15.0,6.0,9.0,0.4,725.0,113.3,115.7,114.5,116.4,-1.2,-0.8,0.576,1.6,17.0,0.293,0.726,0.502,0.146,0.547,0.586,102.9,101.03,84.19,1525.0,0.482,7.0,20.0,21.0,22.0,12.0,8.0,25.0,14.0,21.0,23.0,23.0,11.0,14.0,16.0,18.0,13.0,12.0,10.0,24.0,Regular Season
washington wizards,2022-23,3,1610612764.0,15.0,5.0,10.0,0.333,48.0,42.2,85.2,0.495,11.2,31.6,0.354,18.7,24.5,0.763,8.6,34.1,42.7,24.9,14.6,7.4,5.2,4.5,19.3,19.2,114.3,-0.7,7.0,23.0,24.0,24.0,22.0,10.0,26.0,6.0,18.0,20.0,17.0,15.0,15.0,20.0,24.0,8.0,18.0,13.0,15.0,13.0,4.0,20.0,7.0,24.0,17.0,14.0,Regular Season,1610612764.0,15.0,5.0,10.0,0.333,720.0,112.1,113.7,112.8,114.6,-0.7,-0.9,0.589,1.7,18.1,0.259,0.73,0.502,0.145,0.561,0.595,102.0,100.4,83.67,1507.0,0.506,7.0,23.0,24.0,24.0,18.0,16.0,15.0,16.0,13.0,17.0,11.0,22.0,12.0,15.0,14.0,10.0,10.0,14.0,10.0,Regular Season
atlanta hawks,2022-23,4,1610612737.0,15.0,8.0,7.0,0.533,48.7,45.5,89.7,0.507,11.1,29.5,0.377,18.1,22.0,0.821,9.1,33.1,42.2,24.9,12.8,7.0,4.9,4.3,18.1,19.2,120.1,0.2,9.0,11.0,13.0,14.0,5.0,1.0,10.0,1.0,23.0,29.0,12.0,18.0,25.0,5.0,24.0,13.0,21.0,18.0,9.0,19.0,10.0,12.0,4.0,20.0,5.0,18.0,Regular Season,1610612737.0,15.0,8.0,7.0,0.533,730.0,116.5,117.9,116.2,117.7,0.4,0.2,0.547,1.94,17.9,0.261,0.7,0.488,0.126,0.569,0.604,101.7,100.47,83.73,1528.0,0.504,9.0,11.0,13.0,14.0,11.0,7.0,23.0,18.0,29.0,11.0,17.0,24.0,24.0,23.0,8.0,8.0,7.0,12.0,17.0,Regular Season
boston celtics,2022-23,4,1610612738.0,15.0,10.0,5.0,0.667,49.0,40.7,89.2,0.456,14.3,40.5,0.354,19.5,23.3,0.837,10.9,35.8,46.7,26.0,13.2,5.8,6.0,3.8,17.9,18.3,115.2,2.3,9.0,5.0,3.0,5.0,3.0,25.0,11.0,27.0,3.0,3.0,21.0,13.0,18.0,2.0,12.0,3.0,4.0,11.0,12.0,28.0,3.0,5.0,3.0,27.0,18.0,11.0,Regular Season,1610612738.0,15.0,10.0,5.0,0.667,735.0,113.2,114.7,110.1,112.1,3.1,2.5,0.639,1.97,18.6,0.269,0.764,0.517,0.131,0.536,0.579,100.1,98.51,82.1,1507.0,0.515,9.0,5.0,3.0,5.0,9.0,19.0,8.0,11.0,5.0,10.0,9.0,21.0,2.0,5.0,12.0,20.0,19.0,23.0,8.0,Regular Season
brooklyn nets,2022-23,4,1610612751.0,14.0,7.0,7.0,0.5,48.0,43.0,85.8,0.501,13.3,32.9,0.404,15.4,20.6,0.75,8.2,32.3,40.5,26.1,14.1,7.3,7.1,4.1,22.4,18.1,114.7,1.9,21.0,16.0,13.0,16.0,17.0,11.0,25.0,3.0,9.0,14.0,2.0,29.0,29.0,25.0,28.0,18.0,25.0,9.0,19.0,14.0,1.0,9.0,30.0,28.0,19.0,14.0,Regular Season,1610612751.0,14.0,7.0,7.0,0.5,672.0,113.9,115.8,111.2,112.9,2.8,2.8,0.608,1.86,19.3,0.228,0.675,0.465,0.142,0.579,0.605,101.1,99.46,82.89,1387.0,0.511,21.0,16.0,13.0,16.0,23.0,12.0,11.0,9.0,11.0,17.0,6.0,28.0,30.0,29.0,19.0,3.0,6.0,20.0,13.0,Regular Season
charlotte hornets,2022-23,4,1610612766.0,15.0,5.0,10.0,0.333,48.0,42.5,90.8,0.468,11.0,33.3,0.331,18.7,24.5,0.764,10.3,34.0,44.3,25.7,12.9,8.2,4.9,4.9,20.6,20.0,114.7,-5.7,9.0,25.0,25.0,25.0,17.0,14.0,9.0,21.0,24.0,13.0,26.0,16.0,12.0,19.0,16.0,10.0,11.0,13.0,10.0,8.0,10.0,22.0,20.0,14.0,20.0,25.0,Regular Season,1610612766.0,15.0,5.0,10.0,0.333,720.0,110.1,111.5,115.3,117.1,-5.3,-5.6,0.604,1.98,18.2,0.256,0.718,0.484,0.126,0.528,0.564,104.3,102.77,85.64,1542.0,0.478,9.0,25.0,25.0,25.0,17.0,24.0,20.0,25.0,13.0,7.0,14.0,25.0,13.0,25.0,9.0,23.0,22.0,4.0,24.0,Regular Season
chicago bulls,2022-23,4,1610612741.0,14.0,7.0,7.0,0.5,48.4,43.4,87.2,0.498,11.0,30.1,0.366,17.8,22.1,0.806,8.0,35.6,43.6,23.9,12.7,7.3,4.3,4.5,19.9,18.7,115.6,2.2,21.0,16.0,13.0,16.0,8.0,9.0,20.0,6.0,24.0,27.0,15.0,21.0,23.0,8.0,29.0,5.0,14.0,25.0,8.0,14.0,20.0,16.0,16.0,23.0,15.0,12.0,Regular Season,1610612741.0,14.0,7.0,7.0,0.5,677.0,113.8,114.1,110.0,111.9,3.8,2.2,0.549,1.88,17.7,0.22,0.743,0.495,0.125,0.561,0.597,101.6,100.61,83.84,1419.0,0.512,21.0,16.0,13.0,16.0,21.0,21.0,6.0,13.0,28.0,16.0,20.0,30.0,4.0,19.0,7.0,10.0,12.0,11.0,11.0,Regular Season
cleveland cavaliers,2022-23,4,1610612739.0,16.0,8.0,8.0,0.5,48.3,41.3,84.1,0.491,11.6,32.1,0.361,17.2,23.3,0.739,9.5,30.9,40.4,26.9,12.3,7.2,4.7,3.4,18.6,20.2,111.3,3.1,1.0,11.0,19.0,16.0,14.0,20.0,28.0,10.0,20.0,22.0,19.0,23.0,19.0,28.0,23.0,26.0,26.0,7.0,6.0,17.0,14.0,1.0,7.0,13.0,26.0,7.0,Regular Season,1610612739.0,16.0,8.0,8.0,0.5,773.0,114.6,115.7,109.8,112.5,4.8,3.2,0.653,2.2,20.0,0.255,0.713,0.482,0.127,0.559,0.59,97.1,95.57,79.64,1539.0,0.528,1.0,11.0,19.0,16.0,3.0,13.0,10.0,7.0,4.0,2.0,3.0,26.0,17.0,26.0,10.0,12.0,14.0,29.0,4.0,Regular Season
dallas mavericks,2022-23,4,1610612742.0,15.0,6.0,9.0,0.4,48.7,38.2,81.5,0.469,13.8,38.0,0.363,21.5,28.4,0.756,7.7,30.2,37.9,21.7,11.9,4.9,3.5,4.7,20.3,23.7,111.7,-4.2,9.0,23.0,22.0,23.0,5.0,30.0,30.0,20.0,6.0,5.0,18.0,3.0,1.0,23.0,30.0,28.0,30.0,29.0,3.0,30.0,28.0,20.0,19.0,1.0,25.0,24.0,Regular Season,1610612742.0,15.0,6.0,9.0,0.4,730.0,113.7,114.6,116.4,119.1,-2.7,-4.6,0.569,1.82,16.8,0.222,0.703,0.464,0.122,0.553,0.594,97.5,96.03,80.03,1462.0,0.47,9.0,23.0,22.0,23.0,11.0,20.0,27.0,24.0,26.0,18.0,29.0,29.0,21.0,30.0,5.0,15.0,13.0,28.0,25.0,Regular Season
denver nuggets,2022-23,4,1610612743.0,16.0,12.0,4.0,0.75,48.0,43.6,86.1,0.507,13.2,32.8,0.403,16.8,22.3,0.753,10.3,32.5,42.8,28.6,14.4,8.0,4.6,3.7,18.9,18.5,117.2,8.1,1.0,1.0,2.0,2.0,17.0,8.0,24.0,2.0,11.0,15.0,3.0,27.0,22.0,24.0,17.0,16.0,19.0,2.0,21.0,11.0,15.0,3.0,9.0,25.0,10.0,1.0,Regular Season,1610612743.0,16.0,12.0,4.0,0.75,768.0,117.1,119.4,109.1,111.4,8.0,8.0,0.655,1.98,20.3,0.302,0.699,0.508,0.147,0.583,0.611,100.1,98.09,81.74,1571.0,0.545,1.0,1.0,2.0,2.0,6.0,4.0,4.0,1.0,3.0,9.0,2.0,9.0,25.0,11.0,22.0,1.0,4.0,24.0,1.0,Regular Season
detroit pistons,2022-23,4,1610612765.0,13.0,3.0,10.0,0.231,48.0,41.2,87.5,0.471,12.1,32.5,0.371,21.0,27.2,0.773,10.1,30.2,40.2,23.7,15.5,8.8,3.7,4.8,21.6,20.7,115.4,-9.4,27.0,27.0,25.0,27.0,17.0,22.0,18.0,18.0,14.0,16.0,13.0,5.0,4.0,17.0,18.0,29.0,27.0,26.0,26.0,3.0,25.0,21.0,25.0,8.0,16.0,28.0,Regular Season,1610612765.0,13.0,3.0,10.0,0.231,624.0,110.1,111.6,119.4,120.3,-9.3,-8.7,0.576,1.53,16.9,0.265,0.698,0.474,0.15,0.54,0.58,104.6,103.54,86.28,1344.0,0.451,27.0,27.0,25.0,27.0,28.0,23.0,29.0,28.0,23.0,29.0,27.0,22.0,26.0,28.0,25.0,18.0,18.0,2.0,28.0,Regular Season
golden state warriors,2022-23,4,1610612744.0,13.0,7.0,6.0,0.538,49.2,44.0,92.9,0.474,17.9,45.9,0.39,17.0,21.7,0.784,11.1,35.5,46.6,30.9,16.2,8.1,3.6,4.4,22.2,18.4,122.9,1.5,27.0,16.0,10.0,12.0,2.0,7.0,3.0,15.0,1.0,1.0,7.0,26.0,27.0,15.0,10.0,6.0,5.0,1.0,29.0,9.0,26.0,14.0,29.0,26.0,1.0,15.0,Regular Season,1610612744.0,13.0,7.0,6.0,0.538,639.0,114.2,115.3,112.8,113.8,1.4,1.5,0.703,1.91,20.4,0.276,0.741,0.509,0.152,0.57,0.6,105.1,104.15,86.79,1386.0,0.506,27.0,16.0,10.0,12.0,27.0,17.0,13.0,15.0,1.0,12.0,1.0,18.0,5.0,10.0,28.0,7.0,8.0,1.0,16.0,Regular Season
houston rockets,2022-23,4,1610612745.0,14.0,2.0,12.0,0.143,48.0,41.4,88.9,0.466,10.1,31.9,0.316,17.1,24.5,0.697,12.5,33.9,46.4,24.0,16.7,6.3,5.3,6.1,20.7,19.6,110.0,-10.3,21.0,29.0,28.0,29.0,17.0,19.0,13.0,23.0,28.0,23.0,30.0,24.0,13.0,30.0,5.0,12.0,7.0,24.0,30.0,24.0,6.0,29.0,22.0,18.0,27.0,29.0,Regular Season,1610612745.0,14.0,2.0,12.0,0.143,672.0,105.8,109.1,118.3,119.5,-12.4,-10.4,0.579,1.44,17.0,0.33,0.739,0.529,0.166,0.522,0.552,102.8,100.71,83.93,1411.0,0.449,21.0,29.0,28.0,29.0,23.0,29.0,28.0,29.0,20.0,30.0,26.0,2.0,6.0,1.0,30.0,25.0,28.0,10.0,29.0,Regular Season
indiana pacers,2022-23,4,1610612754.0,15.0,4.0,11.0,0.267,48.3,40.7,90.9,0.448,11.5,34.7,0.33,21.7,26.6,0.817,11.6,31.3,42.9,24.7,15.5,8.4,6.1,5.8,21.2,21.5,114.5,-6.0,9.0,26.0,27.0,26.0,10.0,25.0,8.0,29.0,21.0,8.0,27.0,2.0,6.0,6.0,6.0,24.0,16.0,20.0,27.0,6.0,2.0,26.0,24.0,4.0,21.0,26.0,Regular Season,1610612754.0,15.0,4.0,11.0,0.267,725.0,107.5,111.4,115.8,117.6,-8.3,-6.2,0.607,1.59,17.1,0.323,0.683,0.498,0.151,0.511,0.558,104.6,101.93,84.94,1542.0,0.463,9.0,26.0,27.0,26.0,13.0,25.0,22.0,26.0,12.0,28.0,24.0,4.0,28.0,16.0,26.0,30.0,26.0,7.0,27.0,Regular Season
la clippers,2022-23,4,1610612746.0,16.0,8.0,8.0,0.5,48.0,40.8,86.3,0.473,12.3,32.2,0.381,18.9,23.9,0.793,10.8,31.6,42.4,22.6,12.0,7.1,4.4,4.6,18.6,17.9,112.8,-0.4,1.0,11.0,19.0,16.0,17.0,24.0,22.0,17.0,13.0,21.0,11.0,15.0,16.0,13.0,13.0,21.0,20.0,27.0,4.0,18.0,17.0,17.0,6.0,29.0,24.0,21.0,Regular Season,1610612746.0,16.0,8.0,8.0,0.5,768.0,115.1,117.4,116.5,117.6,-1.4,-0.2,0.554,1.89,17.0,0.295,0.732,0.507,0.125,0.544,0.583,97.6,96.19,80.16,1538.0,0.49,1.0,11.0,19.0,16.0,6.0,9.0,21.0,20.0,27.0,14.0,25.0,11.0,8.0,12.0,6.0,16.0,16.0,26.0,23.0,Regular Season
los angeles lakers,2022-23,4,1610612747.0,16.0,9.0,7.0,0.563,49.3,44.1,92.0,0.48,10.8,32.3,0.335,20.4,27.3,0.746,9.8,35.6,45.4,25.1,12.6,6.6,4.1,6.6,19.1,21.8,119.4,-0.1,1.0,8.0,13.0,11.0,1.0,5.0,5.0,12.0,26.0,20.0,24.0,7.0,3.0,26.0,21.0,4.0,10.0,16.0,7.0,21.0,23.0,30.0,12.0,2.0,7.0,20.0,Regular Season,1610612747.0,16.0,9.0,7.0,0.563,788.0,111.9,115.1,113.2,115.1,-1.3,0.0,0.569,2.0,17.6,0.272,0.718,0.497,0.121,0.538,0.574,103.5,101.18,84.31,1660.0,0.507,1.0,8.0,13.0,11.0,1.0,18.0,14.0,19.0,25.0,6.0,22.0,19.0,12.0,17.0,4.0,19.0,20.0,8.0,15.0,Regular Season
memphis grizzlies,2022-23,4,1610612763.0,15.0,10.0,5.0,0.667,48.0,44.9,94.9,0.473,11.3,32.3,0.348,18.5,26.1,0.711,13.8,34.1,47.9,26.0,13.7,9.9,5.9,5.9,19.9,20.9,119.7,4.9,9.0,5.0,3.0,5.0,17.0,3.0,1.0,16.0,22.0,19.0,22.0,17.0,8.0,29.0,1.0,9.0,2.0,11.0,15.0,1.0,4.0,27.0,17.0,6.0,6.0,4.0,Regular Season,1610612763.0,15.0,10.0,5.0,0.667,720.0,112.6,115.6,107.8,110.9,4.8,4.7,0.579,1.9,17.7,0.338,0.709,0.519,0.132,0.533,0.562,106.4,103.53,86.28,1553.0,0.516,9.0,5.0,3.0,5.0,17.0,14.0,2.0,4.0,21.0,13.0,21.0,1.0,19.0,4.0,13.0,21.0,24.0,3.0,7.0,Regular Season
miami heat,2022-23,4,1610612748.0,15.0,10.0,5.0,0.667,48.0,38.9,86.2,0.452,10.2,31.7,0.322,19.1,23.2,0.822,11.2,32.5,43.7,22.6,13.5,9.0,2.5,3.5,17.4,19.3,107.1,2.7,9.0,5.0,3.0,5.0,17.0,29.0,23.0,28.0,27.0,25.0,29.0,14.0,21.0,4.0,8.0,15.0,13.0,28.0,14.0,2.0,30.0,2.0,1.0,19.0,30.0,9.0,Regular Season,1610612748.0,15.0,10.0,5.0,0.667,720.0,108.5,111.4,106.4,108.9,2.1,2.5,0.58,1.67,16.9,0.305,0.769,0.525,0.141,0.511,0.556,98.5,96.07,80.06,1443.0,0.513,9.0,5.0,3.0,5.0,17.0,26.0,1.0,12.0,19.0,25.0,28.0,8.0,1.0,3.0,18.0,29.0,27.0,27.0,10.0,Regular Season
milwaukee bucks,2022-23,4,1610612749.0,16.0,11.0,5.0,0.688,48.3,42.5,91.5,0.464,17.3,44.6,0.388,14.8,19.9,0.743,11.2,37.4,48.6,25.6,15.2,7.4,4.4,3.7,17.4,16.8,117.1,2.1,1.0,2.0,3.0,3.0,14.0,13.0,7.0,24.0,2.0,2.0,9.0,30.0,30.0,27.0,9.0,1.0,1.0,15.0,25.0,13.0,17.0,3.0,2.0,30.0,11.0,13.0,Regular Season,1610612749.0,16.0,11.0,5.0,0.688,773.0,112.3,113.9,110.3,111.7,2.0,2.1,0.601,1.68,17.9,0.283,0.724,0.509,0.148,0.559,0.584,103.6,102.27,85.23,1646.0,0.507,1.0,2.0,3.0,3.0,3.0,22.0,5.0,14.0,16.0,24.0,18.0,14.0,11.0,9.0,23.0,13.0,15.0,5.0,14.0,Regular Season
minnesota timberwolves,2022-23,4,1610612750.0,16.0,11.0,5.0,0.688,48.3,42.8,85.4,0.5,13.3,34.3,0.389,17.8,23.4,0.762,8.8,30.4,39.1,25.1,15.8,8.5,5.3,4.1,21.9,19.1,116.6,3.6,1.0,2.0,3.0,3.0,14.0,12.0,26.0,5.0,8.0,9.0,8.0,19.0,17.0,20.0,25.0,27.0,29.0,16.0,28.0,4.0,7.0,8.0,28.0,22.0,12.0,5.0,Regular Season,1610612750.0,16.0,11.0,5.0,0.688,773.0,113.5,115.5,109.4,112.0,4.1,3.5,0.588,1.59,18.2,0.27,0.68,0.481,0.157,0.578,0.609,102.4,100.32,83.6,1616.0,0.511,1.0,2.0,3.0,3.0,3.0,15.0,7.0,5.0,17.0,27.0,13.0,20.0,29.0,27.0,29.0,4.0,5.0,13.0,12.0,Regular Season
new orleans pelicans,2022-23,4,1610612740.0,16.0,3.0,13.0,0.188,48.0,40.6,86.6,0.469,10.1,30.5,0.33,17.8,23.3,0.766,9.7,32.0,41.7,24.4,14.8,8.1,4.3,4.7,20.8,19.8,109.0,-6.6,1.0,27.0,29.0,28.0,17.0,27.0,21.0,19.0,29.0,26.0,28.0,19.0,19.0,18.0,22.0,20.0,22.0,21.0,23.0,10.0,21.0,18.0,23.0,16.0,28.0,27.0,Regular Season,1610612740.0,16.0,3.0,13.0,0.188,768.0,107.0,109.5,114.4,116.3,-7.3,-6.7,0.602,1.66,17.8,0.279,0.743,0.505,0.148,0.527,0.563,101.5,99.47,82.89,1592.0,0.468,1.0,27.0,29.0,28.0,6.0,28.0,19.0,27.0,14.0,26.0,19.0,17.0,3.0,13.0,24.0,24.0,23.0,19.0,26.0,Regular Season
new york knicks,2022-23,4,1610612752.0,15.0,8.0,7.0,0.533,49.0,41.2,88.8,0.464,11.9,33.6,0.355,20.0,26.3,0.761,13.5,34.0,47.5,20.4,11.3,4.9,4.0,4.3,19.0,20.9,114.3,0.0,9.0,11.0,13.0,14.0,3.0,21.0,14.0,25.0,16.0,12.0,20.0,9.0,7.0,21.0,2.0,10.0,3.0,30.0,2.0,29.0,24.0,13.0,10.0,6.0,22.0,19.0,Regular Season,1610612752.0,15.0,8.0,7.0,0.533,735.0,116.6,117.8,114.9,118.1,1.7,-0.3,0.495,1.81,15.2,0.327,0.701,0.515,0.116,0.531,0.57,96.8,94.96,79.13,1456.0,0.498,9.0,11.0,13.0,14.0,9.0,8.0,25.0,21.0,30.0,20.0,30.0,3.0,23.0,7.0,2.0,22.0,21.0,30.0,20.0,Regular Season
oklahoma city thunder,2022-23,4,1610612760.0,14.0,9.0,5.0,0.643,48.0,45.4,91.8,0.495,13.2,32.4,0.407,17.1,21.3,0.802,10.6,32.1,42.8,26.1,12.1,8.3,4.5,4.7,21.9,19.1,121.1,7.7,21.0,8.0,3.0,8.0,17.0,2.0,6.0,9.0,10.0,18.0,1.0,24.0,28.0,10.0,15.0,19.0,18.0,10.0,5.0,7.0,16.0,19.0,26.0,21.0,4.0,2.0,Regular Season,1610612760.0,14.0,9.0,5.0,0.643,672.0,118.0,119.8,110.6,112.1,7.4,7.6,0.574,2.15,18.5,0.286,0.696,0.492,0.12,0.567,0.599,102.6,101.14,84.29,1416.0,0.529,21.0,8.0,3.0,8.0,23.0,3.0,9.0,2.0,24.0,3.0,11.0,13.0,27.0,22.0,3.0,9.0,10.0,9.0,3.0,Regular Season
orlando magic,2022-23,4,1610612753.0,14.0,7.0,7.0,0.5,48.0,41.1,84.4,0.486,12.1,31.7,0.381,21.0,27.0,0.778,8.4,32.4,40.7,24.7,13.9,7.5,4.1,4.4,19.0,20.6,115.2,-0.9,21.0,16.0,13.0,16.0,17.0,23.0,27.0,11.0,15.0,24.0,10.0,5.0,5.0,16.0,26.0,17.0,24.0,19.0,17.0,12.0,22.0,15.0,10.0,11.0,17.0,22.0,Regular Season,1610612753.0,14.0,7.0,7.0,0.5,672.0,113.2,115.4,113.1,115.8,0.1,-0.4,0.602,1.78,18.2,0.25,0.716,0.488,0.139,0.558,0.598,102.2,100.04,83.36,1398.0,0.497,21.0,16.0,13.0,16.0,23.0,16.0,17.0,22.0,15.0,21.0,15.0,27.0,15.0,24.0,16.0,14.0,11.0,14.0,21.0,Regular Season
philadelphia 76ers,2022-23,4,1610612755.0,14.0,11.0,3.0,0.786,48.4,43.4,87.4,0.497,13.5,34.1,0.396,21.2,25.1,0.844,10.0,31.0,41.0,27.2,13.0,7.3,4.9,5.1,20.6,19.6,121.6,3.4,21.0,2.0,1.0,1.0,8.0,9.0,19.0,7.0,7.0,10.0,5.0,4.0,10.0,1.0,19.0,25.0,23.0,3.0,11.0,14.0,12.0,24.0,21.0,17.0,3.0,6.0,Regular Season,1610612755.0,14.0,11.0,3.0,0.786,677.0,119.8,121.3,115.1,118.0,4.7,3.3,0.627,2.09,19.4,0.283,0.726,0.504,0.13,0.574,0.617,101.4,99.47,82.9,1403.0,0.514,21.0,2.0,1.0,1.0,21.0,2.0,24.0,6.0,6.0,4.0,4.0,15.0,10.0,14.0,11.0,5.0,2.0,18.0,9.0,Regular Season
phoenix suns,2022-23,4,1610612756.0,15.0,7.0,8.0,0.467,48.3,39.2,88.2,0.444,11.8,30.0,0.393,17.5,21.7,0.804,11.3,34.7,45.9,27.2,15.0,6.3,4.3,3.9,19.8,19.9,107.7,-2.5,9.0,16.0,19.0,21.0,10.0,28.0,15.0,30.0,18.0,28.0,6.0,22.0,26.0,9.0,7.0,8.0,9.0,4.0,24.0,25.0,19.0,7.0,15.0,15.0,29.0,23.0,Regular Season,1610612756.0,15.0,7.0,8.0,0.467,725.0,106.1,108.6,107.9,110.9,-1.8,-2.3,0.694,1.81,19.3,0.294,0.727,0.511,0.151,0.511,0.551,101.1,98.55,82.12,1487.0,0.495,9.0,16.0,19.0,21.0,13.0,30.0,3.0,23.0,2.0,19.0,7.0,12.0,9.0,8.0,27.0,28.0,29.0,22.0,22.0,Regular Season
portland trail blazers,2022-23,4,1610612757.0,15.0,6.0,9.0,0.4,48.0,41.5,83.8,0.496,12.9,35.5,0.365,22.3,27.5,0.813,8.3,31.5,39.8,24.2,14.2,6.5,4.9,4.2,21.9,21.7,118.3,0.9,9.0,23.0,22.0,23.0,17.0,18.0,29.0,8.0,12.0,6.0,17.0,1.0,2.0,7.0,27.0,22.0,28.0,23.0,20.0,22.0,9.0,11.0,27.0,3.0,8.0,17.0,Regular Season,1610612757.0,15.0,6.0,9.0,0.4,720.0,116.3,119.0,116.4,118.3,-0.1,0.7,0.583,1.7,18.0,0.262,0.717,0.495,0.143,0.573,0.617,101.3,99.3,82.75,1491.0,0.499,9.0,23.0,22.0,23.0,17.0,5.0,26.0,17.0,18.0,23.0,16.0,23.0,14.0,20.0,20.0,6.0,3.0,21.0,18.0,Regular Season
sacramento kings,2022-23,4,1610612758.0,15.0,9.0,6.0,0.6,48.3,44.1,88.1,0.501,14.1,35.5,0.397,20.0,24.2,0.826,10.0,32.8,42.8,27.2,13.3,6.5,3.5,3.9,18.5,21.0,122.3,6.2,9.0,8.0,10.0,10.0,10.0,4.0,16.0,4.0,5.0,6.0,4.0,9.0,15.0,3.0,19.0,14.0,17.0,4.0,13.0,22.0,29.0,6.0,5.0,5.0,2.0,3.0,Regular Season,1610612758.0,15.0,9.0,6.0,0.6,725.0,119.9,121.8,112.4,115.7,7.4,6.2,0.616,2.05,19.4,0.281,0.707,0.501,0.132,0.581,0.619,102.0,99.71,83.09,1506.0,0.534,9.0,8.0,10.0,10.0,13.0,1.0,16.0,3.0,9.0,5.0,5.0,16.0,20.0,15.0,14.0,2.0,1.0,17.0,2.0,Regular Season
san antonio spurs,2022-23,4,1610612759.0,15.0,2.0,13.0,0.133,48.3,44.1,94.3,0.467,9.5,28.3,0.334,16.7,22.1,0.758,12.5,31.3,43.9,27.2,13.7,6.2,3.6,6.1,19.1,18.5,114.3,-12.3,9.0,29.0,29.0,30.0,10.0,6.0,2.0,22.0,30.0,30.0,25.0,28.0,24.0,22.0,4.0,23.0,12.0,4.0,16.0,27.0,27.0,28.0,13.0,24.0,22.0,30.0,Regular Season,1610612759.0,15.0,2.0,13.0,0.133,725.0,108.6,110.9,121.1,123.4,-12.5,-12.5,0.617,1.98,18.6,0.309,0.71,0.496,0.133,0.517,0.549,104.2,102.19,85.16,1547.0,0.444,9.0,29.0,29.0,30.0,13.0,27.0,30.0,30.0,8.0,8.0,8.0,6.0,18.0,18.0,15.0,27.0,30.0,6.0,30.0,Regular Season
toronto raptors,2022-23,4,1610612761.0,16.0,7.0,9.0,0.438,48.6,42.3,92.6,0.457,11.7,34.1,0.343,19.8,25.1,0.789,13.1,29.8,42.9,24.4,10.4,8.5,5.8,4.2,20.1,20.7,116.1,1.4,1.0,16.0,22.0,22.0,7.0,15.0,4.0,26.0,19.0,11.0,23.0,11.0,11.0,14.0,3.0,30.0,15.0,22.0,1.0,4.0,5.0,10.0,18.0,10.0,13.0,16.0,Regular Season,1610612761.0,16.0,7.0,9.0,0.438,778.0,115.1,117.3,113.8,116.1,1.2,1.2,0.576,2.35,17.4,0.316,0.702,0.494,0.105,0.52,0.56,99.6,97.63,81.36,1584.0,0.499,1.0,16.0,22.0,22.0,2.0,10.0,18.0,16.0,22.0,1.0,23.0,5.0,22.0,21.0,1.0,26.0,25.0,25.0,19.0,Regular Season
utah jazz,2022-23,4,1610612762.0,13.0,7.0,6.0,0.538,48.0,42.0,87.6,0.479,14.2,38.3,0.369,20.1,25.2,0.796,11.1,35.2,46.3,25.6,14.6,6.2,5.2,5.0,19.7,20.7,118.2,2.8,27.0,16.0,10.0,12.0,17.0,17.0,17.0,13.0,4.0,4.0,14.0,8.0,9.0,12.0,10.0,7.0,8.0,14.0,22.0,26.0,8.0,23.0,14.0,8.0,9.0,8.0,Regular Season,1610612762.0,13.0,7.0,6.0,0.538,624.0,115.6,118.6,114.3,115.6,1.3,3.0,0.61,1.75,18.3,0.307,0.738,0.528,0.147,0.56,0.599,101.6,99.77,83.14,1296.0,0.52,27.0,16.0,10.0,12.0,28.0,6.0,15.0,8.0,10.0,22.0,12.0,7.0,7.0,2.0,21.0,11.0,9.0,16.0,6.0,Regular Season
washington wizards,2022-23,4,1610612764.0,13.0,8.0,5.0,0.615,48.0,42.3,89.1,0.475,11.8,32.5,0.365,19.5,24.4,0.801,10.8,35.8,46.6,26.2,13.9,6.7,4.8,5.6,18.9,20.5,116.0,2.6,27.0,11.0,3.0,9.0,17.0,16.0,12.0,14.0,17.0,17.0,16.0,12.0,14.0,11.0,14.0,2.0,5.0,8.0,18.0,20.0,13.0,25.0,8.0,12.0,14.0,10.0,Regular Season,1610612764.0,13.0,8.0,5.0,0.615,624.0,112.7,116.1,111.3,113.3,1.3,2.8,0.618,1.88,18.6,0.301,0.715,0.516,0.139,0.541,0.581,102.4,100.0,83.33,1299.0,0.523,27.0,11.0,3.0,9.0,28.0,11.0,12.0,10.0,7.0,15.0,10.0,10.0,16.0,6.0,17.0,17.0,17.0,15.0,5.0,Regular Season
atlanta hawks,2022-23,5,1610612737.0,11.0,6.0,5.0,0.545,48.0,45.6,93.9,0.486,11.5,29.8,0.387,17.5,21.3,0.821,11.7,33.7,45.5,26.2,12.2,6.6,5.5,5.0,18.4,18.5,120.3,2.5,5.0,9.0,10.0,10.0,17.0,2.0,2.0,8.0,15.0,24.0,5.0,19.0,24.0,9.0,7.0,11.0,7.0,7.0,4.0,23.0,4.0,23.0,6.0,23.0,4.0,10.0,Regular Season,1610612737.0,11.0,6.0,5.0,0.545,528.0,116.0,118.0,114.4,115.6,1.6,2.4,0.574,2.15,18.4,0.294,0.724,0.506,0.12,0.547,0.582,103.4,101.91,84.92,1121.0,0.51,5.0,9.0,10.0,10.0,14.0,9.0,19.0,11.0,25.0,3.0,9.0,9.0,15.0,13.0,2.0,14.0,14.0,6.0,11.0,Regular Season
boston celtics,2022-23,5,1610612738.0,11.0,8.0,3.0,0.727,48.9,42.7,87.5,0.488,18.0,43.8,0.411,14.2,17.9,0.792,9.2,37.2,46.4,26.2,13.1,5.5,4.6,4.1,19.7,17.8,117.6,6.8,5.0,4.0,3.0,4.0,4.0,10.0,18.0,6.0,1.0,1.0,1.0,29.0,30.0,13.0,22.0,3.0,4.0,7.0,12.0,27.0,12.0,11.0,14.0,28.0,10.0,4.0,Regular Season,1610612738.0,11.0,8.0,3.0,0.727,538.0,118.4,118.5,110.0,111.9,8.4,6.6,0.613,2.0,19.2,0.238,0.782,0.517,0.132,0.591,0.616,98.2,97.29,81.08,1092.0,0.528,5.0,4.0,3.0,4.0,5.0,7.0,11.0,4.0,7.0,7.0,6.0,27.0,2.0,8.0,14.0,1.0,3.0,25.0,6.0,Regular Season
brooklyn nets,2022-23,5,1610612751.0,11.0,3.0,8.0,0.273,48.0,38.1,84.2,0.452,13.2,36.5,0.361,20.0,23.9,0.837,7.3,31.0,38.3,22.3,12.5,7.1,4.4,3.3,21.6,18.3,109.4,-10.2,5.0,27.0,27.0,27.0,17.0,28.0,27.0,27.0,10.0,8.0,13.0,11.0,17.0,3.0,30.0,24.0,29.0,28.0,6.0,19.0,16.0,3.0,27.0,26.0,26.0,28.0,Regular Season,1610612751.0,11.0,3.0,8.0,0.273,528.0,109.4,110.2,118.0,120.8,-8.6,-10.6,0.585,1.78,17.0,0.204,0.704,0.452,0.126,0.531,0.577,100.6,99.14,82.61,1092.0,0.452,5.0,27.0,27.0,27.0,14.0,24.0,28.0,28.0,21.0,20.0,25.0,30.0,22.0,30.0,9.0,21.0,17.0,19.0,28.0,Regular Season
charlotte hornets,2022-23,5,1610612766.0,11.0,5.0,6.0,0.455,48.0,42.5,89.1,0.478,10.9,31.4,0.348,18.4,24.7,0.743,9.7,34.3,44.0,24.9,14.0,9.3,5.2,5.4,18.9,19.9,114.4,-2.5,5.0,13.0,14.0,15.0,17.0,12.0,13.0,16.0,19.0,18.0,18.0,16.0,12.0,26.0,19.0,8.0,13.0,14.0,18.0,2.0,8.0,24.0,8.0,17.0,17.0,22.0,Regular Season,1610612766.0,11.0,5.0,6.0,0.455,528.0,109.7,111.1,111.1,112.9,-1.4,-1.8,0.585,1.78,17.8,0.251,0.704,0.481,0.136,0.539,0.572,104.7,103.18,85.98,1132.0,0.495,5.0,13.0,14.0,15.0,14.0,23.0,13.0,21.0,20.0,19.0,17.0,23.0,23.0,26.0,15.0,16.0,20.0,3.0,20.0,Regular Season
chicago bulls,2022-23,5,1610612741.0,12.0,5.0,7.0,0.417,48.0,40.8,83.8,0.487,8.7,27.3,0.318,17.3,21.8,0.79,8.6,35.8,44.4,23.5,14.4,7.2,3.8,4.2,17.8,18.9,107.4,3.9,1.0,13.0,24.0,21.0,17.0,24.0,28.0,7.0,30.0,30.0,26.0,21.0,20.0,14.0,26.0,4.0,10.0,23.0,19.0,17.0,23.0,12.0,4.0,22.0,28.0,7.0,Regular Season,1610612741.0,12.0,5.0,7.0,0.417,576.0,108.3,110.0,104.4,105.4,3.9,4.5,0.577,1.63,17.7,0.25,0.76,0.517,0.148,0.538,0.575,99.2,97.92,81.6,1172.0,0.532,1.0,13.0,24.0,21.0,4.0,26.0,2.0,6.0,24.0,24.0,18.0,24.0,4.0,7.0,23.0,17.0,18.0,24.0,4.0,Regular Season
cleveland cavaliers,2022-23,5,1610612739.0,11.0,8.0,3.0,0.727,48.0,43.5,85.2,0.51,11.1,30.8,0.36,17.2,20.9,0.822,10.1,31.0,41.1,26.8,13.1,8.6,5.0,4.5,18.1,20.2,115.2,9.8,5.0,4.0,3.0,4.0,17.0,8.0,26.0,3.0,18.0,20.0,14.0,22.0,26.0,8.0,17.0,24.0,24.0,6.0,12.0,6.0,9.0,17.0,5.0,14.0,15.0,2.0,Regular Season,1610612739.0,11.0,8.0,3.0,0.727,528.0,118.3,119.9,107.0,109.5,11.3,10.3,0.617,2.05,19.9,0.284,0.707,0.503,0.136,0.575,0.61,97.9,96.14,80.11,1057.0,0.556,5.0,4.0,3.0,4.0,14.0,2.0,5.0,2.0,6.0,5.0,4.0,12.0,20.0,14.0,17.0,7.0,7.0,28.0,2.0,Regular Season
dallas mavericks,2022-23,5,1610612742.0,11.0,5.0,6.0,0.455,48.5,41.9,86.3,0.486,16.3,41.4,0.393,19.0,24.5,0.777,8.8,30.8,39.6,24.8,12.4,6.6,3.2,3.8,20.9,20.7,119.1,2.7,5.0,13.0,14.0,15.0,8.0,18.0,22.0,9.0,3.0,4.0,4.0,12.0,13.0,15.0,25.0,26.0,27.0,15.0,5.0,23.0,25.0,9.0,23.0,12.0,7.0,9.0,Regular Season,1610612742.0,11.0,5.0,6.0,0.455,533.0,118.4,119.7,116.5,117.2,1.9,2.5,0.592,2.01,18.3,0.242,0.756,0.49,0.124,0.58,0.614,99.3,98.43,82.03,1094.0,0.489,5.0,13.0,14.0,15.0,7.0,4.0,24.0,10.0,15.0,6.0,10.0,26.0,5.0,21.0,4.0,5.0,5.0,21.0,22.0,Regular Season
denver nuggets,2022-23,5,1610612743.0,12.0,9.0,3.0,0.75,48.4,45.8,87.8,0.521,12.0,32.4,0.37,16.1,20.8,0.775,9.3,34.6,43.9,32.0,14.4,7.8,4.4,4.8,17.6,18.0,119.6,6.3,1.0,2.0,3.0,3.0,15.0,1.0,17.0,1.0,13.0,16.0,11.0,25.0,27.0,16.0,21.0,7.0,14.0,1.0,19.0,11.0,14.0,21.0,3.0,27.0,5.0,5.0,Regular Season,1610612743.0,12.0,9.0,3.0,0.75,581.0,117.3,118.6,110.4,112.6,6.9,6.0,0.699,2.22,22.1,0.272,0.753,0.524,0.143,0.59,0.617,101.4,99.84,83.2,1210.0,0.543,1.0,2.0,3.0,3.0,2.0,6.0,12.0,5.0,1.0,2.0,1.0,18.0,6.0,4.0,21.0,3.0,2.0,14.0,3.0,Regular Season
detroit pistons,2022-23,5,1610612765.0,10.0,2.0,8.0,0.2,49.0,39.2,87.2,0.45,10.4,32.3,0.322,18.2,24.1,0.755,10.5,32.5,43.0,23.5,15.6,6.8,4.5,4.3,23.1,21.6,107.0,-7.9,23.0,28.0,27.0,28.0,3.0,27.0,19.0,29.0,22.0,17.0,23.0,17.0,15.0,24.0,12.0,17.0,17.0,23.0,28.0,21.0,13.0,14.0,30.0,5.0,29.0,27.0,Regular Season,1610612765.0,10.0,2.0,8.0,0.2,490.0,104.0,106.5,111.2,114.0,-7.2,-7.5,0.599,1.51,17.0,0.281,0.699,0.488,0.155,0.509,0.547,101.0,98.6,82.16,1005.0,0.453,23.0,28.0,27.0,28.0,24.0,29.0,16.0,27.0,12.0,28.0,24.0,14.0,25.0,23.0,27.0,26.0,26.0,20.0,27.0,Regular Season
golden state warriors,2022-23,5,1610612744.0,12.0,6.0,6.0,0.5,48.4,44.2,90.4,0.488,17.1,41.7,0.41,14.1,18.3,0.768,10.3,33.5,43.8,30.0,15.3,7.2,3.2,3.8,21.3,17.3,119.5,2.2,1.0,9.0,14.0,12.0,15.0,4.0,7.0,5.0,2.0,3.0,2.0,30.0,29.0,20.0,15.0,14.0,15.0,2.0,25.0,17.0,27.0,8.0,26.0,29.0,6.0,11.0,Regular Season,1610612744.0,12.0,6.0,6.0,0.5,581.0,115.5,117.8,113.7,115.1,1.7,2.7,0.679,1.97,20.7,0.273,0.728,0.5,0.15,0.583,0.607,102.4,100.79,83.99,1217.0,0.503,1.0,9.0,14.0,12.0,2.0,10.0,18.0,9.0,2.0,9.0,2.0,17.0,13.0,16.0,24.0,4.0,8.0,11.0,15.0,Regular Season
houston rockets,2022-23,5,1610612745.0,11.0,1.0,10.0,0.091,48.0,40.5,89.5,0.453,8.8,28.3,0.312,20.5,26.6,0.768,13.2,31.4,44.5,23.9,15.2,6.7,5.4,5.5,20.8,20.3,110.4,-15.0,5.0,29.0,29.0,29.0,17.0,25.0,11.0,26.0,29.0,28.0,30.0,9.0,3.0,21.0,3.0,23.0,9.0,22.0,24.0,22.0,7.0,26.0,22.0,13.0,24.0,30.0,Regular Season,1610612745.0,11.0,1.0,10.0,0.091,528.0,106.9,110.2,124.2,125.9,-17.4,-15.8,0.59,1.57,16.9,0.347,0.735,0.527,0.152,0.502,0.545,102.1,99.86,83.22,1102.0,0.427,5.0,29.0,29.0,29.0,14.0,25.0,30.0,30.0,18.0,26.0,26.0,1.0,8.0,3.0,26.0,29.0,28.0,13.0,30.0,Regular Season
indiana pacers,2022-23,5,1610612754.0,11.0,4.0,7.0,0.364,48.5,42.3,88.7,0.476,14.4,38.2,0.376,16.2,21.2,0.764,9.0,30.4,39.4,28.2,13.2,7.5,5.5,4.8,20.4,19.2,115.1,-3.6,5.0,22.0,24.0,25.0,8.0,15.0,15.0,17.0,6.0,6.0,7.0,24.0,25.0,22.0,23.0,28.0,28.0,3.0,14.0,14.0,4.0,20.0,19.0,19.0,16.0,24.0,Regular Season,1610612754.0,11.0,4.0,7.0,0.364,533.0,112.6,114.9,116.9,118.7,-4.3,-3.8,0.667,2.14,20.1,0.246,0.674,0.456,0.132,0.557,0.587,101.0,99.15,82.63,1102.0,0.481,5.0,22.0,24.0,25.0,7.0,15.0,26.0,24.0,3.0,4.0,3.0,25.0,29.0,29.0,12.0,12.0,12.0,18.0,24.0,Regular Season
la clippers,2022-23,5,1610612746.0,10.0,4.0,6.0,0.4,50.0,43.4,89.5,0.485,14.0,34.6,0.405,21.5,25.8,0.833,8.3,33.6,41.9,24.6,13.5,8.5,4.1,3.5,20.1,22.3,122.3,-0.5,23.0,22.0,14.0,22.0,1.0,9.0,12.0,10.0,7.0,13.0,3.0,4.0,8.0,4.0,28.0,12.0,22.0,17.0,16.0,7.0,20.0,6.0,17.0,3.0,2.0,19.0,Regular Season,1610612746.0,10.0,4.0,6.0,0.4,500.0,115.3,116.8,115.9,117.2,-0.6,-0.4,0.567,1.82,17.6,0.23,0.747,0.489,0.129,0.563,0.606,101.7,100.56,83.8,1047.0,0.498,23.0,22.0,14.0,22.0,23.0,12.0,23.0,18.0,26.0,17.0,21.0,29.0,7.0,22.0,10.0,10.0,9.0,12.0,17.0,Regular Season
los angeles lakers,2022-23,5,1610612747.0,10.0,5.0,5.0,0.5,48.0,42.6,89.6,0.475,10.3,30.0,0.343,20.7,27.9,0.742,11.4,38.6,50.0,26.1,14.8,5.9,4.7,4.7,17.5,20.9,116.2,0.0,23.0,13.0,10.0,12.0,17.0,11.0,10.0,18.0,24.0,22.0,20.0,8.0,2.0,27.0,8.0,2.0,2.0,9.0,22.0,26.0,11.0,19.0,2.0,11.0,12.0,17.0,Regular Season,1610612747.0,10.0,5.0,5.0,0.5,480.0,110.4,111.4,109.6,111.2,0.8,0.2,0.613,1.76,18.0,0.281,0.73,0.515,0.142,0.533,0.57,105.7,104.4,87.0,1043.0,0.51,23.0,13.0,10.0,12.0,27.0,21.0,7.0,17.0,8.0,22.0,13.0,13.0,11.0,9.0,20.0,20.0,21.0,1.0,12.0,Regular Season
memphis grizzlies,2022-23,5,1610612763.0,10.0,5.0,5.0,0.5,48.0,42.3,90.2,0.469,10.4,32.6,0.319,17.4,22.8,0.763,10.3,33.8,44.1,24.4,12.6,9.3,6.4,5.7,20.1,18.3,112.4,2.9,23.0,13.0,10.0,12.0,17.0,14.0,9.0,20.0,22.0,15.0,24.0,20.0,19.0,23.0,13.0,9.0,12.0,20.0,8.0,1.0,2.0,28.0,17.0,25.0,19.0,8.0,Regular Season,1610612763.0,10.0,5.0,5.0,0.5,480.0,109.6,111.2,104.8,107.8,4.8,3.4,0.577,1.94,17.7,0.255,0.699,0.48,0.125,0.527,0.561,103.5,101.35,84.46,1011.0,0.516,23.0,13.0,10.0,12.0,27.0,22.0,3.0,8.0,23.0,11.0,19.0,22.0,26.0,27.0,5.0,23.0,23.0,8.0,9.0,Regular Season
miami heat,2022-23,5,1610612748.0,10.0,4.0,6.0,0.4,48.5,37.0,85.4,0.433,10.6,33.9,0.313,20.9,25.1,0.833,10.3,30.7,41.0,22.3,12.6,7.7,3.8,3.3,19.9,21.0,105.5,-4.6,23.0,22.0,14.0,22.0,6.0,30.0,25.0,30.0,21.0,14.0,29.0,6.0,10.0,5.0,13.0,27.0,25.0,27.0,8.0,13.0,21.0,4.0,15.0,8.0,30.0,26.0,Regular Season,1610612748.0,10.0,4.0,6.0,0.4,485.0,106.8,108.8,111.0,112.9,-4.1,-4.2,0.603,1.77,16.8,0.277,0.723,0.49,0.13,0.495,0.547,98.0,96.25,80.21,970.0,0.474,23.0,22.0,14.0,22.0,25.0,28.0,14.0,25.0,11.0,21.0,27.0,15.0,17.0,20.0,11.0,30.0,27.0,27.0,25.0,Regular Season
milwaukee bucks,2022-23,5,1610612749.0,10.0,10.0,0.0,1.0,48.5,44.0,91.9,0.479,15.0,42.2,0.355,15.3,21.5,0.712,10.1,41.9,52.0,24.5,12.9,5.5,3.8,3.6,18.9,19.7,118.3,11.4,23.0,1.0,1.0,1.0,6.0,6.0,5.0,15.0,4.0,2.0,17.0,28.0,21.0,30.0,16.0,1.0,1.0,18.0,11.0,28.0,21.0,7.0,7.0,18.0,9.0,1.0,Regular Season,1610612749.0,10.0,10.0,0.0,1.0,485.0,113.6,115.2,103.2,104.6,10.4,10.6,0.557,1.9,17.4,0.274,0.789,0.542,0.126,0.56,0.584,102.8,101.39,84.49,1027.0,0.561,23.0,1.0,1.0,1.0,25.0,13.0,1.0,1.0,29.0,13.0,22.0,16.0,1.0,1.0,7.0,11.0,13.0,7.0,1.0,Regular Season
minnesota timberwolves,2022-23,5,1610612750.0,11.0,5.0,6.0,0.455,48.5,44.1,91.1,0.484,12.9,36.2,0.357,15.6,21.4,0.732,9.4,33.5,42.9,26.0,15.4,7.7,6.2,4.3,20.7,19.2,116.7,-1.2,5.0,13.0,14.0,15.0,8.0,5.0,6.0,11.0,11.0,10.0,15.0,27.0,23.0,28.0,20.0,13.0,19.0,10.0,26.0,12.0,3.0,13.0,21.0,19.0,11.0,20.0,Regular Season,1610612750.0,11.0,5.0,6.0,0.455,533.0,109.6,111.9,112.0,113.2,-2.3,-1.2,0.59,1.69,18.2,0.258,0.723,0.488,0.147,0.555,0.581,104.9,103.25,86.04,1147.0,0.486,5.0,13.0,14.0,15.0,7.0,20.0,15.0,20.0,17.0,23.0,11.0,21.0,18.0,24.0,22.0,13.0,15.0,2.0,23.0,Regular Season
new orleans pelicans,2022-23,5,1610612740.0,10.0,4.0,6.0,0.4,48.0,41.7,86.7,0.481,9.2,28.2,0.326,18.4,23.2,0.793,10.7,32.3,43.0,24.8,13.4,8.3,2.8,4.6,21.7,21.1,111.0,-2.0,23.0,22.0,14.0,22.0,17.0,21.0,21.0,13.0,27.0,29.0,21.0,15.0,18.0,12.0,9.0,18.0,17.0,16.0,15.0,8.0,30.0,18.0,28.0,7.0,22.0,21.0,Regular Season,1610612740.0,10.0,4.0,6.0,0.4,480.0,111.4,112.8,112.4,114.8,-1.0,-2.0,0.595,1.85,18.1,0.287,0.71,0.499,0.136,0.534,0.573,100.1,98.4,82.0,984.0,0.501,23.0,22.0,14.0,22.0,27.0,17.0,17.0,22.0,13.0,15.0,12.0,11.0,19.0,17.0,16.0,19.0,19.0,22.0,16.0,Regular Season
new york knicks,2022-23,5,1610612752.0,11.0,9.0,2.0,0.818,48.5,41.7,86.3,0.484,13.8,37.1,0.373,18.7,25.2,0.744,10.5,35.2,45.7,21.5,12.1,4.9,3.1,4.4,21.2,19.1,116.0,8.0,5.0,2.0,2.0,2.0,8.0,20.0,22.0,12.0,8.0,7.0,10.0,13.0,9.0,25.0,10.0,6.0,6.0,30.0,3.0,29.0,28.0,15.0,25.0,21.0,13.0,3.0,Regular Season,1610612752.0,11.0,9.0,2.0,0.818,533.0,117.3,119.8,109.4,111.4,7.9,8.4,0.516,1.78,16.3,0.299,0.763,0.537,0.125,0.564,0.596,97.9,95.95,79.96,1065.0,0.519,5.0,2.0,2.0,2.0,7.0,3.0,9.0,3.0,30.0,18.0,29.0,8.0,3.0,2.0,6.0,9.0,11.0,29.0,8.0,Regular Season
oklahoma city thunder,2022-23,5,1610612760.0,11.0,4.0,7.0,0.364,48.5,44.0,94.2,0.467,12.8,36.0,0.356,21.3,25.8,0.824,12.4,30.2,42.5,26.0,11.5,9.0,3.0,6.0,20.0,22.5,122.1,1.8,5.0,22.0,24.0,25.0,8.0,6.0,1.0,22.0,12.0,11.0,16.0,5.0,7.0,7.0,5.0,29.0,20.0,10.0,1.0,5.0,29.0,29.0,16.0,1.0,3.0,12.0,Regular Season,1610612760.0,11.0,4.0,7.0,0.364,533.0,116.7,118.2,114.0,116.8,2.6,1.5,0.591,2.27,17.9,0.306,0.672,0.481,0.111,0.535,0.578,104.1,102.17,85.14,1136.0,0.507,5.0,22.0,24.0,25.0,7.0,8.0,20.0,13.0,16.0,1.0,15.0,5.0,30.0,25.0,1.0,18.0,16.0,5.0,14.0,Regular Season
orlando magic,2022-23,5,1610612753.0,11.0,6.0,5.0,0.545,48.5,39.3,86.8,0.452,9.1,28.8,0.315,20.2,26.1,0.774,12.1,32.2,44.3,22.1,15.0,8.1,4.3,5.5,19.6,22.3,107.8,0.1,5.0,9.0,10.0,10.0,8.0,26.0,20.0,28.0,28.0,27.0,27.0,10.0,5.0,18.0,6.0,20.0,11.0,29.0,23.0,9.0,18.0,27.0,12.0,4.0,27.0,16.0,Regular Season,1610612753.0,11.0,6.0,5.0,0.545,533.0,106.5,108.8,106.9,108.2,-0.3,0.6,0.563,1.47,16.2,0.309,0.726,0.51,0.151,0.505,0.548,100.1,98.39,81.99,1090.0,0.496,5.0,9.0,10.0,10.0,7.0,27.0,4.0,16.0,27.0,30.0,30.0,4.0,14.0,11.0,25.0,28.0,25.0,23.0,19.0,Regular Season
philadelphia 76ers,2022-23,5,1610612755.0,11.0,7.0,4.0,0.636,48.0,37.3,79.6,0.468,11.3,30.0,0.376,24.6,29.1,0.847,8.2,32.2,40.4,23.3,12.6,7.2,4.2,3.8,19.3,21.0,110.5,4.0,5.0,8.0,7.0,8.0,17.0,29.0,30.0,21.0,16.0,22.0,9.0,1.0,1.0,2.0,29.0,20.0,26.0,26.0,10.0,16.0,19.0,9.0,10.0,8.0,23.0,6.0,Regular Season,1610612755.0,11.0,7.0,4.0,0.636,528.0,114.0,115.2,110.1,111.7,3.9,3.4,0.624,1.84,17.8,0.262,0.723,0.5,0.132,0.539,0.597,96.8,95.59,79.66,1055.0,0.531,5.0,8.0,7.0,8.0,14.0,14.0,10.0,7.0,5.0,16.0,16.0,20.0,16.0,15.0,13.0,15.0,10.0,30.0,5.0,Regular Season
phoenix suns,2022-23,5,1610612756.0,10.0,6.0,4.0,0.6,48.0,41.7,88.9,0.469,9.3,29.2,0.318,18.7,24.3,0.77,12.5,33.8,46.3,27.1,13.7,9.2,4.4,3.4,21.0,21.2,111.4,1.2,23.0,9.0,7.0,9.0,17.0,21.0,14.0,19.0,26.0,26.0,25.0,14.0,14.0,19.0,4.0,9.0,5.0,5.0,17.0,3.0,15.0,5.0,24.0,6.0,21.0,15.0,Regular Season,1610612756.0,10.0,6.0,4.0,0.6,480.0,110.5,112.0,109.4,111.0,1.1,1.0,0.65,1.98,19.2,0.305,0.733,0.519,0.138,0.521,0.559,100.8,99.4,82.83,995.0,0.524,23.0,9.0,7.0,9.0,27.0,19.0,6.0,14.0,4.0,8.0,7.0,6.0,10.0,5.0,18.0,24.0,24.0,16.0,7.0,Regular Season
portland trail blazers,2022-23,5,1610612757.0,11.0,5.0,6.0,0.455,48.0,41.3,86.0,0.48,14.6,38.9,0.376,21.8,24.9,0.876,8.5,28.0,36.5,24.3,12.5,6.2,4.4,3.2,19.6,21.0,119.0,-4.2,5.0,13.0,14.0,15.0,17.0,23.0,24.0,14.0,5.0,5.0,8.0,2.0,11.0,1.0,27.0,30.0,30.0,21.0,6.0,25.0,16.0,2.0,12.0,8.0,8.0,25.0,Regular Season,1610612757.0,11.0,5.0,6.0,0.455,528.0,117.8,119.5,121.1,123.7,-3.4,-4.2,0.588,1.93,18.0,0.237,0.688,0.459,0.126,0.565,0.614,101.4,99.55,82.95,1095.0,0.47,5.0,13.0,14.0,15.0,14.0,5.0,29.0,26.0,19.0,12.0,14.0,28.0,27.0,28.0,8.0,8.0,6.0,15.0,26.0,Regular Season
sacramento kings,2022-23,5,1610612758.0,12.0,8.0,4.0,0.667,49.3,45.4,88.1,0.516,13.3,36.3,0.366,21.7,26.3,0.825,9.9,32.3,42.2,27.6,14.6,8.0,3.5,2.9,19.2,20.1,125.8,1.3,1.0,4.0,7.0,7.0,2.0,3.0,16.0,2.0,9.0,9.0,12.0,3.0,4.0,6.0,18.0,19.0,21.0,4.0,21.0,10.0,24.0,1.0,9.0,16.0,1.0,14.0,Regular Season,1610612758.0,12.0,8.0,4.0,0.667,591.0,120.6,121.2,118.5,119.4,2.1,1.8,0.607,1.89,19.3,0.264,0.728,0.497,0.141,0.591,0.631,102.0,101.32,84.43,1245.0,0.508,1.0,4.0,7.0,7.0,1.0,1.0,27.0,12.0,9.0,14.0,5.0,19.0,12.0,18.0,19.0,2.0,1.0,9.0,13.0,Regular Season
san antonio spurs,2022-23,5,1610612759.0,11.0,1.0,10.0,0.091,48.9,42.4,92.8,0.456,9.5,29.6,0.322,15.9,20.5,0.774,10.5,32.7,43.3,25.6,16.6,7.5,3.2,6.6,22.3,16.2,110.2,-12.5,5.0,29.0,29.0,29.0,4.0,13.0,3.0,24.0,25.0,25.0,22.0,26.0,28.0,17.0,10.0,15.0,16.0,12.0,30.0,15.0,25.0,30.0,29.0,30.0,25.0,29.0,Regular Season,1610612759.0,11.0,1.0,10.0,0.091,538.0,102.1,104.9,116.0,117.1,-14.0,-12.2,0.605,1.54,17.7,0.29,0.705,0.491,0.158,0.508,0.541,104.9,102.96,85.8,1155.0,0.428,5.0,29.0,29.0,29.0,5.0,30.0,22.0,29.0,10.0,27.0,20.0,10.0,21.0,19.0,28.0,27.0,30.0,4.0,29.0,Regular Season
toronto raptors,2022-23,5,1610612761.0,11.0,8.0,3.0,0.727,48.0,41.9,92.5,0.453,10.6,30.7,0.346,17.2,24.1,0.713,13.3,31.5,44.7,23.4,12.0,9.2,5.5,5.4,20.5,20.1,111.6,1.4,5.0,4.0,3.0,4.0,17.0,18.0,4.0,25.0,20.0,21.0,19.0,22.0,16.0,29.0,2.0,22.0,8.0,25.0,2.0,4.0,4.0,24.0,20.0,15.0,20.0,13.0,Regular Season,1610612761.0,11.0,8.0,3.0,0.727,528.0,109.7,112.2,109.0,111.3,0.7,1.0,0.557,1.95,16.7,0.319,0.733,0.509,0.121,0.511,0.542,101.5,99.27,82.73,1094.0,0.491,5.0,4.0,3.0,4.0,14.0,18.0,8.0,15.0,28.0,10.0,28.0,3.0,9.0,12.0,3.0,25.0,29.0,17.0,21.0,Regular Season
utah jazz,2022-23,5,1610612762.0,11.0,5.0,6.0,0.455,48.5,42.0,90.4,0.465,11.2,35.5,0.315,20.8,26.1,0.798,13.5,35.8,49.4,24.5,16.5,4.5,6.9,4.9,19.5,22.4,116.0,-3.0,5.0,13.0,14.0,15.0,8.0,17.0,8.0,23.0,17.0,12.0,28.0,7.0,5.0,11.0,1.0,5.0,3.0,19.0,29.0,30.0,1.0,22.0,11.0,2.0,13.0,23.0,Regular Season,1610612762.0,11.0,5.0,6.0,0.455,533.0,110.6,113.9,113.8,116.9,-3.1,-2.9,0.582,1.48,17.1,0.34,0.679,0.518,0.163,0.527,0.57,103.7,100.86,84.05,1120.0,0.497,5.0,13.0,14.0,15.0,7.0,16.0,21.0,23.0,22.0,29.0,23.0,2.0,28.0,6.0,30.0,22.0,22.0,10.0,18.0,Regular Season
washington wizards,2022-23,5,1610612764.0,11.0,5.0,6.0,0.455,48.0,42.1,83.2,0.506,12.0,31.0,0.387,17.5,21.5,0.818,9.0,32.7,41.7,25.0,15.4,6.9,4.8,4.4,17.3,18.4,113.7,-0.4,5.0,13.0,14.0,15.0,17.0,16.0,29.0,4.0,13.0,19.0,6.0,18.0,22.0,10.0,23.0,15.0,23.0,13.0,26.0,20.0,10.0,15.0,1.0,24.0,18.0,18.0,Regular Season,1610612764.0,11.0,5.0,6.0,0.455,528.0,114.9,117.7,116.8,118.3,-1.9,-0.6,0.594,1.63,18.6,0.299,0.703,0.513,0.159,0.578,0.614,98.3,96.55,80.45,1063.0,0.513,5.0,13.0,14.0,15.0,14.0,11.0,25.0,19.0,14.0,25.0,8.0,7.0,24.0,10.0,29.0,6.0,4.0,26.0,10.0,Regular Season
atlanta hawks,2022-23,6,1610612737.0,15.0,7.0,8.0,0.467,48.0,45.5,92.9,0.49,10.7,30.2,0.353,20.2,24.7,0.817,13.7,31.8,45.5,25.5,13.0,6.9,4.4,5.3,17.9,19.5,121.9,0.1,12.0,16.0,18.0,19.0,19.0,2.0,2.0,11.0,26.0,28.0,21.0,5.0,8.0,5.0,2.0,22.0,4.0,18.0,11.0,21.0,17.0,23.0,6.0,12.0,3.0,18.0,Regular Season,1610612737.0,15.0,7.0,8.0,0.467,720.0,118.3,119.9,117.8,119.8,0.5,0.1,0.559,1.96,17.7,0.345,0.733,0.53,0.128,0.547,0.587,103.2,101.67,84.72,1525.0,0.494,12.0,16.0,18.0,19.0,18.0,4.0,26.0,18.0,27.0,15.0,25.0,2.0,11.0,2.0,11.0,18.0,15.0,6.0,20.0,Regular Season
boston celtics,2022-23,6,1610612738.0,16.0,10.0,6.0,0.625,48.9,43.6,91.1,0.479,16.6,43.9,0.377,16.9,21.5,0.788,9.5,36.5,46.0,27.4,12.6,7.1,5.1,3.6,18.8,18.9,120.8,9.6,5.0,5.0,7.0,7.0,3.0,8.0,9.0,18.0,1.0,1.0,11.0,21.0,23.0,15.0,21.0,2.0,3.0,10.0,9.0,18.0,9.0,6.0,10.0,20.0,4.0,1.0,Regular Season,1610612738.0,16.0,10.0,6.0,0.625,783.0,116.5,119.0,106.7,109.2,9.8,9.8,0.628,2.17,19.4,0.25,0.734,0.5,0.124,0.57,0.601,101.9,99.65,83.04,1623.0,0.546,5.0,5.0,7.0,7.0,5.0,6.0,2.0,1.0,11.0,8.0,10.0,26.0,10.0,16.0,7.0,8.0,10.0,14.0,1.0,Regular Season
brooklyn nets,2022-23,6,1610612751.0,16.0,8.0,8.0,0.5,48.3,40.2,87.8,0.458,13.8,37.8,0.364,19.8,24.2,0.817,10.1,31.8,41.9,25.0,12.7,7.5,5.5,4.4,19.0,19.2,113.9,1.9,5.0,14.0,18.0,15.0,13.0,25.0,15.0,27.0,8.0,6.0,16.0,7.0,9.0,6.0,15.0,21.0,24.0,21.0,10.0,11.0,5.0,17.0,11.0,14.0,21.0,13.0,Regular Season,1610612751.0,16.0,8.0,8.0,0.5,773.0,112.8,115.5,111.6,113.3,1.2,2.3,0.622,1.97,18.3,0.266,0.687,0.476,0.129,0.536,0.579,100.0,98.05,81.71,1577.0,0.504,5.0,14.0,18.0,15.0,6.0,19.0,6.0,13.0,13.0,13.0,20.0,20.0,27.0,27.0,12.0,23.0,20.0,21.0,15.0,Regular Season
charlotte hornets,2022-23,6,1610612766.0,15.0,6.0,9.0,0.4,48.0,39.3,85.7,0.458,10.3,30.6,0.336,16.5,22.5,0.731,8.8,34.0,42.8,25.3,14.8,6.5,5.9,5.1,19.2,19.5,105.3,-7.9,12.0,22.0,22.0,22.0,19.0,28.0,24.0,26.0,29.0,26.0,28.0,25.0,17.0,28.0,26.0,5.0,17.0,19.0,24.0,25.0,3.0,21.0,14.0,12.0,30.0,27.0,Regular Season,1610612766.0,15.0,6.0,9.0,0.4,720.0,103.6,105.1,111.3,113.4,-7.8,-8.3,0.645,1.71,18.5,0.244,0.735,0.49,0.148,0.518,0.55,101.7,100.03,83.36,1503.0,0.472,12.0,22.0,22.0,22.0,18.0,30.0,9.0,28.0,7.0,25.0,18.0,28.0,9.0,21.0,24.0,29.0,29.0,11.0,26.0,Regular Season
chicago bulls,2022-23,6,1610612741.0,15.0,9.0,6.0,0.6,49.3,43.4,86.3,0.503,11.4,28.8,0.396,17.1,21.1,0.813,8.7,31.9,40.6,26.0,13.0,8.8,4.4,4.4,18.3,18.7,115.3,3.3,12.0,8.0,7.0,8.0,1.0,10.0,21.0,2.0,21.0,30.0,3.0,19.0,25.0,7.0,27.0,20.0,26.0,16.0,11.0,2.0,17.0,15.0,7.0,23.0,16.0,12.0,Regular Season,1610612741.0,15.0,9.0,6.0,0.6,740.0,115.5,117.1,111.1,114.1,4.4,3.0,0.599,2.0,19.1,0.263,0.721,0.497,0.132,0.569,0.604,97.6,95.71,79.76,1478.0,0.524,12.0,8.0,7.0,8.0,12.0,10.0,11.0,12.0,21.0,10.0,13.0,23.0,18.0,17.0,13.0,10.0,8.0,28.0,7.0,Regular Season
cleveland cavaliers,2022-23,6,1610612739.0,14.0,9.0,5.0,0.643,48.4,42.9,87.6,0.489,11.6,31.5,0.37,16.7,21.9,0.762,9.7,28.4,38.1,24.7,11.2,7.1,5.5,5.0,19.9,19.1,114.1,4.9,24.0,8.0,1.0,6.0,7.0,15.0,17.0,12.0,20.0,19.0,14.0,22.0,21.0,23.0,17.0,30.0,28.0,22.0,2.0,17.0,5.0,20.0,19.0,16.0,19.0,6.0,Regular Season,1610612739.0,14.0,9.0,5.0,0.643,677.0,115.6,117.9,109.9,112.4,5.7,5.5,0.577,2.2,18.5,0.266,0.663,0.46,0.116,0.556,0.587,98.3,96.25,80.21,1355.0,0.514,24.0,8.0,1.0,6.0,25.0,8.0,4.0,4.0,26.0,5.0,19.0,21.0,30.0,30.0,2.0,15.0,16.0,27.0,12.0,Regular Season
dallas mavericks,2022-23,6,1610612742.0,14.0,5.0,9.0,0.357,48.4,40.1,84.5,0.475,16.2,41.2,0.393,18.5,23.0,0.804,6.5,31.6,38.1,23.7,12.5,5.9,3.5,3.5,20.7,20.4,115.0,-1.1,24.0,25.0,22.0,24.0,7.0,26.0,27.0,24.0,3.0,3.0,4.0,11.0,15.0,10.0,30.0,23.0,28.0,27.0,8.0,28.0,26.0,4.0,27.0,6.0,17.0,20.0,Regular Season,1610612742.0,14.0,5.0,9.0,0.357,677.0,114.3,116.1,115.4,117.6,-1.1,-1.5,0.591,1.9,17.9,0.21,0.712,0.464,0.126,0.571,0.608,99.8,98.16,81.8,1387.0,0.48,24.0,25.0,22.0,24.0,25.0,14.0,20.0,21.0,24.0,16.0,22.0,30.0,21.0,29.0,8.0,6.0,5.0,18.0,23.0,Regular Season
denver nuggets,2022-23,6,1610612743.0,14.0,7.0,7.0,0.5,48.0,41.8,85.9,0.487,10.7,30.6,0.35,17.0,22.4,0.758,10.1,32.3,42.4,28.0,12.4,7.0,4.0,3.1,17.2,18.9,111.3,0.7,24.0,16.0,13.0,15.0,19.0,22.0,23.0,13.0,24.0,25.0,22.0,20.0,19.0,24.0,13.0,19.0,20.0,5.0,7.0,19.0,21.0,1.0,4.0,19.0,27.0,16.0,Regular Season,1610612743.0,14.0,7.0,7.0,0.5,672.0,113.6,115.1,113.2,114.8,0.5,0.2,0.67,2.27,20.3,0.289,0.729,0.511,0.128,0.549,0.581,97.8,96.5,80.42,1354.0,0.512,24.0,16.0,13.0,15.0,28.0,20.0,15.0,17.0,2.0,4.0,1.0,11.0,14.0,9.0,10.0,17.0,19.0,26.0,14.0,Regular Season
detroit pistons,2022-23,6,1610612765.0,15.0,1.0,14.0,0.067,48.0,39.7,86.9,0.457,10.7,30.8,0.346,16.5,22.0,0.752,12.5,29.9,42.4,23.9,15.2,6.6,3.9,6.0,21.0,18.9,106.7,-9.3,12.0,30.0,30.0,30.0,19.0,27.0,20.0,28.0,26.0,23.0,23.0,24.0,20.0,26.0,4.0,28.0,21.0,26.0,28.0,23.0,23.0,28.0,28.0,21.0,29.0,28.0,Regular Season,1610612765.0,15.0,1.0,14.0,0.067,720.0,107.5,109.5,116.8,117.8,-9.3,-8.3,0.601,1.57,17.5,0.309,0.673,0.487,0.156,0.519,0.552,99.2,97.93,81.61,1461.0,0.442,12.0,30.0,30.0,30.0,18.0,27.0,23.0,27.0,20.0,28.0,27.0,4.0,29.0,23.0,30.0,28.0,28.0,22.0,28.0,Regular Season
golden state warriors,2022-23,6,1610612744.0,16.0,9.0,7.0,0.563,48.3,42.8,89.3,0.479,16.3,43.5,0.375,16.4,20.6,0.797,11.3,33.3,44.5,29.4,15.8,7.3,4.4,3.6,19.6,18.8,118.3,1.9,5.0,8.0,13.0,14.0,13.0,16.0,12.0,20.0,2.0,2.0,12.0,27.0,26.0,12.0,8.0,11.0,7.0,1.0,30.0,14.0,16.0,5.0,16.0,22.0,9.0,13.0,Regular Season,1610612744.0,16.0,9.0,7.0,0.563,773.0,115.0,116.0,112.0,114.2,3.0,1.8,0.687,1.87,20.2,0.289,0.71,0.503,0.155,0.57,0.601,102.7,101.25,84.37,1631.0,0.516,5.0,8.0,13.0,14.0,6.0,15.0,12.0,14.0,1.0,21.0,2.0,10.0,22.0,14.0,29.0,7.0,9.0,8.0,11.0,Regular Season
houston rockets,2022-23,6,1610612745.0,17.0,6.0,11.0,0.353,48.3,42.3,88.3,0.479,9.5,28.9,0.33,19.4,25.6,0.756,13.8,31.2,45.0,21.5,14.9,7.6,3.1,6.6,20.6,19.7,113.5,-6.4,1.0,22.0,26.0,26.0,17.0,20.0,14.0,19.0,30.0,29.0,30.0,8.0,5.0,25.0,1.0,24.0,6.0,30.0,27.0,8.0,28.0,30.0,26.0,10.0,23.0,26.0,Regular Season,1610612745.0,17.0,6.0,11.0,0.353,821.0,112.7,114.9,120.1,121.5,-7.4,-6.6,0.508,1.44,15.7,0.358,0.732,0.539,0.151,0.533,0.57,99.6,98.1,81.75,1679.0,0.459,1.0,22.0,26.0,26.0,2.0,21.0,29.0,26.0,30.0,30.0,30.0,1.0,12.0,1.0,28.0,25.0,24.0,19.0,27.0,Regular Season
indiana pacers,2022-23,6,1610612754.0,15.0,6.0,9.0,0.4,48.3,45.1,91.2,0.494,12.1,33.6,0.361,17.2,22.5,0.763,10.9,30.5,41.4,28.0,14.2,7.0,5.7,5.7,20.5,19.9,119.5,-6.2,12.0,22.0,22.0,22.0,10.0,3.0,6.0,7.0,15.0,13.0,17.0,18.0,17.0,22.0,10.0,26.0,25.0,5.0,20.0,19.0,4.0,26.0,24.0,9.0,7.0,25.0,Regular Season,1610612754.0,15.0,6.0,9.0,0.4,725.0,114.5,116.3,120.1,122.7,-5.6,-6.4,0.621,1.97,19.3,0.293,0.685,0.485,0.138,0.561,0.591,103.8,101.86,84.88,1541.0,0.476,12.0,22.0,22.0,22.0,15.0,13.0,30.0,25.0,14.0,12.0,12.0,9.0,28.0,25.0,18.0,12.0,13.0,4.0,25.0,Regular Season
la clippers,2022-23,6,1610612746.0,14.0,8.0,6.0,0.571,48.0,42.4,85.2,0.497,12.6,32.9,0.385,18.5,24.0,0.771,9.6,32.5,42.1,27.0,14.4,7.9,3.9,3.9,18.5,19.6,115.9,1.8,24.0,14.0,7.0,13.0,19.0,18.0,26.0,4.0,11.0,14.0,7.0,11.0,11.0,21.0,20.0,17.0,22.0,12.0,23.0,5.0,24.0,9.0,9.0,11.0,15.0,15.0,Regular Season,1610612746.0,14.0,8.0,6.0,0.571,672.0,115.2,116.4,112.9,114.8,2.4,1.5,0.637,1.88,19.5,0.269,0.71,0.497,0.144,0.571,0.605,100.8,99.46,82.89,1394.0,0.512,24.0,14.0,7.0,13.0,28.0,12.0,14.0,15.0,9.0,20.0,9.0,19.0,23.0,18.0,22.0,5.0,7.0,16.0,13.0,Regular Season
los angeles lakers,2022-23,6,1610612747.0,15.0,10.0,5.0,0.667,48.0,40.5,84.5,0.479,11.0,30.5,0.361,23.0,29.3,0.784,10.5,33.7,44.3,24.5,14.3,6.9,4.0,4.1,16.9,23.5,114.9,4.4,12.0,5.0,1.0,5.0,19.0,24.0,28.0,17.0,22.0,27.0,18.0,2.0,1.0,17.0,11.0,8.0,8.0,23.0,22.0,22.0,21.0,11.0,2.0,1.0,18.0,7.0,Regular Season,1610612747.0,15.0,10.0,5.0,0.667,720.0,113.6,115.9,109.1,111.4,4.5,4.4,0.605,1.71,17.8,0.298,0.728,0.522,0.144,0.544,0.59,101.2,99.2,82.67,1488.0,0.532,12.0,5.0,1.0,5.0,18.0,18.0,3.0,8.0,19.0,26.0,24.0,7.0,15.0,5.0,23.0,19.0,14.0,17.0,5.0,Regular Season
memphis grizzlies,2022-23,6,1610612763.0,17.0,12.0,5.0,0.706,48.3,44.6,90.5,0.493,13.9,36.8,0.379,16.6,21.6,0.771,9.6,32.9,42.6,27.4,12.0,8.2,5.2,4.4,20.3,17.8,119.8,5.0,1.0,1.0,1.0,1.0,17.0,4.0,11.0,8.0,6.0,10.0,9.0,23.0,22.0,20.0,19.0,15.0,18.0,11.0,4.0,4.0,8.0,16.0,23.0,29.0,5.0,5.0,Regular Season,1610612763.0,17.0,12.0,5.0,0.706,821.0,117.0,118.6,111.3,113.3,5.8,5.3,0.613,2.28,19.5,0.249,0.7,0.478,0.119,0.57,0.599,102.1,100.5,83.75,1716.0,0.521,1.0,1.0,1.0,1.0,2.0,7.0,7.0,5.0,17.0,3.0,8.0,27.0,25.0,26.0,3.0,9.0,12.0,9.0,8.0,Regular Season
miami heat,2022-23,6,1610612748.0,15.0,7.0,8.0,0.467,48.3,38.9,80.3,0.485,12.1,32.1,0.378,21.7,25.2,0.86,8.6,28.9,37.5,23.9,14.3,6.4,2.9,4.1,16.5,20.5,111.7,-3.4,12.0,16.0,18.0,19.0,10.0,29.0,30.0,15.0,15.0,18.0,10.0,3.0,6.0,1.0,28.0,29.0,30.0,25.0,21.0,27.0,30.0,11.0,1.0,4.0,26.0,22.0,Regular Season,1610612748.0,15.0,7.0,8.0,0.467,725.0,115.0,115.9,118.4,120.1,-3.4,-4.2,0.615,1.68,18.1,0.275,0.708,0.496,0.148,0.56,0.611,96.4,95.4,79.5,1445.0,0.486,12.0,16.0,18.0,19.0,15.0,17.0,27.0,23.0,16.0,27.0,21.0,16.0,24.0,19.0,26.0,13.0,4.0,30.0,22.0,Regular Season
milwaukee bucks,2022-23,6,1610612749.0,16.0,11.0,5.0,0.688,48.3,45.7,91.1,0.501,15.8,41.2,0.384,17.7,22.8,0.777,9.8,37.1,46.9,28.9,13.3,5.6,5.2,3.2,17.4,19.1,124.9,4.1,5.0,3.0,1.0,3.0,13.0,1.0,7.0,3.0,4.0,4.0,8.0,16.0,16.0,18.0,16.0,1.0,2.0,2.0,14.0,29.0,7.0,2.0,5.0,15.0,1.0,9.0,Regular Season,1610612749.0,16.0,11.0,5.0,0.688,773.0,119.4,119.7,113.4,116.1,6.0,3.6,0.632,2.18,19.9,0.25,0.72,0.502,0.127,0.588,0.617,104.9,103.48,86.24,1669.0,0.534,5.0,3.0,1.0,3.0,6.0,5.0,18.0,11.0,10.0,7.0,7.0,25.0,19.0,15.0,9.0,1.0,3.0,1.0,4.0,Regular Season
minnesota timberwolves,2022-23,6,1610612750.0,14.0,7.0,7.0,0.5,49.1,43.1,88.6,0.486,12.6,32.6,0.388,18.0,25.1,0.716,9.7,33.1,42.9,28.7,13.9,7.5,4.8,4.3,22.0,20.9,116.8,-1.5,24.0,16.0,13.0,15.0,2.0,13.0,13.0,14.0,11.0,16.0,6.0,15.0,7.0,29.0,17.0,12.0,15.0,3.0,16.0,11.0,13.0,13.0,29.0,2.0,11.0,21.0,Regular Season,1610612750.0,14.0,7.0,7.0,0.5,687.0,112.5,114.3,114.4,115.6,-1.8,-1.4,0.667,2.07,20.0,0.264,0.725,0.492,0.136,0.558,0.586,101.3,100.02,83.35,1431.0,0.5,24.0,16.0,13.0,15.0,24.0,24.0,17.0,20.0,3.0,9.0,4.0,22.0,17.0,20.0,16.0,14.0,18.0,12.0,17.0,Regular Season
new orleans pelicans,2022-23,6,1610612740.0,15.0,9.0,6.0,0.6,48.0,42.3,86.1,0.491,12.6,30.7,0.411,16.5,19.9,0.826,9.2,33.9,43.1,27.4,13.9,7.5,3.8,3.3,20.0,18.0,113.7,7.1,12.0,8.0,7.0,8.0,19.0,19.0,22.0,9.0,13.0,24.0,1.0,25.0,27.0,4.0,22.0,7.0,14.0,9.0,18.0,10.0,25.0,3.0,21.0,27.0,22.0,3.0,Regular Season,1610612740.0,15.0,9.0,6.0,0.6,720.0,114.1,116.0,107.3,108.7,6.8,7.3,0.647,1.97,19.9,0.272,0.756,0.519,0.142,0.565,0.599,99.5,98.07,81.72,1471.0,0.539,12.0,8.0,7.0,8.0,18.0,16.0,1.0,3.0,5.0,14.0,6.0,17.0,1.0,7.0,20.0,11.0,11.0,20.0,3.0,Regular Season
new york knicks,2022-23,6,1610612752.0,15.0,9.0,6.0,0.6,48.7,43.3,87.1,0.497,13.8,37.1,0.372,19.1,25.9,0.735,11.6,33.7,45.3,24.1,13.3,7.2,4.4,3.7,19.1,20.1,119.4,3.9,12.0,8.0,7.0,8.0,4.0,12.0,19.0,5.0,7.0,7.0,13.0,9.0,4.0,27.0,6.0,8.0,5.0,24.0,15.0,15.0,17.0,7.0,13.0,8.0,8.0,10.0,Regular Season,1610612752.0,15.0,9.0,6.0,0.6,730.0,119.1,120.5,114.0,116.9,5.1,3.7,0.556,1.81,17.6,0.299,0.75,0.525,0.135,0.576,0.606,99.4,97.61,81.34,1486.0,0.518,12.0,8.0,7.0,8.0,13.0,3.0,19.0,10.0,28.0,22.0,26.0,6.0,2.0,3.0,15.0,4.0,6.0,24.0,10.0,Regular Season
oklahoma city thunder,2022-23,6,1610612760.0,17.0,10.0,7.0,0.588,48.0,42.1,91.7,0.459,11.9,35.0,0.339,20.2,24.1,0.837,10.5,32.3,42.8,22.9,12.1,8.5,3.1,6.1,19.9,20.4,116.2,0.6,1.0,5.0,13.0,12.0,19.0,21.0,4.0,25.0,18.0,11.0,27.0,6.0,10.0,3.0,12.0,18.0,16.0,28.0,5.0,3.0,29.0,29.0,20.0,7.0,14.0,17.0,Regular Season,1610612760.0,17.0,10.0,7.0,0.588,816.0,111.8,114.6,112.4,114.0,-0.6,0.6,0.545,1.89,16.5,0.289,0.696,0.487,0.119,0.523,0.568,103.4,101.41,84.51,1724.0,0.495,1.0,5.0,13.0,12.0,4.0,22.0,10.0,16.0,29.0,17.0,29.0,12.0,26.0,24.0,4.0,26.0,25.0,7.0,19.0,Regular Season
orlando magic,2022-23,6,1610612753.0,15.0,7.0,8.0,0.467,48.3,43.7,91.1,0.48,10.7,31.4,0.34,18.3,23.3,0.786,10.1,34.1,44.2,25.3,14.0,7.9,5.0,5.3,20.2,20.5,116.5,-0.8,12.0,16.0,18.0,19.0,10.0,7.0,8.0,16.0,26.0,20.0,26.0,14.0,13.0,16.0,14.0,4.0,9.0,20.0,19.0,6.0,11.0,25.0,22.0,4.0,13.0,19.0,Regular Season,1610612753.0,15.0,7.0,8.0,0.467,725.0,110.7,113.7,112.5,114.4,-1.8,-0.7,0.578,1.8,17.9,0.281,0.745,0.508,0.137,0.539,0.575,104.0,101.79,84.83,1537.0,0.496,12.0,16.0,18.0,19.0,15.0,26.0,13.0,19.0,25.0,23.0,23.0,13.0,3.0,11.0,17.0,22.0,23.0,5.0,18.0,Regular Season
philadelphia 76ers,2022-23,6,1610612755.0,17.0,12.0,5.0,0.706,48.6,41.7,82.1,0.508,13.2,32.6,0.404,23.2,27.1,0.855,9.0,33.0,42.0,26.0,13.0,7.6,5.1,4.0,20.6,19.1,119.8,8.1,1.0,1.0,1.0,1.0,6.0,23.0,29.0,1.0,10.0,15.0,2.0,1.0,2.0,2.0,25.0,14.0,23.0,16.0,11.0,8.0,10.0,10.0,25.0,18.0,5.0,2.0,Regular Season,1610612755.0,17.0,12.0,5.0,0.706,826.0,122.1,123.5,112.3,115.4,9.9,8.1,0.623,2.0,19.4,0.276,0.736,0.521,0.134,0.588,0.637,97.6,95.68,79.73,1648.0,0.545,1.0,1.0,1.0,1.0,1.0,1.0,16.0,2.0,12.0,10.0,11.0,15.0,7.0,6.0,14.0,2.0,1.0,29.0,2.0,Regular Season
phoenix suns,2022-23,6,1610612756.0,15.0,9.0,6.0,0.6,48.0,43.8,91.6,0.478,11.8,32.2,0.366,17.3,21.3,0.809,11.5,32.7,44.1,28.3,12.2,7.2,6.2,3.9,23.0,18.7,116.7,4.4,12.0,8.0,7.0,8.0,19.0,6.0,5.0,21.0,19.0,17.0,15.0,17.0,24.0,8.0,7.0,16.0,11.0,4.0,6.0,15.0,2.0,8.0,30.0,23.0,12.0,7.0,Regular Season,1610612756.0,15.0,9.0,6.0,0.6,720.0,114.7,117.3,110.5,112.6,4.2,4.7,0.647,2.32,19.9,0.297,0.728,0.509,0.123,0.543,0.578,101.6,99.57,82.97,1492.0,0.525,12.0,8.0,7.0,8.0,18.0,9.0,5.0,7.0,6.0,2.0,5.0,8.0,16.0,10.0,6.0,20.0,22.0,15.0,6.0,Regular Season
portland trail blazers,2022-23,6,1610612757.0,16.0,3.0,13.0,0.188,48.0,38.0,85.5,0.444,12.3,36.9,0.332,18.9,23.8,0.795,8.3,30.6,38.8,22.5,14.8,7.8,5.0,4.7,18.4,19.1,107.2,-14.1,5.0,29.0,29.0,29.0,19.0,30.0,25.0,30.0,14.0,8.0,29.0,10.0,12.0,13.0,29.0,25.0,27.0,29.0,26.0,7.0,11.0,19.0,8.0,17.0,28.0,30.0,Regular Season,1610612757.0,16.0,3.0,13.0,0.188,768.0,104.5,107.1,120.5,120.4,-15.9,-13.4,0.592,1.52,16.8,0.237,0.717,0.467,0.148,0.516,0.558,101.6,100.41,83.67,1602.0,0.423,5.0,29.0,29.0,29.0,10.0,29.0,28.0,30.0,23.0,29.0,28.0,29.0,20.0,28.0,25.0,30.0,27.0,10.0,30.0,Regular Season
sacramento kings,2022-23,6,1610612758.0,16.0,11.0,5.0,0.688,48.0,43.6,87.8,0.496,15.4,39.2,0.392,20.4,26.4,0.775,9.2,34.0,43.2,27.9,10.6,6.4,3.4,4.6,19.0,20.7,122.9,5.3,5.0,3.0,1.0,3.0,19.0,9.0,15.0,6.0,5.0,5.0,5.0,4.0,3.0,19.0,23.0,5.0,13.0,7.0,1.0,26.0,27.0,18.0,11.0,3.0,2.0,4.0,Regular Season,1610612758.0,16.0,11.0,5.0,0.688,768.0,122.0,122.9,115.7,117.7,6.3,5.3,0.64,2.62,20.0,0.254,0.744,0.503,0.106,0.584,0.619,101.3,100.0,83.33,1600.0,0.519,5.0,3.0,1.0,3.0,10.0,2.0,22.0,6.0,8.0,1.0,3.0,24.0,4.0,13.0,1.0,3.0,2.0,13.0,9.0,Regular Season
san antonio spurs,2022-23,6,1610612759.0,15.0,4.0,11.0,0.267,48.7,42.5,93.8,0.453,13.2,36.9,0.357,13.9,19.7,0.708,11.1,33.1,44.2,27.9,14.8,7.3,4.1,5.1,19.3,18.3,112.1,-11.9,12.0,28.0,26.0,28.0,4.0,17.0,1.0,29.0,9.0,9.0,19.0,30.0,28.0,30.0,9.0,13.0,9.0,8.0,24.0,13.0,20.0,22.0,15.0,26.0,25.0,29.0,Regular Season,1610612759.0,15.0,4.0,11.0,0.267,730.0,105.5,107.6,118.3,119.5,-12.8,-11.9,0.656,1.88,19.1,0.27,0.736,0.488,0.142,0.523,0.547,104.1,102.51,85.42,1562.0,0.442,12.0,28.0,26.0,28.0,13.0,28.0,25.0,29.0,4.0,18.0,14.0,18.0,6.0,22.0,21.0,27.0,30.0,3.0,29.0,Regular Season
toronto raptors,2022-23,6,1610612761.0,14.0,7.0,7.0,0.5,48.4,43.9,92.2,0.476,10.7,31.2,0.343,15.6,19.4,0.805,13.2,30.0,43.2,26.1,11.9,10.1,4.8,4.4,19.7,16.2,114.1,3.4,24.0,16.0,13.0,15.0,7.0,5.0,3.0,23.0,24.0,21.0,24.0,28.0,30.0,9.0,3.0,27.0,12.0,15.0,3.0,1.0,13.0,14.0,18.0,30.0,19.0,11.0,Regular Season,1610612761.0,14.0,7.0,7.0,0.5,677.0,114.7,117.0,112.2,113.3,2.4,3.7,0.594,2.19,18.6,0.329,0.73,0.512,0.122,0.534,0.566,98.3,96.89,80.74,1365.0,0.502,24.0,16.0,13.0,15.0,25.0,11.0,8.0,9.0,22.0,6.0,17.0,3.0,13.0,8.0,5.0,24.0,26.0,25.0,16.0,Regular Season
utah jazz,2022-23,6,1610612762.0,14.0,5.0,9.0,0.357,48.0,43.4,90.9,0.477,11.9,35.0,0.341,18.4,23.3,0.788,11.9,36.3,48.2,26.9,15.4,4.8,6.6,5.3,19.6,17.9,117.0,-5.7,24.0,25.0,22.0,24.0,19.0,11.0,10.0,22.0,17.0,11.0,25.0,13.0,14.0,14.0,5.0,3.0,1.0,13.0,29.0,30.0,1.0,24.0,17.0,28.0,10.0,24.0,Regular Season,1610612762.0,14.0,5.0,9.0,0.357,672.0,111.8,113.8,117.2,119.4,-5.4,-5.6,0.621,1.75,18.7,0.301,0.741,0.525,0.15,0.542,0.578,104.7,102.79,85.65,1439.0,0.479,24.0,25.0,22.0,24.0,28.0,25.0,24.0,24.0,15.0,24.0,16.0,5.0,5.0,4.0,27.0,21.0,21.0,2.0,24.0,Regular Season
washington wizards,2022-23,6,1610612764.0,16.0,5.0,11.0,0.313,48.3,43.0,87.5,0.491,11.0,30.9,0.356,15.6,19.5,0.801,9.2,33.3,42.5,26.1,13.9,6.5,4.6,5.9,17.0,18.4,112.6,-3.4,5.0,25.0,26.0,27.0,13.0,14.0,18.0,10.0,22.0,22.0,20.0,29.0,29.0,11.0,23.0,10.0,19.0,14.0,17.0,24.0,15.0,27.0,3.0,25.0,24.0,23.0,Regular Season,1610612764.0,16.0,5.0,11.0,0.313,773.0,111.8,114.5,117.5,117.7,-5.8,-3.2,0.608,1.88,19.0,0.278,0.735,0.507,0.141,0.554,0.586,99.1,97.86,81.55,1574.0,0.486,5.0,25.0,26.0,27.0,6.0,23.0,21.0,22.0,18.0,18.0,15.0,14.0,8.0,12.0,19.0,16.0,17.0,23.0,21.0,Regular Season
atlanta hawks,2022-23,10,1610612737.0,15.0,7.0,8.0,0.467,48.0,45.5,92.9,0.49,10.7,30.2,0.353,20.2,24.7,0.817,13.7,31.8,45.5,25.5,13.0,6.9,4.4,5.3,17.9,19.5,121.9,0.1,12.0,16.0,18.0,19.0,19.0,2.0,2.0,11.0,26.0,28.0,21.0,5.0,8.0,5.0,2.0,22.0,4.0,18.0,11.0,21.0,17.0,23.0,6.0,12.0,3.0,18.0,Regular Season,1610612737.0,15.0,7.0,8.0,0.467,720.0,118.3,119.9,117.8,119.8,0.5,0.1,0.559,1.96,17.7,0.345,0.733,0.53,0.128,0.547,0.587,103.2,101.67,84.72,1525.0,0.494,12.0,16.0,18.0,19.0,18.0,4.0,26.0,18.0,27.0,15.0,25.0,2.0,11.0,2.0,11.0,18.0,15.0,6.0,20.0,Regular Season
boston celtics,2022-23,10,1610612738.0,16.0,10.0,6.0,0.625,48.9,43.6,91.1,0.479,16.6,43.9,0.377,16.9,21.5,0.788,9.5,36.5,46.0,27.4,12.6,7.1,5.1,3.6,18.8,18.9,120.8,9.6,5.0,5.0,7.0,7.0,3.0,8.0,9.0,18.0,1.0,1.0,11.0,21.0,23.0,15.0,21.0,2.0,3.0,10.0,9.0,18.0,9.0,6.0,10.0,20.0,4.0,1.0,Regular Season,1610612738.0,16.0,10.0,6.0,0.625,783.0,116.5,119.0,106.7,109.2,9.8,9.8,0.628,2.17,19.4,0.25,0.734,0.5,0.124,0.57,0.601,101.9,99.65,83.04,1623.0,0.546,5.0,5.0,7.0,7.0,5.0,6.0,2.0,1.0,11.0,8.0,10.0,26.0,10.0,16.0,7.0,8.0,10.0,14.0,1.0,Regular Season
brooklyn nets,2022-23,10,1610612751.0,16.0,8.0,8.0,0.5,48.3,40.2,87.8,0.458,13.8,37.8,0.364,19.8,24.2,0.817,10.1,31.8,41.9,25.0,12.7,7.5,5.5,4.4,19.0,19.2,113.9,1.9,5.0,14.0,18.0,15.0,13.0,25.0,15.0,27.0,8.0,6.0,16.0,7.0,9.0,6.0,15.0,21.0,24.0,21.0,10.0,11.0,5.0,17.0,11.0,14.0,21.0,13.0,Regular Season,1610612751.0,16.0,8.0,8.0,0.5,773.0,112.8,115.5,111.6,113.3,1.2,2.3,0.622,1.97,18.3,0.266,0.687,0.476,0.129,0.536,0.579,100.0,98.05,81.71,1577.0,0.504,5.0,14.0,18.0,15.0,6.0,19.0,6.0,13.0,13.0,13.0,20.0,20.0,27.0,27.0,12.0,23.0,20.0,21.0,15.0,Regular Season
charlotte hornets,2022-23,10,1610612766.0,15.0,6.0,9.0,0.4,48.0,39.3,85.7,0.458,10.3,30.6,0.336,16.5,22.5,0.731,8.8,34.0,42.8,25.3,14.8,6.5,5.9,5.1,19.2,19.5,105.3,-7.9,12.0,22.0,22.0,22.0,19.0,28.0,24.0,26.0,29.0,26.0,28.0,25.0,17.0,28.0,26.0,5.0,17.0,19.0,24.0,25.0,3.0,21.0,14.0,12.0,30.0,27.0,Regular Season,1610612766.0,15.0,6.0,9.0,0.4,720.0,103.6,105.1,111.3,113.4,-7.8,-8.3,0.645,1.71,18.5,0.244,0.735,0.49,0.148,0.518,0.55,101.7,100.03,83.36,1503.0,0.472,12.0,22.0,22.0,22.0,18.0,30.0,9.0,28.0,7.0,25.0,18.0,28.0,9.0,21.0,24.0,29.0,29.0,11.0,26.0,Regular Season
chicago bulls,2022-23,10,1610612741.0,15.0,9.0,6.0,0.6,49.3,43.4,86.3,0.503,11.4,28.8,0.396,17.1,21.1,0.813,8.7,31.9,40.6,26.0,13.0,8.8,4.4,4.4,18.3,18.7,115.3,3.3,12.0,8.0,7.0,8.0,1.0,10.0,21.0,2.0,21.0,30.0,3.0,19.0,25.0,7.0,27.0,20.0,26.0,16.0,11.0,2.0,17.0,15.0,7.0,23.0,16.0,12.0,Regular Season,1610612741.0,15.0,9.0,6.0,0.6,740.0,115.5,117.1,111.1,114.1,4.4,3.0,0.599,2.0,19.1,0.263,0.721,0.497,0.132,0.569,0.604,97.6,95.71,79.76,1478.0,0.524,12.0,8.0,7.0,8.0,12.0,10.0,11.0,12.0,21.0,10.0,13.0,23.0,18.0,17.0,13.0,10.0,8.0,28.0,7.0,Regular Season
cleveland cavaliers,2022-23,10,1610612739.0,14.0,9.0,5.0,0.643,48.4,42.9,87.6,0.489,11.6,31.5,0.37,16.7,21.9,0.762,9.7,28.4,38.1,24.7,11.2,7.1,5.5,5.0,19.9,19.1,114.1,4.9,24.0,8.0,1.0,6.0,7.0,15.0,17.0,12.0,20.0,19.0,14.0,22.0,21.0,23.0,17.0,30.0,28.0,22.0,2.0,17.0,5.0,20.0,19.0,16.0,19.0,6.0,Regular Season,1610612739.0,14.0,9.0,5.0,0.643,677.0,115.6,117.9,109.9,112.4,5.7,5.5,0.577,2.2,18.5,0.266,0.663,0.46,0.116,0.556,0.587,98.3,96.25,80.21,1355.0,0.514,24.0,8.0,1.0,6.0,25.0,8.0,4.0,4.0,26.0,5.0,19.0,21.0,30.0,30.0,2.0,15.0,16.0,27.0,12.0,Regular Season
dallas mavericks,2022-23,10,1610612742.0,14.0,5.0,9.0,0.357,48.4,40.1,84.5,0.475,16.2,41.2,0.393,18.5,23.0,0.804,6.5,31.6,38.1,23.7,12.5,5.9,3.5,3.5,20.7,20.4,115.0,-1.1,24.0,25.0,22.0,24.0,7.0,26.0,27.0,24.0,3.0,3.0,4.0,11.0,15.0,10.0,30.0,23.0,28.0,27.0,8.0,28.0,26.0,4.0,27.0,6.0,17.0,20.0,Regular Season,1610612742.0,14.0,5.0,9.0,0.357,677.0,114.3,116.1,115.4,117.6,-1.1,-1.5,0.591,1.9,17.9,0.21,0.712,0.464,0.126,0.571,0.608,99.8,98.16,81.8,1387.0,0.48,24.0,25.0,22.0,24.0,25.0,14.0,20.0,21.0,24.0,16.0,22.0,30.0,21.0,29.0,8.0,6.0,5.0,18.0,23.0,Regular Season
denver nuggets,2022-23,10,1610612743.0,14.0,7.0,7.0,0.5,48.0,41.8,85.9,0.487,10.7,30.6,0.35,17.0,22.4,0.758,10.1,32.3,42.4,28.0,12.4,7.0,4.0,3.1,17.2,18.9,111.3,0.7,24.0,16.0,13.0,15.0,19.0,22.0,23.0,13.0,24.0,25.0,22.0,20.0,19.0,24.0,13.0,19.0,20.0,5.0,7.0,19.0,21.0,1.0,4.0,19.0,27.0,16.0,Regular Season,1610612743.0,14.0,7.0,7.0,0.5,672.0,113.6,115.1,113.2,114.8,0.5,0.2,0.67,2.27,20.3,0.289,0.729,0.511,0.128,0.549,0.581,97.8,96.5,80.42,1354.0,0.512,24.0,16.0,13.0,15.0,28.0,20.0,15.0,17.0,2.0,4.0,1.0,11.0,14.0,9.0,10.0,17.0,19.0,26.0,14.0,Regular Season
detroit pistons,2022-23,10,1610612765.0,15.0,1.0,14.0,0.067,48.0,39.7,86.9,0.457,10.7,30.8,0.346,16.5,22.0,0.752,12.5,29.9,42.4,23.9,15.2,6.6,3.9,6.0,21.0,18.9,106.7,-9.3,12.0,30.0,30.0,30.0,19.0,27.0,20.0,28.0,26.0,23.0,23.0,24.0,20.0,26.0,4.0,28.0,21.0,26.0,28.0,23.0,23.0,28.0,28.0,21.0,29.0,28.0,Regular Season,1610612765.0,15.0,1.0,14.0,0.067,720.0,107.5,109.5,116.8,117.8,-9.3,-8.3,0.601,1.57,17.5,0.309,0.673,0.487,0.156,0.519,0.552,99.2,97.93,81.61,1461.0,0.442,12.0,30.0,30.0,30.0,18.0,27.0,23.0,27.0,20.0,28.0,27.0,4.0,29.0,23.0,30.0,28.0,28.0,22.0,28.0,Regular Season
golden state warriors,2022-23,10,1610612744.0,16.0,9.0,7.0,0.563,48.3,42.8,89.3,0.479,16.3,43.5,0.375,16.4,20.6,0.797,11.3,33.3,44.5,29.4,15.8,7.3,4.4,3.6,19.6,18.8,118.3,1.9,5.0,8.0,13.0,14.0,13.0,16.0,12.0,20.0,2.0,2.0,12.0,27.0,26.0,12.0,8.0,11.0,7.0,1.0,30.0,14.0,16.0,5.0,16.0,22.0,9.0,13.0,Regular Season,1610612744.0,16.0,9.0,7.0,0.563,773.0,115.0,116.0,112.0,114.2,3.0,1.8,0.687,1.87,20.2,0.289,0.71,0.503,0.155,0.57,0.601,102.7,101.25,84.37,1631.0,0.516,5.0,8.0,13.0,14.0,6.0,15.0,12.0,14.0,1.0,21.0,2.0,10.0,22.0,14.0,29.0,7.0,9.0,8.0,11.0,Regular Season
houston rockets,2022-23,10,1610612745.0,17.0,6.0,11.0,0.353,48.3,42.3,88.3,0.479,9.5,28.9,0.33,19.4,25.6,0.756,13.8,31.2,45.0,21.5,14.9,7.6,3.1,6.6,20.6,19.7,113.5,-6.4,1.0,22.0,26.0,26.0,17.0,20.0,14.0,19.0,30.0,29.0,30.0,8.0,5.0,25.0,1.0,24.0,6.0,30.0,27.0,8.0,28.0,30.0,26.0,10.0,23.0,26.0,Regular Season,1610612745.0,17.0,6.0,11.0,0.353,821.0,112.7,114.9,120.1,121.5,-7.4,-6.6,0.508,1.44,15.7,0.358,0.732,0.539,0.151,0.533,0.57,99.6,98.1,81.75,1679.0,0.459,1.0,22.0,26.0,26.0,2.0,21.0,29.0,26.0,30.0,30.0,30.0,1.0,12.0,1.0,28.0,25.0,24.0,19.0,27.0,Regular Season
indiana pacers,2022-23,10,1610612754.0,15.0,6.0,9.0,0.4,48.3,45.1,91.2,0.494,12.1,33.6,0.361,17.2,22.5,0.763,10.9,30.5,41.4,28.0,14.2,7.0,5.7,5.7,20.5,19.9,119.5,-6.2,12.0,22.0,22.0,22.0,10.0,3.0,6.0,7.0,15.0,13.0,17.0,18.0,17.0,22.0,10.0,26.0,25.0,5.0,20.0,19.0,4.0,26.0,24.0,9.0,7.0,25.0,Regular Season,1610612754.0,15.0,6.0,9.0,0.4,725.0,114.5,116.3,120.1,122.7,-5.6,-6.4,0.621,1.97,19.3,0.293,0.685,0.485,0.138,0.561,0.591,103.8,101.86,84.88,1541.0,0.476,12.0,22.0,22.0,22.0,15.0,13.0,30.0,25.0,14.0,12.0,12.0,9.0,28.0,25.0,18.0,12.0,13.0,4.0,25.0,Regular Season
la clippers,2022-23,10,1610612746.0,14.0,8.0,6.0,0.571,48.0,42.4,85.2,0.497,12.6,32.9,0.385,18.5,24.0,0.771,9.6,32.5,42.1,27.0,14.4,7.9,3.9,3.9,18.5,19.6,115.9,1.8,24.0,14.0,7.0,13.0,19.0,18.0,26.0,4.0,11.0,14.0,7.0,11.0,11.0,21.0,20.0,17.0,22.0,12.0,23.0,5.0,24.0,9.0,9.0,11.0,15.0,15.0,Regular Season,1610612746.0,14.0,8.0,6.0,0.571,672.0,115.2,116.4,112.9,114.8,2.4,1.5,0.637,1.88,19.5,0.269,0.71,0.497,0.144,0.571,0.605,100.8,99.46,82.89,1394.0,0.512,24.0,14.0,7.0,13.0,28.0,12.0,14.0,15.0,9.0,20.0,9.0,19.0,23.0,18.0,22.0,5.0,7.0,16.0,13.0,Regular Season
los angeles lakers,2022-23,10,1610612747.0,15.0,10.0,5.0,0.667,48.0,40.5,84.5,0.479,11.0,30.5,0.361,23.0,29.3,0.784,10.5,33.7,44.3,24.5,14.3,6.9,4.0,4.1,16.9,23.5,114.9,4.4,12.0,5.0,1.0,5.0,19.0,24.0,28.0,17.0,22.0,27.0,18.0,2.0,1.0,17.0,11.0,8.0,8.0,23.0,22.0,22.0,21.0,11.0,2.0,1.0,18.0,7.0,Regular Season,1610612747.0,15.0,10.0,5.0,0.667,720.0,113.6,115.9,109.1,111.4,4.5,4.4,0.605,1.71,17.8,0.298,0.728,0.522,0.144,0.544,0.59,101.2,99.2,82.67,1488.0,0.532,12.0,5.0,1.0,5.0,18.0,18.0,3.0,8.0,19.0,26.0,24.0,7.0,15.0,5.0,23.0,19.0,14.0,17.0,5.0,Regular Season
memphis grizzlies,2022-23,10,1610612763.0,17.0,12.0,5.0,0.706,48.3,44.6,90.5,0.493,13.9,36.8,0.379,16.6,21.6,0.771,9.6,32.9,42.6,27.4,12.0,8.2,5.2,4.4,20.3,17.8,119.8,5.0,1.0,1.0,1.0,1.0,17.0,4.0,11.0,8.0,6.0,10.0,9.0,23.0,22.0,20.0,19.0,15.0,18.0,11.0,4.0,4.0,8.0,16.0,23.0,29.0,5.0,5.0,Regular Season,1610612763.0,17.0,12.0,5.0,0.706,821.0,117.0,118.6,111.3,113.3,5.8,5.3,0.613,2.28,19.5,0.249,0.7,0.478,0.119,0.57,0.599,102.1,100.5,83.75,1716.0,0.521,1.0,1.0,1.0,1.0,2.0,7.0,7.0,5.0,17.0,3.0,8.0,27.0,25.0,26.0,3.0,9.0,12.0,9.0,8.0,Regular Season
miami heat,2022-23,10,1610612748.0,15.0,7.0,8.0,0.467,48.3,38.9,80.3,0.485,12.1,32.1,0.378,21.7,25.2,0.86,8.6,28.9,37.5,23.9,14.3,6.4,2.9,4.1,16.5,20.5,111.7,-3.4,12.0,16.0,18.0,19.0,10.0,29.0,30.0,15.0,15.0,18.0,10.0,3.0,6.0,1.0,28.0,29.0,30.0,25.0,21.0,27.0,30.0,11.0,1.0,4.0,26.0,22.0,Regular Season,1610612748.0,15.0,7.0,8.0,0.467,725.0,115.0,115.9,118.4,120.1,-3.4,-4.2,0.615,1.68,18.1,0.275,0.708,0.496,0.148,0.56,0.611,96.4,95.4,79.5,1445.0,0.486,12.0,16.0,18.0,19.0,15.0,17.0,27.0,23.0,16.0,27.0,21.0,16.0,24.0,19.0,26.0,13.0,4.0,30.0,22.0,Regular Season
milwaukee bucks,2022-23,10,1610612749.0,16.0,11.0,5.0,0.688,48.3,45.7,91.1,0.501,15.8,41.2,0.384,17.7,22.8,0.777,9.8,37.1,46.9,28.9,13.3,5.6,5.2,3.2,17.4,19.1,124.9,4.1,5.0,3.0,1.0,3.0,13.0,1.0,7.0,3.0,4.0,4.0,8.0,16.0,16.0,18.0,16.0,1.0,2.0,2.0,14.0,29.0,7.0,2.0,5.0,15.0,1.0,9.0,Regular Season,1610612749.0,16.0,11.0,5.0,0.688,773.0,119.4,119.7,113.4,116.1,6.0,3.6,0.632,2.18,19.9,0.25,0.72,0.502,0.127,0.588,0.617,104.9,103.48,86.24,1669.0,0.534,5.0,3.0,1.0,3.0,6.0,5.0,18.0,11.0,10.0,7.0,7.0,25.0,19.0,15.0,9.0,1.0,3.0,1.0,4.0,Regular Season
minnesota timberwolves,2022-23,10,1610612750.0,14.0,7.0,7.0,0.5,49.1,43.1,88.6,0.486,12.6,32.6,0.388,18.0,25.1,0.716,9.7,33.1,42.9,28.7,13.9,7.5,4.8,4.3,22.0,20.9,116.8,-1.5,24.0,16.0,13.0,15.0,2.0,13.0,13.0,14.0,11.0,16.0,6.0,15.0,7.0,29.0,17.0,12.0,15.0,3.0,16.0,11.0,13.0,13.0,29.0,2.0,11.0,21.0,Regular Season,1610612750.0,14.0,7.0,7.0,0.5,687.0,112.5,114.3,114.4,115.6,-1.8,-1.4,0.667,2.07,20.0,0.264,0.725,0.492,0.136,0.558,0.586,101.3,100.02,83.35,1431.0,0.5,24.0,16.0,13.0,15.0,24.0,24.0,17.0,20.0,3.0,9.0,4.0,22.0,17.0,20.0,16.0,14.0,18.0,12.0,17.0,Regular Season
new orleans pelicans,2022-23,10,1610612740.0,15.0,9.0,6.0,0.6,48.0,42.3,86.1,0.491,12.6,30.7,0.411,16.5,19.9,0.826,9.2,33.9,43.1,27.4,13.9,7.5,3.8,3.3,20.0,18.0,113.7,7.1,12.0,8.0,7.0,8.0,19.0,19.0,22.0,9.0,13.0,24.0,1.0,25.0,27.0,4.0,22.0,7.0,14.0,9.0,18.0,10.0,25.0,3.0,21.0,27.0,22.0,3.0,Regular Season,1610612740.0,15.0,9.0,6.0,0.6,720.0,114.1,116.0,107.3,108.7,6.8,7.3,0.647,1.97,19.9,0.272,0.756,0.519,0.142,0.565,0.599,99.5,98.07,81.72,1471.0,0.539,12.0,8.0,7.0,8.0,18.0,16.0,1.0,3.0,5.0,14.0,6.0,17.0,1.0,7.0,20.0,11.0,11.0,20.0,3.0,Regular Season
new york knicks,2022-23,10,1610612752.0,15.0,9.0,6.0,0.6,48.7,43.3,87.1,0.497,13.8,37.1,0.372,19.1,25.9,0.735,11.6,33.7,45.3,24.1,13.3,7.2,4.4,3.7,19.1,20.1,119.4,3.9,12.0,8.0,7.0,8.0,4.0,12.0,19.0,5.0,7.0,7.0,13.0,9.0,4.0,27.0,6.0,8.0,5.0,24.0,15.0,15.0,17.0,7.0,13.0,8.0,8.0,10.0,Regular Season,1610612752.0,15.0,9.0,6.0,0.6,730.0,119.1,120.5,114.0,116.9,5.1,3.7,0.556,1.81,17.6,0.299,0.75,0.525,0.135,0.576,0.606,99.4,97.61,81.34,1486.0,0.518,12.0,8.0,7.0,8.0,13.0,3.0,19.0,10.0,28.0,22.0,26.0,6.0,2.0,3.0,15.0,4.0,6.0,24.0,10.0,Regular Season
oklahoma city thunder,2022-23,10,1610612760.0,17.0,10.0,7.0,0.588,48.0,42.1,91.7,0.459,11.9,35.0,0.339,20.2,24.1,0.837,10.5,32.3,42.8,22.9,12.1,8.5,3.1,6.1,19.9,20.4,116.2,0.6,1.0,5.0,13.0,12.0,19.0,21.0,4.0,25.0,18.0,11.0,27.0,6.0,10.0,3.0,12.0,18.0,16.0,28.0,5.0,3.0,29.0,29.0,20.0,7.0,14.0,17.0,Regular Season,1610612760.0,17.0,10.0,7.0,0.588,816.0,111.8,114.6,112.4,114.0,-0.6,0.6,0.545,1.89,16.5,0.289,0.696,0.487,0.119,0.523,0.568,103.4,101.41,84.51,1724.0,0.495,1.0,5.0,13.0,12.0,4.0,22.0,10.0,16.0,29.0,17.0,29.0,12.0,26.0,24.0,4.0,26.0,25.0,7.0,19.0,Regular Season
orlando magic,2022-23,10,1610612753.0,15.0,7.0,8.0,0.467,48.3,43.7,91.1,0.48,10.7,31.4,0.34,18.3,23.3,0.786,10.1,34.1,44.2,25.3,14.0,7.9,5.0,5.3,20.2,20.5,116.5,-0.8,12.0,16.0,18.0,19.0,10.0,7.0,8.0,16.0,26.0,20.0,26.0,14.0,13.0,16.0,14.0,4.0,9.0,20.0,19.0,6.0,11.0,25.0,22.0,4.0,13.0,19.0,Regular Season,1610612753.0,15.0,7.0,8.0,0.467,725.0,110.7,113.7,112.5,114.4,-1.8,-0.7,0.578,1.8,17.9,0.281,0.745,0.508,0.137,0.539,0.575,104.0,101.79,84.83,1537.0,0.496,12.0,16.0,18.0,19.0,15.0,26.0,13.0,19.0,25.0,23.0,23.0,13.0,3.0,11.0,17.0,22.0,23.0,5.0,18.0,Regular Season
philadelphia 76ers,2022-23,10,1610612755.0,17.0,12.0,5.0,0.706,48.6,41.7,82.1,0.508,13.2,32.6,0.404,23.2,27.1,0.855,9.0,33.0,42.0,26.0,13.0,7.6,5.1,4.0,20.6,19.1,119.8,8.1,1.0,1.0,1.0,1.0,6.0,23.0,29.0,1.0,10.0,15.0,2.0,1.0,2.0,2.0,25.0,14.0,23.0,16.0,11.0,8.0,10.0,10.0,25.0,18.0,5.0,2.0,Regular Season,1610612755.0,17.0,12.0,5.0,0.706,826.0,122.1,123.5,112.3,115.4,9.9,8.1,0.623,2.0,19.4,0.276,0.736,0.521,0.134,0.588,0.637,97.6,95.68,79.73,1648.0,0.545,1.0,1.0,1.0,1.0,1.0,1.0,16.0,2.0,12.0,10.0,11.0,15.0,7.0,6.0,14.0,2.0,1.0,29.0,2.0,Regular Season
phoenix suns,2022-23,10,1610612756.0,15.0,9.0,6.0,0.6,48.0,43.8,91.6,0.478,11.8,32.2,0.366,17.3,21.3,0.809,11.5,32.7,44.1,28.3,12.2,7.2,6.2,3.9,23.0,18.7,116.7,4.4,12.0,8.0,7.0,8.0,19.0,6.0,5.0,21.0,19.0,17.0,15.0,17.0,24.0,8.0,7.0,16.0,11.0,4.0,6.0,15.0,2.0,8.0,30.0,23.0,12.0,7.0,Regular Season,1610612756.0,15.0,9.0,6.0,0.6,720.0,114.7,117.3,110.5,112.6,4.2,4.7,0.647,2.32,19.9,0.297,0.728,0.509,0.123,0.543,0.578,101.6,99.57,82.97,1492.0,0.525,12.0,8.0,7.0,8.0,18.0,9.0,5.0,7.0,6.0,2.0,5.0,8.0,16.0,10.0,6.0,20.0,22.0,15.0,6.0,Regular Season
portland trail blazers,2022-23,10,1610612757.0,16.0,3.0,13.0,0.188,48.0,38.0,85.5,0.444,12.3,36.9,0.332,18.9,23.8,0.795,8.3,30.6,38.8,22.5,14.8,7.8,5.0,4.7,18.4,19.1,107.2,-14.1,5.0,29.0,29.0,29.0,19.0,30.0,25.0,30.0,14.0,8.0,29.0,10.0,12.0,13.0,29.0,25.0,27.0,29.0,26.0,7.0,11.0,19.0,8.0,17.0,28.0,30.0,Regular Season,1610612757.0,16.0,3.0,13.0,0.188,768.0,104.5,107.1,120.5,120.4,-15.9,-13.4,0.592,1.52,16.8,0.237,0.717,0.467,0.148,0.516,0.558,101.6,100.41,83.67,1602.0,0.423,5.0,29.0,29.0,29.0,10.0,29.0,28.0,30.0,23.0,29.0,28.0,29.0,20.0,28.0,25.0,30.0,27.0,10.0,30.0,Regular Season
sacramento kings,2022-23,10,1610612758.0,16.0,11.0,5.0,0.688,48.0,43.6,87.8,0.496,15.4,39.2,0.392,20.4,26.4,0.775,9.2,34.0,43.2,27.9,10.6,6.4,3.4,4.6,19.0,20.7,122.9,5.3,5.0,3.0,1.0,3.0,19.0,9.0,15.0,6.0,5.0,5.0,5.0,4.0,3.0,19.0,23.0,5.0,13.0,7.0,1.0,26.0,27.0,18.0,11.0,3.0,2.0,4.0,Regular Season,1610612758.0,16.0,11.0,5.0,0.688,768.0,122.0,122.9,115.7,117.7,6.3,5.3,0.64,2.62,20.0,0.254,0.744,0.503,0.106,0.584,0.619,101.3,100.0,83.33,1600.0,0.519,5.0,3.0,1.0,3.0,10.0,2.0,22.0,6.0,8.0,1.0,3.0,24.0,4.0,13.0,1.0,3.0,2.0,13.0,9.0,Regular Season
san antonio spurs,2022-23,10,1610612759.0,15.0,4.0,11.0,0.267,48.7,42.5,93.8,0.453,13.2,36.9,0.357,13.9,19.7,0.708,11.1,33.1,44.2,27.9,14.8,7.3,4.1,5.1,19.3,18.3,112.1,-11.9,12.0,28.0,26.0,28.0,4.0,17.0,1.0,29.0,9.0,9.0,19.0,30.0,28.0,30.0,9.0,13.0,9.0,8.0,24.0,13.0,20.0,22.0,15.0,26.0,25.0,29.0,Regular Season,1610612759.0,15.0,4.0,11.0,0.267,730.0,105.5,107.6,118.3,119.5,-12.8,-11.9,0.656,1.88,19.1,0.27,0.736,0.488,0.142,0.523,0.547,104.1,102.51,85.42,1562.0,0.442,12.0,28.0,26.0,28.0,13.0,28.0,25.0,29.0,4.0,18.0,14.0,18.0,6.0,22.0,21.0,27.0,30.0,3.0,29.0,Regular Season
toronto raptors,2022-23,10,1610612761.0,14.0,7.0,7.0,0.5,48.4,43.9,92.2,0.476,10.7,31.2,0.343,15.6,19.4,0.805,13.2,30.0,43.2,26.1,11.9,10.1,4.8,4.4,19.7,16.2,114.1,3.4,24.0,16.0,13.0,15.0,7.0,5.0,3.0,23.0,24.0,21.0,24.0,28.0,30.0,9.0,3.0,27.0,12.0,15.0,3.0,1.0,13.0,14.0,18.0,30.0,19.0,11.0,Regular Season,1610612761.0,14.0,7.0,7.0,0.5,677.0,114.7,117.0,112.2,113.3,2.4,3.7,0.594,2.19,18.6,0.329,0.73,0.512,0.122,0.534,0.566,98.3,96.89,80.74,1365.0,0.502,24.0,16.0,13.0,15.0,25.0,11.0,8.0,9.0,22.0,6.0,17.0,3.0,13.0,8.0,5.0,24.0,26.0,25.0,16.0,Regular Season
utah jazz,2022-23,10,1610612762.0,14.0,5.0,9.0,0.357,48.0,43.4,90.9,0.477,11.9,35.0,0.341,18.4,23.3,0.788,11.9,36.3,48.2,26.9,15.4,4.8,6.6,5.3,19.6,17.9,117.0,-5.7,24.0,25.0,22.0,24.0,19.0,11.0,10.0,22.0,17.0,11.0,25.0,13.0,14.0,14.0,5.0,3.0,1.0,13.0,29.0,30.0,1.0,24.0,17.0,28.0,10.0,24.0,Regular Season,1610612762.0,14.0,5.0,9.0,0.357,672.0,111.8,113.8,117.2,119.4,-5.4,-5.6,0.621,1.75,18.7,0.301,0.741,0.525,0.15,0.542,0.578,104.7,102.79,85.65,1439.0,0.479,24.0,25.0,22.0,24.0,28.0,25.0,24.0,24.0,15.0,24.0,16.0,5.0,5.0,4.0,27.0,21.0,21.0,2.0,24.0,Regular Season
washington wizards,2022-23,10,1610612764.0,16.0,5.0,11.0,0.313,48.3,43.0,87.5,0.491,11.0,30.9,0.356,15.6,19.5,0.801,9.2,33.3,42.5,26.1,13.9,6.5,4.6,5.9,17.0,18.4,112.6,-3.4,5.0,25.0,26.0,27.0,13.0,14.0,18.0,10.0,22.0,22.0,20.0,29.0,29.0,11.0,23.0,10.0,19.0,14.0,17.0,24.0,15.0,27.0,3.0,25.0,24.0,23.0,Regular Season,1610612764.0,16.0,5.0,11.0,0.313,773.0,111.8,114.5,117.5,117.7,-5.8,-3.2,0.608,1.88,19.0,0.278,0.735,0.507,0.141,0.554,0.586,99.1,97.86,81.55,1574.0,0.486,5.0,25.0,26.0,27.0,6.0,23.0,21.0,22.0,18.0,18.0,15.0,14.0,8.0,12.0,19.0,16.0,17.0,23.0,21.0,Regular Season
atlanta hawks,2022-23,11,1610612737.0,15.0,7.0,8.0,0.467,48.0,45.5,92.9,0.49,10.7,30.2,0.353,20.2,24.7,0.817,13.7,31.8,45.5,25.5,13.0,6.9,4.4,5.3,17.9,19.5,121.9,0.1,12.0,16.0,18.0,19.0,19.0,2.0,2.0,11.0,26.0,28.0,21.0,5.0,8.0,5.0,2.0,22.0,4.0,18.0,11.0,21.0,17.0,23.0,6.0,12.0,3.0,18.0,Regular Season,1610612737.0,15.0,7.0,8.0,0.467,720.0,118.3,119.9,117.8,119.8,0.5,0.1,0.559,1.96,17.7,0.345,0.733,0.53,0.128,0.547,0.587,103.2,101.67,84.72,1525.0,0.494,12.0,16.0,18.0,19.0,18.0,4.0,26.0,18.0,27.0,15.0,25.0,2.0,11.0,2.0,11.0,18.0,15.0,6.0,20.0,Regular Season
boston celtics,2022-23,11,1610612738.0,16.0,10.0,6.0,0.625,48.9,43.6,91.1,0.479,16.6,43.9,0.377,16.9,21.5,0.788,9.5,36.5,46.0,27.4,12.6,7.1,5.1,3.6,18.8,18.9,120.8,9.6,5.0,5.0,7.0,7.0,3.0,8.0,9.0,18.0,1.0,1.0,11.0,21.0,23.0,15.0,21.0,2.0,3.0,10.0,9.0,18.0,9.0,6.0,10.0,20.0,4.0,1.0,Regular Season,1610612738.0,16.0,10.0,6.0,0.625,783.0,116.5,119.0,106.7,109.2,9.8,9.8,0.628,2.17,19.4,0.25,0.734,0.5,0.124,0.57,0.601,101.9,99.65,83.04,1623.0,0.546,5.0,5.0,7.0,7.0,5.0,6.0,2.0,1.0,11.0,8.0,10.0,26.0,10.0,16.0,7.0,8.0,10.0,14.0,1.0,Regular Season
brooklyn nets,2022-23,11,1610612751.0,16.0,8.0,8.0,0.5,48.3,40.2,87.8,0.458,13.8,37.8,0.364,19.8,24.2,0.817,10.1,31.8,41.9,25.0,12.7,7.5,5.5,4.4,19.0,19.2,113.9,1.9,5.0,14.0,18.0,15.0,13.0,25.0,15.0,27.0,8.0,6.0,16.0,7.0,9.0,6.0,15.0,21.0,24.0,21.0,10.0,11.0,5.0,17.0,11.0,14.0,21.0,13.0,Regular Season,1610612751.0,16.0,8.0,8.0,0.5,773.0,112.8,115.5,111.6,113.3,1.2,2.3,0.622,1.97,18.3,0.266,0.687,0.476,0.129,0.536,0.579,100.0,98.05,81.71,1577.0,0.504,5.0,14.0,18.0,15.0,6.0,19.0,6.0,13.0,13.0,13.0,20.0,20.0,27.0,27.0,12.0,23.0,20.0,21.0,15.0,Regular Season
charlotte hornets,2022-23,11,1610612766.0,15.0,6.0,9.0,0.4,48.0,39.3,85.7,0.458,10.3,30.6,0.336,16.5,22.5,0.731,8.8,34.0,42.8,25.3,14.8,6.5,5.9,5.1,19.2,19.5,105.3,-7.9,12.0,22.0,22.0,22.0,19.0,28.0,24.0,26.0,29.0,26.0,28.0,25.0,17.0,28.0,26.0,5.0,17.0,19.0,24.0,25.0,3.0,21.0,14.0,12.0,30.0,27.0,Regular Season,1610612766.0,15.0,6.0,9.0,0.4,720.0,103.6,105.1,111.3,113.4,-7.8,-8.3,0.645,1.71,18.5,0.244,0.735,0.49,0.148,0.518,0.55,101.7,100.03,83.36,1503.0,0.472,12.0,22.0,22.0,22.0,18.0,30.0,9.0,28.0,7.0,25.0,18.0,28.0,9.0,21.0,24.0,29.0,29.0,11.0,26.0,Regular Season
chicago bulls,2022-23,11,1610612741.0,15.0,9.0,6.0,0.6,49.3,43.4,86.3,0.503,11.4,28.8,0.396,17.1,21.1,0.813,8.7,31.9,40.6,26.0,13.0,8.8,4.4,4.4,18.3,18.7,115.3,3.3,12.0,8.0,7.0,8.0,1.0,10.0,21.0,2.0,21.0,30.0,3.0,19.0,25.0,7.0,27.0,20.0,26.0,16.0,11.0,2.0,17.0,15.0,7.0,23.0,16.0,12.0,Regular Season,1610612741.0,15.0,9.0,6.0,0.6,740.0,115.5,117.1,111.1,114.1,4.4,3.0,0.599,2.0,19.1,0.263,0.721,0.497,0.132,0.569,0.604,97.6,95.71,79.76,1478.0,0.524,12.0,8.0,7.0,8.0,12.0,10.0,11.0,12.0,21.0,10.0,13.0,23.0,18.0,17.0,13.0,10.0,8.0,28.0,7.0,Regular Season
cleveland cavaliers,2022-23,11,1610612739.0,14.0,9.0,5.0,0.643,48.4,42.9,87.6,0.489,11.6,31.5,0.37,16.7,21.9,0.762,9.7,28.4,38.1,24.7,11.2,7.1,5.5,5.0,19.9,19.1,114.1,4.9,24.0,8.0,1.0,6.0,7.0,15.0,17.0,12.0,20.0,19.0,14.0,22.0,21.0,23.0,17.0,30.0,28.0,22.0,2.0,17.0,5.0,20.0,19.0,16.0,19.0,6.0,Regular Season,1610612739.0,14.0,9.0,5.0,0.643,677.0,115.6,117.9,109.9,112.4,5.7,5.5,0.577,2.2,18.5,0.266,0.663,0.46,0.116,0.556,0.587,98.3,96.25,80.21,1355.0,0.514,24.0,8.0,1.0,6.0,25.0,8.0,4.0,4.0,26.0,5.0,19.0,21.0,30.0,30.0,2.0,15.0,16.0,27.0,12.0,Regular Season
dallas mavericks,2022-23,11,1610612742.0,14.0,5.0,9.0,0.357,48.4,40.1,84.5,0.475,16.2,41.2,0.393,18.5,23.0,0.804,6.5,31.6,38.1,23.7,12.5,5.9,3.5,3.5,20.7,20.4,115.0,-1.1,24.0,25.0,22.0,24.0,7.0,26.0,27.0,24.0,3.0,3.0,4.0,11.0,15.0,10.0,30.0,23.0,28.0,27.0,8.0,28.0,26.0,4.0,27.0,6.0,17.0,20.0,Regular Season,1610612742.0,14.0,5.0,9.0,0.357,677.0,114.3,116.1,115.4,117.6,-1.1,-1.5,0.591,1.9,17.9,0.21,0.712,0.464,0.126,0.571,0.608,99.8,98.16,81.8,1387.0,0.48,24.0,25.0,22.0,24.0,25.0,14.0,20.0,21.0,24.0,16.0,22.0,30.0,21.0,29.0,8.0,6.0,5.0,18.0,23.0,Regular Season
denver nuggets,2022-23,11,1610612743.0,14.0,7.0,7.0,0.5,48.0,41.8,85.9,0.487,10.7,30.6,0.35,17.0,22.4,0.758,10.1,32.3,42.4,28.0,12.4,7.0,4.0,3.1,17.2,18.9,111.3,0.7,24.0,16.0,13.0,15.0,19.0,22.0,23.0,13.0,24.0,25.0,22.0,20.0,19.0,24.0,13.0,19.0,20.0,5.0,7.0,19.0,21.0,1.0,4.0,19.0,27.0,16.0,Regular Season,1610612743.0,14.0,7.0,7.0,0.5,672.0,113.6,115.1,113.2,114.8,0.5,0.2,0.67,2.27,20.3,0.289,0.729,0.511,0.128,0.549,0.581,97.8,96.5,80.42,1354.0,0.512,24.0,16.0,13.0,15.0,28.0,20.0,15.0,17.0,2.0,4.0,1.0,11.0,14.0,9.0,10.0,17.0,19.0,26.0,14.0,Regular Season
detroit pistons,2022-23,11,1610612765.0,15.0,1.0,14.0,0.067,48.0,39.7,86.9,0.457,10.7,30.8,0.346,16.5,22.0,0.752,12.5,29.9,42.4,23.9,15.2,6.6,3.9,6.0,21.0,18.9,106.7,-9.3,12.0,30.0,30.0,30.0,19.0,27.0,20.0,28.0,26.0,23.0,23.0,24.0,20.0,26.0,4.0,28.0,21.0,26.0,28.0,23.0,23.0,28.0,28.0,21.0,29.0,28.0,Regular Season,1610612765.0,15.0,1.0,14.0,0.067,720.0,107.5,109.5,116.8,117.8,-9.3,-8.3,0.601,1.57,17.5,0.309,0.673,0.487,0.156,0.519,0.552,99.2,97.93,81.61,1461.0,0.442,12.0,30.0,30.0,30.0,18.0,27.0,23.0,27.0,20.0,28.0,27.0,4.0,29.0,23.0,30.0,28.0,28.0,22.0,28.0,Regular Season
golden state warriors,2022-23,11,1610612744.0,16.0,9.0,7.0,0.563,48.3,42.8,89.3,0.479,16.3,43.5,0.375,16.4,20.6,0.797,11.3,33.3,44.5,29.4,15.8,7.3,4.4,3.6,19.6,18.8,118.3,1.9,5.0,8.0,13.0,14.0,13.0,16.0,12.0,20.0,2.0,2.0,12.0,27.0,26.0,12.0,8.0,11.0,7.0,1.0,30.0,14.0,16.0,5.0,16.0,22.0,9.0,13.0,Regular Season,1610612744.0,16.0,9.0,7.0,0.563,773.0,115.0,116.0,112.0,114.2,3.0,1.8,0.687,1.87,20.2,0.289,0.71,0.503,0.155,0.57,0.601,102.7,101.25,84.37,1631.0,0.516,5.0,8.0,13.0,14.0,6.0,15.0,12.0,14.0,1.0,21.0,2.0,10.0,22.0,14.0,29.0,7.0,9.0,8.0,11.0,Regular Season
houston rockets,2022-23,11,1610612745.0,17.0,6.0,11.0,0.353,48.3,42.3,88.3,0.479,9.5,28.9,0.33,19.4,25.6,0.756,13.8,31.2,45.0,21.5,14.9,7.6,3.1,6.6,20.6,19.7,113.5,-6.4,1.0,22.0,26.0,26.0,17.0,20.0,14.0,19.0,30.0,29.0,30.0,8.0,5.0,25.0,1.0,24.0,6.0,30.0,27.0,8.0,28.0,30.0,26.0,10.0,23.0,26.0,Regular Season,1610612745.0,17.0,6.0,11.0,0.353,821.0,112.7,114.9,120.1,121.5,-7.4,-6.6,0.508,1.44,15.7,0.358,0.732,0.539,0.151,0.533,0.57,99.6,98.1,81.75,1679.0,0.459,1.0,22.0,26.0,26.0,2.0,21.0,29.0,26.0,30.0,30.0,30.0,1.0,12.0,1.0,28.0,25.0,24.0,19.0,27.0,Regular Season
indiana pacers,2022-23,11,1610612754.0,15.0,6.0,9.0,0.4,48.3,45.1,91.2,0.494,12.1,33.6,0.361,17.2,22.5,0.763,10.9,30.5,41.4,28.0,14.2,7.0,5.7,5.7,20.5,19.9,119.5,-6.2,12.0,22.0,22.0,22.0,10.0,3.0,6.0,7.0,15.0,13.0,17.0,18.0,17.0,22.0,10.0,26.0,25.0,5.0,20.0,19.0,4.0,26.0,24.0,9.0,7.0,25.0,Regular Season,1610612754.0,15.0,6.0,9.0,0.4,725.0,114.5,116.3,120.1,122.7,-5.6,-6.4,0.621,1.97,19.3,0.293,0.685,0.485,0.138,0.561,0.591,103.8,101.86,84.88,1541.0,0.476,12.0,22.0,22.0,22.0,15.0,13.0,30.0,25.0,14.0,12.0,12.0,9.0,28.0,25.0,18.0,12.0,13.0,4.0,25.0,Regular Season
la clippers,2022-23,11,1610612746.0,14.0,8.0,6.0,0.571,48.0,42.4,85.2,0.497,12.6,32.9,0.385,18.5,24.0,0.771,9.6,32.5,42.1,27.0,14.4,7.9,3.9,3.9,18.5,19.6,115.9,1.8,24.0,14.0,7.0,13.0,19.0,18.0,26.0,4.0,11.0,14.0,7.0,11.0,11.0,21.0,20.0,17.0,22.0,12.0,23.0,5.0,24.0,9.0,9.0,11.0,15.0,15.0,Regular Season,1610612746.0,14.0,8.0,6.0,0.571,672.0,115.2,116.4,112.9,114.8,2.4,1.5,0.637,1.88,19.5,0.269,0.71,0.497,0.144,0.571,0.605,100.8,99.46,82.89,1394.0,0.512,24.0,14.0,7.0,13.0,28.0,12.0,14.0,15.0,9.0,20.0,9.0,19.0,23.0,18.0,22.0,5.0,7.0,16.0,13.0,Regular Season
los angeles lakers,2022-23,11,1610612747.0,15.0,10.0,5.0,0.667,48.0,40.5,84.5,0.479,11.0,30.5,0.361,23.0,29.3,0.784,10.5,33.7,44.3,24.5,14.3,6.9,4.0,4.1,16.9,23.5,114.9,4.4,12.0,5.0,1.0,5.0,19.0,24.0,28.0,17.0,22.0,27.0,18.0,2.0,1.0,17.0,11.0,8.0,8.0,23.0,22.0,22.0,21.0,11.0,2.0,1.0,18.0,7.0,Regular Season,1610612747.0,15.0,10.0,5.0,0.667,720.0,113.6,115.9,109.1,111.4,4.5,4.4,0.605,1.71,17.8,0.298,0.728,0.522,0.144,0.544,0.59,101.2,99.2,82.67,1488.0,0.532,12.0,5.0,1.0,5.0,18.0,18.0,3.0,8.0,19.0,26.0,24.0,7.0,15.0,5.0,23.0,19.0,14.0,17.0,5.0,Regular Season
memphis grizzlies,2022-23,11,1610612763.0,17.0,12.0,5.0,0.706,48.3,44.6,90.5,0.493,13.9,36.8,0.379,16.6,21.6,0.771,9.6,32.9,42.6,27.4,12.0,8.2,5.2,4.4,20.3,17.8,119.8,5.0,1.0,1.0,1.0,1.0,17.0,4.0,11.0,8.0,6.0,10.0,9.0,23.0,22.0,20.0,19.0,15.0,18.0,11.0,4.0,4.0,8.0,16.0,23.0,29.0,5.0,5.0,Regular Season,1610612763.0,17.0,12.0,5.0,0.706,821.0,117.0,118.6,111.3,113.3,5.8,5.3,0.613,2.28,19.5,0.249,0.7,0.478,0.119,0.57,0.599,102.1,100.5,83.75,1716.0,0.521,1.0,1.0,1.0,1.0,2.0,7.0,7.0,5.0,17.0,3.0,8.0,27.0,25.0,26.0,3.0,9.0,12.0,9.0,8.0,Regular Season
miami heat,2022-23,11,1610612748.0,15.0,7.0,8.0,0.467,48.3,38.9,80.3,0.485,12.1,32.1,0.378,21.7,25.2,0.86,8.6,28.9,37.5,23.9,14.3,6.4,2.9,4.1,16.5,20.5,111.7,-3.4,12.0,16.0,18.0,19.0,10.0,29.0,30.0,15.0,15.0,18.0,10.0,3.0,6.0,1.0,28.0,29.0,30.0,25.0,21.0,27.0,30.0,11.0,1.0,4.0,26.0,22.0,Regular Season,1610612748.0,15.0,7.0,8.0,0.467,725.0,115.0,115.9,118.4,120.1,-3.4,-4.2,0.615,1.68,18.1,0.275,0.708,0.496,0.148,0.56,0.611,96.4,95.4,79.5,1445.0,0.486,12.0,16.0,18.0,19.0,15.0,17.0,27.0,23.0,16.0,27.0,21.0,16.0,24.0,19.0,26.0,13.0,4.0,30.0,22.0,Regular Season
milwaukee bucks,2022-23,11,1610612749.0,16.0,11.0,5.0,0.688,48.3,45.7,91.1,0.501,15.8,41.2,0.384,17.7,22.8,0.777,9.8,37.1,46.9,28.9,13.3,5.6,5.2,3.2,17.4,19.1,124.9,4.1,5.0,3.0,1.0,3.0,13.0,1.0,7.0,3.0,4.0,4.0,8.0,16.0,16.0,18.0,16.0,1.0,2.0,2.0,14.0,29.0,7.0,2.0,5.0,15.0,1.0,9.0,Regular Season,1610612749.0,16.0,11.0,5.0,0.688,773.0,119.4,119.7,113.4,116.1,6.0,3.6,0.632,2.18,19.9,0.25,0.72,0.502,0.127,0.588,0.617,104.9,103.48,86.24,1669.0,0.534,5.0,3.0,1.0,3.0,6.0,5.0,18.0,11.0,10.0,7.0,7.0,25.0,19.0,15.0,9.0,1.0,3.0,1.0,4.0,Regular Season
minnesota timberwolves,2022-23,11,1610612750.0,14.0,7.0,7.0,0.5,49.1,43.1,88.6,0.486,12.6,32.6,0.388,18.0,25.1,0.716,9.7,33.1,42.9,28.7,13.9,7.5,4.8,4.3,22.0,20.9,116.8,-1.5,24.0,16.0,13.0,15.0,2.0,13.0,13.0,14.0,11.0,16.0,6.0,15.0,7.0,29.0,17.0,12.0,15.0,3.0,16.0,11.0,13.0,13.0,29.0,2.0,11.0,21.0,Regular Season,1610612750.0,14.0,7.0,7.0,0.5,687.0,112.5,114.3,114.4,115.6,-1.8,-1.4,0.667,2.07,20.0,0.264,0.725,0.492,0.136,0.558,0.586,101.3,100.02,83.35,1431.0,0.5,24.0,16.0,13.0,15.0,24.0,24.0,17.0,20.0,3.0,9.0,4.0,22.0,17.0,20.0,16.0,14.0,18.0,12.0,17.0,Regular Season
new orleans pelicans,2022-23,11,1610612740.0,15.0,9.0,6.0,0.6,48.0,42.3,86.1,0.491,12.6,30.7,0.411,16.5,19.9,0.826,9.2,33.9,43.1,27.4,13.9,7.5,3.8,3.3,20.0,18.0,113.7,7.1,12.0,8.0,7.0,8.0,19.0,19.0,22.0,9.0,13.0,24.0,1.0,25.0,27.0,4.0,22.0,7.0,14.0,9.0,18.0,10.0,25.0,3.0,21.0,27.0,22.0,3.0,Regular Season,1610612740.0,15.0,9.0,6.0,0.6,720.0,114.1,116.0,107.3,108.7,6.8,7.3,0.647,1.97,19.9,0.272,0.756,0.519,0.142,0.565,0.599,99.5,98.07,81.72,1471.0,0.539,12.0,8.0,7.0,8.0,18.0,16.0,1.0,3.0,5.0,14.0,6.0,17.0,1.0,7.0,20.0,11.0,11.0,20.0,3.0,Regular Season
new york knicks,2022-23,11,1610612752.0,15.0,9.0,6.0,0.6,48.7,43.3,87.1,0.497,13.8,37.1,0.372,19.1,25.9,0.735,11.6,33.7,45.3,24.1,13.3,7.2,4.4,3.7,19.1,20.1,119.4,3.9,12.0,8.0,7.0,8.0,4.0,12.0,19.0,5.0,7.0,7.0,13.0,9.0,4.0,27.0,6.0,8.0,5.0,24.0,15.0,15.0,17.0,7.0,13.0,8.0,8.0,10.0,Regular Season,1610612752.0,15.0,9.0,6.0,0.6,730.0,119.1,120.5,114.0,116.9,5.1,3.7,0.556,1.81,17.6,0.299,0.75,0.525,0.135,0.576,0.606,99.4,97.61,81.34,1486.0,0.518,12.0,8.0,7.0,8.0,13.0,3.0,19.0,10.0,28.0,22.0,26.0,6.0,2.0,3.0,15.0,4.0,6.0,24.0,10.0,Regular Season
oklahoma city thunder,2022-23,11,1610612760.0,17.0,10.0,7.0,0.588,48.0,42.1,91.7,0.459,11.9,35.0,0.339,20.2,24.1,0.837,10.5,32.3,42.8,22.9,12.1,8.5,3.1,6.1,19.9,20.4,116.2,0.6,1.0,5.0,13.0,12.0,19.0,21.0,4.0,25.0,18.0,11.0,27.0,6.0,10.0,3.0,12.0,18.0,16.0,28.0,5.0,3.0,29.0,29.0,20.0,7.0,14.0,17.0,Regular Season,1610612760.0,17.0,10.0,7.0,0.588,816.0,111.8,114.6,112.4,114.0,-0.6,0.6,0.545,1.89,16.5,0.289,0.696,0.487,0.119,0.523,0.568,103.4,101.41,84.51,1724.0,0.495,1.0,5.0,13.0,12.0,4.0,22.0,10.0,16.0,29.0,17.0,29.0,12.0,26.0,24.0,4.0,26.0,25.0,7.0,19.0,Regular Season
orlando magic,2022-23,11,1610612753.0,15.0,7.0,8.0,0.467,48.3,43.7,91.1,0.48,10.7,31.4,0.34,18.3,23.3,0.786,10.1,34.1,44.2,25.3,14.0,7.9,5.0,5.3,20.2,20.5,116.5,-0.8,12.0,16.0,18.0,19.0,10.0,7.0,8.0,16.0,26.0,20.0,26.0,14.0,13.0,16.0,14.0,4.0,9.0,20.0,19.0,6.0,11.0,25.0,22.0,4.0,13.0,19.0,Regular Season,1610612753.0,15.0,7.0,8.0,0.467,725.0,110.7,113.7,112.5,114.4,-1.8,-0.7,0.578,1.8,17.9,0.281,0.745,0.508,0.137,0.539,0.575,104.0,101.79,84.83,1537.0,0.496,12.0,16.0,18.0,19.0,15.0,26.0,13.0,19.0,25.0,23.0,23.0,13.0,3.0,11.0,17.0,22.0,23.0,5.0,18.0,Regular Season
philadelphia 76ers,2022-23,11,1610612755.0,17.0,12.0,5.0,0.706,48.6,41.7,82.1,0.508,13.2,32.6,0.404,23.2,27.1,0.855,9.0,33.0,42.0,26.0,13.0,7.6,5.1,4.0,20.6,19.1,119.8,8.1,1.0,1.0,1.0,1.0,6.0,23.0,29.0,1.0,10.0,15.0,2.0,1.0,2.0,2.0,25.0,14.0,23.0,16.0,11.0,8.0,10.0,10.0,25.0,18.0,5.0,2.0,Regular Season,1610612755.0,17.0,12.0,5.0,0.706,826.0,122.1,123.5,112.3,115.4,9.9,8.1,0.623,2.0,19.4,0.276,0.736,0.521,0.134,0.588,0.637,97.6,95.68,79.73,1648.0,0.545,1.0,1.0,1.0,1.0,1.0,1.0,16.0,2.0,12.0,10.0,11.0,15.0,7.0,6.0,14.0,2.0,1.0,29.0,2.0,Regular Season
phoenix suns,2022-23,11,1610612756.0,15.0,9.0,6.0,0.6,48.0,43.8,91.6,0.478,11.8,32.2,0.366,17.3,21.3,0.809,11.5,32.7,44.1,28.3,12.2,7.2,6.2,3.9,23.0,18.7,116.7,4.4,12.0,8.0,7.0,8.0,19.0,6.0,5.0,21.0,19.0,17.0,15.0,17.0,24.0,8.0,7.0,16.0,11.0,4.0,6.0,15.0,2.0,8.0,30.0,23.0,12.0,7.0,Regular Season,1610612756.0,15.0,9.0,6.0,0.6,720.0,114.7,117.3,110.5,112.6,4.2,4.7,0.647,2.32,19.9,0.297,0.728,0.509,0.123,0.543,0.578,101.6,99.57,82.97,1492.0,0.525,12.0,8.0,7.0,8.0,18.0,9.0,5.0,7.0,6.0,2.0,5.0,8.0,16.0,10.0,6.0,20.0,22.0,15.0,6.0,Regular Season
portland trail blazers,2022-23,11,1610612757.0,16.0,3.0,13.0,0.188,48.0,38.0,85.5,0.444,12.3,36.9,0.332,18.9,23.8,0.795,8.3,30.6,38.8,22.5,14.8,7.8,5.0,4.7,18.4,19.1,107.2,-14.1,5.0,29.0,29.0,29.0,19.0,30.0,25.0,30.0,14.0,8.0,29.0,10.0,12.0,13.0,29.0,25.0,27.0,29.0,26.0,7.0,11.0,19.0,8.0,17.0,28.0,30.0,Regular Season,1610612757.0,16.0,3.0,13.0,0.188,768.0,104.5,107.1,120.5,120.4,-15.9,-13.4,0.592,1.52,16.8,0.237,0.717,0.467,0.148,0.516,0.558,101.6,100.41,83.67,1602.0,0.423,5.0,29.0,29.0,29.0,10.0,29.0,28.0,30.0,23.0,29.0,28.0,29.0,20.0,28.0,25.0,30.0,27.0,10.0,30.0,Regular Season
sacramento kings,2022-23,11,1610612758.0,16.0,11.0,5.0,0.688,48.0,43.6,87.8,0.496,15.4,39.2,0.392,20.4,26.4,0.775,9.2,34.0,43.2,27.9,10.6,6.4,3.4,4.6,19.0,20.7,122.9,5.3,5.0,3.0,1.0,3.0,19.0,9.0,15.0,6.0,5.0,5.0,5.0,4.0,3.0,19.0,23.0,5.0,13.0,7.0,1.0,26.0,27.0,18.0,11.0,3.0,2.0,4.0,Regular Season,1610612758.0,16.0,11.0,5.0,0.688,768.0,122.0,122.9,115.7,117.7,6.3,5.3,0.64,2.62,20.0,0.254,0.744,0.503,0.106,0.584,0.619,101.3,100.0,83.33,1600.0,0.519,5.0,3.0,1.0,3.0,10.0,2.0,22.0,6.0,8.0,1.0,3.0,24.0,4.0,13.0,1.0,3.0,2.0,13.0,9.0,Regular Season
san antonio spurs,2022-23,11,1610612759.0,15.0,4.0,11.0,0.267,48.7,42.5,93.8,0.453,13.2,36.9,0.357,13.9,19.7,0.708,11.1,33.1,44.2,27.9,14.8,7.3,4.1,5.1,19.3,18.3,112.1,-11.9,12.0,28.0,26.0,28.0,4.0,17.0,1.0,29.0,9.0,9.0,19.0,30.0,28.0,30.0,9.0,13.0,9.0,8.0,24.0,13.0,20.0,22.0,15.0,26.0,25.0,29.0,Regular Season,1610612759.0,15.0,4.0,11.0,0.267,730.0,105.5,107.6,118.3,119.5,-12.8,-11.9,0.656,1.88,19.1,0.27,0.736,0.488,0.142,0.523,0.547,104.1,102.51,85.42,1562.0,0.442,12.0,28.0,26.0,28.0,13.0,28.0,25.0,29.0,4.0,18.0,14.0,18.0,6.0,22.0,21.0,27.0,30.0,3.0,29.0,Regular Season
toronto raptors,2022-23,11,1610612761.0,14.0,7.0,7.0,0.5,48.4,43.9,92.2,0.476,10.7,31.2,0.343,15.6,19.4,0.805,13.2,30.0,43.2,26.1,11.9,10.1,4.8,4.4,19.7,16.2,114.1,3.4,24.0,16.0,13.0,15.0,7.0,5.0,3.0,23.0,24.0,21.0,24.0,28.0,30.0,9.0,3.0,27.0,12.0,15.0,3.0,1.0,13.0,14.0,18.0,30.0,19.0,11.0,Regular Season,1610612761.0,14.0,7.0,7.0,0.5,677.0,114.7,117.0,112.2,113.3,2.4,3.7,0.594,2.19,18.6,0.329,0.73,0.512,0.122,0.534,0.566,98.3,96.89,80.74,1365.0,0.502,24.0,16.0,13.0,15.0,25.0,11.0,8.0,9.0,22.0,6.0,17.0,3.0,13.0,8.0,5.0,24.0,26.0,25.0,16.0,Regular Season
utah jazz,2022-23,11,1610612762.0,14.0,5.0,9.0,0.357,48.0,43.4,90.9,0.477,11.9,35.0,0.341,18.4,23.3,0.788,11.9,36.3,48.2,26.9,15.4,4.8,6.6,5.3,19.6,17.9,117.0,-5.7,24.0,25.0,22.0,24.0,19.0,11.0,10.0,22.0,17.0,11.0,25.0,13.0,14.0,14.0,5.0,3.0,1.0,13.0,29.0,30.0,1.0,24.0,17.0,28.0,10.0,24.0,Regular Season,1610612762.0,14.0,5.0,9.0,0.357,672.0,111.8,113.8,117.2,119.4,-5.4,-5.6,0.621,1.75,18.7,0.301,0.741,0.525,0.15,0.542,0.578,104.7,102.79,85.65,1439.0,0.479,24.0,25.0,22.0,24.0,28.0,25.0,24.0,24.0,15.0,24.0,16.0,5.0,5.0,4.0,27.0,21.0,21.0,2.0,24.0,Regular Season
washington wizards,2022-23,11,1610612764.0,16.0,5.0,11.0,0.313,48.3,43.0,87.5,0.491,11.0,30.9,0.356,15.6,19.5,0.801,9.2,33.3,42.5,26.1,13.9,6.5,4.6,5.9,17.0,18.4,112.6,-3.4,5.0,25.0,26.0,27.0,13.0,14.0,18.0,10.0,22.0,22.0,20.0,29.0,29.0,11.0,23.0,10.0,19.0,14.0,17.0,24.0,15.0,27.0,3.0,25.0,24.0,23.0,Regular Season,1610612764.0,16.0,5.0,11.0,0.313,773.0,111.8,114.5,117.5,117.7,-5.8,-3.2,0.608,1.88,19.0,0.278,0.735,0.507,0.141,0.554,0.586,99.1,97.86,81.55,1574.0,0.486,5.0,25.0,26.0,27.0,6.0,23.0,21.0,22.0,18.0,18.0,15.0,14.0,8.0,12.0,19.0,16.0,17.0,23.0,21.0,Regular Season
atlanta hawks,2022-23,12,1610612737.0,15.0,7.0,8.0,0.467,48.0,45.5,92.9,0.49,10.7,30.2,0.353,20.2,24.7,0.817,13.7,31.8,45.5,25.5,13.0,6.9,4.4,5.3,17.9,19.5,121.9,0.1,12.0,16.0,18.0,19.0,19.0,2.0,2.0,11.0,26.0,28.0,21.0,5.0,8.0,5.0,2.0,22.0,4.0,18.0,11.0,21.0,17.0,23.0,6.0,12.0,3.0,18.0,Regular Season,1610612737.0,15.0,7.0,8.0,0.467,720.0,118.3,119.9,117.8,119.8,0.5,0.1,0.559,1.96,17.7,0.345,0.733,0.53,0.128,0.547,0.587,103.2,101.67,84.72,1525.0,0.494,12.0,16.0,18.0,19.0,18.0,4.0,26.0,18.0,27.0,15.0,25.0,2.0,11.0,2.0,11.0,18.0,15.0,6.0,20.0,Regular Season
boston celtics,2022-23,12,1610612738.0,16.0,10.0,6.0,0.625,48.9,43.6,91.1,0.479,16.6,43.9,0.377,16.9,21.5,0.788,9.5,36.5,46.0,27.4,12.6,7.1,5.1,3.6,18.8,18.9,120.8,9.6,5.0,5.0,7.0,7.0,3.0,8.0,9.0,18.0,1.0,1.0,11.0,21.0,23.0,15.0,21.0,2.0,3.0,10.0,9.0,18.0,9.0,6.0,10.0,20.0,4.0,1.0,Regular Season,1610612738.0,16.0,10.0,6.0,0.625,783.0,116.5,119.0,106.7,109.2,9.8,9.8,0.628,2.17,19.4,0.25,0.734,0.5,0.124,0.57,0.601,101.9,99.65,83.04,1623.0,0.546,5.0,5.0,7.0,7.0,5.0,6.0,2.0,1.0,11.0,8.0,10.0,26.0,10.0,16.0,7.0,8.0,10.0,14.0,1.0,Regular Season
brooklyn nets,2022-23,12,1610612751.0,16.0,8.0,8.0,0.5,48.3,40.2,87.8,0.458,13.8,37.8,0.364,19.8,24.2,0.817,10.1,31.8,41.9,25.0,12.7,7.5,5.5,4.4,19.0,19.2,113.9,1.9,5.0,14.0,18.0,15.0,13.0,25.0,15.0,27.0,8.0,6.0,16.0,7.0,9.0,6.0,15.0,21.0,24.0,21.0,10.0,11.0,5.0,17.0,11.0,14.0,21.0,13.0,Regular Season,1610612751.0,16.0,8.0,8.0,0.5,773.0,112.8,115.5,111.6,113.3,1.2,2.3,0.622,1.97,18.3,0.266,0.687,0.476,0.129,0.536,0.579,100.0,98.05,81.71,1577.0,0.504,5.0,14.0,18.0,15.0,6.0,19.0,6.0,13.0,13.0,13.0,20.0,20.0,27.0,27.0,12.0,23.0,20.0,21.0,15.0,Regular Season
charlotte hornets,2022-23,12,1610612766.0,15.0,6.0,9.0,0.4,48.0,39.3,85.7,0.458,10.3,30.6,0.336,16.5,22.5,0.731,8.8,34.0,42.8,25.3,14.8,6.5,5.9,5.1,19.2,19.5,105.3,-7.9,12.0,22.0,22.0,22.0,19.0,28.0,24.0,26.0,29.0,26.0,28.0,25.0,17.0,28.0,26.0,5.0,17.0,19.0,24.0,25.0,3.0,21.0,14.0,12.0,30.0,27.0,Regular Season,1610612766.0,15.0,6.0,9.0,0.4,720.0,103.6,105.1,111.3,113.4,-7.8,-8.3,0.645,1.71,18.5,0.244,0.735,0.49,0.148,0.518,0.55,101.7,100.03,83.36,1503.0,0.472,12.0,22.0,22.0,22.0,18.0,30.0,9.0,28.0,7.0,25.0,18.0,28.0,9.0,21.0,24.0,29.0,29.0,11.0,26.0,Regular Season
chicago bulls,2022-23,12,1610612741.0,15.0,9.0,6.0,0.6,49.3,43.4,86.3,0.503,11.4,28.8,0.396,17.1,21.1,0.813,8.7,31.9,40.6,26.0,13.0,8.8,4.4,4.4,18.3,18.7,115.3,3.3,12.0,8.0,7.0,8.0,1.0,10.0,21.0,2.0,21.0,30.0,3.0,19.0,25.0,7.0,27.0,20.0,26.0,16.0,11.0,2.0,17.0,15.0,7.0,23.0,16.0,12.0,Regular Season,1610612741.0,15.0,9.0,6.0,0.6,740.0,115.5,117.1,111.1,114.1,4.4,3.0,0.599,2.0,19.1,0.263,0.721,0.497,0.132,0.569,0.604,97.6,95.71,79.76,1478.0,0.524,12.0,8.0,7.0,8.0,12.0,10.0,11.0,12.0,21.0,10.0,13.0,23.0,18.0,17.0,13.0,10.0,8.0,28.0,7.0,Regular Season
cleveland cavaliers,2022-23,12,1610612739.0,14.0,9.0,5.0,0.643,48.4,42.9,87.6,0.489,11.6,31.5,0.37,16.7,21.9,0.762,9.7,28.4,38.1,24.7,11.2,7.1,5.5,5.0,19.9,19.1,114.1,4.9,24.0,8.0,1.0,6.0,7.0,15.0,17.0,12.0,20.0,19.0,14.0,22.0,21.0,23.0,17.0,30.0,28.0,22.0,2.0,17.0,5.0,20.0,19.0,16.0,19.0,6.0,Regular Season,1610612739.0,14.0,9.0,5.0,0.643,677.0,115.6,117.9,109.9,112.4,5.7,5.5,0.577,2.2,18.5,0.266,0.663,0.46,0.116,0.556,0.587,98.3,96.25,80.21,1355.0,0.514,24.0,8.0,1.0,6.0,25.0,8.0,4.0,4.0,26.0,5.0,19.0,21.0,30.0,30.0,2.0,15.0,16.0,27.0,12.0,Regular Season
dallas mavericks,2022-23,12,1610612742.0,14.0,5.0,9.0,0.357,48.4,40.1,84.5,0.475,16.2,41.2,0.393,18.5,23.0,0.804,6.5,31.6,38.1,23.7,12.5,5.9,3.5,3.5,20.7,20.4,115.0,-1.1,24.0,25.0,22.0,24.0,7.0,26.0,27.0,24.0,3.0,3.0,4.0,11.0,15.0,10.0,30.0,23.0,28.0,27.0,8.0,28.0,26.0,4.0,27.0,6.0,17.0,20.0,Regular Season,1610612742.0,14.0,5.0,9.0,0.357,677.0,114.3,116.1,115.4,117.6,-1.1,-1.5,0.591,1.9,17.9,0.21,0.712,0.464,0.126,0.571,0.608,99.8,98.16,81.8,1387.0,0.48,24.0,25.0,22.0,24.0,25.0,14.0,20.0,21.0,24.0,16.0,22.0,30.0,21.0,29.0,8.0,6.0,5.0,18.0,23.0,Regular Season
denver nuggets,2022-23,12,1610612743.0,14.0,7.0,7.0,0.5,48.0,41.8,85.9,0.487,10.7,30.6,0.35,17.0,22.4,0.758,10.1,32.3,42.4,28.0,12.4,7.0,4.0,3.1,17.2,18.9,111.3,0.7,24.0,16.0,13.0,15.0,19.0,22.0,23.0,13.0,24.0,25.0,22.0,20.0,19.0,24.0,13.0,19.0,20.0,5.0,7.0,19.0,21.0,1.0,4.0,19.0,27.0,16.0,Regular Season,1610612743.0,14.0,7.0,7.0,0.5,672.0,113.6,115.1,113.2,114.8,0.5,0.2,0.67,2.27,20.3,0.289,0.729,0.511,0.128,0.549,0.581,97.8,96.5,80.42,1354.0,0.512,24.0,16.0,13.0,15.0,28.0,20.0,15.0,17.0,2.0,4.0,1.0,11.0,14.0,9.0,10.0,17.0,19.0,26.0,14.0,Regular Season
detroit pistons,2022-23,12,1610612765.0,15.0,1.0,14.0,0.067,48.0,39.7,86.9,0.457,10.7,30.8,0.346,16.5,22.0,0.752,12.5,29.9,42.4,23.9,15.2,6.6,3.9,6.0,21.0,18.9,106.7,-9.3,12.0,30.0,30.0,30.0,19.0,27.0,20.0,28.0,26.0,23.0,23.0,24.0,20.0,26.0,4.0,28.0,21.0,26.0,28.0,23.0,23.0,28.0,28.0,21.0,29.0,28.0,Regular Season,1610612765.0,15.0,1.0,14.0,0.067,720.0,107.5,109.5,116.8,117.8,-9.3,-8.3,0.601,1.57,17.5,0.309,0.673,0.487,0.156,0.519,0.552,99.2,97.93,81.61,1461.0,0.442,12.0,30.0,30.0,30.0,18.0,27.0,23.0,27.0,20.0,28.0,27.0,4.0,29.0,23.0,30.0,28.0,28.0,22.0,28.0,Regular Season
golden state warriors,2022-23,12,1610612744.0,1.0,1.0,0.0,1.0,48.0,29.0,79.0,0.367,7.0,26.0,0.269,31.0,40.0,0.775,10.0,52.0,62.0,18.0,17.0,6.0,3.0,10.0,27.0,27.0,96.0,9.0,1.0,1.0,1.0,1.0,1.0,3.0,3.0,3.0,2.0,3.0,2.0,1.0,2.0,1.0,3.0,1.0,1.0,3.0,2.0,4.0,4.0,4.0,2.0,2.0,2.0,2.0,Pre Season,1610612744.0,1.0,1.0,0.0,1.0,48.0,92.7,90.6,83.5,82.9,9.2,7.7,0.621,1.06,13.2,0.222,0.885,0.574,0.16,0.411,0.497,103.9,105.5,87.92,106.0,0.559,1.0,1.0,1.0,1.0,1.0,2.0,2.0,2.0,3.0,3.0,3.0,3.0,1.0,2.0,2.0,2.0,2.0,1.0,2.0,Pre Season
houston rockets,2022-23,12,1610612745.0,17.0,6.0,11.0,0.353,48.3,42.3,88.3,0.479,9.5,28.9,0.33,19.4,25.6,0.756,13.8,31.2,45.0,21.5,14.9,7.6,3.1,6.6,20.6,19.7,113.5,-6.4,1.0,22.0,26.0,26.0,17.0,20.0,14.0,19.0,30.0,29.0,30.0,8.0,5.0,25.0,1.0,24.0,6.0,30.0,27.0,8.0,28.0,30.0,26.0,10.0,23.0,26.0,Regular Season,1610612745.0,17.0,6.0,11.0,0.353,821.0,112.7,114.9,120.1,121.5,-7.4,-6.6,0.508,1.44,15.7,0.358,0.732,0.539,0.151,0.533,0.57,99.6,98.1,81.75,1679.0,0.459,1.0,22.0,26.0,26.0,2.0,21.0,29.0,26.0,30.0,30.0,30.0,1.0,12.0,1.0,28.0,25.0,24.0,19.0,27.0,Regular Season
indiana pacers,2022-23,12,1610612754.0,15.0,6.0,9.0,0.4,48.3,45.1,91.2,0.494,12.1,33.6,0.361,17.2,22.5,0.763,10.9,30.5,41.4,28.0,14.2,7.0,5.7,5.7,20.5,19.9,119.5,-6.2,12.0,22.0,22.0,22.0,10.0,3.0,6.0,7.0,15.0,13.0,17.0,18.0,17.0,22.0,10.0,26.0,25.0,5.0,20.0,19.0,4.0,26.0,24.0,9.0,7.0,25.0,Regular Season,1610612754.0,15.0,6.0,9.0,0.4,725.0,114.5,116.3,120.1,122.7,-5.6,-6.4,0.621,1.97,19.3,0.293,0.685,0.485,0.138,0.561,0.591,103.8,101.86,84.88,1541.0,0.476,12.0,22.0,22.0,22.0,15.0,13.0,30.0,25.0,14.0,12.0,12.0,9.0,28.0,25.0,18.0,12.0,13.0,4.0,25.0,Regular Season
la clippers,2022-23,12,1610612746.0,1.0,1.0,0.0,1.0,48.0,39.0,77.0,0.506,13.0,29.0,0.448,30.0,43.0,0.698,15.0,40.0,55.0,27.0,24.0,9.0,6.0,5.0,23.0,34.0,121.0,40.0,1.0,1.0,1.0,1.0,1.0,1.0,4.0,1.0,1.0,2.0,1.0,2.0,1.0,3.0,1.0,2.0,2.0,1.0,4.0,3.0,2.0,2.0,1.0,1.0,1.0,1.0,Pre Season,1610612746.0,1.0,1.0,0.0,1.0,48.0,115.3,117.5,78.9,77.1,36.4,40.3,0.692,1.13,18.2,0.419,0.754,0.615,0.233,0.591,0.631,103.8,104.0,86.67,103.0,0.796,1.0,1.0,1.0,1.0,1.0,1.0,1.0,1.0,1.0,2.0,1.0,1.0,3.0,1.0,4.0,1.0,1.0,3.0,1.0,Pre Season
los angeles lakers,2022-23,12,1610612747.0,15.0,10.0,5.0,0.667,48.0,40.5,84.5,0.479,11.0,30.5,0.361,23.0,29.3,0.784,10.5,33.7,44.3,24.5,14.3,6.9,4.0,4.1,16.9,23.5,114.9,4.4,12.0,5.0,1.0,5.0,19.0,24.0,28.0,17.0,22.0,27.0,18.0,2.0,1.0,17.0,11.0,8.0,8.0,23.0,22.0,22.0,21.0,11.0,2.0,1.0,18.0,7.0,Regular Season,1610612747.0,15.0,10.0,5.0,0.667,720.0,113.6,115.9,109.1,111.4,4.5,4.4,0.605,1.71,17.8,0.298,0.728,0.522,0.144,0.544,0.59,101.2,99.2,82.67,1488.0,0.532,12.0,5.0,1.0,5.0,18.0,18.0,3.0,8.0,19.0,26.0,24.0,7.0,15.0,5.0,23.0,19.0,14.0,17.0,5.0,Regular Season
memphis grizzlies,2022-23,12,1610612763.0,17.0,12.0,5.0,0.706,48.3,44.6,90.5,0.493,13.9,36.8,0.379,16.6,21.6,0.771,9.6,32.9,42.6,27.4,12.0,8.2,5.2,4.4,20.3,17.8,119.8,5.0,1.0,1.0,1.0,1.0,17.0,4.0,11.0,8.0,6.0,10.0,9.0,23.0,22.0,20.0,19.0,15.0,18.0,11.0,4.0,4.0,8.0,16.0,23.0,29.0,5.0,5.0,Regular Season,1610612763.0,17.0,12.0,5.0,0.706,821.0,117.0,118.6,111.3,113.3,5.8,5.3,0.613,2.28,19.5,0.249,0.7,0.478,0.119,0.57,0.599,102.1,100.5,83.75,1716.0,0.521,1.0,1.0,1.0,1.0,2.0,7.0,7.0,5.0,17.0,3.0,8.0,27.0,25.0,26.0,3.0,9.0,12.0,9.0,8.0,Regular Season
miami heat,2022-23,12,1610612748.0,15.0,7.0,8.0,0.467,48.3,38.9,80.3,0.485,12.1,32.1,0.378,21.7,25.2,0.86,8.6,28.9,37.5,23.9,14.3,6.4,2.9,4.1,16.5,20.5,111.7,-3.4,12.0,16.0,18.0,19.0,10.0,29.0,30.0,15.0,15.0,18.0,10.0,3.0,6.0,1.0,28.0,29.0,30.0,25.0,21.0,27.0,30.0,11.0,1.0,4.0,26.0,22.0,Regular Season,1610612748.0,15.0,7.0,8.0,0.467,725.0,115.0,115.9,118.4,120.1,-3.4,-4.2,0.615,1.68,18.1,0.275,0.708,0.496,0.148,0.56,0.611,96.4,95.4,79.5,1445.0,0.486,12.0,16.0,18.0,19.0,15.0,17.0,27.0,23.0,16.0,27.0,21.0,16.0,24.0,19.0,26.0,13.0,4.0,30.0,22.0,Regular Season
milwaukee bucks,2022-23,12,1610612749.0,16.0,11.0,5.0,0.688,48.3,45.7,91.1,0.501,15.8,41.2,0.384,17.7,22.8,0.777,9.8,37.1,46.9,28.9,13.3,5.6,5.2,3.2,17.4,19.1,124.9,4.1,5.0,3.0,1.0,3.0,13.0,1.0,7.0,3.0,4.0,4.0,8.0,16.0,16.0,18.0,16.0,1.0,2.0,2.0,14.0,29.0,7.0,2.0,5.0,15.0,1.0,9.0,Regular Season,1610612749.0,16.0,11.0,5.0,0.688,773.0,119.4,119.7,113.4,116.1,6.0,3.6,0.632,2.18,19.9,0.25,0.72,0.502,0.127,0.588,0.617,104.9,103.48,86.24,1669.0,0.534,5.0,3.0,1.0,3.0,6.0,5.0,18.0,11.0,10.0,7.0,7.0,25.0,19.0,15.0,9.0,1.0,3.0,1.0,4.0,Regular Season
minnesota timberwolves,2022-23,12,1610612750.0,14.0,7.0,7.0,0.5,49.1,43.1,88.6,0.486,12.6,32.6,0.388,18.0,25.1,0.716,9.7,33.1,42.9,28.7,13.9,7.5,4.8,4.3,22.0,20.9,116.8,-1.5,24.0,16.0,13.0,15.0,2.0,13.0,13.0,14.0,11.0,16.0,6.0,15.0,7.0,29.0,17.0,12.0,15.0,3.0,16.0,11.0,13.0,13.0,29.0,2.0,11.0,21.0,Regular Season,1610612750.0,14.0,7.0,7.0,0.5,687.0,112.5,114.3,114.4,115.6,-1.8,-1.4,0.667,2.07,20.0,0.264,0.725,0.492,0.136,0.558,0.586,101.3,100.02,83.35,1431.0,0.5,24.0,16.0,13.0,15.0,24.0,24.0,17.0,20.0,3.0,9.0,4.0,22.0,17.0,20.0,16.0,14.0,18.0,12.0,17.0,Regular Season
new orleans pelicans,2022-23,12,1610612740.0,15.0,9.0,6.0,0.6,48.0,42.3,86.1,0.491,12.6,30.7,0.411,16.5,19.9,0.826,9.2,33.9,43.1,27.4,13.9,7.5,3.8,3.3,20.0,18.0,113.7,7.1,12.0,8.0,7.0,8.0,19.0,19.0,22.0,9.0,13.0,24.0,1.0,25.0,27.0,4.0,22.0,7.0,14.0,9.0,18.0,10.0,25.0,3.0,21.0,27.0,22.0,3.0,Regular Season,1610612740.0,15.0,9.0,6.0,0.6,720.0,114.1,116.0,107.3,108.7,6.8,7.3,0.647,1.97,19.9,0.272,0.756,0.519,0.142,0.565,0.599,99.5,98.07,81.72,1471.0,0.539,12.0,8.0,7.0,8.0,18.0,16.0,1.0,3.0,5.0,14.0,6.0,17.0,1.0,7.0,20.0,11.0,11.0,20.0,3.0,Regular Season
new york knicks,2022-23,12,1610612752.0,15.0,9.0,6.0,0.6,48.7,43.3,87.1,0.497,13.8,37.1,0.372,19.1,25.9,0.735,11.6,33.7,45.3,24.1,13.3,7.2,4.4,3.7,19.1,20.1,119.4,3.9,12.0,8.0,7.0,8.0,4.0,12.0,19.0,5.0,7.0,7.0,13.0,9.0,4.0,27.0,6.0,8.0,5.0,24.0,15.0,15.0,17.0,7.0,13.0,8.0,8.0,10.0,Regular Season,1610612752.0,15.0,9.0,6.0,0.6,730.0,119.1,120.5,114.0,116.9,5.1,3.7,0.556,1.81,17.6,0.299,0.75,0.525,0.135,0.576,0.606,99.4,97.61,81.34,1486.0,0.518,12.0,8.0,7.0,8.0,13.0,3.0,19.0,10.0,28.0,22.0,26.0,6.0,2.0,3.0,15.0,4.0,6.0,24.0,10.0,Regular Season
oklahoma city thunder,2022-23,12,1610612760.0,17.0,10.0,7.0,0.588,48.0,42.1,91.7,0.459,11.9,35.0,0.339,20.2,24.1,0.837,10.5,32.3,42.8,22.9,12.1,8.5,3.1,6.1,19.9,20.4,116.2,0.6,1.0,5.0,13.0,12.0,19.0,21.0,4.0,25.0,18.0,11.0,27.0,6.0,10.0,3.0,12.0,18.0,16.0,28.0,5.0,3.0,29.0,29.0,20.0,7.0,14.0,17.0,Regular Season,1610612760.0,17.0,10.0,7.0,0.588,816.0,111.8,114.6,112.4,114.0,-0.6,0.6,0.545,1.89,16.5,0.289,0.696,0.487,0.119,0.523,0.568,103.4,101.41,84.51,1724.0,0.495,1.0,5.0,13.0,12.0,4.0,22.0,10.0,16.0,29.0,17.0,29.0,12.0,26.0,24.0,4.0,26.0,25.0,7.0,19.0,Regular Season
orlando magic,2022-23,12,1610612753.0,15.0,7.0,8.0,0.467,48.3,43.7,91.1,0.48,10.7,31.4,0.34,18.3,23.3,0.786,10.1,34.1,44.2,25.3,14.0,7.9,5.0,5.3,20.2,20.5,116.5,-0.8,12.0,16.0,18.0,19.0,10.0,7.0,8.0,16.0,26.0,20.0,26.0,14.0,13.0,16.0,14.0,4.0,9.0,20.0,19.0,6.0,11.0,25.0,22.0,4.0,13.0,19.0,Regular Season,1610612753.0,15.0,7.0,8.0,0.467,725.0,110.7,113.7,112.5,114.4,-1.8,-0.7,0.578,1.8,17.9,0.281,0.745,0.508,0.137,0.539,0.575,104.0,101.79,84.83,1537.0,0.496,12.0,16.0,18.0,19.0,15.0,26.0,13.0,19.0,25.0,23.0,23.0,13.0,3.0,11.0,17.0,22.0,23.0,5.0,18.0,Regular Season
philadelphia 76ers,2022-23,12,1610612755.0,17.0,12.0,5.0,0.706,48.6,41.7,82.1,0.508,13.2,32.6,0.404,23.2,27.1,0.855,9.0,33.0,42.0,26.0,13.0,7.6,5.1,4.0,20.6,19.1,119.8,8.1,1.0,1.0,1.0,1.0,6.0,23.0,29.0,1.0,10.0,15.0,2.0,1.0,2.0,2.0,25.0,14.0,23.0,16.0,11.0,8.0,10.0,10.0,25.0,18.0,5.0,2.0,Regular Season,1610612755.0,17.0,12.0,5.0,0.706,826.0,122.1,123.5,112.3,115.4,9.9,8.1,0.623,2.0,19.4,0.276,0.736,0.521,0.134,0.588,0.637,97.6,95.68,79.73,1648.0,0.545,1.0,1.0,1.0,1.0,1.0,1.0,16.0,2.0,12.0,10.0,11.0,15.0,7.0,6.0,14.0,2.0,1.0,29.0,2.0,Regular Season
phoenix suns,2022-23,12,1610612756.0,15.0,9.0,6.0,0.6,48.0,43.8,91.6,0.478,11.8,32.2,0.366,17.3,21.3,0.809,11.5,32.7,44.1,28.3,12.2,7.2,6.2,3.9,23.0,18.7,116.7,4.4,12.0,8.0,7.0,8.0,19.0,6.0,5.0,21.0,19.0,17.0,15.0,17.0,24.0,8.0,7.0,16.0,11.0,4.0,6.0,15.0,2.0,8.0,30.0,23.0,12.0,7.0,Regular Season,1610612756.0,15.0,9.0,6.0,0.6,720.0,114.7,117.3,110.5,112.6,4.2,4.7,0.647,2.32,19.9,0.297,0.728,0.509,0.123,0.543,0.578,101.6,99.57,82.97,1492.0,0.525,12.0,8.0,7.0,8.0,18.0,9.0,5.0,7.0,6.0,2.0,5.0,8.0,16.0,10.0,6.0,20.0,22.0,15.0,6.0,Regular Season
portland trail blazers,2022-23,12,1610612757.0,16.0,3.0,13.0,0.188,48.0,38.0,85.5,0.444,12.3,36.9,0.332,18.9,23.8,0.795,8.3,30.6,38.8,22.5,14.8,7.8,5.0,4.7,18.4,19.1,107.2,-14.1,5.0,29.0,29.0,29.0,19.0,30.0,25.0,30.0,14.0,8.0,29.0,10.0,12.0,13.0,29.0,25.0,27.0,29.0,26.0,7.0,11.0,19.0,8.0,17.0,28.0,30.0,Regular Season,1610612757.0,16.0,3.0,13.0,0.188,768.0,104.5,107.1,120.5,120.4,-15.9,-13.4,0.592,1.52,16.8,0.237,0.717,0.467,0.148,0.516,0.558,101.6,100.41,83.67,1602.0,0.423,5.0,29.0,29.0,29.0,10.0,29.0,28.0,30.0,23.0,29.0,28.0,29.0,20.0,28.0,25.0,30.0,27.0,10.0,30.0,Regular Season
sacramento kings,2022-23,12,1610612758.0,16.0,11.0,5.0,0.688,48.0,43.6,87.8,0.496,15.4,39.2,0.392,20.4,26.4,0.775,9.2,34.0,43.2,27.9,10.6,6.4,3.4,4.6,19.0,20.7,122.9,5.3,5.0,3.0,1.0,3.0,19.0,9.0,15.0,6.0,5.0,5.0,5.0,4.0,3.0,19.0,23.0,5.0,13.0,7.0,1.0,26.0,27.0,18.0,11.0,3.0,2.0,4.0,Regular Season,1610612758.0,16.0,11.0,5.0,0.688,768.0,122.0,122.9,115.7,117.7,6.3,5.3,0.64,2.62,20.0,0.254,0.744,0.503,0.106,0.584,0.619,101.3,100.0,83.33,1600.0,0.519,5.0,3.0,1.0,3.0,10.0,2.0,22.0,6.0,8.0,1.0,3.0,24.0,4.0,13.0,1.0,3.0,2.0,13.0,9.0,Regular Season
san antonio spurs,2022-23,12,1610612759.0,15.0,4.0,11.0,0.267,48.7,42.5,93.8,0.453,13.2,36.9,0.357,13.9,19.7,0.708,11.1,33.1,44.2,27.9,14.8,7.3,4.1,5.1,19.3,18.3,112.1,-11.9,12.0,28.0,26.0,28.0,4.0,17.0,1.0,29.0,9.0,9.0,19.0,30.0,28.0,30.0,9.0,13.0,9.0,8.0,24.0,13.0,20.0,22.0,15.0,26.0,25.0,29.0,Regular Season,1610612759.0,15.0,4.0,11.0,0.267,730.0,105.5,107.6,118.3,119.5,-12.8,-11.9,0.656,1.88,19.1,0.27,0.736,0.488,0.142,0.523,0.547,104.1,102.51,85.42,1562.0,0.442,12.0,28.0,26.0,28.0,13.0,28.0,25.0,29.0,4.0,18.0,14.0,18.0,6.0,22.0,21.0,27.0,30.0,3.0,29.0,Regular Season
toronto raptors,2022-23,12,1610612761.0,14.0,7.0,7.0,0.5,48.4,43.9,92.2,0.476,10.7,31.2,0.343,15.6,19.4,0.805,13.2,30.0,43.2,26.1,11.9,10.1,4.8,4.4,19.7,16.2,114.1,3.4,24.0,16.0,13.0,15.0,7.0,5.0,3.0,23.0,24.0,21.0,24.0,28.0,30.0,9.0,3.0,27.0,12.0,15.0,3.0,1.0,13.0,14.0,18.0,30.0,19.0,11.0,Regular Season,1610612761.0,14.0,7.0,7.0,0.5,677.0,114.7,117.0,112.2,113.3,2.4,3.7,0.594,2.19,18.6,0.329,0.73,0.512,0.122,0.534,0.566,98.3,96.89,80.74,1365.0,0.502,24.0,16.0,13.0,15.0,25.0,11.0,8.0,9.0,22.0,6.0,17.0,3.0,13.0,8.0,5.0,24.0,26.0,25.0,16.0,Regular Season
utah jazz,2022-23,12,1610612762.0,14.0,5.0,9.0,0.357,48.0,43.4,90.9,0.477,11.9,35.0,0.341,18.4,23.3,0.788,11.9,36.3,48.2,26.9,15.4,4.8,6.6,5.3,19.6,17.9,117.0,-5.7,24.0,25.0,22.0,24.0,19.0,11.0,10.0,22.0,17.0,11.0,25.0,13.0,14.0,14.0,5.0,3.0,1.0,13.0,29.0,30.0,1.0,24.0,17.0,28.0,10.0,24.0,Regular Season,1610612762.0,14.0,5.0,9.0,0.357,672.0,111.8,113.8,117.2,119.4,-5.4,-5.6,0.621,1.75,18.7,0.301,0.741,0.525,0.15,0.542,0.578,104.7,102.79,85.65,1439.0,0.479,24.0,25.0,22.0,24.0,28.0,25.0,24.0,24.0,15.0,24.0,16.0,5.0,5.0,4.0,27.0,21.0,21.0,2.0,24.0,Regular Season
washington wizards,2022-23,12,1610612764.0,1.0,0.0,1.0,0.0,48.0,31.0,84.0,0.369,6.0,35.0,0.171,19.0,30.0,0.633,7.0,37.0,44.0,20.0,14.0,12.0,10.0,3.0,27.0,27.0,87.0,-9.0,1.0,3.0,3.0,3.0,1.0,2.0,2.0,2.0,3.0,1.0,4.0,4.0,4.0,4.0,4.0,3.0,3.0,2.0,1.0,2.0,1.0,1.0,2.0,2.0,3.0,3.0,Pre Season,1610612764.0,1.0,0.0,1.0,0.0,48.0,83.5,82.9,92.7,90.6,-9.2,-7.7,0.645,1.43,15.2,0.115,0.778,0.426,0.133,0.405,0.448,103.9,105.5,87.92,105.0,0.441,1.0,3.0,3.0,3.0,1.0,3.0,3.0,3.0,2.0,1.0,2.0,4.0,2.0,3.0,1.0,3.0,3.0,1.0,3.0,Pre Season
