GAME_ID,DATE,Team1,Team2,Team1_PTS,Team2_PTS,Team1_FG_PCT,Team2_FG_PCT,Team1_AST,Team2_AST,Team1_REB,Team2_REB,Team1_TOV,Team2_TOV,Team1_PLUS_MINUS,Team2_PLUS_MINUS,Team1Home,Team1Win
0022300001,2023-11-03,cleveland cavaliers,indiana pacers,116,121,0.524,0.523,27,28,35,40,13,18,-5.0,5.0,0,0
0022300002,2023-11-03,milwaukee bucks,new york knicks,110,105,0.427,0.396,24,18,41,56,14,10,5.0,-5.0,1,1
0022300003,2023-11-03,miami heat,washington wizards,121,114,0.6,0.568,35,33,37,30,19,20,7.0,-7.0,1,1
0022300004,2023-11-03,brooklyn nets,chicago bulls,109,107,0.458,0.483,32,21,39,42,8,10,2.0,-2.0,0,1
0022300005,2023-11-03,golden state warriors,oklahoma city thunder,141,139,0.533,0.602,36,26,38,32,15,19,2.0,-2.0,0,1
0022300006,2023-11-03,dallas mavericks,denver nuggets,114,125,0.477,0.527,27,33,34,51,15,17,-11.0,11.0,0,0
0022300007,2023-11-03,memphis grizzlies,portland trail blazers,113,115,0.49,0.406,29,19,48,50,17,14,-2.0,2.0,0,0
0022300008,2023-11-10,detroit pistons,philadelphia 76ers,106,114,0.465,0.422,28,23,48,46,16,8,-8.0,8.0,1,0
0022300009,2023-11-10,charlotte hornets,washington wizards,124,117,0.455,0.489,31,28,67,36,9,15,7.0,-7.0,0,1
0022300010,2023-11-10,boston celtics,brooklyn nets,121,107,0.436,0.447,29,26,52,46,7,10,14.0,-14.0,1,1
0022300011,2023-11-10,houston rockets,new orleans pelicans,104,101,0.409,0.453,20,12,42,49,9,18,3.0,-3.0,1,1
0022300012,2023-11-10,memphis grizzlies,utah jazz,121,127,0.455,0.539,23,28,37,38,11,19,-6.0,6.0,1,0
0022300013,2023-11-10,minnesota timberwolves,san antonio spurs,117,110,0.494,0.467,23,29,51,38,18,14,7.0,-7.0,0,1
0022300014,2023-11-10,dallas mavericks,la clippers,144,126,0.52,0.489,30,21,41,47,8,14,18.0,-18.0,1,1
0022300015,2023-11-10,los angeles lakers,phoenix suns,122,119,0.5,0.447,27,22,43,52,11,13,3.0,-3.0,0,1
0022300016,2023-11-10,oklahoma city thunder,sacramento kings,98,105,0.448,0.418,22,28,38,52,16,17,-7.0,7.0,0,0
0022300017,2023-11-14,charlotte hornets,miami heat,105,111,0.444,0.482,21,26,45,42,18,7,-6.0,6.0,1,0
0022300018,2023-11-14,atlanta hawks,detroit pistons,126,120,0.517,0.522,28,36,41,42,14,17,6.0,-6.0,0,1
0022300019,2023-11-14,indiana pacers,philadelphia 76ers,132,126,0.516,0.5,32,22,41,38,11,16,6.0,-6.0,0,1
0022300020,2023-11-14,brooklyn nets,orlando magic,124,104,0.541,0.439,22,23,44,37,15,14,20.0,-20.0,1,1
0022300021,2023-11-14,oklahoma city thunder,san antonio spurs,123,87,0.517,0.387,34,24,40,43,15,24,36.0,-36.0,1,1
0022300022,2023-11-14,dallas mavericks,new orleans pelicans,110,131,0.422,0.521,25,33,45,42,20,12,-21.0,21.0,0,0
0022300023,2023-11-14,portland trail blazers,utah jazz,99,115,0.42,0.463,23,26,43,52,17,12,-16.0,16.0,0,0
0022300024,2023-11-14,denver nuggets,la clippers,111,108,0.534,0.43,26,21,36,42,14,10,3.0,-3.0,1,1
0022300025,2023-11-14,golden state warriors,minnesota timberwolves,101,104,0.42,0.444,28,24,46,42,19,19,-3.0,3.0,1,0
0022300026,2023-11-14,los angeles lakers,memphis grizzlies,134,107,0.58,0.368,30,28,54,33,18,9,27.0,-27.0,1,1
0022300027,2023-11-17,charlotte hornets,milwaukee bucks,99,130,0.407,0.551,18,32,43,49,12,13,-31.0,31.0,1,0
0022300028,2023-11-17,new york knicks,washington wizards,120,99,0.495,0.451,26,25,48,32,10,14,21.0,-21.0,0,1
0022300029,2023-11-17,atlanta hawks,philadelphia 76ers,116,126,0.449,0.489,24,32,39,43,13,15,-10.0,10.0,1,0
0022300030,2023-11-17,cleveland cavaliers,detroit pistons,108,100,0.512,0.429,21,20,39,51,12,17,8.0,-8.0,1,1
0022300031,2023-11-17,boston celtics,toronto raptors,108,105,0.457,0.483,29,29,44,41,10,13,3.0,-3.0,0,1
0022300032,2023-11-17,sacramento kings,san antonio spurs,129,120,0.541,0.467,31,33,42,42,13,15,9.0,-9.0,0,1
0022300033,2023-11-17,chicago bulls,orlando magic,97,103,0.443,0.481,19,24,34,46,16,17,-6.0,6.0,1,0
0022300034,2023-11-17,denver nuggets,new orleans pelicans,110,115,0.49,0.523,37,33,51,39,13,9,-5.0,5.0,0,0
0022300035,2023-11-17,phoenix suns,utah jazz,131,128,0.523,0.506,35,27,36,39,8,8,3.0,-3.0,0,1
0022300036,2023-11-17,los angeles lakers,portland trail blazers,107,95,0.494,0.404,27,17,44,48,18,18,13.0,-13.0,0,1
0022300037,2023-11-17,houston rockets,la clippers,100,106,0.432,0.434,24,22,47,47,16,12,-6.0,6.0,0,0
0022300038,2023-11-21,orlando magic,toronto raptors,126,107,0.5,0.507,31,29,40,38,12,23,19.0,-19.0,1,1
0022300039,2023-11-21,atlanta hawks,indiana pacers,152,157,0.6,0.606,28,35,39,29,15,13,-5.0,5.0,1,0
0022300040,2023-11-21,cleveland cavaliers,philadelphia 76ers,122,119,0.489,0.417,33,19,56,44,15,14,3.0,-3.0,0,1
0022300041,2023-11-21,phoenix suns,portland trail blazers,120,107,0.566,0.437,26,20,38,30,13,13,13.0,-13.0,1,1
0022300042,2023-11-21,los angeles lakers,utah jazz,131,99,0.57,0.388,35,25,52,42,13,14,32.0,-32.0,1,1
0022300043,2023-11-24,boston celtics,orlando magic,96,113,0.408,0.506,17,23,31,48,14,18,-17.0,17.0,0,0
0022300044,2023-11-24,memphis grizzlies,phoenix suns,89,110,0.463,0.513,22,22,35,41,13,12,-21.0,21.0,1,0
0022300045,2023-11-24,miami heat,new york knicks,98,100,0.391,0.481,20,21,41,46,11,18,-2.0,2.0,0,0
0022300046,2023-11-24,chicago bulls,toronto raptors,108,121,0.512,0.53,20,32,37,40,12,14,-13.0,13.0,0,0
0022300047,2023-11-24,detroit pistons,indiana pacers,113,136,0.478,0.48,22,24,43,40,14,8,-23.0,23.0,0,0
0022300048,2023-11-24,denver nuggets,houston rockets,86,105,0.34,0.488,17,25,46,49,15,14,-19.0,19.0,0,0
0022300049,2023-11-24,milwaukee bucks,washington wizards,131,128,0.522,0.48,28,29,50,46,9,8,3.0,-3.0,1,1
0022300050,2023-11-24,minnesota timberwolves,sacramento kings,111,124,0.439,0.49,25,25,44,46,18,13,-13.0,13.0,1,0
0022300051,2023-11-24,golden state warriors,san antonio spurs,118,112,0.494,0.45,35,28,41,46,24,19,6.0,-6.0,1,1
0022300052,2023-11-24,la clippers,new orleans pelicans,106,116,0.457,0.489,27,26,39,50,11,15,-10.0,10.0,1,0
0022300053,2023-11-28,boston celtics,chicago bulls,124,97,0.522,0.433,36,25,52,37,16,8,27.0,-27.0,1,1
0022300054,2023-11-28,brooklyn nets,toronto raptors,115,103,0.449,0.386,26,27,59,46,15,7,12.0,-12.0,1,1
0022300055,2023-11-28,atlanta hawks,cleveland cavaliers,105,128,0.347,0.538,21,27,44,55,10,16,-23.0,23.0,0,0
0022300056,2023-11-28,miami heat,milwaukee bucks,124,131,0.511,0.534,32,26,35,45,6,9,-7.0,7.0,1,0
0022300057,2023-11-28,charlotte hornets,new york knicks,91,115,0.416,0.466,21,21,41,54,17,16,-24.0,24.0,0,0
0022300058,2023-11-28,minnesota timberwolves,oklahoma city thunder,106,103,0.423,0.411,18,22,51,36,19,8,3.0,-3.0,1,1
0022300059,2023-11-28,dallas mavericks,houston rockets,121,115,0.472,0.494,25,33,38,40,7,12,6.0,-6.0,1,1
0022300060,2023-11-28,golden state warriors,sacramento kings,123,124,0.482,0.451,25,25,52,46,18,10,-1.0,1.0,0,0
0022300061,2023-10-24,denver nuggets,los angeles lakers,119,107,0.527,0.456,29,23,42,44,11,11,12.0,-12.0,1,1
0022300062,2023-10-24,golden state warriors,phoenix suns,104,108,0.356,0.442,19,23,49,60,11,19,-4.0,4.0,1,0
0022300063,2023-10-25,atlanta hawks,charlotte hornets,110,116,0.419,0.5,24,34,42,51,12,19,-6.0,6.0,0,0
0022300064,2023-10-25,indiana pacers,washington wizards,143,120,0.523,0.458,38,28,51,45,12,14,23.0,-23.0,1,1
0022300065,2023-10-25,boston celtics,new york knicks,108,104,0.481,0.371,18,24,46,47,13,9,4.0,-4.0,0,1
0022300066,2023-10-25,houston rockets,orlando magic,86,116,0.405,0.483,19,19,31,57,18,14,-30.0,30.0,0,0
0022300067,2023-10-25,brooklyn nets,cleveland cavaliers,113,114,0.5,0.468,30,25,50,38,17,10,-1.0,1.0,1,0
0022300068,2023-10-25,detroit pistons,miami heat,102,103,0.446,0.402,28,22,56,48,16,7,-1.0,1.0,0,0
0022300069,2023-10-25,minnesota timberwolves,toronto raptors,94,97,0.34,0.4,20,27,62,47,14,14,-3.0,3.0,0,0
0022300070,2023-10-25,chicago bulls,oklahoma city thunder,104,124,0.415,0.549,26,30,42,43,12,15,-20.0,20.0,1,0
0022300071,2023-10-25,memphis grizzlies,new orleans pelicans,104,111,0.418,0.471,23,22,37,52,13,21,-7.0,7.0,1,0
0022300072,2023-10-25,sacramento kings,utah jazz,130,114,0.461,0.451,29,22,45,54,11,14,16.0,-16.0,0,1
0022300073,2023-10-25,dallas mavericks,san antonio spurs,126,119,0.475,0.517,24,33,48,45,12,19,7.0,-7.0,0,1
0022300074,2023-10-25,la clippers,portland trail blazers,123,111,0.522,0.473,36,20,45,40,17,17,12.0,-12.0,1,1
0022300075,2023-10-26,milwaukee bucks,philadelphia 76ers,118,117,0.506,0.513,20,25,43,39,14,15,1.0,-1.0,1,1
0022300076,2023-10-26,los angeles lakers,phoenix suns,100,95,0.429,0.42,24,16,42,49,16,20,5.0,-5.0,1,1
0022300077,2023-10-27,charlotte hornets,detroit pistons,99,111,0.375,0.455,20,28,41,53,18,23,-12.0,12.0,1,0
0022300078,2023-10-27,denver nuggets,memphis grizzlies,108,104,0.466,0.435,27,22,40,48,17,20,4.0,-4.0,0,1
0022300079,2023-10-27,atlanta hawks,new york knicks,120,126,0.483,0.478,28,30,44,45,14,16,-6.0,6.0,1,0
0022300080,2023-10-27,boston celtics,miami heat,119,111,0.474,0.427,20,24,55,45,15,12,8.0,-8.0,1,1
0022300081,2023-10-27,cleveland cavaliers,oklahoma city thunder,105,108,0.413,0.46,20,22,48,47,13,18,-3.0,3.0,1,0
0022300082,2023-10-27,chicago bulls,toronto raptors,104,103,0.374,0.464,18,25,52,53,16,21,1.0,-1.0,1,1
0022300083,2023-10-27,houston rockets,san antonio spurs,122,126,0.52,0.489,30,32,43,43,18,18,-4.0,4.0,0,0
0022300084,2023-10-27,brooklyn nets,dallas mavericks,120,125,0.489,0.484,30,20,47,40,15,9,-5.0,5.0,0,0
0022300085,2023-10-27,la clippers,utah jazz,118,120,0.532,0.438,17,27,36,45,14,14,-2.0,2.0,0,0
0022300086,2023-10-27,orlando magic,portland trail blazers,102,97,0.456,0.398,22,15,45,47,14,16,5.0,-5.0,0,1
0022300087,2023-10-27,golden state warriors,sacramento kings,122,114,0.552,0.436,32,24,39,41,19,14,8.0,-8.0,0,1
0022300088,2023-10-28,chicago bulls,detroit pistons,102,118,0.419,0.523,16,29,33,53,8,15,-16.0,16.0,0,0
0022300089,2023-10-28,memphis grizzlies,washington wizards,106,113,0.429,0.43,27,24,45,45,16,11,-7.0,7.0,0,0
0022300090,2023-10-28,new orleans pelicans,new york knicks,96,87,0.46,0.367,20,19,43,59,13,18,9.0,-9.0,1,1
0022300091,2023-10-28,cleveland cavaliers,indiana pacers,113,125,0.434,0.49,29,36,51,48,6,7,-12.0,12.0,1,0
0022300092,2023-10-28,philadelphia 76ers,toronto raptors,114,107,0.5,0.437,25,28,42,41,9,13,7.0,-7.0,0,1
0022300093,2023-10-28,miami heat,minnesota timberwolves,90,106,0.402,0.512,24,30,42,47,14,14,-16.0,16.0,0,0
0022300094,2023-10-28,phoenix suns,utah jazz,126,104,0.529,0.44,31,26,39,45,11,18,22.0,-22.0,1,1
0022300095,2023-10-29,denver nuggets,oklahoma city thunder,128,95,0.602,0.411,34,22,48,29,13,9,33.0,-33.0,0,1
0022300096,2023-10-29,golden state warriors,houston rockets,106,95,0.432,0.378,27,22,49,42,14,7,11.0,-11.0,0,1
0022300097,2023-10-29,atlanta hawks,milwaukee bucks,127,110,0.505,0.453,32,22,46,39,17,23,17.0,-17.0,0,1
0022300098,2023-10-29,philadelphia 76ers,portland trail blazers,126,98,0.488,0.383,28,19,51,42,15,15,28.0,-28.0,1,1
0022300099,2023-10-29,la clippers,san antonio spurs,123,83,0.516,0.375,23,21,48,37,16,25,40.0,-40.0,1,1
0022300100,2023-10-29,los angeles lakers,sacramento kings,127,132,0.439,0.471,27,30,53,47,12,10,-5.0,5.0,0,0
0022300101,2023-10-30,brooklyn nets,charlotte hornets,133,121,0.563,0.49,25,33,46,39,13,9,12.0,-12.0,0,1
0022300102,2023-10-30,chicago bulls,indiana pacers,112,105,0.46,0.409,19,26,44,47,13,17,7.0,-7.0,0,1
0022300103,2023-10-30,boston celtics,washington wizards,126,107,0.5,0.448,31,26,51,40,17,15,19.0,-19.0,0,1
0022300104,2023-10-30,atlanta hawks,minnesota timberwolves,127,113,0.558,0.489,28,24,36,38,9,10,14.0,-14.0,1,1
0022300105,2023-10-30,portland trail blazers,toronto raptors,99,91,0.447,0.404,20,19,51,47,14,11,8.0,-8.0,0,1
0022300106,2023-10-30,dallas mavericks,memphis grizzlies,125,110,0.5,0.457,24,22,48,44,15,12,15.0,-15.0,0,1
0022300107,2023-10-30,miami heat,milwaukee bucks,114,122,0.477,0.506,27,24,40,43,14,14,-8.0,8.0,0,0
0022300108,2023-10-30,golden state warriors,new orleans pelicans,130,102,0.52,0.409,28,23,64,39,14,11,28.0,-28.0,0,1
0022300109,2023-10-30,detroit pistons,oklahoma city thunder,112,124,0.429,0.53,31,21,41,44,16,15,-12.0,12.0,0,0
0022300110,2023-10-30,denver nuggets,utah jazz,110,102,0.56,0.429,32,30,43,51,12,12,8.0,-8.0,1,1
0022300111,2023-10-30,los angeles lakers,orlando magic,106,103,0.532,0.4,28,28,40,44,16,11,3.0,-3.0,1,1
0022300112,2023-10-31,cleveland cavaliers,new york knicks,91,109,0.391,0.442,19,18,46,48,15,14,-18.0,18.0,1,0
0022300113,2023-10-31,phoenix suns,san antonio spurs,114,115,0.506,0.467,29,25,43,37,19,12,-1.0,1.0,1,0
0022300114,2023-10-31,la clippers,orlando magic,118,102,0.494,0.469,29,23,44,40,16,16,16.0,-16.0,1,1
0022300115,2023-11-01,detroit pistons,portland trail blazers,101,110,0.444,0.469,24,23,38,44,18,17,-9.0,9.0,1,0
0022300116,2023-11-01,milwaukee bucks,toronto raptors,111,130,0.461,0.56,19,35,29,50,12,16,-19.0,19.0,0,0
0022300117,2023-11-01,atlanta hawks,washington wizards,130,121,0.5,0.505,26,32,57,35,20,11,9.0,-9.0,1,1
0022300118,2023-11-01,boston celtics,indiana pacers,155,104,0.568,0.455,27,26,57,31,11,9,51.0,-51.0,1,1
0022300119,2023-11-01,brooklyn nets,miami heat,109,105,0.451,0.429,27,22,47,46,18,16,4.0,-4.0,0,1
0022300120,2023-11-01,cleveland cavaliers,new york knicks,95,89,0.432,0.348,22,18,46,50,18,13,6.0,-6.0,0,1
0022300121,2023-11-01,new orleans pelicans,oklahoma city thunder,110,106,0.392,0.432,23,23,58,49,10,14,4.0,-6.0,0,1
0022300122,2023-11-01,charlotte hornets,houston rockets,119,128,0.5,0.524,21,35,44,38,16,17,-9.0,9.0,0,0
0022300123,2023-11-01,denver nuggets,minnesota timberwolves,89,110,0.396,0.458,23,20,43,47,15,13,-21.0,21.0,0,0
0022300124,2023-11-01,chicago bulls,dallas mavericks,105,114,0.472,0.457,19,23,43,45,13,13,-9.0,9.0,0,0
0022300125,2023-11-01,memphis grizzlies,utah jazz,109,133,0.365,0.54,25,35,42,50,15,21,-24.0,24.0,0,0
0022300126,2023-11-01,golden state warriors,sacramento kings,102,101,0.481,0.409,32,24,36,48,17,12,1.0,-1.0,1,1
0022300127,2023-11-01,la clippers,los angeles lakers,125,130,0.475,0.511,22,28,46,51,13,14,-5.0,5.0,0,0
0022300128,2023-11-02,philadelphia 76ers,toronto raptors,114,99,0.457,0.481,21,30,46,41,14,19,15.0,-15.0,1,1
0022300129,2023-11-02,detroit pistons,new orleans pelicans,116,125,0.436,0.488,30,27,48,36,16,12,-9.0,9.0,0,0
0022300130,2023-11-02,orlando magic,utah jazz,115,113,0.459,0.461,27,27,43,48,17,20,2.0,-2.0,0,1
0022300131,2023-11-02,phoenix suns,san antonio spurs,121,132,0.538,0.52,26,37,34,41,14,8,-11.0,11.0,1,0
0022300132,2023-11-04,philadelphia 76ers,phoenix suns,112,100,0.478,0.36,24,22,51,42,17,10,12.0,-12.0,1,1
0022300133,2023-11-04,charlotte hornets,indiana pacers,125,124,0.534,0.484,23,31,41,36,13,14,1.0,-1.0,0,1
0022300134,2023-11-04,los angeles lakers,orlando magic,101,120,0.44,0.455,17,29,40,51,17,15,-19.0,19.0,0,0
0022300135,2023-11-04,atlanta hawks,new orleans pelicans,123,105,0.484,0.476,28,24,52,35,11,9,18.0,-18.0,0,1
0022300136,2023-11-04,boston celtics,brooklyn nets,124,114,0.478,0.43,22,22,50,42,11,5,10.0,-10.0,0,1
0022300137,2023-11-04,houston rockets,sacramento kings,107,89,0.46,0.381,28,20,53,43,11,11,18.0,-18.0,1,1
0022300138,2023-11-04,minnesota timberwolves,utah jazz,123,95,0.556,0.385,25,20,43,39,10,18,28.0,-28.0,1,1
0022300139,2023-11-04,chicago bulls,denver nuggets,101,123,0.453,0.519,28,31,37,49,11,11,-22.0,22.0,0,0
0022300140,2023-11-05,detroit pistons,phoenix suns,106,120,0.494,0.5,25,29,33,43,16,18,-14.0,14.0,1,0
0022300141,2023-11-05,san antonio spurs,toronto raptors,116,123,0.5,0.454,30,29,46,47,17,14,-7.0,7.0,1,0
0022300142,2023-11-05,cleveland cavaliers,golden state warriors,115,104,0.494,0.362,26,26,54,44,18,13,11.0,-11.0,1,1
0022300143,2023-11-05,charlotte hornets,dallas mavericks,118,124,0.495,0.473,30,31,43,47,8,10,-6.0,6.0,0,0
0022300144,2023-11-05,memphis grizzlies,portland trail blazers,112,100,0.506,0.389,27,23,49,47,16,14,12.0,-12.0,0,1
0022300145,2023-11-06,detroit pistons,golden state warriors,109,120,0.475,0.474,23,26,39,44,14,11,-11.0,11.0,1,0
0022300146,2023-11-06,indiana pacers,san antonio spurs,152,111,0.579,0.426,38,26,49,36,14,11,41.0,-41.0,1,1
0022300147,2023-11-06,dallas mavericks,orlando magic,117,102,0.5,0.471,21,27,31,38,14,20,15.0,-15.0,0,1
0022300148,2023-11-06,philadelphia 76ers,washington wizards,146,128,0.56,0.51,37,31,45,38,15,19,18.0,-18.0,1,1
0022300149,2023-11-06,brooklyn nets,milwaukee bucks,125,129,0.485,0.479,22,26,46,48,8,10,-4.0,4.0,1,0
0022300150,2023-11-06,los angeles lakers,miami heat,107,108,0.543,0.466,28,30,38,44,17,17,-1.0,1.0,0,0
0022300151,2023-11-06,la clippers,new york knicks,97,111,0.493,0.466,21,28,31,48,22,19,-14.0,14.0,0,0
0022300152,2023-11-06,chicago bulls,utah jazz,130,113,0.516,0.477,26,32,36,52,8,22,17.0,-17.0,1,1
0022300153,2023-11-06,houston rockets,sacramento kings,122,97,0.573,0.444,28,22,39,34,10,13,25.0,-25.0,1,1
0022300154,2023-11-06,boston celtics,minnesota timberwolves,109,114,0.391,0.518,20,26,45,45,16,23,-5.0,5.0,0,0
0022300155,2023-11-06,atlanta hawks,oklahoma city thunder,117,126,0.373,0.479,27,27,59,49,15,13,-9.0,9.0,0,0
0022300156,2023-11-06,denver nuggets,new orleans pelicans,134,116,0.537,0.5,37,24,45,38,9,13,18.0,-18.0,1,1
0022300157,2023-11-08,charlotte hornets,washington wizards,116,132,0.519,0.485,17,26,47,40,20,10,-16.0,16.0,1,0
0022300158,2023-11-08,indiana pacers,utah jazz,134,118,0.515,0.469,26,26,46,47,11,21,16.0,-16.0,1,1
0022300159,2023-11-08,boston celtics,philadelphia 76ers,103,106,0.396,0.442,28,20,43,56,12,12,-3.0,3.0,0,0
0022300160,2023-11-08,brooklyn nets,la clippers,100,93,0.402,0.396,22,22,49,51,14,15,7.0,-7.0,1,1
0022300161,2023-11-08,new york knicks,san antonio spurs,126,105,0.46,0.489,28,31,47,46,3,13,21.0,-21.0,1,1
0022300162,2023-11-08,chicago bulls,phoenix suns,115,116,0.438,0.422,30,32,39,54,14,21,-1.0,1.0,1,0
0022300163,2023-11-08,houston rockets,los angeles lakers,128,94,0.548,0.424,26,20,57,34,11,9,34.0,-34.0,1,1
0022300164,2023-11-08,memphis grizzlies,miami heat,102,108,0.389,0.455,20,22,38,44,13,19,-6.0,6.0,1,0
0022300165,2023-11-08,detroit pistons,milwaukee bucks,118,120,0.49,0.456,28,19,53,36,17,10,-2.0,2.0,0,0
0022300166,2023-11-08,minnesota timberwolves,new orleans pelicans,122,101,0.549,0.387,30,23,48,40,16,17,21.0,-21.0,1,1
0022300167,2023-11-08,cleveland cavaliers,oklahoma city thunder,120,128,0.506,0.512,26,23,41,41,18,14,-8.0,8.0,0,0
0022300168,2023-11-08,dallas mavericks,toronto raptors,116,127,0.476,0.495,25,27,38,50,15,11,-11.0,11.0,1,0
0022300169,2023-11-08,denver nuggets,golden state warriors,108,105,0.446,0.43,24,21,45,49,6,9,3.0,-3.0,1,1
0022300170,2023-11-08,portland trail blazers,sacramento kings,118,121,0.506,0.461,26,32,36,50,18,21,-3.0,3.0,0,0
0022300171,2023-11-09,indiana pacers,milwaukee bucks,126,124,0.478,0.529,27,23,40,41,11,14,2.0,-2.0,1,1
0022300172,2023-11-09,atlanta hawks,orlando magic,120,119,0.482,0.467,22,19,36,47,17,19,1.0,-1.0,0,1
0022300173,2023-11-11,milwaukee bucks,orlando magic,97,112,0.494,0.429,25,24,36,43,19,13,-15.0,15.0,0,0
0022300174,2023-11-11,boston celtics,toronto raptors,117,94,0.547,0.385,30,25,46,37,12,8,23.0,-23.0,1,1
0022300175,2023-11-11,atlanta hawks,miami heat,109,117,0.437,0.488,23,23,48,39,21,15,-8.0,8.0,1,0
0022300176,2023-11-11,cleveland cavaliers,golden state warriors,118,110,0.43,0.411,23,26,45,55,10,20,8.0,-8.0,0,1
0022300177,2023-11-12,charlotte hornets,new york knicks,107,129,0.468,0.54,21,25,36,40,12,9,-22.0,22.0,0,0
0022300178,2023-11-12,brooklyn nets,washington wizards,102,94,0.378,0.375,22,20,66,42,18,12,8.0,-8.0,1,1
0022300179,2023-11-12,la clippers,memphis grizzlies,101,105,0.435,0.42,26,25,41,41,14,16,-4.0,4.0,1,0
0022300180,2023-11-12,indiana pacers,philadelphia 76ers,126,137,0.522,0.505,31,28,32,54,10,11,-11.0,11.0,0,0
0022300181,2023-11-12,chicago bulls,detroit pistons,119,108,0.484,0.432,22,26,40,49,6,16,11.0,-11.0,1,1
0022300182,2023-11-12,denver nuggets,houston rockets,104,107,0.462,0.425,24,20,49,45,11,9,-3.0,3.0,0,0
0022300183,2023-11-12,dallas mavericks,new orleans pelicans,136,124,0.49,0.511,29,31,42,54,6,18,12.0,-12.0,0,1
0022300184,2023-11-12,miami heat,san antonio spurs,118,113,0.438,0.462,26,35,41,50,4,17,5.0,-5.0,0,1
0022300185,2023-11-12,oklahoma city thunder,phoenix suns,111,99,0.488,0.386,23,20,33,51,7,17,12.0,-12.0,0,1
0022300186,2023-11-12,golden state warriors,minnesota timberwolves,110,116,0.385,0.524,24,27,51,47,14,14,-6.0,6.0,1,0
0022300187,2023-11-12,los angeles lakers,portland trail blazers,116,110,0.488,0.5,27,29,41,38,9,15,6.0,-6.0,1,1
0022300188,2023-11-13,boston celtics,new york knicks,114,98,0.506,0.418,27,17,37,37,11,8,16.0,-16.0,1,1
0022300189,2023-11-13,toronto raptors,washington wizards,111,107,0.5,0.512,28,32,48,38,16,22,4.0,-4.0,1,1
0022300190,2023-11-13,chicago bulls,milwaukee bucks,109,118,0.38,0.472,24,23,47,53,6,15,-9.0,9.0,0,0
0022300191,2023-11-13,cleveland cavaliers,sacramento kings,120,132,0.495,0.59,24,32,39,37,11,10,-12.0,12.0,0,0
0022300192,2023-11-15,dallas mavericks,washington wizards,130,117,0.522,0.483,32,23,46,46,10,12,13.0,-13.0,0,1
0022300193,2023-11-15,atlanta hawks,new york knicks,114,116,0.547,0.479,28,29,30,42,15,16,-2.0,2.0,1,0
0022300194,2023-11-15,boston celtics,philadelphia 76ers,117,107,0.477,0.459,23,18,45,41,9,9,10.0,-10.0,0,1
0022300195,2023-11-15,milwaukee bucks,toronto raptors,128,112,0.518,0.396,25,28,41,55,13,14,16.0,-16.0,0,1
0022300196,2023-11-15,chicago bulls,orlando magic,94,96,0.398,0.39,16,20,53,46,19,13,-2.0,2.0,1,0
0022300197,2023-11-15,minnesota timberwolves,phoenix suns,115,133,0.457,0.6,18,31,40,32,6,9,-18.0,18.0,0,0
0022300198,2023-11-15,los angeles lakers,sacramento kings,110,125,0.506,0.5,25,31,43,45,23,15,-15.0,15.0,1,0
0022300199,2023-11-15,cleveland cavaliers,portland trail blazers,109,95,0.56,0.374,23,24,47,30,17,12,14.0,-14.0,0,1
0022300200,2023-11-16,brooklyn nets,miami heat,115,122,0.471,0.519,29,26,40,32,14,9,-7.0,7.0,0,0
0022300201,2023-11-16,golden state warriors,oklahoma city thunder,109,128,0.408,0.506,27,31,49,42,16,12,-19.0,19.0,1,0
0022300202,2023-11-18,charlotte hornets,new york knicks,108,122,0.488,0.505,29,27,36,47,13,12,-14.0,14.0,1,0
0022300203,2023-11-18,minnesota timberwolves,new orleans pelicans,121,120,0.538,0.512,29,27,33,40,14,17,1.0,-1.0,0,1
0022300204,2023-11-18,chicago bulls,miami heat,102,97,0.444,0.429,24,23,44,34,12,15,5.0,-5.0,1,1
0022300205,2023-11-18,dallas mavericks,milwaukee bucks,125,132,0.495,0.521,27,29,49,41,12,6,-7.0,7.0,0,0
0022300206,2023-11-18,memphis grizzlies,san antonio spurs,120,108,0.465,0.434,23,26,45,40,12,15,12.0,-12.0,0,1
0022300207,2023-11-18,golden state warriors,oklahoma city thunder,123,130,0.454,0.52,33,26,49,47,16,10,-7.0,7.0,1,0
0022300208,2023-11-19,brooklyn nets,philadelphia 76ers,99,121,0.469,0.468,24,32,45,44,15,4,-22.0,22.0,1,0
0022300209,2023-11-19,indiana pacers,orlando magic,116,128,0.442,0.494,24,21,40,42,16,15,-12.0,12.0,1,0
0022300210,2023-11-19,cleveland cavaliers,denver nuggets,121,109,0.549,0.476,30,23,47,33,13,11,12.0,-12.0,1,1
0022300211,2023-11-19,detroit pistons,toronto raptors,113,142,0.47,0.539,25,44,41,47,17,7,-29.0,29.0,0,0
0022300212,2023-11-19,dallas mavericks,sacramento kings,113,129,0.466,0.533,23,34,40,48,10,12,-16.0,16.0,1,0
0022300213,2023-11-19,boston celtics,memphis grizzlies,102,100,0.455,0.389,20,28,45,42,17,9,2.0,-2.0,0,1
0022300214,2023-11-19,phoenix suns,utah jazz,140,137,0.49,0.417,36,27,44,59,17,18,3.0,-3.0,0,1
0022300215,2023-11-19,oklahoma city thunder,portland trail blazers,134,91,0.605,0.4,28,21,43,31,17,17,43.0,-43.0,0,1
0022300216,2023-11-19,houston rockets,los angeles lakers,104,105,0.488,0.47,35,26,34,42,18,17,-1.0,1.0,0,0
0022300217,2023-11-20,boston celtics,charlotte hornets,118,121,0.433,0.442,19,29,48,57,13,13,-3.0,3.0,0,0
0022300218,2023-11-20,denver nuggets,detroit pistons,107,103,0.46,0.444,30,21,43,43,14,18,4.0,-4.0,0,1
0022300219,2023-11-20,milwaukee bucks,washington wizards,142,129,0.585,0.556,33,29,55,26,13,4,13.0,-13.0,0,1
0022300220,2023-11-20,chicago bulls,miami heat,100,118,0.457,0.5,21,31,36,43,11,8,-18.0,18.0,1,0
0022300221,2023-11-20,minnesota timberwolves,new york knicks,117,100,0.513,0.348,30,16,44,50,13,10,17.0,-17.0,1,1
0022300222,2023-11-20,new orleans pelicans,sacramento kings,129,93,0.543,0.379,38,27,55,36,10,13,36.0,-36.0,1,1
0022300223,2023-11-20,la clippers,san antonio spurs,124,99,0.474,0.433,30,23,51,49,7,16,25.0,-25.0,0,1
0022300224,2023-11-20,golden state warriors,houston rockets,121,116,0.468,0.463,26,28,43,48,8,8,5.0,-5.0,1,1
0022300225,2023-11-22,charlotte hornets,washington wizards,117,114,0.473,0.454,27,26,49,47,12,10,3.0,-3.0,1,1
0022300226,2023-11-22,denver nuggets,orlando magic,119,124,0.473,0.543,29,27,42,41,10,12,-5.0,5.0,0,0
0022300227,2023-11-22,atlanta hawks,brooklyn nets,147,145,0.44,0.487,24,28,58,59,14,16,2.0,-2.0,1,1
0022300228,2023-11-22,boston celtics,milwaukee bucks,119,116,0.524,0.446,27,23,43,47,15,9,3.0,-3.0,1,1
0022300229,2023-11-22,cleveland cavaliers,miami heat,96,129,0.468,0.523,25,30,34,41,19,10,-33.0,33.0,1,0
0022300230,2023-11-22,indiana pacers,toronto raptors,131,132,0.549,0.533,33,26,31,46,14,17,-1.0,1.0,1,0
0022300231,2023-11-22,houston rockets,memphis grizzlies,111,91,0.435,0.329,22,17,49,46,6,9,20.0,-20.0,1,1
0022300232,2023-11-22,minnesota timberwolves,philadelphia 76ers,112,99,0.483,0.391,28,21,48,48,12,14,13.0,-13.0,1,1
0022300233,2023-11-22,new orleans pelicans,sacramento kings,117,112,0.471,0.447,23,22,48,38,10,15,5.0,-5.0,1,1
0022300234,2023-11-22,chicago bulls,oklahoma city thunder,102,116,0.386,0.493,22,24,38,45,10,12,-14.0,14.0,0,0
0022300235,2023-11-22,la clippers,san antonio spurs,109,102,0.459,0.385,29,26,50,44,16,13,7.0,-7.0,0,1
0022300236,2023-11-22,golden state warriors,phoenix suns,115,123,0.478,0.447,29,22,43,43,15,15,-8.0,8.0,0,0
0022300237,2023-11-22,portland trail blazers,utah jazz,121,105,0.511,0.468,31,25,37,44,13,21,16.0,-16.0,1,1
0022300238,2023-11-22,dallas mavericks,los angeles lakers,104,101,0.396,0.464,21,26,48,51,4,11,3.0,-3.0,0,1
0022300239,2023-11-25,oklahoma city thunder,philadelphia 76ers,123,127,0.439,0.458,29,30,38,49,4,12,-4.0,4.0,1,0
0022300240,2023-11-25,brooklyn nets,miami heat,112,97,0.5,0.437,27,24,42,44,11,17,15.0,-15.0,1,1
0022300241,2023-11-25,atlanta hawks,washington wizards,136,108,0.51,0.489,29,33,49,41,9,20,28.0,-28.0,0,1
0022300242,2023-11-25,cleveland cavaliers,los angeles lakers,115,121,0.473,0.522,30,34,37,44,14,18,-6.0,6.0,1,0
0022300243,2023-11-25,new orleans pelicans,utah jazz,100,105,0.419,0.437,31,23,42,52,13,23,-5.0,5.0,0,0
0022300244,2023-11-25,dallas mavericks,la clippers,88,107,0.374,0.432,17,25,37,57,9,12,-19.0,19.0,0,0
0022300245,2023-11-26,milwaukee bucks,portland trail blazers,108,102,0.393,0.407,19,21,52,40,17,17,6.0,-6.0,1,1
0022300246,2023-11-26,atlanta hawks,boston celtics,103,113,0.409,0.442,15,24,43,58,15,12,-10.0,10.0,0,0
0022300247,2023-11-26,new york knicks,phoenix suns,113,116,0.453,0.462,18,27,38,47,6,11,-3.0,3.0,1,0
0022300248,2023-11-26,charlotte hornets,orlando magic,117,130,0.53,0.54,27,33,36,44,18,14,-13.0,13.0,0,0
0022300249,2023-11-26,memphis grizzlies,minnesota timberwolves,97,119,0.386,0.531,24,30,35,42,13,14,-22.0,22.0,1,0
0022300250,2023-11-26,brooklyn nets,chicago bulls,118,109,0.494,0.482,29,21,39,40,9,11,9.0,-9.0,1,1
0022300251,2023-11-26,cleveland cavaliers,toronto raptors,105,102,0.464,0.416,29,17,49,50,14,12,3.0,-3.0,1,1
0022300252,2023-11-26,denver nuggets,san antonio spurs,132,120,0.562,0.452,38,34,45,35,19,15,12.0,-12.0,1,1
0022300253,2023-11-27,detroit pistons,washington wizards,107,126,0.422,0.506,29,29,49,46,16,15,-19.0,19.0,1,0
0022300254,2023-11-27,indiana pacers,portland trail blazers,110,114,0.477,0.471,26,20,42,38,20,16,-4.0,4.0,1,0
0022300255,2023-11-27,los angeles lakers,philadelphia 76ers,94,138,0.47,0.505,23,33,32,48,17,5,-44.0,44.0,0,0
0022300256,2023-11-27,new orleans pelicans,utah jazz,112,114,0.5,0.42,27,31,48,43,8,10,-2.0,2.0,0,0
0022300257,2023-11-27,denver nuggets,la clippers,113,104,0.478,0.412,28,18,52,49,11,13,9.0,-9.0,0,1
0022300258,2023-11-29,detroit pistons,los angeles lakers,107,133,0.412,0.511,28,28,39,49,14,12,-26.0,26.0,1,0
0022300259,2023-11-29,orlando magic,washington wizards,139,120,0.607,0.471,34,28,44,29,18,10,19.0,-19.0,1,1
0022300260,2023-11-29,phoenix suns,toronto raptors,105,112,0.404,0.452,25,25,47,49,9,9,-7.0,7.0,0,0
0022300261,2023-11-29,memphis grizzlies,utah jazz,105,91,0.494,0.378,26,26,51,39,15,17,14.0,-14.0,1,1
0022300262,2023-11-29,new orleans pelicans,philadelphia 76ers,124,114,0.538,0.519,33,28,40,30,20,21,10.0,-10.0,1,1
0022300263,2023-11-29,denver nuggets,houston rockets,134,124,0.505,0.547,37,27,41,35,3,8,10.0,-10.0,1,1
0022300264,2023-11-29,la clippers,sacramento kings,131,117,0.538,0.465,28,22,37,47,4,14,14.0,-14.0,0,1
0022300265,2023-11-30,cleveland cavaliers,portland trail blazers,95,103,0.427,0.506,25,29,35,40,17,22,-8.0,8.0,1,0
0022300266,2023-11-30,brooklyn nets,charlotte hornets,128,129,0.495,0.505,21,30,52,41,9,9,-1.0,1.0,1,0
0022300267,2023-11-30,indiana pacers,miami heat,132,142,0.51,0.558,30,25,34,48,9,14,-10.0,10.0,0,0
0022300268,2023-11-30,detroit pistons,new york knicks,112,118,0.531,0.466,22,25,42,41,20,11,-6.0,6.0,0,0
0022300269,2023-11-30,chicago bulls,milwaukee bucks,120,113,0.459,0.449,32,28,51,43,21,20,7.0,-7.0,1,1
0022300270,2023-11-30,minnesota timberwolves,utah jazz,101,90,0.438,0.379,29,22,42,51,11,19,11.0,-11.0,1,1
0022300271,2023-11-30,los angeles lakers,oklahoma city thunder,110,133,0.444,0.532,24,29,41,48,13,7,-23.0,23.0,0,0
0022300272,2023-11-30,atlanta hawks,san antonio spurs,137,135,0.51,0.539,24,34,37,47,10,21,2.0,-2.0,0,1
0022300273,2023-11-30,golden state warriors,la clippers,120,114,0.5,0.442,30,26,47,43,7,6,6.0,-6.0,1,1
0022300274,2023-12-01,orlando magic,washington wizards,130,125,0.517,0.506,35,25,44,40,14,14,5.0,-5.0,1,1
0022300275,2023-12-01,boston celtics,philadelphia 76ers,125,119,0.506,0.457,25,16,46,42,20,16,6.0,-6.0,1,1
0022300276,2023-12-01,new york knicks,toronto raptors,119,106,0.5,0.44,30,32,43,48,12,12,13.0,-13.0,0,1
0022300277,2023-12-01,dallas mavericks,memphis grizzlies,94,108,0.37,0.489,27,27,42,52,11,14,-14.0,14.0,1,0
0022300278,2023-12-01,new orleans pelicans,san antonio spurs,121,106,0.494,0.458,26,28,42,39,11,19,15.0,-15.0,1,1
0022300279,2023-12-01,denver nuggets,phoenix suns,119,111,0.568,0.464,38,22,32,43,9,12,8.0,-8.0,0,1
0022300280,2023-12-02,golden state warriors,la clippers,112,113,0.442,0.489,31,31,42,40,13,11,-1.0,1.0,0,0
0022300281,2023-12-02,charlotte hornets,minnesota timberwolves,117,123,0.484,0.512,29,26,36,41,8,11,-6.0,6.0,1,0
0022300282,2023-12-02,brooklyn nets,orlando magic,129,101,0.505,0.398,31,24,57,37,11,11,28.0,-28.0,1,1
0022300283,2023-12-02,cleveland cavaliers,detroit pistons,110,101,0.494,0.47,25,24,43,49,11,16,9.0,-9.0,0,1
0022300284,2023-12-02,indiana pacers,miami heat,144,129,0.659,0.539,35,27,32,28,9,10,15.0,-15.0,0,1
0022300285,2023-12-02,chicago bulls,new orleans pelicans,124,118,0.545,0.5,32,20,41,39,13,12,6.0,-6.0,1,1
0022300286,2023-12-02,atlanta hawks,milwaukee bucks,121,132,0.446,0.596,23,33,40,44,11,15,-11.0,11.0,0,0
0022300287,2023-12-02,dallas mavericks,oklahoma city thunder,120,126,0.448,0.44,26,24,47,50,15,12,-6.0,6.0,1,0
0022300288,2023-12-02,memphis grizzlies,phoenix suns,109,116,0.453,0.434,14,24,40,44,15,16,-7.0,7.0,0,0
0022300289,2023-12-02,portland trail blazers,utah jazz,113,118,0.4,0.489,17,27,40,56,9,17,-5.0,5.0,0,0
0022300290,2023-12-02,denver nuggets,sacramento kings,117,123,0.495,0.485,35,33,46,47,10,11,-6.0,6.0,0,0
0022300291,2023-12-02,houston rockets,los angeles lakers,97,107,0.404,0.449,24,24,54,48,16,9,-10.0,10.0,0,0
0022300292,2023-12-11,charlotte hornets,miami heat,114,116,0.476,0.481,31,31,31,43,10,10,-2.0,2.0,1,0
0022300293,2023-12-11,detroit pistons,indiana pacers,123,131,0.556,0.565,26,33,30,43,14,18,-8.0,8.0,1,0
0022300294,2023-12-11,cleveland cavaliers,orlando magic,94,104,0.353,0.464,15,22,48,43,14,12,-10.0,10.0,0,0
0022300295,2023-12-11,philadelphia 76ers,washington wizards,146,101,0.547,0.424,37,21,47,44,13,22,45.0,-45.0,1,1
0022300296,2023-12-11,atlanta hawks,denver nuggets,122,129,0.458,0.534,25,29,35,49,10,16,-7.0,7.0,1,0
0022300297,2023-12-11,new york knicks,toronto raptors,136,130,0.605,0.49,36,32,42,38,15,10,6.0,-6.0,1,1
0022300298,2023-12-11,houston rockets,san antonio spurs,93,82,0.344,0.356,20,20,60,51,16,17,11.0,-11.0,1,1
0022300299,2023-12-11,dallas mavericks,memphis grizzlies,120,113,0.5,0.461,27,26,43,38,17,17,7.0,-7.0,0,1
0022300300,2023-12-11,chicago bulls,milwaukee bucks,129,133,0.412,0.512,25,34,51,48,6,11,-4.0,4.0,0,0
0022300301,2023-12-11,minnesota timberwolves,new orleans pelicans,107,121,0.44,0.488,26,27,47,47,11,13,-14.0,14.0,0,0
0022300302,2023-12-11,oklahoma city thunder,utah jazz,134,120,0.521,0.478,35,32,39,41,12,15,14.0,-14.0,1,1
0022300303,2023-12-11,brooklyn nets,sacramento kings,118,131,0.477,0.511,24,38,41,43,13,13,-13.0,13.0,0,0
0022300304,2023-12-11,la clippers,portland trail blazers,132,127,0.551,0.478,33,25,35,36,9,12,5.0,-5.0,1,1
0022300305,2023-12-12,boston celtics,cleveland cavaliers,120,113,0.452,0.478,23,27,45,35,13,12,7.0,-7.0,1,1
0022300306,2023-12-12,dallas mavericks,los angeles lakers,127,125,0.494,0.538,28,34,36,40,10,15,2.0,-2.0,1,1
0022300307,2023-12-12,chicago bulls,denver nuggets,106,114,0.419,0.47,26,28,41,46,12,10,-7.4,8.0,1,0
0022300308,2023-12-12,golden state warriors,phoenix suns,116,119,0.446,0.452,26,27,51,41,15,14,-3.0,3.0,0,0
0022300309,2023-12-12,la clippers,sacramento kings,119,99,0.524,0.419,21,27,49,38,15,14,20.0,-20.0,1,1
0022300310,2023-12-13,detroit pistons,philadelphia 76ers,111,129,0.443,0.517,24,28,35,53,9,10,-18.0,18.0,1,0
0022300311,2023-12-13,new orleans pelicans,washington wizards,142,122,0.521,0.512,30,28,46,33,9,15,20.0,-20.0,0,1
0022300312,2023-12-13,charlotte hornets,miami heat,104,115,0.532,0.477,27,29,31,47,21,22,-11.0,11.0,0,0
0022300313,2023-12-13,atlanta hawks,toronto raptors,128,135,0.48,0.575,32,39,42,47,7,14,-7.0,7.0,0,0
0022300314,2023-12-13,houston rockets,memphis grizzlies,117,104,0.453,0.427,23,25,58,39,19,11,13.0,-13.0,1,1
0022300315,2023-12-13,indiana pacers,milwaukee bucks,126,140,0.45,0.539,30,27,45,43,18,15,-14.0,14.0,0,0
0022300316,2023-12-13,los angeles lakers,san antonio spurs,122,119,0.538,0.469,31,28,46,46,16,17,3.0,-3.0,0,1
0022300317,2023-12-13,brooklyn nets,phoenix suns,116,112,0.461,0.476,24,28,36,49,7,12,4.0,-4.0,0,1
0022300318,2023-12-13,new york knicks,utah jazz,113,117,0.436,0.439,21,31,46,53,8,15,-4.0,4.0,0,0
0022300319,2023-12-14,boston celtics,cleveland cavaliers,116,107,0.506,0.482,22,21,44,39,13,16,9.0,-9.0,1,1
0022300320,2023-12-14,chicago bulls,miami heat,124,116,0.484,0.463,32,26,43,42,5,10,8.0,-8.0,0,1
0022300321,2023-12-14,dallas mavericks,minnesota timberwolves,101,119,0.47,0.5,21,30,34,45,15,15,-18.0,18.0,1,0
0022300322,2023-12-14,brooklyn nets,denver nuggets,101,124,0.411,0.475,28,31,53,48,16,8,-23.0,23.0,0,0
0022300323,2023-12-14,portland trail blazers,utah jazz,114,122,0.417,0.533,30,27,49,45,11,11,-8.0,8.0,1,0
0022300324,2023-12-14,oklahoma city thunder,sacramento kings,123,128,0.431,0.495,26,32,44,47,13,17,-5.0,4.8,0,0
0022300325,2023-12-14,golden state warriors,la clippers,113,121,0.435,0.506,22,27,43,40,11,13,-8.0,8.0,0,0
0022300326,2023-12-15,charlotte hornets,new orleans pelicans,107,112,0.446,0.475,18,24,39,49,8,15,-5.0,5.0,1,0
0022300327,2023-12-15,detroit pistons,philadelphia 76ers,92,124,0.432,0.418,19,24,42,54,21,11,-32.0,32.0,0,0
0022300328,2023-12-15,indiana pacers,washington wizards,123,137,0.449,0.565,35,36,41,47,15,17,-14.0,14.0,0,0
0022300329,2023-12-15,boston celtics,orlando magic,128,111,0.522,0.483,31,25,34,45,10,21,17.0,-17.0,1,1
0022300330,2023-12-15,atlanta hawks,toronto raptors,125,104,0.515,0.519,34,30,55,32,12,14,21.0,-21.0,0,1
0022300331,2023-12-15,los angeles lakers,san antonio spurs,115,129,0.483,0.495,32,35,43,45,6,8,-14.0,14.0,0,0
0022300332,2023-12-15,houston rockets,memphis grizzlies,103,96,0.364,0.402,18,19,51,48,11,17,7.0,-7.0,0,1
0022300333,2023-12-15,new york knicks,phoenix suns,139,122,0.598,0.522,28,30,38,33,11,11,17.0,-17.0,0,1
0022300334,2023-12-16,detroit pistons,milwaukee bucks,114,146,0.448,0.568,25,24,36,49,8,14,-32.0,32.0,0,0
0022300335,2023-12-16,charlotte hornets,philadelphia 76ers,82,135,0.363,0.602,15,30,36,45,11,10,-53.0,53.0,1,0
0022300336,2023-12-16,atlanta hawks,cleveland cavaliers,119,127,0.482,0.485,21,32,34,49,11,10,-8.0,8.0,0,0
0022300337,2023-12-16,chicago bulls,miami heat,116,118,0.481,0.518,25,26,40,31,14,10,-2.0,2.0,0,0
0022300338,2023-12-16,indiana pacers,minnesota timberwolves,109,127,0.5,0.558,25,33,40,36,13,15,-18.0,18.0,0,0
0022300339,2023-12-16,brooklyn nets,golden state warriors,120,124,0.484,0.484,31,29,42,42,16,14,-4.0,4.0,0,0
0022300340,2023-12-16,denver nuggets,oklahoma city thunder,117,118,0.452,0.512,30,22,46,40,9,10,-1.0,1.0,1,0
0022300341,2023-12-16,dallas mavericks,portland trail blazers,131,120,0.495,0.5,27,17,47,44,12,11,11.0,-11.0,0,1
0022300342,2023-12-16,sacramento kings,utah jazz,125,104,0.541,0.442,36,28,45,37,14,12,21.0,-21.0,1,1
0022300343,2023-12-16,la clippers,new york knicks,144,122,0.568,0.468,36,20,42,39,8,10,22.0,-22.0,1,1
0022300344,2023-12-17,boston celtics,orlando magic,114,97,0.474,0.382,18,18,55,43,14,8,17.0,-17.0,1,1
0022300345,2023-12-17,new orleans pelicans,san antonio spurs,146,110,0.561,0.426,38,29,51,39,13,13,36.0,-36.0,0,1
0022300346,2023-12-17,houston rockets,milwaukee bucks,119,128,0.529,0.5,26,25,31,46,9,15,-9.0,9.0,0,0
0022300347,2023-12-17,phoenix suns,washington wizards,112,108,0.456,0.411,29,24,54,44,17,10,4.0,-4.0,1,1
0022300348,2023-12-17,golden state warriors,portland trail blazers,118,114,0.529,0.471,31,23,43,37,14,13,4.0,-4.0,0,1
0022300349,2023-12-18,cleveland cavaliers,houston rockets,135,130,0.485,0.461,29,34,38,47,11,13,5.0,-5.0,1,1
0022300350,2023-12-18,indiana pacers,la clippers,127,151,0.516,0.571,38,26,34,46,11,11,-24.0,24.0,1,0
0022300351,2023-12-18,chicago bulls,philadelphia 76ers,108,104,0.472,0.432,24,23,45,44,10,12,4.0,-4.0,0,1
0022300352,2023-12-18,atlanta hawks,detroit pistons,130,124,0.541,0.511,25,23,40,36,17,13,6.0,-6.0,1,1
0022300353,2023-12-18,miami heat,minnesota timberwolves,108,112,0.471,0.494,27,27,40,45,15,13,-4.0,4.0,1,0
0022300354,2023-12-18,charlotte hornets,toronto raptors,99,114,0.438,0.512,18,30,36,51,12,17,-15.0,15.0,0,0
0022300355,2023-12-18,memphis grizzlies,oklahoma city thunder,97,116,0.353,0.457,25,31,45,53,22,12,-19.0,19.0,0,0
0022300356,2023-12-18,dallas mavericks,denver nuggets,104,130,0.446,0.563,19,29,43,46,11,8,-26.0,26.0,0,0
0022300357,2023-12-18,brooklyn nets,utah jazz,108,125,0.433,0.495,25,30,36,51,13,14,-17.0,17.0,0,0
0022300358,2023-12-18,sacramento kings,washington wizards,143,131,0.53,0.518,35,26,42,39,7,11,12.0,-12.0,1,1
0022300359,2023-12-18,los angeles lakers,new york knicks,109,114,0.424,0.477,29,21,41,52,10,15,-5.0,5.0,1,0
0022300360,2023-12-19,memphis grizzlies,new orleans pelicans,115,113,0.5,0.471,19,23,42,39,17,11,2.0,-2.0,0,1
0022300361,2023-12-19,milwaukee bucks,san antonio spurs,132,119,0.472,0.479,34,27,47,52,6,16,13.0,-13.0,1,1
0022300362,2023-12-19,boston celtics,golden state warriors,126,132,0.412,0.459,28,29,55,59,8,10,-6.0,6.0,0,0
0022300363,2023-12-19,phoenix suns,portland trail blazers,104,109,0.447,0.448,23,23,47,42,13,15,-5.0,5.0,0,0
0022300364,2023-12-20,cleveland cavaliers,utah jazz,124,116,0.469,0.513,34,24,44,38,11,16,8.0,-8.0,1,1
0022300365,2023-12-20,charlotte hornets,indiana pacers,113,144,0.474,0.613,23,37,37,38,10,13,-31.0,31.0,0,0
0022300366,2023-12-20,miami heat,orlando magic,115,106,0.482,0.461,25,29,39,49,11,11,9.0,-9.0,0,1
0022300367,2023-12-20,minnesota timberwolves,philadelphia 76ers,113,127,0.512,0.536,22,20,39,36,18,12,-14.0,14.0,0,0
0022300368,2023-12-20,brooklyn nets,new york knicks,102,121,0.366,0.463,25,24,49,54,11,11,-19.0,19.0,1,0
0022300369,2023-12-20,denver nuggets,toronto raptors,113,104,0.5,0.478,29,26,46,41,8,11,9.0,-9.0,0,1
0022300370,2023-12-20,chicago bulls,los angeles lakers,124,108,0.545,0.447,25,27,48,40,15,13,16.0,-16.0,1,1
0022300371,2023-12-20,atlanta hawks,houston rockets,134,127,0.516,0.494,31,25,44,37,9,8,7.0,-7.0,0,1
0022300372,2023-12-20,dallas mavericks,la clippers,111,120,0.429,0.558,23,27,36,44,6,12,-9.0,9.0,1,0
0022300373,2023-12-20,boston celtics,sacramento kings,144,119,0.554,0.473,35,29,50,37,9,7,25.0,-25.0,0,1
0022300374,2023-12-21,detroit pistons,utah jazz,111,119,0.5,0.457,24,26,41,44,20,12,-8.0,8.0,1,0
0022300375,2023-12-21,cleveland cavaliers,new orleans pelicans,104,123,0.471,0.547,34,32,35,40,11,9,-19.0,19.0,1,0
0022300376,2023-12-21,chicago bulls,san antonio spurs,114,95,0.544,0.457,24,24,36,41,11,19,19.0,-19.0,1,1
0022300377,2023-12-21,indiana pacers,memphis grizzlies,103,116,0.422,0.512,28,27,39,41,16,18,-13.0,13.0,0,0
0022300378,2023-12-21,milwaukee bucks,orlando magic,118,114,0.422,0.455,26,26,51,45,13,7,4.0,-4.0,1,1
0022300379,2023-12-21,la clippers,oklahoma city thunder,115,134,0.473,0.586,23,35,40,38,15,11,-19.0,19.0,0,0
0022300380,2023-12-21,los angeles lakers,minnesota timberwolves,111,118,0.494,0.483,21,32,38,40,17,14,-7.0,7.0,0,0
0022300381,2023-12-21,portland trail blazers,washington wizards,117,118,0.453,0.5,24,26,51,37,15,11,-1.0,1.0,1,0
0022300382,2023-12-22,philadelphia 76ers,toronto raptors,121,111,0.53,0.448,34,30,38,46,13,12,10.0,-10.0,1,1
0022300383,2023-12-22,brooklyn nets,denver nuggets,117,122,0.483,0.517,32,29,45,41,10,6,-5.0,5.0,1,0
0022300384,2023-12-22,atlanta hawks,miami heat,113,122,0.438,0.465,29,21,43,48,13,17,-9.0,9.0,0,0
0022300385,2023-12-22,dallas mavericks,houston rockets,96,122,0.347,0.484,18,21,47,63,11,16,-26.0,26.0,0,0
0022300386,2023-12-22,golden state warriors,washington wizards,129,118,0.485,0.454,33,25,57,39,12,9,11.0,-11.0,1,1
0022300387,2023-12-22,phoenix suns,sacramento kings,105,120,0.443,0.53,19,32,45,37,15,12,-15.0,15.0,0,0
0022300388,2023-12-23,milwaukee bucks,new york knicks,130,111,0.527,0.441,25,17,53,41,14,11,19.0,-19.0,0,1
0022300389,2023-12-23,boston celtics,la clippers,145,108,0.521,0.461,33,25,51,34,9,10,37.0,-37.0,0,1
0022300390,2023-12-23,charlotte hornets,denver nuggets,95,102,0.386,0.433,23,25,47,48,17,14,-7.0,7.0,1,0
0022300391,2023-12-23,indiana pacers,orlando magic,110,117,0.524,0.534,27,22,33,39,15,13,-7.0,7.0,1,0
0022300392,2023-12-23,houston rockets,new orleans pelicans,106,104,0.427,0.463,21,21,44,46,11,16,2.0,-2.0,0,1
0022300393,2023-12-23,atlanta hawks,memphis grizzlies,119,125,0.469,0.515,28,29,41,51,10,11,-6.0,6.0,1,0
0022300394,2023-12-23,brooklyn nets,detroit pistons,126,115,0.523,0.494,32,26,38,36,10,13,11.0,-11.0,1,1
0022300395,2023-12-23,toronto raptors,utah jazz,119,126,0.479,0.527,35,35,39,41,11,11,-7.0,7.0,1,0
0022300396,2023-12-23,chicago bulls,cleveland cavaliers,95,109,0.438,0.443,23,28,37,48,12,12,-14.0,14.0,1,0
0022300397,2023-12-23,los angeles lakers,oklahoma city thunder,129,120,0.522,0.484,37,24,44,42,9,9,9.0,-9.0,0,1
0022300398,2023-12-23,dallas mavericks,san antonio spurs,144,119,0.52,0.449,26,32,52,42,12,10,25.0,-25.0,1,1
0022300399,2023-12-23,golden state warriors,portland trail blazers,126,106,0.578,0.452,38,26,49,30,16,11,20.0,-20.0,1,1
0022300400,2023-12-23,minnesota timberwolves,sacramento kings,110,98,0.506,0.435,31,23,43,40,12,11,12.0,-12.0,0,1
0022300401,2023-12-25,milwaukee bucks,new york knicks,122,129,0.474,0.543,26,27,44,41,11,11,-7.0,7.0,0,0
0022300402,2023-12-25,denver nuggets,golden state warriors,120,114,0.488,0.46,25,23,43,39,14,13,6.0,-6.0,1,1
0022300403,2023-12-25,boston celtics,los angeles lakers,126,115,0.505,0.478,31,24,44,43,8,12,11.0,-11.0,0,1
0022300404,2023-12-25,miami heat,philadelphia 76ers,119,113,0.476,0.426,27,23,56,36,14,7,6.0,-6.0,1,1
0022300405,2023-12-25,dallas mavericks,phoenix suns,128,114,0.536,0.444,28,28,38,47,11,15,14.0,-14.0,0,1
0022300406,2023-12-26,brooklyn nets,detroit pistons,118,112,0.5,0.444,22,20,42,52,9,13,6.0,-6.0,0,1
0022300407,2023-12-26,orlando magic,washington wizards,127,119,0.527,0.494,30,27,40,47,16,20,8.0,-8.0,0,1
0022300408,2023-12-26,atlanta hawks,chicago bulls,113,118,0.461,0.457,24,23,40,48,15,8,-5.0,5.0,0,0
0022300409,2023-12-26,houston rockets,indiana pacers,117,123,0.485,0.524,19,28,44,45,10,20,-6.0,6.0,1,0
0022300410,2023-12-26,memphis grizzlies,new orleans pelicans,116,115,0.433,0.433,24,18,50,46,17,14,1.0,-1.0,0,1
0022300411,2023-12-26,minnesota timberwolves,oklahoma city thunder,106,129,0.466,0.605,22,35,34,29,21,11,-23.0,23.0,0,0
0022300412,2023-12-26,san antonio spurs,utah jazz,118,130,0.449,0.495,36,34,43,53,9,14,-12.0,12.0,1,0
0022300413,2023-12-26,portland trail blazers,sacramento kings,130,113,0.5,0.484,28,25,46,40,7,10,17.0,-17.0,1,1
0022300414,2023-12-26,charlotte hornets,la clippers,104,113,0.462,0.471,31,24,42,45,11,13,-9.0,9.0,0,0
0022300415,2023-12-27,orlando magic,philadelphia 76ers,92,112,0.392,0.469,17,14,43,48,16,10,-20.0,20.0,1,0
0022300416,2023-12-27,toronto raptors,washington wizards,132,102,0.571,0.467,43,25,53,34,17,16,30.0,-30.0,0,1
0022300417,2023-12-27,brooklyn nets,milwaukee bucks,122,144,0.446,0.584,29,41,47,41,9,10,-22.0,22.0,1,0
0022300418,2023-12-27,houston rockets,phoenix suns,113,129,0.417,0.573,20,28,33,44,9,19,-16.0,16.0,1,0
0022300419,2023-12-27,new york knicks,oklahoma city thunder,120,129,0.5,0.544,24,20,40,27,18,4,-9.0,9.0,0,0
0022300420,2023-12-27,cleveland cavaliers,dallas mavericks,113,110,0.435,0.443,33,21,57,37,16,10,3.0,-3.0,0,1
0022300421,2023-12-28,boston celtics,detroit pistons,128,122,0.485,0.475,25,27,43,57,12,18,6.0,-6.0,1,1
0022300422,2023-12-28,chicago bulls,indiana pacers,104,120,0.412,0.506,19,30,47,47,7,13,-16.0,16.0,1,0
0022300423,2023-12-28,dallas mavericks,minnesota timberwolves,110,118,0.444,0.514,29,23,39,38,16,22,-8.0,8.0,0,0
0022300424,2023-12-28,new orleans pelicans,utah jazz,112,105,0.549,0.424,27,27,35,42,14,18,7.0,-7.0,1,1
0022300425,2023-12-28,denver nuggets,memphis grizzlies,142,105,0.573,0.416,43,23,53,36,11,11,37.0,-37.0,1,1
0022300426,2023-12-28,golden state warriors,miami heat,102,114,0.42,0.484,27,26,43,44,13,7,-12.0,12.0,1,0
0022300427,2023-12-28,portland trail blazers,san antonio spurs,105,118,0.347,0.482,16,33,57,42,13,11,-13.0,13.0,1,0
0022300428,2023-12-28,charlotte hornets,los angeles lakers,112,133,0.471,0.536,29,41,43,42,19,11,-21.0,21.0,0,0
0022300429,2023-12-29,new york knicks,orlando magic,108,117,0.442,0.449,22,24,40,49,16,15,-9.0,9.0,0,0
0022300430,2023-12-29,brooklyn nets,washington wizards,104,110,0.429,0.505,24,28,54,43,10,6,-6.0,6.0,0,0
0022300431,2023-12-29,atlanta hawks,sacramento kings,110,117,0.394,0.517,29,35,51,38,15,12,-7.0,7.0,1,0
0022300432,2023-12-29,boston celtics,toronto raptors,120,118,0.489,0.463,29,29,52,38,16,4,2.0,-2.0,1,1
0022300433,2023-12-29,cleveland cavaliers,milwaukee bucks,111,119,0.476,0.513,28,26,37,43,8,17,-8.0,8.0,1,0
0022300434,2023-12-29,houston rockets,philadelphia 76ers,127,131,0.538,0.523,30,22,42,30,16,10,-4.0,4.0,1,0
0022300435,2023-12-29,denver nuggets,oklahoma city thunder,93,119,0.424,0.505,30,29,36,51,16,11,-26.0,26.0,1,0
0022300436,2023-12-29,charlotte hornets,phoenix suns,119,133,0.478,0.622,32,34,26,39,6,14,-14.0,14.0,0,0
0022300437,2023-12-29,portland trail blazers,san antonio spurs,134,128,0.505,0.511,28,31,43,42,14,14,6.0,-6.0,1,1
0022300438,2023-12-29,la clippers,memphis grizzlies,117,106,0.494,0.437,28,29,54,33,17,12,11.0,-11.0,1,1
0022300439,2023-12-30,miami heat,utah jazz,109,117,0.436,0.462,20,29,46,43,16,10,-8.0,8.0,0,0
0022300440,2023-12-30,detroit pistons,toronto raptors,129,127,0.5,0.505,29,26,41,33,11,7,2.0,-2.0,1,1
0022300441,2023-12-30,indiana pacers,new york knicks,140,126,0.588,0.474,40,24,34,42,16,13,14.0,-14.0,1,1
0022300442,2023-12-30,chicago bulls,philadelphia 76ers,105,92,0.506,0.391,21,24,53,36,16,7,13.0,-13.0,1,1
0022300443,2023-12-30,los angeles lakers,minnesota timberwolves,106,108,0.42,0.5,23,24,39,45,10,19,-2.0,2.0,0,0
0022300444,2023-12-30,dallas mavericks,golden state warriors,132,122,0.557,0.456,25,32,43,47,9,10,10.0,-10.0,0,1
0022300445,2023-12-31,atlanta hawks,washington wizards,130,126,0.495,0.469,27,35,58,42,12,9,4.0,-4.0,0,1
0022300446,2023-12-31,los angeles lakers,new orleans pelicans,109,129,0.476,0.517,26,33,35,47,13,11,-20.0,20.0,0,0
0022300447,2023-12-31,brooklyn nets,oklahoma city thunder,108,124,0.38,0.542,26,31,47,46,6,13,-16.0,16.0,0,0
0022300448,2023-12-31,boston celtics,san antonio spurs,134,101,0.537,0.426,29,28,57,39,10,12,33.0,-33.0,0,1
0022300449,2023-12-31,memphis grizzlies,sacramento kings,92,123,0.366,0.511,20,28,34,59,8,12,-31.0,31.0,1,0
0022300450,2023-12-31,orlando magic,phoenix suns,107,112,0.467,0.5,22,21,45,35,15,6,-5.0,5.0,0,0
0022300451,2024-01-01,minnesota timberwolves,new york knicks,106,112,0.474,0.438,19,23,34,49,13,13,-6.0,6.0,0,0
0022300452,2024-01-01,cleveland cavaliers,toronto raptors,121,124,0.483,0.483,25,25,43,47,9,11,-3.0,3.0,0,0
0022300453,2024-01-01,detroit pistons,houston rockets,113,136,0.482,0.56,27,34,37,39,17,9,-23.0,23.0,0,0
0022300454,2024-01-01,indiana pacers,milwaukee bucks,122,113,0.443,0.441,23,27,52,46,7,11,9.0,-9.0,0,1
0022300455,2024-01-01,charlotte hornets,denver nuggets,93,111,0.419,0.494,24,27,45,44,12,10,-18.0,18.0,0,0
0022300456,2024-01-01,phoenix suns,portland trail blazers,109,88,0.475,0.413,24,21,47,36,16,18,21.0,-21.0,1,1
0022300457,2024-01-01,dallas mavericks,utah jazz,90,127,0.398,0.51,28,37,41,53,16,12,-37.0,37.0,0,0
0022300458,2024-01-01,la clippers,miami heat,121,104,0.588,0.422,25,24,37,35,15,13,17.0,-17.0,1,1
0022300459,2024-01-02,chicago bulls,philadelphia 76ers,97,110,0.385,0.475,17,28,51,43,18,17,-13.0,13.0,0,0
0022300460,2024-01-02,memphis grizzlies,san antonio spurs,106,98,0.463,0.424,24,21,46,40,15,14,8.0,-8.0,1,1
0022300461,2024-01-02,brooklyn nets,new orleans pelicans,85,112,0.357,0.466,26,23,43,53,12,16,-27.0,27.0,0,0
0022300462,2024-01-02,boston celtics,oklahoma city thunder,123,127,0.457,0.527,33,34,47,38,14,10,-4.0,4.0,0,0
0022300463,2024-01-02,golden state warriors,orlando magic,121,115,0.538,0.446,23,19,36,41,12,17,6.0,-6.0,1,1
0022300464,2024-01-02,charlotte hornets,sacramento kings,111,104,0.512,0.435,23,23,35,48,14,20,7.0,-7.0,0,1
0022300465,2024-01-03,cleveland cavaliers,washington wizards,140,101,0.535,0.416,37,22,62,36,8,8,39.0,-39.0,1,1
0022300466,2024-01-03,indiana pacers,milwaukee bucks,142,130,0.556,0.5,34,30,44,42,10,13,12.0,-12.0,1,1
0022300467,2024-01-03,atlanta hawks,oklahoma city thunder,141,138,0.505,0.549,30,30,49,37,11,13,3.0,-3.0,1,1
0022300468,2024-01-03,chicago bulls,new york knicks,100,116,0.416,0.517,24,29,39,52,11,15,-16.0,16.0,0,0
0022300469,2024-01-03,brooklyn nets,houston rockets,101,112,0.387,0.487,25,27,50,48,8,16,-11.0,11.0,0,0
0022300470,2024-01-03,memphis grizzlies,toronto raptors,111,116,0.426,0.482,25,25,43,46,10,12,-5.0,5.0,1,0
0022300471,2024-01-03,minnesota timberwolves,new orleans pelicans,106,117,0.451,0.556,26,30,28,41,11,12,-11.0,11.0,1,0
0022300472,2024-01-03,dallas mavericks,portland trail blazers,126,97,0.5,0.391,25,23,43,46,11,22,29.0,-29.0,1,1
0022300473,2024-01-03,la clippers,phoenix suns,131,122,0.553,0.532,25,23,36,32,12,16,10.0,-10.0,0,1
0022300474,2024-01-03,detroit pistons,utah jazz,148,154,0.533,0.515,33,28,48,43,17,12,-6.0,6.0,0,0
0022300475,2024-01-03,los angeles lakers,miami heat,96,110,0.422,0.441,29,30,50,39,21,8,-14.0,14.0,1,0
0022300476,2024-01-03,orlando magic,sacramento kings,135,138,0.489,0.486,33,36,39,58,20,17,-3.0,3.0,0,0
0022300477,2024-01-04,milwaukee bucks,san antonio spurs,125,121,0.533,0.484,27,31,42,42,14,11,4.0,-4.0,0,1
0022300478,2024-01-04,denver nuggets,golden state warriors,130,127,0.565,0.544,28,35,36,33,7,8,3.0,-3.0,0,1
0022300479,2024-01-05,boston celtics,utah jazz,126,97,0.433,0.362,24,23,56,57,12,18,29.0,-29.0,1,1
0022300480,2024-01-05,atlanta hawks,indiana pacers,116,150,0.43,0.638,21,50,39,39,14,14,-34.0,34.0,0,0
0022300481,2024-01-05,brooklyn nets,oklahoma city thunder,124,115,0.451,0.536,25,29,51,36,15,13,9.0,-9.0,1,1
0022300482,2024-01-05,cleveland cavaliers,washington wizards,114,90,0.532,0.417,31,19,52,31,23,16,24.0,-24.0,1,1
0022300483,2024-01-05,new york knicks,philadelphia 76ers,128,92,0.483,0.407,27,22,49,38,11,14,36.0,-36.0,0,1
0022300484,2024-01-05,charlotte hornets,chicago bulls,91,104,0.404,0.541,20,29,42,41,11,14,-13.0,13.0,0,0
0022300485,2024-01-05,houston rockets,minnesota timberwolves,95,122,0.4,0.523,18,31,38,52,15,14,-27.0,27.0,1,0
0022300486,2024-01-05,la clippers,new orleans pelicans,111,95,0.488,0.359,28,22,50,43,14,9,16.0,-16.0,0,1
0022300487,2024-01-05,dallas mavericks,portland trail blazers,139,103,0.583,0.411,35,27,52,42,17,18,36.0,-36.0,1,1
0022300488,2024-01-05,denver nuggets,orlando magic,120,122,0.505,0.5,28,25,38,40,13,14,-2.0,2.0,1,0
0022300489,2024-01-05,miami heat,phoenix suns,97,113,0.41,0.506,26,30,44,44,15,9,-16.0,16.0,0,0
0022300490,2024-01-05,detroit pistons,golden state warriors,109,113,0.449,0.463,25,24,40,45,11,16,-4.0,4.0,0,0
0022300491,2024-01-05,los angeles lakers,memphis grizzlies,113,127,0.494,0.537,26,33,35,44,13,17,-14.0,14.0,1,0
0022300492,2024-01-05,sacramento kings,toronto raptors,135,130,0.52,0.54,35,31,42,37,14,14,5.0,-5.0,1,1
0022300493,2024-01-06,boston celtics,indiana pacers,118,101,0.511,0.413,26,23,56,38,17,9,17.0,-17.0,0,1
0022300494,2024-01-06,new york knicks,washington wizards,121,105,0.494,0.471,27,33,45,45,14,20,16.0,-16.0,0,1
0022300495,2024-01-06,philadelphia 76ers,utah jazz,109,120,0.404,0.575,30,30,34,48,6,23,-11.0,11.0,1,0
0022300496,2024-01-06,houston rockets,milwaukee bucks,112,108,0.434,0.461,22,20,46,41,10,11,4.0,-4.0,1,1
0022300497,2024-01-07,cleveland cavaliers,san antonio spurs,117,115,0.489,0.477,27,22,44,40,16,11,2.0,-2.0,1,1
0022300498,2024-01-07,brooklyn nets,portland trail blazers,127,134,0.505,0.474,29,21,44,38,15,9,-7.0,7.0,1,0
0022300499,2024-01-07,atlanta hawks,orlando magic,110,117,0.462,0.439,21,25,50,57,12,11,-7.0,7.0,0,0
0022300500,2024-01-07,new orleans pelicans,sacramento kings,133,100,0.61,0.418,35,28,51,25,16,9,33.0,-33.0,0,1
0022300501,2024-01-07,dallas mavericks,minnesota timberwolves,115,108,0.453,0.436,20,22,44,51,11,13,7.0,-7.0,1,1
0022300502,2024-01-07,denver nuggets,detroit pistons,131,114,0.588,0.472,35,28,38,37,12,11,17.0,-17.0,1,1
0022300503,2024-01-07,memphis grizzlies,phoenix suns,121,115,0.443,0.451,29,29,54,50,17,12,6.0,-4.2,0,1
0022300504,2024-01-07,golden state warriors,toronto raptors,118,133,0.45,0.585,30,38,43,45,10,7,-15.0,15.0,1,0
0022300505,2024-01-07,la clippers,los angeles lakers,103,106,0.396,0.512,21,23,40,40,14,19,-3.0,3.0,0,0
0022300506,2024-01-08,charlotte hornets,chicago bulls,112,119,0.426,0.489,26,27,44,51,12,13,-7.0,7.0,1,0
0022300507,2024-01-08,boston celtics,indiana pacers,131,133,0.522,0.527,26,29,42,39,15,13,-2.0,2.0,0,0
0022300508,2024-01-08,oklahoma city thunder,washington wizards,136,128,0.591,0.494,37,32,40,38,14,14,8.0,-8.0,0,1
0022300509,2024-01-08,houston rockets,miami heat,113,120,0.42,0.5,20,30,42,45,12,11,-7.0,7.0,0,0
0022300510,2024-01-08,milwaukee bucks,utah jazz,116,132,0.447,0.522,31,33,38,47,9,10,-16.0,16.0,1,0
0022300511,2024-01-08,la clippers,phoenix suns,138,111,0.624,0.494,32,17,44,25,12,14,27.0,-27.6,1,1
0022300512,2024-01-09,detroit pistons,sacramento kings,110,131,0.471,0.574,27,39,40,44,21,17,-21.0,21.0,1,0
0022300513,2024-01-09,minnesota timberwolves,orlando magic,113,92,0.538,0.362,34,20,48,46,18,12,21.0,-21.0,0,1
0022300514,2024-01-09,new york knicks,portland trail blazers,112,84,0.416,0.384,26,19,55,43,14,15,28.0,-28.0,1,1
0022300515,2024-01-09,dallas mavericks,memphis grizzlies,103,120,0.439,0.484,20,27,33,54,12,16,-17.0,17.0,1,0
0022300516,2024-01-09,los angeles lakers,toronto raptors,132,131,0.543,0.564,34,34,39,37,15,12,1.0,-1.0,1,1
0022300517,2024-01-10,boston celtics,minnesota timberwolves,127,120,0.433,0.463,21,22,46,47,8,9,7.0,-7.0,1,1
0022300518,2024-01-10,charlotte hornets,sacramento kings,98,123,0.402,0.517,17,24,36,53,8,9,-25.0,25.0,1,0
0022300519,2024-01-10,detroit pistons,san antonio spurs,108,130,0.458,0.521,33,36,43,46,10,5,-22.0,22.0,1,0
0022300520,2024-01-10,indiana pacers,washington wizards,112,104,0.446,0.432,31,24,54,46,13,13,8.0,-8.0,1,1
0022300521,2024-01-10,atlanta hawks,philadelphia 76ers,139,132,0.471,0.451,32,26,55,51,12,11,7.0,-7.0,1,1
0022300522,2024-01-10,miami heat,oklahoma city thunder,120,128,0.461,0.593,25,36,38,42,10,12,-8.0,8.0,1,0
0022300523,2024-01-10,chicago bulls,houston rockets,124,119,0.442,0.475,31,29,46,50,14,14,5.0,-5.0,1,1
0022300524,2024-01-10,denver nuggets,utah jazz,111,124,0.457,0.554,26,34,34,40,16,16,-13.0,13.0,0,0
0022300525,2024-01-10,golden state warriors,new orleans pelicans,105,141,0.438,0.574,24,37,43,47,17,11,-36.0,36.0,1,0
0022300526,2024-01-10,la clippers,toronto raptors,126,120,0.527,0.548,34,31,36,37,7,14,6.0,-6.0,1,1
0022300527,2024-01-11,brooklyn nets,cleveland cavaliers,102,111,0.451,0.39,18,16,41,47,16,11,-9.0,9.0,0,0
0022300528,2024-01-11,boston celtics,milwaukee bucks,102,135,0.374,0.565,22,34,31,54,6,9,-33.0,33.0,0,0
0022300529,2024-01-11,oklahoma city thunder,portland trail blazers,139,77,0.57,0.277,41,16,59,42,12,9,62.0,-62.0,1,1
0022300530,2024-01-11,dallas mavericks,new york knicks,128,124,0.5,0.494,27,27,38,45,10,14,4.0,-4.0,1,1
0022300531,2024-01-11,los angeles lakers,phoenix suns,109,127,0.5,0.495,33,23,37,46,18,12,-18.0,18.0,1,0
0022300532,2024-01-12,philadelphia 76ers,sacramento kings,112,93,0.43,0.337,23,20,46,54,13,16,19.0,-19.0,1,1
0022300533,2024-01-12,atlanta hawks,indiana pacers,108,126,0.449,0.671,25,41,28,45,14,25,-18.0,18.0,1,0
0022300534,2024-01-12,detroit pistons,houston rockets,110,112,0.5,0.456,32,21,46,41,14,9,-2.0,2.0,1,0
0022300535,2024-01-12,miami heat,orlando magic,99,96,0.446,0.439,23,26,41,38,16,11,3.0,-3.0,1,1
0022300536,2024-01-12,chicago bulls,golden state warriors,131,140,0.581,0.521,31,39,36,44,12,3,-9.0,9.0,1,0
0022300537,2024-01-12,la clippers,memphis grizzlies,128,119,0.551,0.432,22,30,43,46,12,9,9.0,-9.0,0,1
0022300538,2024-01-12,minnesota timberwolves,portland trail blazers,116,93,0.55,0.39,35,18,45,38,15,19,23.0,-23.0,1,1
0022300539,2024-01-12,denver nuggets,new orleans pelicans,125,113,0.556,0.472,30,30,48,35,15,8,12.0,-12.0,1,1
0022300540,2024-01-12,toronto raptors,utah jazz,113,145,0.432,0.559,25,34,31,56,13,13,-32.0,32.0,0,0
0022300541,2024-01-12,charlotte hornets,san antonio spurs,99,135,0.36,0.517,22,31,44,45,19,14,-36.0,36.0,0,0
0022300542,2024-01-13,boston celtics,houston rockets,145,113,0.537,0.404,26,20,50,50,11,12,32.0,-32.0,1,1
0022300543,2024-01-13,atlanta hawks,washington wizards,99,127,0.344,0.485,21,32,50,54,14,12,-28.0,28.0,1,0
0022300544,2024-01-13,memphis grizzlies,new york knicks,94,106,0.414,0.482,27,25,35,56,12,22,-12.0,12.0,1,0
0022300545,2024-01-13,golden state warriors,milwaukee bucks,118,129,0.48,0.543,23,33,41,50,7,12,-11.0,11.0,0,0
0022300546,2024-01-13,oklahoma city thunder,orlando magic,112,100,0.457,0.464,23,21,46,50,8,15,12.0,-12.0,1,1
0022300547,2024-01-13,dallas mavericks,new orleans pelicans,108,118,0.451,0.494,23,29,34,44,12,10,-10.0,10.0,1,0
0022300548,2024-01-13,chicago bulls,san antonio spurs,122,116,0.511,0.411,31,26,47,47,9,8,6.0,-6.0,0,1
0022300549,2024-01-13,los angeles lakers,utah jazz,125,132,0.5,0.452,30,28,40,52,12,10,-7.0,7.0,0,0
0022300550,2024-01-14,denver nuggets,indiana pacers,117,109,0.648,0.467,31,28,40,37,21,13,8.0,-8.0,1,1
0022300551,2024-01-14,charlotte hornets,miami heat,87,104,0.347,0.494,17,27,50,44,13,14,-17.0,17.0,0,0
0022300552,2024-01-14,milwaukee bucks,sacramento kings,143,142,0.522,0.524,31,34,40,47,13,9,1.0,-1.0,1,1
0022300553,2024-01-14,la clippers,minnesota timberwolves,105,109,0.434,0.567,28,25,34,41,11,17,-4.0,4.0,0,0
0022300554,2024-01-14,phoenix suns,portland trail blazers,127,116,0.605,0.449,27,23,41,36,12,13,11.0,-11.0,0,1
0022300555,2024-01-15,houston rockets,philadelphia 76ers,115,124,0.5,0.482,21,25,46,41,13,10,-9.0,9.0,0,0
0022300556,2024-01-15,dallas mavericks,new orleans pelicans,125,120,0.459,0.506,24,21,42,37,11,9,5.0,-5.0,1,1
0022300557,2024-01-15,new york knicks,orlando magic,94,98,0.398,0.447,20,26,41,46,9,7,-4.0,4.0,1,0
0022300558,2024-01-15,detroit pistons,washington wizards,129,117,0.556,0.463,30,30,52,33,15,8,12.0,-12.0,0,1
0022300559,2024-01-15,atlanta hawks,san antonio spurs,109,99,0.43,0.4,24,27,57,44,16,17,10.0,-10.0,1,1
0022300560,2024-01-15,golden state warriors,memphis grizzlies,107,116,0.489,0.372,28,24,45,42,19,11,-9.0,9.0,0,0
0022300561,2024-01-15,chicago bulls,cleveland cavaliers,91,109,0.422,0.411,21,28,43,48,18,11,-18.0,18.0,0,0
0022300562,2024-01-15,brooklyn nets,miami heat,95,96,0.343,0.379,26,22,50,54,8,12,-1.0,1.0,1,0
0022300563,2024-01-15,boston celtics,toronto raptors,105,96,0.402,0.4,20,25,53,52,12,7,9.0,-9.0,0,1
0022300564,2024-01-15,indiana pacers,utah jazz,105,132,0.4,0.556,27,29,43,46,13,14,-27.0,27.0,0,0
0022300565,2024-01-15,los angeles lakers,oklahoma city thunder,112,105,0.524,0.417,30,23,44,40,17,11,7.0,-7.0,1,1
0022300566,2024-01-16,denver nuggets,philadelphia 76ers,121,126,0.506,0.566,23,27,46,32,10,8,-5.0,5.0,0,0
0022300567,2024-01-16,phoenix suns,sacramento kings,119,117,0.494,0.5,32,34,46,31,16,14,2.0,-2.0,1,1
0022300568,2024-01-16,la clippers,oklahoma city thunder,128,117,0.54,0.506,30,30,39,35,9,12,11.0,-11.0,1,1
0022300569,2024-01-17,detroit pistons,minnesota timberwolves,117,124,0.517,0.505,30,32,40,42,12,9,-7.0,7.0,1,0
0022300570,2024-01-17,atlanta hawks,orlando magic,106,104,0.513,0.443,21,18,41,40,23,13,2.0,-2.0,1,1
0022300571,2024-01-17,boston celtics,san antonio spurs,117,98,0.467,0.419,22,26,54,41,12,10,19.0,-19.0,1,1
0022300572,2024-01-17,cleveland cavaliers,milwaukee bucks,135,95,0.591,0.4,36,19,55,36,10,10,40.0,-40.0,1,1
0022300573,2024-01-17,houston rockets,new york knicks,94,109,0.417,0.448,23,24,38,51,10,12,-15.0,15.0,0,0
0022300574,2024-01-17,miami heat,toronto raptors,97,121,0.456,0.511,24,34,37,45,14,10,-24.0,24.0,0,0
0022300575,2024-01-17,charlotte hornets,new orleans pelicans,112,132,0.433,0.5,29,32,41,50,13,12,-20.0,20.0,0,0
0022300576,2024-02-15,golden state warriors,utah jazz,140,137,0.533,0.462,42,33,41,48,13,16,3.0,-3.0,0,1
0022300577,2024-01-17,dallas mavericks,los angeles lakers,110,127,0.462,0.538,26,33,43,45,15,10,-17.0,17.0,0,0
0022300578,2024-01-17,brooklyn nets,portland trail blazers,103,105,0.479,0.488,28,21,33,41,10,9,-2.0,2.0,0,0
0022300579,2024-01-18,new york knicks,washington wizards,113,109,0.453,0.456,22,31,47,46,17,12,4.0,-4.0,1,1
0022300580,2024-01-18,chicago bulls,toronto raptors,116,110,0.527,0.506,30,31,42,38,10,14,6.0,-6.0,0,1
0022300581,2024-01-18,oklahoma city thunder,utah jazz,134,129,0.558,0.483,36,33,38,38,15,14,5.0,-5.0,0,1
0022300582,2024-01-18,memphis grizzlies,minnesota timberwolves,103,118,0.459,0.549,22,30,34,39,14,14,-15.0,15.0,0,0
0022300583,2024-01-18,indiana pacers,sacramento kings,126,121,0.551,0.518,33,27,34,38,11,11,5.0,-5.0,0,1
0022300584,2024-01-19,charlotte hornets,san antonio spurs,124,120,0.56,0.56,25,36,40,34,17,13,4.0,-4.0,1,1
0022300585,2024-01-19,orlando magic,philadelphia 76ers,109,124,0.474,0.483,24,23,36,42,16,7,-15.0,15.0,1,0
0022300586,2024-01-19,boston celtics,denver nuggets,100,102,0.427,0.519,21,20,38,47,2,9,-2.0,2.0,1,0
0022300587,2024-01-19,atlanta hawks,miami heat,109,108,0.46,0.463,23,21,38,44,13,16,1.0,-1.0,0,1
0022300588,2024-01-19,new orleans pelicans,phoenix suns,109,123,0.441,0.495,27,32,42,48,11,8,-14.0,14.0,1,0
0022300589,2024-04-02,dallas mavericks,golden state warriors,100,104,0.438,0.456,27,29,42,52,15,17,-4.0,4.0,0,0
0022300590,2024-01-19,indiana pacers,portland trail blazers,115,118,0.429,0.5,34,18,37,47,13,9,-3.0,3.0,0,0
0022300591,2024-01-19,brooklyn nets,los angeles lakers,130,112,0.526,0.444,31,31,41,44,8,14,18.0,-18.0,0,1
0022300592,2024-01-20,detroit pistons,milwaukee bucks,135,141,0.468,0.553,30,30,40,49,8,10,-6.0,6.0,1,0
0022300593,2024-01-20,charlotte hornets,philadelphia 76ers,89,97,0.412,0.424,23,21,47,46,16,10,-8.0,8.0,1,0
0022300594,2024-01-20,san antonio spurs,washington wizards,131,127,0.531,0.476,38,28,49,46,17,11,4.0,-4.0,0,1
0022300595,2024-01-20,atlanta hawks,cleveland cavaliers,95,116,0.398,0.506,25,32,45,49,11,13,-21.0,21.0,1,0
0022300596,2024-01-20,new york knicks,toronto raptors,126,100,0.545,0.413,27,29,61,31,21,10,26.0,-26.0,1,1
0022300597,2024-01-20,chicago bulls,memphis grizzlies,125,96,0.516,0.427,32,28,52,32,11,15,29.0,-29.0,1,1
0022300598,2024-01-20,houston rockets,utah jazz,127,126,0.427,0.457,27,28,56,59,7,17,1.0,-1.0,1,1
0022300599,2024-01-20,minnesota timberwolves,oklahoma city thunder,97,102,0.413,0.395,22,21,50,37,21,8,-5.0,5.0,1,0
0022300600,2024-01-21,brooklyn nets,la clippers,114,125,0.489,0.506,29,26,36,45,12,10,-11.0,11.0,0,0
0022300601,2024-01-21,miami heat,orlando magic,87,105,0.375,0.474,22,21,36,44,14,14,-18.0,18.0,0,0
0022300602,2024-01-21,denver nuggets,washington wizards,113,104,0.489,0.429,29,31,50,40,13,13,9.0,-9.0,0,1
0022300603,2024-01-21,boston celtics,houston rockets,116,107,0.439,0.436,31,26,55,49,16,15,9.0,-9.0,0,1
0022300604,2024-01-21,indiana pacers,phoenix suns,110,117,0.436,0.573,28,25,40,44,11,16,-7.0,7.0,0,0
0022300605,2024-01-21,los angeles lakers,portland trail blazers,134,110,0.547,0.467,28,24,45,35,12,12,24.0,-24.0,1,1
0022300606,2024-01-22,detroit pistons,milwaukee bucks,113,122,0.449,0.447,25,26,42,49,10,9,-9.0,9.0,1,0
0022300607,2024-01-22,cleveland cavaliers,orlando magic,126,99,0.563,0.459,29,25,39,34,9,15,27.0,-27.0,0,1
0022300608,2024-01-22,philadelphia 76ers,san antonio spurs,133,123,0.495,0.462,28,29,48,43,4,8,10.0,-10.0,1,1
0022300609,2024-01-22,memphis grizzlies,toronto raptors,108,100,0.463,0.443,30,31,47,47,15,17,8.0,-8.0,0,1
0022300610,2024-01-22,charlotte hornets,minnesota timberwolves,128,125,0.568,0.524,30,34,35,36,10,13,3.0,-3.0,0,1
0022300611,2024-01-22,boston celtics,dallas mavericks,119,110,0.466,0.443,26,24,44,48,6,10,9.0,-9.0,0,1
0022300612,2024-01-22,chicago bulls,phoenix suns,113,115,0.484,0.518,25,32,47,39,10,7,-2.0,2.0,0,0
0022300613,2024-01-22,atlanta hawks,sacramento kings,107,122,0.387,0.462,19,22,50,51,12,8,-15.0,15.0,0,0
0022300614,2024-01-23,denver nuggets,indiana pacers,114,109,0.5,0.494,22,24,42,38,10,10,5.0,-5.0,0,1
0022300615,2024-01-23,brooklyn nets,new york knicks,103,108,0.442,0.465,29,21,40,42,13,13,-5.0,5.0,1,0
0022300616,2024-01-23,new orleans pelicans,utah jazz,153,124,0.577,0.467,41,27,57,38,9,8,29.0,-29.0,1,1
0022300617,2024-01-23,oklahoma city thunder,portland trail blazers,111,109,0.483,0.43,23,27,43,46,12,19,2.0,-2.0,1,1
0022300618,2024-01-23,la clippers,los angeles lakers,127,116,0.591,0.489,33,27,36,41,14,15,11.0,-11.0,1,1
0022300619,2024-01-24,charlotte hornets,detroit pistons,106,113,0.437,0.5,27,26,48,44,11,11,-7.0,7.0,0,0
0022300620,2024-01-24,minnesota timberwolves,washington wizards,118,107,0.42,0.481,26,31,48,49,7,21,11.0,-11.0,0,1
0022300621,2024-01-24,memphis grizzlies,miami heat,105,96,0.45,0.402,30,21,44,44,18,17,9.0,-9.0,0,1
0022300622,2024-01-24,oklahoma city thunder,san antonio spurs,140,114,0.563,0.5,36,30,47,38,15,18,26.0,-26.0,0,1
0022300623,2024-01-24,houston rockets,portland trail blazers,131,137,0.532,0.51,29,31,37,48,8,12,-6.0,6.0,1,0
0022300624,2024-01-24,cleveland cavaliers,milwaukee bucks,116,126,0.505,0.5,26,24,39,46,12,11,-10.0,10.0,0,0
0022300625,2024-01-24,dallas mavericks,phoenix suns,109,132,0.461,0.6,25,30,33,49,14,15,-23.0,23.0,1,0
0022300626,2024-01-24,atlanta hawks,golden state warriors,112,134,0.415,0.56,30,26,45,49,10,10,-22.0,22.0,0,0
0022300627,2024-01-25,indiana pacers,philadelphia 76ers,134,122,0.57,0.483,35,24,55,31,21,12,12.0,-12.0,1,1
0022300628,2024-01-25,utah jazz,washington wizards,123,108,0.515,0.489,34,33,52,35,15,11,15.0,-15.0,0,1
0022300629,2024-01-25,brooklyn nets,minnesota timberwolves,94,96,0.455,0.493,22,24,32,38,13,14,-2.0,2.0,1,0
0022300630,2024-01-25,boston celtics,miami heat,143,110,0.638,0.447,36,25,47,31,11,4,33.0,-33.0,0,1
0022300631,2024-01-25,denver nuggets,new york knicks,84,122,0.405,0.529,20,26,40,44,19,8,-38.0,38.0,0,0
0022300632,2024-01-25,golden state warriors,sacramento kings,133,134,0.558,0.527,30,33,33,34,13,10,-1.0,1.0,1,0
0022300633,2024-01-25,chicago bulls,los angeles lakers,132,141,0.534,0.609,27,35,39,30,16,12,-9.0,9.0,0,0
0022300634,2024-01-26,atlanta hawks,dallas mavericks,143,148,0.526,0.6,32,28,36,37,7,13,-5.0,5.0,1,0
0022300635,2024-01-26,charlotte hornets,houston rockets,104,138,0.412,0.562,20,34,32,53,13,12,-34.0,34.0,1,0
0022300636,2024-01-26,indiana pacers,phoenix suns,133,131,0.532,0.573,34,24,48,38,12,20,2.0,-2.0,1,1
0022300637,2024-01-26,la clippers,toronto raptors,127,107,0.505,0.458,29,26,50,45,10,11,20.0,-20.0,0,1
0022300638,2024-01-26,memphis grizzlies,orlando magic,107,106,0.467,0.469,30,21,43,40,13,11,1.0,-1.0,1,1
0022300639,2024-01-26,cleveland cavaliers,milwaukee bucks,112,100,0.413,0.402,20,21,51,51,13,18,12.0,-12.0,0,1
0022300640,2024-01-26,new orleans pelicans,oklahoma city thunder,83,107,0.39,0.477,24,22,41,45,20,11,-24.0,24.0,1,0
0022300641,2024-01-26,portland trail blazers,san antonio spurs,100,116,0.422,0.457,23,30,37,59,13,17,-16.0,16.0,0,0
0022300642,2024-01-27,detroit pistons,washington wizards,104,118,0.435,0.45,22,26,45,50,17,9,-14.0,14.0,1,0
0022300643,2024-01-27,miami heat,new york knicks,109,125,0.466,0.517,26,25,38,46,8,7,-16.0,16.0,0,0
0022300644,2024-01-27,denver nuggets,philadelphia 76ers,111,105,0.451,0.531,25,25,44,39,7,11,6.0,-6.0,1,1
0022300645,2024-01-27,brooklyn nets,houston rockets,106,104,0.486,0.394,24,20,40,55,19,17,2.0,-2.0,1,1
0022300646,2024-01-27,boston celtics,la clippers,96,115,0.36,0.441,21,28,52,58,11,7,-19.0,19.0,1,0
0022300647,2024-01-27,charlotte hornets,utah jazz,122,134,0.511,0.559,35,38,35,49,10,13,-12.0,12.0,1,0
0022300648,2024-01-27,milwaukee bucks,new orleans pelicans,141,117,0.56,0.471,30,20,45,43,9,14,24.0,-24.0,1,1
0022300649,2024-01-27,minnesota timberwolves,san antonio spurs,112,113,0.57,0.548,30,35,32,39,13,15,-1.0,1.0,0,0
0022300650,2024-01-27,golden state warriors,los angeles lakers,144,145,0.462,0.485,37,33,50,55,17,19,-1.0,1.0,1,0
0022300651,2024-01-27,dallas mavericks,sacramento kings,115,120,0.439,0.538,35,27,43,39,10,13,-5.0,5.0,1,0
0022300652,2024-01-28,indiana pacers,memphis grizzlies,116,110,0.489,0.463,31,20,44,45,10,13,6.0,-6.0,1,1
0022300653,2024-01-28,atlanta hawks,toronto raptors,126,125,0.463,0.461,27,29,51,46,14,14,1.0,-1.0,1,1
0022300654,2024-01-28,detroit pistons,oklahoma city thunder,120,104,0.495,0.478,27,17,53,43,9,10,16.0,-16.0,1,1
0022300655,2024-01-28,orlando magic,phoenix suns,113,98,0.446,0.562,30,19,40,39,7,22,15.0,-15.0,1,1
0022300656,2024-01-28,chicago bulls,portland trail blazers,104,96,0.467,0.405,27,22,40,48,4,13,8.0,-8.0,0,1
0022300657,2024-01-29,charlotte hornets,new york knicks,92,113,0.457,0.524,23,25,41,42,13,9,-21.0,21.0,1,0
0022300658,2024-01-29,cleveland cavaliers,la clippers,118,108,0.488,0.475,28,28,46,37,13,12,10.0,-10.0,1,1
0022300659,2024-01-29,boston celtics,new orleans pelicans,118,112,0.506,0.505,27,21,40,40,11,12,6.0,-6.0,1,1
0022300660,2024-01-29,brooklyn nets,utah jazz,147,114,0.514,0.453,41,23,50,44,8,17,33.0,-33.0,1,1
0022300661,2024-01-29,miami heat,phoenix suns,105,118,0.393,0.489,20,30,44,47,11,7,-13.0,13.0,1,0
0022300662,2024-01-29,houston rockets,los angeles lakers,135,119,0.531,0.495,36,26,56,35,15,12,16.0,-16.0,1,1
0022300663,2024-01-29,memphis grizzlies,sacramento kings,94,103,0.375,0.512,22,24,37,51,14,19,-9.0,9.0,1,0
0022300664,2024-01-29,minnesota timberwolves,oklahoma city thunder,107,101,0.482,0.443,21,21,45,38,13,12,6.0,-6.0,0,1
0022300665,2024-01-29,san antonio spurs,washington wizards,113,118,0.467,0.535,31,32,36,45,14,18,-5.0,5.0,1,0
0022300666,2024-01-29,dallas mavericks,orlando magic,131,129,0.623,0.511,27,27,35,35,15,11,2.0,-2.0,1,1
0022300667,2024-01-29,denver nuggets,milwaukee bucks,113,107,0.484,0.429,29,24,47,40,8,12,6.0,-6.0,1,1
0022300668,2024-01-29,philadelphia 76ers,portland trail blazers,104,130,0.446,0.548,17,29,34,39,14,13,-26.0,26.0,0,0
0022300669,2024-01-30,atlanta hawks,los angeles lakers,138,122,0.525,0.533,32,28,46,37,12,14,16.0,-16.0,1,1
0022300670,2024-01-30,boston celtics,indiana pacers,129,124,0.54,0.463,25,33,40,50,10,7,5.0,-5.0,1,1
0022300671,2024-01-30,new york knicks,utah jazz,118,103,0.468,0.453,29,23,45,43,5,14,15.0,-15.0,1,1
0022300672,2024-01-30,chicago bulls,toronto raptors,107,118,0.507,0.518,21,34,33,38,17,19,-11.0,11.0,1,0
0022300673,2024-01-30,golden state warriors,philadelphia 76ers,119,107,0.557,0.459,32,11,42,39,16,16,12.0,-12.0,1,1
0022300674,2024-01-31,charlotte hornets,chicago bulls,110,117,0.444,0.517,25,28,40,44,9,9,-7.0,7.0,1,0
0022300675,2024-01-31,cleveland cavaliers,detroit pistons,128,121,0.528,0.556,26,27,33,35,9,17,7.0,-7.0,1,1
0022300676,2024-01-31,la clippers,washington wizards,125,109,0.47,0.464,25,19,52,45,8,13,16.0,-16.0,0,1
0022300677,2024-01-31,brooklyn nets,phoenix suns,120,136,0.5,0.62,28,35,27,42,11,15,-16.0,16.0,1,0
0022300678,2024-01-31,miami heat,sacramento kings,115,106,0.5,0.441,38,26,49,44,8,9,9.0,-9.0,1,1
0022300679,2024-01-31,houston rockets,new orleans pelicans,99,110,0.402,0.5,19,20,29,56,5,16,-11.0,11.0,1,0
0022300680,2024-01-31,dallas mavericks,minnesota timberwolves,87,121,0.408,0.563,18,31,31,45,16,10,-34.0,34.0,0,0
0022300681,2024-01-31,orlando magic,san antonio spurs,108,98,0.477,0.45,29,24,45,41,15,17,10.0,-10.0,0,1
0022300682,2024-01-31,denver nuggets,oklahoma city thunder,100,105,0.398,0.425,21,24,47,53,8,11,-5.0,5.0,0,0
0022300683,2024-01-31,milwaukee bucks,portland trail blazers,116,119,0.489,0.533,27,26,39,39,13,11,-3.0,3.0,0,0
0022300684,2024-02-01,boston celtics,los angeles lakers,105,114,0.423,0.404,30,30,54,52,15,7,-9.0,9.0,1,0
0022300685,2024-02-01,indiana pacers,new york knicks,105,109,0.452,0.398,21,15,44,60,13,10,-4.0,4.0,0,0
0022300686,2024-02-01,philadelphia 76ers,utah jazz,127,124,0.5,0.517,27,36,40,43,4,9,3.0,-3.0,0,1
0022300687,2024-02-01,cleveland cavaliers,memphis grizzlies,108,101,0.477,0.411,26,25,48,43,14,12,7.0,-7.0,0,1
0022300688,2024-02-02,detroit pistons,la clippers,125,136,0.506,0.596,28,31,38,36,16,9,-11.0,11.0,1,0
0022300689,2024-02-02,miami heat,washington wizards,110,102,0.432,0.411,24,28,59,43,12,8,8.0,-8.0,0,1
0022300690,2024-02-02,atlanta hawks,phoenix suns,129,120,0.516,0.534,29,31,43,38,9,16,9.0,-9.0,1,1
0022300691,2024-02-02,indiana pacers,sacramento kings,122,133,0.541,0.567,23,26,39,38,22,16,-11.0,11.0,1,0
0022300692,2024-02-02,houston rockets,toronto raptors,135,106,0.591,0.44,30,17,49,37,14,14,29.0,-29.0,1,1
0022300693,2024-02-02,golden state warriors,memphis grizzlies,121,101,0.554,0.402,32,30,46,37,14,13,20.0,-20.0,0,1
0022300694,2024-02-02,minnesota timberwolves,orlando magic,106,108,0.463,0.459,24,24,38,42,17,13,-2.0,2.0,1,0
0022300695,2024-02-02,charlotte hornets,oklahoma city thunder,106,126,0.446,0.587,22,31,35,44,14,16,-20.0,20.0,0,0
0022300696,2024-02-02,new orleans pelicans,san antonio spurs,114,113,0.484,0.479,29,35,39,55,9,18,1.0,-1.0,0,1
0022300697,2024-02-02,denver nuggets,portland trail blazers,120,108,0.505,0.463,34,14,48,37,11,8,12.0,-12.0,1,1
0022300698,2024-02-03,brooklyn nets,philadelphia 76ers,136,121,0.516,0.458,35,26,53,44,10,5,15.0,-15.0,0,1
0022300699,2024-02-03,atlanta hawks,golden state warriors,141,134,0.482,0.446,27,26,57,57,8,14,7.0,-7.0,1,1
0022300700,2024-02-03,chicago bulls,sacramento kings,115,123,0.462,0.5,24,33,47,40,16,16,-8.0,8.0,1,0
0022300701,2024-02-03,los angeles lakers,new york knicks,113,105,0.488,0.41,28,21,38,51,5,7,8.0,-8.0,0,1
0022300702,2024-02-03,dallas mavericks,milwaukee bucks,117,129,0.494,0.568,22,34,42,36,21,11,-12.0,12.0,1,0
0022300703,2024-02-03,cleveland cavaliers,san antonio spurs,117,101,0.474,0.367,31,23,51,54,9,11,16.0,-16.0,0,1
0022300704,2024-02-04,detroit pistons,orlando magic,99,111,0.45,0.536,22,22,36,37,15,10,-12.0,12.0,1,0
0022300705,2024-02-04,phoenix suns,washington wizards,140,112,0.614,0.49,33,32,42,35,17,18,28.0,-28.0,0,1
0022300706,2024-02-04,boston celtics,memphis grizzlies,131,91,0.485,0.38,30,19,57,46,10,20,40.0,-40.0,1,1
0022300707,2024-02-04,charlotte hornets,indiana pacers,99,115,0.398,0.489,18,34,43,49,10,11,-16.0,16.0,1,0
0022300708,2024-02-04,la clippers,miami heat,103,95,0.442,0.418,23,24,48,45,15,10,8.0,-8.0,0,1
0022300709,2024-02-04,houston rockets,minnesota timberwolves,90,111,0.352,0.444,20,21,41,58,11,15,-21.0,21.0,0,0
0022300710,2024-02-04,oklahoma city thunder,toronto raptors,135,127,0.473,0.475,40,38,45,48,10,11,8.0,-8.0,1,1
0022300711,2024-02-04,milwaukee bucks,utah jazz,108,123,0.464,0.483,27,31,32,52,11,16,-15.0,15.0,0,0
0022300712,2024-02-04,denver nuggets,portland trail blazers,112,103,0.488,0.459,26,29,42,42,8,13,9.0,-9.0,1,1
0022300713,2024-02-05,charlotte hornets,los angeles lakers,118,124,0.49,0.562,26,36,34,48,9,16,-6.0,6.0,1,0
0022300714,2024-02-05,cleveland cavaliers,sacramento kings,136,110,0.58,0.462,36,28,45,40,8,12,26.0,-26.0,1,1
0022300715,2024-02-05,dallas mavericks,philadelphia 76ers,118,102,0.483,0.43,28,20,44,51,9,11,16.0,-16.0,0,1
0022300716,2024-02-05,atlanta hawks,la clippers,144,149,0.537,0.584,35,32,39,36,11,7,-5.0,5.0,1,0
0022300717,2024-02-05,brooklyn nets,golden state warriors,98,109,0.382,0.462,23,24,38,60,10,13,-11.0,11.0,1,0
0022300718,2024-02-05,new orleans pelicans,toronto raptors,138,100,0.51,0.476,36,27,51,38,7,18,38.0,-38.0,1,1
0022300719,2024-02-06,houston rockets,indiana pacers,129,132,0.515,0.628,26,35,48,25,15,12,-3.0,3.0,0,0
0022300720,2024-02-06,brooklyn nets,dallas mavericks,107,119,0.451,0.505,33,25,43,45,10,10,-12.0,12.0,1,0
0022300721,2024-02-06,miami heat,orlando magic,121,95,0.54,0.438,31,25,45,39,13,18,26.0,-26.0,1,1
0022300722,2024-02-06,memphis grizzlies,new york knicks,113,123,0.513,0.558,33,28,35,37,18,10,-10.0,10.0,0,0
0022300723,2024-02-06,chicago bulls,minnesota timberwolves,129,123,0.484,0.457,24,28,48,42,14,13,6.0,-6.0,1,1
0022300724,2024-02-06,oklahoma city thunder,utah jazz,117,124,0.478,0.517,26,29,32,48,11,17,-7.0,7.0,0,0
0022300725,2024-02-06,milwaukee bucks,phoenix suns,106,114,0.433,0.506,23,17,44,49,12,13,-8.0,8.0,0,0
0022300726,2024-02-07,charlotte hornets,toronto raptors,117,123,0.489,0.531,27,30,38,41,10,9,-6.0,6.0,1,0
0022300727,2024-02-07,golden state warriors,philadelphia 76ers,127,104,0.5,0.418,30,21,52,40,12,14,23.0,-23.0,0,1
0022300728,2024-02-07,cleveland cavaliers,washington wizards,114,106,0.489,0.447,25,27,46,47,14,15,8.0,-8.0,0,1
0022300729,2024-02-07,atlanta hawks,boston celtics,117,125,0.422,0.527,24,33,49,45,9,14,-8.0,8.0,0,0
0022300730,2024-02-07,miami heat,san antonio spurs,116,104,0.494,0.456,29,30,45,46,10,14,12.0,-12.0,1,1
0022300731,2024-02-07,la clippers,new orleans pelicans,106,117,0.462,0.534,23,30,37,38,19,12,-11.0,11.0,1,0
0022300732,2024-02-07,detroit pistons,sacramento kings,133,120,0.56,0.474,32,31,48,33,11,4,13.0,-13.0,0,1
0022300733,2024-02-08,golden state warriors,indiana pacers,131,109,0.559,0.481,33,31,49,30,17,14,22.0,-22.0,0,1
0022300734,2024-02-08,orlando magic,san antonio spurs,127,111,0.598,0.519,34,29,39,27,16,14,16.0,-16.0,1,1
0022300735,2024-02-08,brooklyn nets,cleveland cavaliers,95,118,0.398,0.538,22,26,34,48,12,15,-23.0,23.0,1,0
0022300736,2024-02-08,dallas mavericks,new york knicks,122,108,0.524,0.447,30,27,40,46,8,14,14.0,-14.0,0,1
0022300737,2024-02-08,chicago bulls,memphis grizzlies,118,110,0.544,0.462,24,26,46,34,14,9,8.0,-8.0,0,1
0022300738,2024-02-08,milwaukee bucks,minnesota timberwolves,105,129,0.494,0.552,35,34,35,43,13,8,-24.0,24.0,1,0
0022300739,2024-02-08,phoenix suns,utah jazz,129,115,0.591,0.436,37,28,37,52,12,15,14.0,-14.0,1,1
0022300740,2024-02-08,denver nuggets,los angeles lakers,114,106,0.485,0.461,33,27,50,39,12,7,8.0,-8.0,0,1
0022300741,2024-02-08,detroit pistons,portland trail blazers,128,122,0.484,0.461,26,29,45,38,16,15,6.0,-6.0,0,1
0022300742,2024-02-09,atlanta hawks,philadelphia 76ers,127,121,0.519,0.429,31,24,40,49,13,9,6.0,-6.0,0,1
0022300743,2024-02-09,boston celtics,washington wizards,133,129,0.522,0.474,25,32,49,39,13,12,4.0,-4.0,1,1
0022300744,2024-02-09,houston rockets,toronto raptors,104,107,0.447,0.421,22,24,48,41,21,11,-3.0,3.0,0,0
0022300745,2024-02-09,charlotte hornets,milwaukee bucks,84,120,0.342,0.436,17,26,48,53,13,5,-36.0,36.0,0,0
0022300746,2024-02-09,denver nuggets,sacramento kings,106,135,0.463,0.586,26,32,35,42,20,16,-29.0,29.0,0,0
0022300747,2024-02-09,los angeles lakers,new orleans pelicans,139,122,0.557,0.517,32,28,32,41,7,13,17.0,-17.0,1,1
0022300748,2024-02-10,dallas mavericks,oklahoma city thunder,146,111,0.582,0.388,30,23,54,40,12,10,35.0,-35.0,1,1
0022300749,2024-02-10,detroit pistons,la clippers,106,112,0.441,0.451,27,20,57,35,14,11,-6.0,6.0,0,0
0022300750,2024-02-10,brooklyn nets,san antonio spurs,123,103,0.563,0.396,31,20,41,41,11,14,20.0,-20.0,1,1
0022300751,2024-02-10,charlotte hornets,memphis grizzlies,115,106,0.573,0.467,30,33,43,32,19,12,9.0,-9.0,1,1
0022300752,2024-02-10,chicago bulls,orlando magic,108,114,0.434,0.466,21,23,43,48,8,15,-6.0,6.0,0,0
0022300753,2024-02-10,philadelphia 76ers,washington wizards,119,113,0.48,0.488,28,28,48,39,11,15,6.0,-6.0,0,1
0022300754,2024-02-10,atlanta hawks,houston rockets,122,113,0.455,0.44,25,22,41,58,11,17,9.0,-9.0,1,1
0022300755,2024-02-10,indiana pacers,new york knicks,125,111,0.61,0.476,30,16,41,32,15,9,14.0,-14.0,0,1
0022300756,2024-02-10,cleveland cavaliers,toronto raptors,119,95,0.522,0.402,36,22,47,40,10,11,24.0,-24.0,0,1
0022300757,2024-02-10,golden state warriors,phoenix suns,113,112,0.446,0.457,33,28,52,42,13,14,1.0,-1.0,1,1
0022300758,2024-02-10,new orleans pelicans,portland trail blazers,93,84,0.474,0.434,27,19,36,42,12,17,9.0,-9.0,0,1
0022300759,2024-02-11,boston celtics,miami heat,110,106,0.506,0.412,27,21,42,45,9,7,4.0,-4.0,0,1
0022300760,2024-02-11,oklahoma city thunder,sacramento kings,127,113,0.541,0.489,30,32,36,40,9,18,14.0,-14.0,1,1
0022300761,2024-02-12,charlotte hornets,indiana pacers,111,102,0.537,0.506,27,31,46,32,16,11,9.0,-9.0,1,1
0022300762,2024-02-12,cleveland cavaliers,philadelphia 76ers,121,123,0.478,0.545,33,25,43,42,10,10,-2.0,2.0,1,0
0022300763,2024-02-12,atlanta hawks,chicago bulls,126,136,0.468,0.554,33,29,49,43,11,6,-10.0,10.0,1,0
0022300764,2024-02-12,san antonio spurs,toronto raptors,122,99,0.529,0.398,37,25,46,47,17,19,23.0,-23.0,0,1
0022300765,2024-02-12,houston rockets,new york knicks,105,103,0.45,0.457,22,19,39,51,11,16,2.0,-2.0,1,1
0022300766,2024-02-12,memphis grizzlies,new orleans pelicans,87,96,0.42,0.41,28,21,36,49,17,17,-9.0,9.0,1,0
0022300767,2024-02-12,denver nuggets,milwaukee bucks,95,112,0.383,0.5,24,30,48,51,13,12,-17.0,17.0,0,0
0022300768,2024-02-12,dallas mavericks,washington wizards,112,104,0.448,0.415,27,27,56,52,16,15,8.0,-8.0,1,1
0022300769,2024-02-12,golden state warriors,utah jazz,129,107,0.48,0.446,31,23,51,44,13,17,22.0,-22.0,0,1
0022300770,2024-02-12,la clippers,minnesota timberwolves,100,121,0.405,0.535,20,33,36,41,13,11,-21.0,21.0,1,0
0022300771,2024-02-13,boston celtics,brooklyn nets,118,110,0.518,0.494,31,28,39,37,13,12,8.0,-8.0,0,1
0022300772,2024-02-13,oklahoma city thunder,orlando magic,127,113,0.548,0.451,28,29,31,48,11,16,14.0,-14.0,0,1
0022300773,2024-02-13,miami heat,milwaukee bucks,123,97,0.517,0.446,34,24,47,38,14,18,26.0,-26.0,0,1
0022300774,2024-02-13,phoenix suns,sacramento kings,130,125,0.518,0.516,29,27,39,50,12,13,5.0,-5.0,1,1
0022300775,2024-02-13,minnesota timberwolves,portland trail blazers,121,109,0.464,0.448,24,26,41,44,12,16,12.0,-12.0,0,1
0022300776,2024-02-13,detroit pistons,los angeles lakers,111,125,0.417,0.512,30,32,50,47,10,15,-14.0,14.0,0,0
0022300777,2024-02-14,atlanta hawks,charlotte hornets,99,122,0.404,0.494,23,27,45,46,16,12,-23.0,23.0,0,0
0022300778,2024-02-14,new york knicks,orlando magic,100,118,0.417,0.632,15,25,34,34,10,12,-18.0,18.0,0,0
0022300779,2024-02-14,miami heat,philadelphia 76ers,109,104,0.477,0.477,27,29,43,39,13,14,5.0,-5.0,0,1
0022300780,2024-02-14,boston celtics,brooklyn nets,136,86,0.571,0.383,32,27,51,31,8,11,50.0,-50.0,1,1
0022300781,2024-02-14,chicago bulls,cleveland cavaliers,105,108,0.458,0.482,18,31,44,36,14,8,-3.0,3.0,0,0
0022300782,2024-02-14,indiana pacers,toronto raptors,127,125,0.485,0.51,32,30,39,56,8,15,2.0,-2.0,0,1
0022300783,2024-02-14,houston rockets,memphis grizzlies,113,121,0.412,0.494,20,27,56,46,9,11,-8.0,8.0,0,0
0022300784,2024-02-14,new orleans pelicans,washington wizards,133,126,0.562,0.478,36,35,39,42,10,19,7.0,-7.0,1,1
0022300785,2024-02-14,dallas mavericks,san antonio spurs,116,93,0.533,0.36,28,29,55,44,15,11,23.0,-23.0,1,1
0022300786,2024-02-14,denver nuggets,sacramento kings,98,102,0.393,0.438,27,21,45,48,12,14,-4.0,4.0,1,0
0022300787,2024-02-14,detroit pistons,phoenix suns,100,116,0.384,0.455,26,28,48,54,19,23,-16.0,16.0,0,0
0022300788,2024-02-14,los angeles lakers,utah jazz,138,122,0.571,0.485,34,29,37,44,9,13,16.0,-16.0,0,1
0022300789,2024-02-14,golden state warriors,la clippers,125,130,0.456,0.5,34,28,47,48,9,12,-5.0,5.0,1,0
0022300790,2024-02-15,memphis grizzlies,milwaukee bucks,113,110,0.53,0.467,30,24,40,44,16,13,3.0,-3.0,1,1
0022300791,2024-02-15,minnesota timberwolves,portland trail blazers,128,91,0.517,0.373,24,18,52,35,13,15,37.0,-37.0,0,1
0022300792,2024-02-22,cleveland cavaliers,orlando magic,109,116,0.557,0.512,31,26,33,33,17,13,-7.0,7.0,1,0
0022300793,2024-02-22,detroit pistons,indiana pacers,115,129,0.528,0.532,27,36,41,42,15,13,-14.0,14.0,0,0
0022300794,2024-02-22,new york knicks,philadelphia 76ers,110,96,0.481,0.44,24,23,45,38,15,18,14.0,-14.0,0,1
0022300795,2024-02-22,brooklyn nets,toronto raptors,93,121,0.413,0.488,19,24,39,45,19,10,-28.0,28.0,0,0
0022300796,2024-02-22,dallas mavericks,phoenix suns,123,113,0.478,0.482,24,20,39,41,10,16,10.0,-10.0,1,1
0022300797,2024-02-22,boston celtics,chicago bulls,129,112,0.542,0.468,27,30,36,45,13,13,17.0,-17.0,0,1
0022300798,2024-02-22,houston rockets,new orleans pelicans,105,127,0.439,0.521,27,35,44,43,22,13,-22.0,22.0,0,0
0022300799,2024-02-22,la clippers,oklahoma city thunder,107,129,0.452,0.556,27,24,42,44,14,12,-22.0,22.0,0,0
0022300800,2024-02-22,denver nuggets,washington wizards,130,110,0.554,0.385,41,30,60,40,16,14,20.0,-20.0,1,1
0022300801,2024-02-22,charlotte hornets,utah jazz,115,107,0.435,0.43,28,26,42,54,9,19,8.0,-8.0,0,1
0022300802,2024-02-22,golden state warriors,los angeles lakers,128,110,0.467,0.489,32,28,48,41,9,11,18.0,-18.0,1,1
0022300803,2024-02-22,sacramento kings,san antonio spurs,127,122,0.559,0.51,29,37,42,42,10,8,5.0,-5.0,1,1
0022300804,2024-02-23,atlanta hawks,toronto raptors,121,123,0.434,0.49,27,37,54,47,9,11,-2.0,2.0,1,0
0022300805,2024-02-23,cleveland cavaliers,philadelphia 76ers,97,104,0.425,0.444,24,20,43,51,10,9,-7.0,7.0,0,0
0022300806,2024-02-23,houston rockets,phoenix suns,114,110,0.398,0.4,25,23,54,58,14,10,4.0,-4.0,1,1
0022300807,2024-02-23,la clippers,memphis grizzlies,101,95,0.44,0.418,20,26,51,41,20,12,6.0,-6.0,0,1
0022300808,2024-02-23,milwaukee bucks,minnesota timberwolves,112,107,0.471,0.439,24,23,47,52,10,13,5.0,-5.0,0,1
0022300809,2024-02-23,oklahoma city thunder,washington wizards,147,106,0.598,0.394,30,20,56,43,15,14,41.0,-41.0,1,1
0022300810,2024-02-23,miami heat,new orleans pelicans,106,95,0.463,0.375,20,20,46,54,14,11,11.0,-11.0,0,1
0022300811,2024-02-23,charlotte hornets,golden state warriors,84,97,0.364,0.427,21,28,43,53,18,21,-13.0,13.0,0,0
0022300812,2024-02-23,denver nuggets,portland trail blazers,127,112,0.588,0.455,38,25,45,45,12,10,15.0,-15.0,0,1
0022300813,2024-02-23,los angeles lakers,san antonio spurs,123,118,0.516,0.438,28,33,46,47,12,14,5.0,-5.0,1,1
0022300814,2024-02-24,detroit pistons,orlando magic,109,112,0.506,0.494,29,25,36,46,12,10,-3.0,3.0,1,0
0022300815,2024-02-24,brooklyn nets,minnesota timberwolves,86,101,0.337,0.429,20,22,56,51,11,12,-15.0,15.0,0,0
0022300816,2024-02-24,boston celtics,new york knicks,116,102,0.568,0.451,27,21,36,39,7,13,14.0,-14.0,0,1
0022300817,2024-02-25,milwaukee bucks,philadelphia 76ers,119,98,0.544,0.371,32,24,47,41,18,10,21.0,-21.0,0,1
0022300818,2024-02-25,los angeles lakers,phoenix suns,113,123,0.522,0.473,28,32,34,51,10,12,-10.0,10.0,0,0
0022300819,2024-02-25,dallas mavericks,indiana pacers,111,133,0.471,0.559,15,38,38,46,15,12,-22.0,22.0,0,0
0022300820,2024-02-25,cleveland cavaliers,washington wizards,114,105,0.506,0.444,35,29,47,40,10,9,9.0,-9.0,0,1
0022300821,2024-02-25,atlanta hawks,orlando magic,109,92,0.456,0.417,31,23,44,51,9,18,17.0,-17.0,1,1
0022300822,2024-02-25,houston rockets,oklahoma city thunder,110,123,0.409,0.474,18,30,50,48,18,9,-13.0,13.0,1,0
0022300823,2024-02-25,chicago bulls,new orleans pelicans,114,106,0.432,0.455,29,25,49,49,9,19,8.0,-8.0,0,1
0022300824,2024-02-25,denver nuggets,golden state warriors,119,103,0.489,0.432,29,27,45,42,10,17,16.0,-16.0,0,1
0022300825,2024-02-25,san antonio spurs,utah jazz,109,128,0.462,0.511,34,36,46,38,20,17,-19.0,19.0,0,0
0022300826,2024-02-25,charlotte hornets,portland trail blazers,93,80,0.493,0.347,24,14,41,56,14,15,13.0,-13.0,0,1
0022300827,2024-02-25,la clippers,sacramento kings,107,123,0.488,0.495,23,29,39,41,15,10,-16.0,16.0,1,0
0022300828,2024-02-26,detroit pistons,new york knicks,111,113,0.481,0.446,25,31,42,44,17,14,-2.0,2.0,0,0
0022300829,2024-02-26,indiana pacers,toronto raptors,122,130,0.46,0.552,27,35,43,45,10,11,-8.0,8.0,1,0
0022300830,2024-02-26,brooklyn nets,memphis grizzlies,111,86,0.489,0.387,32,16,46,40,8,14,25.0,-25.0,0,1
0022300831,2024-02-26,miami heat,sacramento kings,121,110,0.517,0.529,27,30,39,41,11,15,11.0,-11.0,0,1
0022300832,2024-02-27,cleveland cavaliers,dallas mavericks,121,119,0.53,0.527,35,23,47,36,16,5,2.0,-2.0,1,1
0022300833,2024-02-27,brooklyn nets,orlando magic,81,108,0.392,0.527,18,20,35,38,20,17,-27.0,27.0,0,0
0022300834,2024-02-27,golden state warriors,washington wizards,123,112,0.5,0.495,39,34,44,41,18,20,11.0,-11.0,0,1
0022300835,2024-02-27,atlanta hawks,utah jazz,124,97,0.495,0.372,27,24,55,43,17,17,27.0,-27.0,1,1
0022300836,2024-02-27,boston celtics,philadelphia 76ers,117,99,0.527,0.394,21,20,56,28,14,9,18.0,-18.0,1,1
0022300837,2024-02-27,new orleans pelicans,new york knicks,115,92,0.506,0.373,23,27,44,38,14,11,23.0,-23.0,0,1
0022300838,2024-02-27,minnesota timberwolves,san antonio spurs,114,105,0.462,0.476,28,28,46,41,14,22,9.0,-9.0,1,1
0022300839,2024-02-27,chicago bulls,detroit pistons,95,105,0.398,0.493,22,22,39,47,6,18,-10.0,10.0,1,0
0022300840,2024-02-27,charlotte hornets,milwaukee bucks,85,123,0.37,0.517,24,29,37,51,13,9,-38.0,38.0,0,0
0022300841,2024-02-27,houston rockets,oklahoma city thunder,95,112,0.389,0.473,22,19,46,55,15,13,-17.0,17.0,0,0
0022300842,2024-02-27,miami heat,portland trail blazers,106,96,0.529,0.407,29,24,34,40,18,17,10.0,-10.0,0,1
0022300843,2024-02-28,indiana pacers,new orleans pelicans,123,114,0.49,0.467,34,26,50,40,8,10,9.0,-9.0,1,1
0022300844,2024-02-28,dallas mavericks,toronto raptors,136,125,0.542,0.469,32,34,50,44,14,11,11.0,-11.0,0,1
0022300845,2024-02-28,memphis grizzlies,minnesota timberwolves,101,110,0.387,0.494,23,29,50,39,14,13,-9.0,9.0,0,0
0022300846,2024-02-28,chicago bulls,cleveland cavaliers,132,123,0.4,0.433,29,37,74,39,16,12,9.0,-9.0,1,1
0022300847,2024-02-28,denver nuggets,sacramento kings,117,96,0.535,0.4,35,28,43,43,15,14,21.0,-21.0,1,1
0022300848,2024-02-28,la clippers,los angeles lakers,112,116,0.506,0.547,29,28,36,39,12,15,-4.0,4.0,1,0
0022300849,2024-02-29,charlotte hornets,milwaukee bucks,99,111,0.439,0.453,24,21,42,44,13,7,-12.0,12.0,1,0
0022300850,2024-02-29,orlando magic,utah jazz,115,107,0.545,0.425,27,25,45,37,15,13,8.0,-8.0,1,1
0022300851,2024-02-29,atlanta hawks,brooklyn nets,97,124,0.43,0.511,18,30,39,43,11,9,-27.0,27.0,0,0
0022300852,2024-02-29,golden state warriors,new york knicks,110,99,0.449,0.368,26,23,53,56,11,12,11.0,-11.0,0,1
0022300853,2024-02-29,oklahoma city thunder,san antonio spurs,118,132,0.494,0.527,20,39,37,45,10,11,-14.0,14.0,0,0
0022300854,2024-02-29,houston rockets,phoenix suns,105,110,0.333,0.404,14,20,58,51,12,14,-5.0,5.0,0,0
0022300855,2024-02-29,denver nuggets,miami heat,103,97,0.429,0.422,22,21,41,45,15,14,6.0,-6.0,1,1
0022300856,2024-02-29,los angeles lakers,washington wizards,134,131,0.525,0.51,30,35,45,45,11,15,3.0,-3.0,1,1
0022300857,2024-03-01,cleveland cavaliers,detroit pistons,110,100,0.398,0.371,25,24,53,42,15,8,10.0,-10.0,0,1
0022300858,2024-03-01,charlotte hornets,philadelphia 76ers,114,121,0.512,0.479,24,38,32,48,5,7,-7.0,7.0,0,0
0022300859,2024-03-01,boston celtics,dallas mavericks,138,110,0.553,0.468,33,20,47,42,9,7,28.0,-28.0,1,1
0022300860,2024-03-01,golden state warriors,toronto raptors,120,105,0.449,0.432,26,31,56,47,14,14,15.0,-15.0,0,1
0022300861,2024-03-01,memphis grizzlies,portland trail blazers,92,122,0.443,0.522,15,31,30,46,21,14,-30.0,30.0,1,0
0022300862,2024-03-01,minnesota timberwolves,sacramento kings,120,124,0.494,0.5,29,29,44,45,12,7,-4.0,4.0,1,0
0022300863,2024-03-01,indiana pacers,new orleans pelicans,102,129,0.421,0.558,25,25,44,47,16,17,-27.0,27.0,0,0
0022300864,2024-03-01,chicago bulls,milwaukee bucks,97,113,0.419,0.43,25,22,44,49,12,7,-16.0,16.0,1,0
0022300865,2024-03-01,la clippers,washington wizards,140,115,0.574,0.469,32,29,49,39,8,9,25.0,-25.0,1,1
0022300866,2024-03-02,atlanta hawks,brooklyn nets,102,114,0.425,0.466,23,28,42,45,11,10,-12.0,12.0,0,0
0022300867,2024-03-02,miami heat,utah jazz,126,120,0.523,0.483,33,24,34,42,6,10,6.0,-6.0,1,1
0022300868,2024-03-02,memphis grizzlies,portland trail blazers,100,107,0.361,0.424,21,23,45,50,22,22,-7.0,7.0,1,0
0022300869,2024-03-02,denver nuggets,los angeles lakers,124,114,0.587,0.528,34,33,47,31,10,7,10.0,-10.0,0,1
0022300870,2024-03-02,houston rockets,phoenix suns,118,109,0.438,0.459,27,23,49,47,12,19,9.0,-9.0,0,1
0022300871,2024-03-03,dallas mavericks,philadelphia 76ers,116,120,0.465,0.455,20,26,45,42,17,8,-4.0,4.0,1,0
0022300872,2024-03-03,boston celtics,golden state warriors,140,88,0.552,0.391,35,24,51,46,7,17,52.0,-52.0,1,1
0022300873,2024-03-03,la clippers,minnesota timberwolves,89,88,0.376,0.388,17,24,40,54,9,15,1.0,-1.0,0,1
0022300874,2024-03-03,detroit pistons,orlando magic,91,113,0.384,0.597,25,24,28,48,12,20,-22.0,22.0,0,0
0022300875,2024-03-03,charlotte hornets,toronto raptors,106,111,0.467,0.462,24,27,45,45,16,14,-5.0,5.0,0,0
0022300876,2024-03-03,cleveland cavaliers,new york knicks,98,107,0.448,0.488,31,32,39,47,10,9,-9.0,9.0,1,0
0022300877,2024-03-03,indiana pacers,san antonio spurs,105,117,0.441,0.541,20,33,42,45,10,14,-12.0,12.0,0,0
0022300878,2024-03-03,oklahoma city thunder,phoenix suns,118,110,0.48,0.44,21,26,41,50,5,21,8.0,-8.0,0,1
0022300879,2024-03-04,brooklyn nets,memphis grizzlies,102,106,0.443,0.463,27,26,33,50,13,18,-4.0,4.0,1,0
0022300880,2024-03-04,la clippers,milwaukee bucks,106,113,0.44,0.474,25,20,38,46,13,11,-7.0,7.0,0,0
0022300881,2024-03-04,minnesota timberwolves,portland trail blazers,119,114,0.506,0.489,28,28,40,41,11,13,5.0,-5.0,1,1
0022300882,2024-03-04,utah jazz,washington wizards,127,115,0.485,0.426,29,26,51,43,11,15,12.0,-12.0,1,1
0022300883,2024-03-04,chicago bulls,sacramento kings,113,109,0.5,0.446,28,29,32,51,9,17,4.0,-4.0,0,1
0022300884,2024-03-04,los angeles lakers,oklahoma city thunder,116,104,0.513,0.394,29,22,55,38,20,10,12.0,-12.0,1,1
0022300885,2024-03-05,charlotte hornets,orlando magic,89,101,0.458,0.541,19,23,31,41,19,17,-12.0,12.0,1,0
0022300886,2024-03-05,boston celtics,cleveland cavaliers,104,105,0.419,0.433,24,28,53,42,13,8,-1.0,1.0,0,0
0022300887,2024-03-05,brooklyn nets,philadelphia 76ers,112,107,0.488,0.488,25,25,44,38,12,12,5.0,-5.0,1,1
0022300888,2024-03-05,detroit pistons,miami heat,110,118,0.438,0.494,26,27,42,42,10,9,-8.0,8.0,0,0
0022300889,2024-03-05,atlanta hawks,new york knicks,116,100,0.506,0.384,26,27,51,40,14,11,16.0,-16.0,0,1
0022300890,2024-03-05,new orleans pelicans,toronto raptors,139,98,0.505,0.387,38,21,62,45,11,11,41.0,-41.0,0,1
0022300891,2024-03-05,houston rockets,san antonio spurs,114,101,0.467,0.437,23,24,51,50,5,18,13.0,-13.0,1,1
0022300892,2024-03-05,dallas mavericks,indiana pacers,120,137,0.484,0.538,23,34,41,43,9,8,-17.0,17.0,1,0
0022300893,2024-03-05,denver nuggets,phoenix suns,107,117,0.427,0.438,25,32,51,52,14,9,-10.0,10.0,1,0
0022300894,2024-03-06,orlando magic,washington wizards,119,109,0.543,0.455,21,26,42,35,15,9,10.0,-10.0,0,1
0022300895,2024-03-06,atlanta hawks,cleveland cavaliers,112,101,0.512,0.438,27,27,42,42,9,13,11.0,-11.0,1,1
0022300896,2024-03-06,memphis grizzlies,philadelphia 76ers,115,109,0.451,0.382,21,25,54,47,15,11,6.0,-6.0,0,1
0022300897,2024-03-06,houston rockets,la clippers,116,122,0.479,0.55,33,19,38,41,8,9,-6.0,6.0,1,0
0022300898,2024-03-06,chicago bulls,utah jazz,119,117,0.5,0.458,29,28,39,45,7,10,2.0,-2.0,0,1
0022300899,2024-03-06,golden state warriors,milwaukee bucks,125,90,0.56,0.382,37,19,50,36,14,15,35.0,-35.0,1,1
0022300900,2024-03-06,oklahoma city thunder,portland trail blazers,128,120,0.581,0.506,23,27,39,32,18,17,8.0,-8.0,0,1
0022300901,2024-03-06,los angeles lakers,sacramento kings,120,130,0.519,0.557,25,32,34,46,14,13,-10.0,10.0,1,0
0022300902,2024-03-07,brooklyn nets,detroit pistons,112,118,0.488,0.524,24,24,28,50,14,22,-6.0,6.0,0,0
0022300903,2024-03-07,indiana pacers,minnesota timberwolves,111,113,0.512,0.469,26,23,39,48,15,9,-2.0,2.0,1,0
0022300904,2024-03-07,dallas mavericks,miami heat,114,108,0.46,0.488,27,30,45,37,9,10,6.0,-6.0,1,1
0022300905,2024-03-07,phoenix suns,toronto raptors,120,113,0.512,0.457,29,30,49,36,14,9,7.0,-7.0,1,1
0022300906,2024-03-07,boston celtics,denver nuggets,109,115,0.451,0.5,24,27,47,45,12,7,-6.0,6.0,0,0
0022300907,2024-03-07,chicago bulls,golden state warriors,125,122,0.529,0.454,29,31,40,48,14,11,3.0,-3.0,0,1
0022300908,2024-03-07,sacramento kings,san antonio spurs,131,129,0.51,0.505,31,39,46,37,13,12,2.0,-2.0,1,1
0022300909,2024-03-08,new orleans pelicans,philadelphia 76ers,103,95,0.443,0.398,22,21,48,42,12,10,8.0,-8.0,0,1
0022300910,2024-03-08,charlotte hornets,washington wizards,100,112,0.4,0.494,18,25,48,54,7,11,-12.0,12.0,0,0
0022300911,2024-03-08,cleveland cavaliers,minnesota timberwolves,113,104,0.432,0.415,27,25,46,45,12,12,9.0,-9.0,1,1
0022300912,2024-03-08,new york knicks,orlando magic,98,74,0.481,0.342,20,12,43,37,15,13,24.0,-24.0,1,1
0022300913,2024-03-08,atlanta hawks,memphis grizzlies,99,92,0.425,0.405,21,21,47,38,14,13,7.0,-7.0,0,1
0022300914,2024-03-08,miami heat,oklahoma city thunder,100,107,0.463,0.472,24,28,43,45,10,9,-7.0,7.0,0,0
0022300915,2024-03-08,los angeles lakers,milwaukee bucks,123,122,0.522,0.495,27,28,38,43,5,6,1.0,-1.0,1,1
0022300916,2024-03-08,houston rockets,portland trail blazers,123,107,0.479,0.416,33,22,47,49,7,17,16.0,-16.0,0,1
0022300917,2024-03-09,chicago bulls,la clippers,102,112,0.43,0.5,27,29,38,45,12,13,-10.0,10.0,0,0
0022300918,2024-03-09,brooklyn nets,charlotte hornets,99,110,0.4,0.543,22,26,41,45,15,16,-11.0,11.0,0,0
0022300919,2024-03-09,dallas mavericks,detroit pistons,142,124,0.554,0.455,29,27,36,56,14,19,18.0,-18.0,0,1
0022300920,2024-03-09,boston celtics,phoenix suns,117,107,0.489,0.506,29,21,43,41,12,14,10.0,-10.0,0,1
0022300921,2024-03-09,golden state warriors,san antonio spurs,113,126,0.466,0.512,26,34,39,49,12,12,-13.0,13.0,1,0
0022300922,2024-03-09,denver nuggets,utah jazz,142,121,0.663,0.5,40,22,32,36,13,15,21.0,-21.0,1,1
0022300923,2024-03-09,portland trail blazers,toronto raptors,128,118,0.476,0.473,31,29,52,43,14,20,10.0,-10.0,1,1
0022300924,2024-03-10,la clippers,milwaukee bucks,117,124,0.452,0.494,30,28,52,41,10,7,-7.0,7.0,1,0
0022300925,2024-03-10,atlanta hawks,new orleans pelicans,103,116,0.418,0.573,28,32,41,43,11,12,-13.0,13.0,1,0
0022300926,2024-03-10,miami heat,washington wizards,108,110,0.453,0.481,20,35,51,40,13,15,-2.0,2.0,1,0
0022300927,2024-03-10,new york knicks,philadelphia 76ers,73,79,0.325,0.388,19,20,50,47,19,13,-6.0,6.0,1,0
0022300928,2024-03-10,indiana pacers,orlando magic,111,97,0.487,0.375,20,18,46,46,12,12,14.0,-14.0,0,1
0022300929,2024-03-10,houston rockets,sacramento kings,112,104,0.464,0.453,23,24,42,44,12,12,8.0,-8.0,0,1
0022300930,2024-03-10,brooklyn nets,cleveland cavaliers,120,101,0.532,0.487,33,25,40,31,12,12,19.0,-19.0,0,1
0022300931,2024-03-10,memphis grizzlies,oklahoma city thunder,93,124,0.41,0.527,21,36,39,46,16,10,-31.0,31.0,0,0
0022300932,2024-03-10,los angeles lakers,minnesota timberwolves,120,109,0.53,0.423,29,27,56,38,19,11,11.0,-11.0,1,1
0022300933,2024-03-11,charlotte hornets,detroit pistons,97,114,0.386,0.477,27,26,40,51,12,12,-17.0,17.0,0,0
0022300934,2024-03-11,cleveland cavaliers,phoenix suns,111,117,0.476,0.548,30,23,37,42,12,14,-6.0,6.0,1,0
0022300935,2024-03-11,chicago bulls,dallas mavericks,92,127,0.393,0.548,19,33,43,49,13,6,-35.0,35.0,1,0
0022300936,2024-03-11,golden state warriors,san antonio spurs,112,102,0.495,0.419,28,27,45,50,13,15,10.0,-10.0,0,1
0022300937,2024-03-11,denver nuggets,toronto raptors,125,119,0.547,0.505,36,30,42,42,9,11,6.0,-6.0,1,1
0022300938,2024-03-11,boston celtics,portland trail blazers,121,99,0.49,0.448,34,23,45,38,3,11,22.0,-22.0,0,1
0022300939,2024-03-12,new york knicks,philadelphia 76ers,106,79,0.506,0.375,32,17,51,31,12,8,27.0,-27.0,1,1
0022300940,2024-03-12,memphis grizzlies,washington wizards,109,97,0.447,0.451,27,26,53,28,17,13,12.0,-12.0,1,1
0022300941,2024-03-12,indiana pacers,oklahoma city thunder,121,111,0.539,0.434,34,24,43,50,9,12,10.0,-10.0,0,1
0022300942,2024-03-12,houston rockets,san antonio spurs,103,101,0.463,0.476,21,30,36,42,12,13,2.0,-2.0,0,1
0022300943,2024-03-12,boston celtics,utah jazz,123,107,0.467,0.477,25,23,46,38,8,10,16.0,-16.0,0,1
0022300944,2024-03-12,la clippers,minnesota timberwolves,100,118,0.472,0.511,22,26,34,48,18,9,-18.0,18.0,1,0
0022300945,2024-03-12,milwaukee bucks,sacramento kings,94,129,0.366,0.533,23,34,44,51,13,8,-35.0,35.0,0,0
0022300946,2024-03-13,detroit pistons,toronto raptors,113,104,0.443,0.441,27,32,58,37,21,11,9.0,-9.0,1,1
0022300947,2024-03-13,brooklyn nets,orlando magic,106,114,0.469,0.519,21,29,32,34,13,12,-8.0,8.0,0,0
0022300948,2024-03-13,chicago bulls,indiana pacers,132,129,0.522,0.465,22,30,48,47,11,8,3.0,-3.0,0,1
0022300949,2024-03-13,denver nuggets,miami heat,100,88,0.488,0.425,24,18,41,42,9,8,12.0,-12.0,0,1
0022300950,2024-03-13,charlotte hornets,memphis grizzlies,110,98,0.537,0.424,26,24,35,46,20,21,12.0,-12.0,0,1
0022300951,2024-03-13,cleveland cavaliers,new orleans pelicans,116,95,0.511,0.438,38,22,46,43,9,11,21.0,-21.0,0,1
0022300952,2024-03-13,dallas mavericks,golden state warriors,109,99,0.537,0.402,30,19,42,42,16,15,10.0,-10.0,1,1
0022300953,2024-03-13,atlanta hawks,portland trail blazers,102,106,0.432,0.463,19,24,38,49,14,18,-4.0,4.0,0,0
0022300954,2024-03-13,los angeles lakers,sacramento kings,107,120,0.487,0.523,25,30,38,44,14,12,-13.0,13.0,0,0
0022300955,2024-03-14,boston celtics,phoenix suns,127,112,0.528,0.475,31,27,33,51,8,13,15.0,-15.0,1,1
0022300956,2024-03-14,chicago bulls,la clippers,111,126,0.477,0.6,28,32,36,35,13,9,-15.0,15.0,1,0
0022300957,2024-03-14,houston rockets,washington wizards,135,119,0.586,0.495,24,29,47,32,17,13,16.0,-16.0,1,1
0022300958,2024-03-14,milwaukee bucks,philadelphia 76ers,114,105,0.542,0.494,29,20,37,30,14,11,9.0,-9.0,1,1
0022300959,2024-03-14,dallas mavericks,oklahoma city thunder,119,126,0.512,0.523,25,28,40,34,19,13,-7.0,7.0,0,0
0022300960,2024-03-14,new york knicks,portland trail blazers,105,93,0.437,0.405,16,19,50,45,12,17,12.0,-12.0,0,1
0022300961,2024-03-15,charlotte hornets,phoenix suns,96,107,0.372,0.46,20,31,48,57,4,10,-11.0,11.0,1,0
0022300962,2024-03-15,detroit pistons,miami heat,95,108,0.429,0.473,27,23,48,44,17,8,-13.0,13.0,1,0
0022300963,2024-03-15,orlando magic,toronto raptors,113,103,0.5,0.469,25,24,39,40,14,15,10.0,-10.0,0,1
0022300964,2024-03-15,la clippers,new orleans pelicans,104,112,0.481,0.483,18,28,37,40,12,8,-8.0,8.0,0,0
0022300965,2024-03-15,denver nuggets,san antonio spurs,117,106,0.551,0.457,37,23,40,44,12,16,11.0,-11.0,0,1
0022300966,2024-03-15,atlanta hawks,utah jazz,122,124,0.446,0.511,32,24,41,49,9,11,-2.0,2.0,0,0
0022300967,2024-03-16,cleveland cavaliers,houston rockets,103,117,0.451,0.48,22,28,45,48,15,9,-14.0,14.0,0,0
0022300968,2024-03-16,brooklyn nets,indiana pacers,100,121,0.429,0.476,18,21,45,50,20,10,-21.0,21.0,0,0
0022300969,2024-03-16,charlotte hornets,philadelphia 76ers,98,109,0.451,0.444,21,25,40,41,16,15,-11.0,11.0,0,0
0022300970,2024-03-16,new orleans pelicans,portland trail blazers,126,107,0.536,0.5,36,23,39,36,9,19,19.0,-19.0,1,1
0022300971,2024-03-16,chicago bulls,washington wizards,127,98,0.576,0.429,33,27,51,32,15,15,29.0,-29.0,1,1
0022300972,2024-03-16,memphis grizzlies,oklahoma city thunder,112,118,0.457,0.517,34,25,36,45,14,11,-6.0,6.0,1,0
0022300973,2024-03-16,golden state warriors,los angeles lakers,128,121,0.526,0.511,38,32,45,39,7,9,7.0,-7.0,0,1
0022300974,2024-03-16,minnesota timberwolves,utah jazz,119,100,0.473,0.458,31,23,44,51,8,15,19.0,-19.0,0,1
0022300975,2024-03-16,new york knicks,sacramento kings,98,91,0.43,0.353,19,22,52,42,14,12,7.0,-7.0,0,1
0022300976,2024-03-17,milwaukee bucks,phoenix suns,140,129,0.543,0.586,35,36,35,39,10,12,11.0,-11.0,1,1
0022300977,2024-03-17,detroit pistons,miami heat,101,104,0.458,0.449,24,24,44,47,12,9,-3.0,3.0,1,0
0022300978,2024-03-17,dallas mavericks,denver nuggets,107,105,0.42,0.44,22,26,60,37,11,7,2.0,-2.0,1,1
0022300979,2024-03-17,orlando magic,toronto raptors,111,96,0.506,0.44,22,23,39,37,13,18,15.0,-15.0,1,1
0022300980,2024-03-17,boston celtics,washington wizards,130,104,0.494,0.461,30,24,43,40,14,16,26.0,-26.0,0,1
0022300981,2024-03-17,brooklyn nets,san antonio spurs,115,122,0.461,0.465,29,30,48,50,12,17,-7.0,7.0,0,0
0022300982,2024-03-17,atlanta hawks,la clippers,110,93,0.488,0.378,32,17,45,40,14,15,17.0,-17.0,0,1
0022300983,2024-03-18,cleveland cavaliers,indiana pacers,108,103,0.475,0.462,27,28,39,45,14,11,5.0,-5.0,0,1
0022300984,2024-03-18,boston celtics,detroit pistons,119,94,0.453,0.429,30,21,53,43,9,12,25.0,-25.0,1,1
0022300985,2024-03-18,miami heat,philadelphia 76ers,91,98,0.393,0.435,23,23,49,46,15,12,-7.0,7.0,0,0
0022300986,2024-03-18,chicago bulls,portland trail blazers,110,107,0.441,0.455,26,21,40,43,9,13,3.0,-3.0,1,1
0022300987,2024-03-18,minnesota timberwolves,utah jazz,114,104,0.484,0.464,27,25,35,47,9,17,10.0,-10.0,0,1
0022300988,2024-03-18,golden state warriors,new york knicks,112,119,0.477,0.484,29,29,39,44,13,10,-7.0,7.0,1,0
0022300989,2024-03-18,memphis grizzlies,sacramento kings,111,121,0.378,0.447,22,30,49,59,12,17,-10.0,10.0,0,0
0022300990,2024-03-18,atlanta hawks,los angeles lakers,105,136,0.429,0.578,32,39,42,48,9,8,-31.0,31.0,0,0
0022300991,2024-03-19,charlotte hornets,orlando magic,92,112,0.481,0.543,19,32,30,41,17,16,-20.0,20.0,0,0
0022300992,2024-03-19,houston rockets,washington wizards,137,114,0.516,0.429,25,24,47,44,7,10,23.0,-23.0,0,1
0022300993,2024-03-19,brooklyn nets,new orleans pelicans,91,104,0.369,0.506,19,29,42,48,13,13,-13.0,13.0,1,0
0022300994,2024-03-19,dallas mavericks,san antonio spurs,113,107,0.484,0.438,31,31,40,48,9,15,6.0,-6.0,0,1
0022300995,2024-03-19,denver nuggets,minnesota timberwolves,115,112,0.519,0.477,26,25,49,37,17,7,3.0,-3.0,0,1
0022300996,2024-03-20,cleveland cavaliers,miami heat,104,107,0.467,0.458,30,19,37,37,11,7,-3.0,3.0,1,0
0022300997,2024-03-20,detroit pistons,indiana pacers,103,122,0.411,0.568,23,38,46,40,15,12,-19.0,19.0,1,0
0022300998,2024-03-20,boston celtics,milwaukee bucks,122,119,0.471,0.536,25,20,37,41,9,14,3.0,-3.0,1,1
0022300999,2024-03-20,sacramento kings,toronto raptors,123,89,0.516,0.413,32,21,53,31,15,21,34.0,-34.0,0,1
0022301000,2024-03-20,oklahoma city thunder,utah jazz,119,107,0.489,0.444,29,20,45,47,10,15,12.0,-12.0,1,1
0022301001,2024-03-20,golden state warriors,memphis grizzlies,137,116,0.58,0.438,43,29,48,45,6,10,21.0,-21.0,1,1
0022301002,2024-03-20,philadelphia 76ers,phoenix suns,102,115,0.432,0.5,33,34,40,55,9,23,-13.0,13.0,0,0
0022301003,2024-03-20,la clippers,portland trail blazers,116,103,0.523,0.481,29,21,42,38,11,17,13.0,-13.0,0,1
0022301004,2024-03-21,new orleans pelicans,orlando magic,106,121,0.538,0.547,24,33,33,40,18,14,-15.0,15.0,0,0
0022301005,2024-03-21,sacramento kings,washington wizards,102,109,0.43,0.506,21,20,37,45,15,19,-7.0,7.0,0,0
0022301006,2024-03-21,chicago bulls,houston rockets,117,127,0.452,0.505,23,27,43,49,11,14,-10.0,10.0,0,0
0022301007,2024-03-21,brooklyn nets,milwaukee bucks,108,115,0.446,0.473,29,27,49,40,14,10,-7.0,7.0,0,0
0022301008,2024-03-21,dallas mavericks,utah jazz,113,97,0.5,0.458,33,29,43,38,13,18,16.0,-16.0,1,1
0022301009,2024-03-21,denver nuggets,new york knicks,113,100,0.536,0.481,31,28,42,31,9,9,13.0,-13.0,1,1
0022301010,2024-03-21,atlanta hawks,phoenix suns,115,128,0.44,0.554,27,28,36,38,8,17,-13.0,13.0,0,0
0022301011,2024-03-22,boston celtics,detroit pistons,129,102,0.528,0.506,31,25,35,42,7,18,27.0,-27.0,0,1
0022301012,2024-03-22,oklahoma city thunder,toronto raptors,123,103,0.505,0.526,27,34,46,36,15,27,20.0,-20.0,0,1
0022301013,2024-03-22,miami heat,new orleans pelicans,88,111,0.36,0.512,22,25,34,56,4,12,-23.0,23.0,1,0
0022301014,2024-03-22,cleveland cavaliers,minnesota timberwolves,91,104,0.42,0.482,22,27,41,46,12,11,-13.0,13.0,0,0
0022301015,2024-03-22,memphis grizzlies,san antonio spurs,99,97,0.402,0.389,18,24,51,56,17,16,2.0,-2.0,0,1
0022301016,2024-03-22,golden state warriors,indiana pacers,111,123,0.406,0.485,24,32,64,50,14,11,-12.0,12.0,1,0
0022301017,2024-03-22,la clippers,portland trail blazers,125,117,0.571,0.484,26,29,40,41,17,10,8.0,-8.0,0,1
0022301018,2024-03-22,los angeles lakers,philadelphia 76ers,101,94,0.438,0.344,22,20,54,42,21,8,7.0,-7.0,1,1
0022301019,2024-03-23,brooklyn nets,new york knicks,93,105,0.447,0.433,26,25,41,47,15,9,-12.0,12.0,0,0
0022301020,2024-03-23,orlando magic,sacramento kings,107,109,0.477,0.437,27,26,49,42,13,7,-2.0,2.0,1,0
0022301021,2024-03-23,atlanta hawks,charlotte hornets,132,91,0.556,0.417,40,25,43,39,8,13,41.0,-41.0,1,1
0022301022,2024-03-23,toronto raptors,washington wizards,109,112,0.426,0.478,27,28,42,55,12,17,-3.0,3.0,0,0
0022301023,2024-03-23,boston celtics,chicago bulls,124,113,0.512,0.573,28,36,41,29,12,7,11.0,-11.0,0,1
0022301024,2024-03-23,houston rockets,utah jazz,147,119,0.557,0.449,31,24,44,40,9,10,28.0,-28.0,1,1
0022301025,2024-03-23,phoenix suns,san antonio spurs,131,106,0.596,0.471,38,27,39,34,8,15,25.0,-25.0,0,1
0022301026,2024-03-23,denver nuggets,portland trail blazers,114,111,0.451,0.462,25,27,49,45,13,15,3.0,-3.0,0,1
0022301027,2024-03-24,detroit pistons,new orleans pelicans,101,114,0.405,0.506,20,27,46,41,16,10,-13.0,13.0,1,0
0022301028,2024-03-24,la clippers,philadelphia 76ers,107,121,0.482,0.533,27,32,37,37,13,8,-14.0,14.0,1,0
0022301029,2024-03-24,cleveland cavaliers,miami heat,84,121,0.417,0.518,24,29,30,44,17,9,-37.0,37.0,0,0
0022301030,2024-03-24,milwaukee bucks,oklahoma city thunder,118,93,0.533,0.371,33,20,57,37,16,12,25.0,-25.0,1,1
0022301031,2024-03-24,golden state warriors,minnesota timberwolves,110,114,0.447,0.476,23,30,41,44,12,15,-4.0,4.0,0,0
0022301032,2024-03-24,indiana pacers,los angeles lakers,145,150,0.551,0.562,39,28,40,41,11,10,-5.0,5.0,0,0
0022301033,2024-03-25,charlotte hornets,cleveland cavaliers,92,115,0.425,0.535,22,41,33,47,11,12,-23.0,23.0,0,0
0022301034,2024-03-25,atlanta hawks,boston celtics,120,118,0.529,0.495,30,21,44,38,13,7,2.0,-2.0,1,1
0022301035,2024-03-25,detroit pistons,new york knicks,99,124,0.386,0.506,22,30,37,52,12,13,-25.0,25.0,0,0
0022301036,2024-03-25,brooklyn nets,toronto raptors,96,88,0.457,0.435,20,23,50,30,18,10,8.0,-8.0,0,1
0022301037,2024-03-25,chicago bulls,washington wizards,105,107,0.414,0.402,27,32,46,52,11,13,-2.0,2.0,1,0
0022301038,2024-03-25,houston rockets,portland trail blazers,110,92,0.398,0.414,19,14,45,44,8,16,18.0,-18.0,1,1
0022301039,2024-03-25,phoenix suns,san antonio spurs,102,104,0.506,0.44,28,23,47,40,14,7,-2.0,2.0,0,0
0022301040,2024-03-25,denver nuggets,memphis grizzlies,128,103,0.533,0.394,38,25,50,40,15,14,25.0,-25.0,1,1
0022301041,2024-03-25,dallas mavericks,utah jazz,115,105,0.478,0.425,31,28,47,46,6,12,10.0,-10.0,0,1
0022301042,2024-03-25,philadelphia 76ers,sacramento kings,96,108,0.415,0.442,18,25,47,40,15,7,-12.0,12.0,0,0
0022301043,2024-03-25,indiana pacers,la clippers,133,116,0.581,0.541,28,26,34,36,8,8,17.0,-17.0,0,1
0022301044,2024-03-26,golden state warriors,miami heat,113,92,0.553,0.402,31,24,43,39,10,8,21.0,-21.0,0,1
0022301045,2024-03-26,los angeles lakers,milwaukee bucks,128,124,0.389,0.412,30,37,69,61,17,14,4.0,-4.0,0,1
0022301046,2024-03-26,new orleans pelicans,oklahoma city thunder,112,119,0.453,0.535,26,28,37,45,9,12,-7.0,7.0,1,0
0022301047,2024-03-26,dallas mavericks,sacramento kings,132,96,0.554,0.389,34,27,49,42,9,13,36.0,-36.0,0,1
0022301048,2024-03-27,charlotte hornets,cleveland cavaliers,118,111,0.579,0.494,30,33,38,32,15,13,7.0,-7.0,1,1
0022301049,2024-03-27,golden state warriors,orlando magic,101,93,0.444,0.424,26,25,52,39,12,10,8.0,-8.0,0,1
0022301050,2024-03-27,brooklyn nets,washington wizards,122,119,0.48,0.505,24,26,45,44,8,13,3.0,-3.0,0,1
0022301051,2024-03-27,atlanta hawks,portland trail blazers,120,106,0.518,0.506,23,35,41,33,16,18,14.0,-14.0,1,1
0022301052,2024-03-27,la clippers,philadelphia 76ers,108,107,0.444,0.476,28,17,43,51,6,12,1.0,-1.0,0,1
0022301053,2024-03-27,new york knicks,toronto raptors,145,101,0.585,0.464,37,31,42,28,11,18,44.0,-44.0,0,1
0022301054,2024-03-27,chicago bulls,indiana pacers,125,99,0.5,0.4,28,25,54,40,7,13,26.0,-26.0,1,1
0022301055,2024-03-27,los angeles lakers,memphis grizzlies,136,124,0.556,0.474,31,30,43,39,15,14,12.0,-12.0,0,1
0022301056,2024-03-27,detroit pistons,minnesota timberwolves,91,106,0.383,0.512,15,28,41,40,12,12,-15.0,15.0,0,0
0022301057,2024-03-27,houston rockets,oklahoma city thunder,132,126,0.481,0.49,25,26,50,49,16,19,6.0,-6.0,0,1
0022301058,2024-03-27,san antonio spurs,utah jazz,118,111,0.512,0.47,40,25,41,36,21,21,7.0,-7.0,0,1
0022301059,2024-03-27,denver nuggets,phoenix suns,97,104,0.432,0.47,24,29,38,51,8,16,-7.0,7.0,1,0
0022301060,2024-03-28,atlanta hawks,boston celtics,123,122,0.49,0.479,24,28,53,43,11,12,1.0,-1.0,1,1
0022301061,2024-03-28,milwaukee bucks,new orleans pelicans,100,107,0.463,0.396,21,22,46,48,14,6,-7.0,7.0,0,0
0022301062,2024-03-29,charlotte hornets,golden state warriors,97,115,0.405,0.539,23,35,41,50,11,12,-18.0,18.0,1,0
0022301063,2024-03-29,indiana pacers,los angeles lakers,109,90,0.483,0.407,27,24,46,48,8,16,19.0,-19.0,1,1
0022301064,2024-03-29,la clippers,orlando magic,100,97,0.482,0.442,19,20,41,38,16,14,3.0,-3.0,0,1
0022301065,2024-03-29,detroit pistons,washington wizards,96,87,0.416,0.409,19,22,47,47,13,18,9.0,-9.0,0,1
0022301066,2024-03-29,brooklyn nets,chicago bulls,125,108,0.473,0.507,26,24,43,44,6,12,17.0,-17.0,1,1
0022301067,2024-03-29,cleveland cavaliers,philadelphia 76ers,117,114,0.549,0.447,34,28,37,42,13,9,3.0,-3.0,1,1
0022301068,2024-03-29,miami heat,portland trail blazers,142,82,0.587,0.402,41,20,44,43,8,23,60.0,-60.0,1,1
0022301069,2024-03-29,oklahoma city thunder,phoenix suns,128,103,0.563,0.448,33,26,38,39,10,14,25.0,-25.0,1,1
0022301070,2024-03-29,new york knicks,san antonio spurs,126,130,0.464,0.537,24,34,50,46,11,15,-4.0,4.0,0,0
0022301071,2024-03-29,denver nuggets,minnesota timberwolves,98,111,0.398,0.514,29,28,46,39,12,7,-13.0,13.0,1,0
0022301072,2024-03-29,houston rockets,utah jazz,101,100,0.385,0.463,19,23,45,51,10,20,1.0,-1.0,0,1
0022301073,2024-03-29,dallas mavericks,sacramento kings,107,103,0.473,0.435,24,24,42,45,10,10,4.0,-4.0,0,1
0022301074,2024-03-30,boston celtics,new orleans pelicans,104,92,0.476,0.395,27,22,51,41,12,9,12.0,-12.0,0,1
0022301075,2024-03-30,memphis grizzlies,orlando magic,88,118,0.36,0.487,25,28,45,43,19,15,-30.0,30.0,0,0
0022301076,2024-03-30,atlanta hawks,milwaukee bucks,113,122,0.457,0.551,24,27,39,40,11,10,-9.0,9.0,1,0
0022301077,2024-03-31,cleveland cavaliers,denver nuggets,101,130,0.463,0.575,26,36,28,51,15,16,-29.0,29.0,0,0
0022301078,2024-03-31,brooklyn nets,los angeles lakers,104,116,0.424,0.545,19,24,38,50,12,19,-12.0,12.0,1,0
0022301079,2024-03-31,charlotte hornets,la clippers,118,130,0.5,0.573,32,28,31,41,9,8,-12.0,12.0,1,0
0022301080,2024-03-31,philadelphia 76ers,toronto raptors,135,120,0.59,0.522,28,31,39,30,15,12,15.0,-15.0,0,1
0022301081,2024-03-31,miami heat,washington wizards,119,107,0.494,0.455,22,27,42,42,13,15,12.0,-12.0,0,1
0022301082,2024-03-31,new york knicks,oklahoma city thunder,112,113,0.413,0.537,24,29,46,43,10,12,-1.0,1.0,1,0
0022301083,2024-03-31,dallas mavericks,houston rockets,125,107,0.516,0.424,24,22,47,43,13,10,18.0,-18.0,0,1
0022301084,2024-03-31,chicago bulls,minnesota timberwolves,109,101,0.525,0.469,30,28,43,37,16,13,8.0,-8.0,0,1
0022301085,2024-03-31,golden state warriors,san antonio spurs,117,113,0.489,0.449,34,31,41,45,15,19,4.0,-4.0,0,1
0022301086,2024-03-31,sacramento kings,utah jazz,127,106,0.536,0.41,34,22,44,33,15,12,21.0,-21.0,1,1
0022301087,2024-04-01,boston celtics,charlotte hornets,118,104,0.483,0.451,28,28,51,40,10,6,14.0,-14.0,0,1
0022301088,2024-04-01,detroit pistons,memphis grizzlies,108,110,0.506,0.44,22,28,41,44,14,12,-2.0,2.0,1,0
0022301089,2024-04-01,brooklyn nets,indiana pacers,111,133,0.471,0.515,20,35,43,47,15,9,-22.0,22.0,0,0
0022301090,2024-04-01,orlando magic,portland trail blazers,104,103,0.474,0.444,26,28,43,44,15,9,1.0,-1.0,1,1
0022301091,2024-04-01,atlanta hawks,chicago bulls,113,101,0.5,0.394,29,17,45,51,14,8,12.0,-12.0,0,1
0022301092,2024-04-01,new orleans pelicans,phoenix suns,111,124,0.472,0.494,29,29,37,49,9,12,-13.0,13.0,1,0
0022301093,2024-04-02,oklahoma city thunder,philadelphia 76ers,105,109,0.425,0.462,30,27,43,42,14,16,-4.0,4.0,0,0
0022301094,2024-04-02,los angeles lakers,toronto raptors,128,111,0.515,0.483,38,25,47,40,14,17,17.0,-17.0,0,1
0022301095,2024-04-02,milwaukee bucks,washington wizards,113,117,0.437,0.505,31,26,57,44,12,10,-4.0,4.0,0,0
0022301096,2024-04-02,miami heat,new york knicks,109,99,0.486,0.461,24,25,39,30,17,14,10.0,-10.0,1,1
0022301097,2024-04-05,dallas mavericks,golden state warriors,108,106,0.476,0.441,30,27,41,44,17,15,2.0,-2.0,1,1
0022301098,2024-04-02,houston rockets,minnesota timberwolves,106,113,0.446,0.532,23,29,37,39,14,17,-7.0,7.0,0,0
0022301099,2024-04-02,denver nuggets,san antonio spurs,110,105,0.439,0.4,28,33,52,59,8,7,5.0,-5.0,1,1
0022301100,2024-04-02,cleveland cavaliers,utah jazz,129,113,0.541,0.482,38,26,41,33,13,19,16.0,-16.0,0,1
0022301101,2024-04-02,la clippers,sacramento kings,95,109,0.408,0.424,18,29,38,56,15,10,-14.0,14.0,0,0
0022301102,2024-04-03,charlotte hornets,portland trail blazers,86,89,0.41,0.398,22,19,36,55,9,15,-3.0,3.0,1,0
0022301103,2024-04-03,los angeles lakers,washington wizards,125,120,0.505,0.495,21,26,49,39,16,18,5.0,-5.0,0,1
0022301104,2024-04-03,atlanta hawks,detroit pistons,121,113,0.544,0.457,36,24,48,37,16,10,8.0,-8.0,1,1
0022301105,2024-04-03,boston celtics,oklahoma city thunder,135,100,0.543,0.432,33,21,46,31,10,13,35.0,-35.0,1,1
0022301106,2024-04-03,brooklyn nets,indiana pacers,115,111,0.483,0.447,22,27,50,45,13,9,4.0,-4.0,1,1
0022301107,2024-04-03,memphis grizzlies,milwaukee bucks,111,101,0.505,0.4,25,26,54,44,8,11,10.0,-10.0,0,1
0022301108,2024-04-03,minnesota timberwolves,toronto raptors,133,85,0.51,0.367,37,19,50,48,9,20,48.0,-48.0,1,1
0022301109,2024-04-03,new orleans pelicans,orlando magic,108,117,0.474,0.513,21,27,35,39,14,13,-9.0,9.0,1,0
0022301110,2024-04-03,cleveland cavaliers,phoenix suns,101,122,0.47,0.506,28,32,37,43,15,15,-21.0,21.0,0,0
0022301111,2024-04-04,miami heat,philadelphia 76ers,105,109,0.415,0.467,24,28,51,41,15,11,-4.0,4.0,1,0
0022301112,2024-04-04,new york knicks,sacramento kings,120,109,0.55,0.488,34,26,39,35,11,16,11.0,-11.0,1,1
0022301113,2024-04-04,golden state warriors,houston rockets,133,110,0.588,0.419,29,23,43,29,18,12,23.0,-23.0,0,1
0022301114,2024-04-04,denver nuggets,la clippers,100,102,0.434,0.378,27,22,51,48,13,6,-2.0,2.0,0,0
0022301115,2024-04-05,charlotte hornets,orlando magic,124,115,0.597,0.447,29,24,36,37,18,10,9.0,-9.0,1,1
0022301116,2024-04-05,indiana pacers,oklahoma city thunder,126,112,0.523,0.488,30,24,39,39,13,15,14.0,-14.0,1,1
0022301117,2024-04-05,portland trail blazers,washington wizards,108,102,0.436,0.432,29,24,55,45,12,9,6.0,-6.0,0,1
0022301118,2024-04-05,boston celtics,sacramento kings,101,100,0.427,0.384,25,21,51,54,7,7,1.0,-1.0,1,1
0022301119,2024-04-05,chicago bulls,new york knicks,108,100,0.473,0.434,27,22,57,38,16,17,8.0,-8.0,1,1
0022301120,2024-04-05,houston rockets,miami heat,104,119,0.378,0.494,25,27,45,48,9,9,-15.0,15.0,1,0
0022301121,2024-04-05,detroit pistons,memphis grizzlies,90,108,0.405,0.467,22,24,38,49,17,20,-18.0,18.0,0,0
0022301122,2024-04-05,milwaukee bucks,toronto raptors,111,117,0.436,0.456,21,24,45,47,13,16,-6.0,6.0,1,0
0022301123,2024-04-05,new orleans pelicans,san antonio spurs,109,111,0.512,0.506,28,34,41,34,17,16,-2.0,2.0,1,0
0022301124,2024-04-04,atlanta hawks,dallas mavericks,95,109,0.4,0.404,21,20,56,53,21,14,-14.0,14.0,0,0
0022301125,2024-04-05,minnesota timberwolves,phoenix suns,87,97,0.388,0.434,23,29,44,49,18,18,-10.0,10.0,0,0
0022301126,2024-04-05,la clippers,utah jazz,131,102,0.56,0.385,32,20,51,43,14,15,29.0,-29.0,1,1
0022301127,2024-04-06,cleveland cavaliers,los angeles lakers,97,116,0.433,0.563,24,30,40,40,18,17,-19.0,19.0,0,0
0022301128,2024-04-06,brooklyn nets,detroit pistons,113,103,0.521,0.457,20,25,48,28,18,7,10.0,-10.0,1,1
0022301129,2024-04-06,memphis grizzlies,philadelphia 76ers,96,116,0.414,0.519,21,27,44,41,18,19,-20.0,20.0,1,0
0022301130,2024-04-06,atlanta hawks,denver nuggets,110,142,0.425,0.602,30,38,38,47,16,15,-32.0,32.0,0,0
0022301131,2024-04-07,dallas mavericks,houston rockets,147,136,0.541,0.495,21,31,47,32,17,10,11.0,-11.0,1,1
0022301132,2024-04-07,cleveland cavaliers,la clippers,118,120,0.477,0.488,27,26,36,48,11,15,-2.0,2.0,0,0
0022301133,2024-04-07,indiana pacers,miami heat,117,115,0.512,0.464,27,21,37,39,6,7,2.0,-2.0,1,1
0022301134,2024-04-07,boston celtics,portland trail blazers,124,107,0.563,0.392,34,26,40,53,12,14,17.0,-17.0,1,1
0022301135,2024-04-07,charlotte hornets,oklahoma city thunder,118,121,0.542,0.517,29,33,36,36,18,16,-3.0,3.0,1,0
0022301136,2024-04-07,chicago bulls,orlando magic,98,113,0.507,0.467,20,24,37,40,21,10,-15.0,15.0,0,0
0022301137,2024-04-07,toronto raptors,washington wizards,130,122,0.51,0.472,33,29,49,43,13,15,8.0,-8.0,1,1
0022301138,2024-04-07,new orleans pelicans,phoenix suns,113,105,0.471,0.448,26,30,42,38,12,15,8.0,-8.0,0,1
0022301139,2024-04-07,milwaukee bucks,new york knicks,109,122,0.467,0.489,27,25,38,41,14,5,-13.0,13.0,1,0
0022301140,2024-04-07,philadelphia 76ers,san antonio spurs,133,126,0.456,0.449,31,31,46,59,10,25,7.0,-7.0,0,1
0022301141,2024-04-07,brooklyn nets,sacramento kings,77,107,0.349,0.426,17,31,46,54,16,9,-30.0,30.0,1,0
0022301142,2024-04-07,golden state warriors,utah jazz,118,110,0.533,0.47,32,21,47,29,13,11,8.0,-8.0,1,1
0022301143,2024-04-07,los angeles lakers,minnesota timberwolves,117,127,0.464,0.515,27,29,41,46,15,14,-10.0,10.0,1,0
0022301144,2024-04-09,charlotte hornets,dallas mavericks,104,130,0.438,0.538,24,35,39,55,11,14,-26.0,26.0,1,0
0022301145,2024-04-09,detroit pistons,philadelphia 76ers,102,120,0.405,0.449,20,29,44,51,16,7,-18.0,18.0,0,0
0022301146,2024-04-09,indiana pacers,toronto raptors,140,123,0.545,0.5,33,21,44,40,13,15,17.0,-17.0,0,1
0022301147,2024-04-09,atlanta hawks,miami heat,111,117,0.398,0.477,28,29,59,46,15,18,-6.0,6.0,1,0
0022301148,2024-04-09,boston celtics,milwaukee bucks,91,104,0.398,0.531,27,29,38,49,12,16,-13.0,13.0,0,0
0022301149,2024-04-09,chicago bulls,new york knicks,117,128,0.534,0.554,20,31,39,31,9,10,-11.0,11.0,1,0
0022301150,2024-04-09,houston rockets,orlando magic,118,106,0.523,0.453,29,23,37,42,12,14,12.0,-12.0,1,1
0022301151,2024-04-09,memphis grizzlies,san antonio spurs,87,102,0.346,0.483,21,30,49,51,7,16,-15.0,15.0,1,0
0022301152,2024-04-09,minnesota timberwolves,washington wizards,130,121,0.478,0.494,30,26,44,41,8,13,9.0,-9.0,1,1
0022301153,2024-04-09,oklahoma city thunder,sacramento kings,112,105,0.488,0.344,21,23,42,56,13,17,7.0,-7.0,1,1
0022301154,2024-04-09,denver nuggets,utah jazz,111,95,0.489,0.396,30,19,43,44,9,14,16.0,-16.0,0,1
0022301155,2024-04-09,golden state warriors,los angeles lakers,134,120,0.588,0.458,37,31,42,40,15,7,14.0,-14.0,0,1
0022301156,2024-04-09,la clippers,phoenix suns,105,92,0.471,0.337,28,17,63,38,18,8,13.0,-13.0,0,1
0022301157,2024-04-09,new orleans pelicans,portland trail blazers,110,100,0.414,0.471,25,28,45,47,9,21,10.0,-10.0,0,1
0022301158,2024-04-10,cleveland cavaliers,memphis grizzlies,110,98,0.451,0.393,27,21,47,44,13,13,12.0,-12.0,1,1
0022301159,2024-04-10,atlanta hawks,charlotte hornets,114,115,0.524,0.506,35,25,38,33,16,13,-1.0,1.0,1,0
0022301160,2024-04-10,brooklyn nets,toronto raptors,106,102,0.442,0.372,25,19,56,45,13,9,4.0,-4.0,1,1
0022301161,2024-04-10,dallas mavericks,miami heat,111,92,0.494,0.407,27,22,39,46,7,15,19.0,-19.0,0,1
0022301162,2024-04-10,milwaukee bucks,orlando magic,117,99,0.512,0.462,27,19,43,34,12,15,18.0,-18.0,1,1
0022301163,2024-04-10,oklahoma city thunder,san antonio spurs,127,89,0.465,0.333,33,24,62,47,12,15,38.0,-38.0,1,1
0022301164,2024-04-10,denver nuggets,minnesota timberwolves,116,107,0.554,0.5,31,23,44,35,13,9,9.0,-9.0,1,1
0022301165,2024-04-10,la clippers,phoenix suns,108,124,0.463,0.484,23,29,44,48,12,13,-16.0,16.0,1,0
0022301166,2024-04-11,chicago bulls,detroit pistons,127,105,0.531,0.494,28,27,42,38,8,20,22.0,-22.0,0,1
0022301167,2024-04-11,boston celtics,new york knicks,109,118,0.465,0.495,25,24,36,52,12,12,-9.0,9.0,1,0
0022301168,2024-04-11,houston rockets,utah jazz,121,124,0.421,0.506,22,27,39,49,10,14,-3.0,3.0,0,0
0022301169,2024-04-11,golden state warriors,portland trail blazers,100,92,0.468,0.361,24,22,46,49,16,12,8.0,-8.0,0,1
0022301170,2024-04-11,new orleans pelicans,sacramento kings,135,123,0.57,0.548,35,26,40,32,13,14,12.0,-12.0,0,1
0022301171,2024-04-12,orlando magic,philadelphia 76ers,113,125,0.453,0.477,25,22,45,44,11,11,-12.0,12.0,0,0
0022301172,2024-04-12,chicago bulls,washington wizards,129,127,0.49,0.523,28,32,56,39,13,12,2.0,-2.0,0,1
0022301173,2024-04-12,boston celtics,charlotte hornets,131,98,0.519,0.421,34,20,53,33,6,19,33.0,-33.0,1,1
0022301174,2024-04-12,cleveland cavaliers,indiana pacers,129,120,0.526,0.517,28,37,41,39,9,13,9.0,-9.0,1,1
0022301175,2024-04-12,brooklyn nets,new york knicks,107,111,0.5,0.458,22,21,45,31,12,5,-4.0,4.0,0,0
0022301176,2024-04-12,miami heat,toronto raptors,125,103,0.523,0.481,37,23,37,41,4,17,22.0,-22.0,1,1
0022301177,2024-04-12,los angeles lakers,memphis grizzlies,123,120,0.519,0.453,25,19,39,42,19,13,3.0,-3.0,0,1
0022301178,2024-04-12,atlanta hawks,minnesota timberwolves,106,109,0.444,0.481,23,29,40,44,14,14,-3.0,3.0,0,0
0022301179,2024-04-12,milwaukee bucks,oklahoma city thunder,107,125,0.494,0.528,27,29,42,38,17,10,-18.0,18.0,0,0
0022301180,2024-04-12,denver nuggets,san antonio spurs,120,121,0.505,0.529,31,31,33,49,7,18,-1.0,1.0,0,0
0022301181,2024-04-12,dallas mavericks,detroit pistons,89,107,0.434,0.484,20,23,49,40,20,6,-18.0,18.0,1,0
0022301182,2024-04-12,golden state warriors,new orleans pelicans,109,114,0.465,0.467,27,24,53,38,16,8,-5.0,5.0,1,0
0022301183,2024-04-12,houston rockets,portland trail blazers,116,107,0.478,0.389,25,20,48,48,8,7,9.0,-9.0,0,1
0022301184,2024-04-12,la clippers,utah jazz,109,110,0.448,0.466,23,26,44,46,13,16,-1.0,1.0,1,0
0022301185,2024-04-12,phoenix suns,sacramento kings,108,107,0.526,0.44,25,26,41,35,18,7,1.0,-1.0,0,1
0022301186,2024-04-14,boston celtics,washington wizards,132,122,0.573,0.476,29,33,48,36,14,11,10.0,-10.0,1,1
0022301187,2024-04-14,charlotte hornets,cleveland cavaliers,120,110,0.505,0.473,36,30,47,43,9,14,10.0,-10.0,0,1
0022301188,2024-04-14,atlanta hawks,indiana pacers,115,157,0.438,0.65,25,41,32,48,15,14,-42.0,42.0,0,0
0022301189,2024-04-14,miami heat,toronto raptors,118,103,0.529,0.422,29,23,46,41,19,19,15.0,-15.0,1,1
0022301190,2024-04-14,chicago bulls,new york knicks,119,120,0.485,0.505,25,27,44,53,12,21,-1.0,1.0,0,0
0022301191,2024-04-14,milwaukee bucks,orlando magic,88,113,0.4,0.494,16,27,34,43,17,11,-25.0,25.0,0,0
0022301192,2024-04-14,brooklyn nets,philadelphia 76ers,86,107,0.386,0.427,19,30,42,57,12,12,-21.0,21.0,0,0
0022301193,2024-04-14,denver nuggets,memphis grizzlies,126,111,0.517,0.45,32,22,54,43,17,13,15.0,-15.0,0,1
0022301194,2024-04-14,minnesota timberwolves,phoenix suns,106,125,0.514,0.547,22,28,36,32,24,12,-19.0,19.0,1,0
0022301195,2024-04-14,los angeles lakers,new orleans pelicans,124,108,0.552,0.477,32,26,39,39,14,19,16.0,-16.0,0,1
0022301196,2024-04-14,dallas mavericks,oklahoma city thunder,86,135,0.33,0.557,19,38,41,58,14,14,-49.0,49.0,0,0
0022301197,2024-04-14,detroit pistons,san antonio spurs,95,123,0.391,0.538,17,33,40,54,14,13,-28.0,28.0,0,0
0022301198,2024-04-14,golden state warriors,utah jazz,123,116,0.479,0.517,35,22,42,48,9,19,7.0,-7.0,1,1
0022301199,2024-04-14,houston rockets,la clippers,116,105,0.485,0.394,31,23,59,51,18,12,11.0,-11.0,0,1
0022301200,2024-04-14,portland trail blazers,sacramento kings,82,121,0.316,0.494,18,29,54,51,17,14,-39.0,39.0,0,0
0022301201,2023-12-05,milwaukee bucks,new york knicks,146,122,0.604,0.494,32,27,37,36,12,16,24.0,-24.0,1,1
0022301202,2023-12-04,boston celtics,indiana pacers,112,122,0.474,0.457,27,28,56,41,17,6,-10.0,10.0,0,0
0022301203,2023-12-05,los angeles lakers,phoenix suns,106,103,0.373,0.493,24,25,45,44,9,20,3.0,-3.0,1,1
0022301204,2023-12-04,new orleans pelicans,sacramento kings,127,117,0.54,0.447,29,29,42,38,12,13,10.0,-10.0,0,1
0022301205,2023-12-06,cleveland cavaliers,orlando magic,121,111,0.535,0.488,29,22,45,36,15,11,10.0,-10.0,1,1
0022301206,2023-12-06,detroit pistons,memphis grizzlies,102,116,0.451,0.516,30,26,42,46,16,14,-14.0,14.0,1,0
0022301207,2023-12-06,miami heat,toronto raptors,112,103,0.461,0.43,33,29,44,46,7,14,9.0,-9.0,0,1
0022301208,2023-12-06,philadelphia 76ers,washington wizards,131,126,0.511,0.565,29,39,43,32,11,11,5.0,-5.0,0,1
0022301209,2023-12-06,atlanta hawks,brooklyn nets,113,114,0.447,0.457,25,24,49,45,12,12,-1.0,1.0,1,0
0022301210,2023-12-06,minnesota timberwolves,san antonio spurs,102,94,0.414,0.376,20,23,55,49,14,11,8.0,-8.0,1,1
0022301211,2023-12-06,charlotte hornets,chicago bulls,100,111,0.433,0.422,25,23,42,57,16,16,-11.0,11.0,0,0
0022301212,2023-12-06,houston rockets,oklahoma city thunder,110,101,0.482,0.425,28,22,53,30,19,8,9.0,-9.0,1,1
0022301213,2023-12-06,dallas mavericks,utah jazz,147,97,0.554,0.402,37,22,47,43,7,19,50.0,-50.0,1,1
0022301214,2023-12-06,golden state warriors,portland trail blazers,110,106,0.419,0.411,20,22,50,40,17,10,4.0,-4.0,1,1
0022301215,2023-12-06,denver nuggets,la clippers,102,111,0.418,0.46,29,21,46,51,11,11,-9.0,9.0,0,0
0022301216,2023-12-08,charlotte hornets,toronto raptors,119,116,0.557,0.505,30,32,31,42,15,14,3.0,-3.0,1,1
0022301217,2023-12-08,detroit pistons,orlando magic,91,123,0.42,0.551,17,26,38,45,15,9,-32.0,32.0,0,0
0022301218,2023-12-08,atlanta hawks,philadelphia 76ers,114,125,0.394,0.483,20,24,55,48,13,10,-11.0,11.0,0,0
0022301219,2023-12-08,brooklyn nets,washington wizards,124,97,0.481,0.418,27,19,55,41,10,16,27.0,-27.0,1,1
0022301220,2023-12-08,cleveland cavaliers,miami heat,111,99,0.46,0.43,21,23,51,37,13,18,12.0,-12.0,0,1
0022301221,2023-12-08,memphis grizzlies,minnesota timberwolves,103,127,0.43,0.5,24,30,28,54,9,13,-24.0,24.0,1,0
0022301222,2023-12-08,golden state warriors,oklahoma city thunder,136,138,0.471,0.52,29,15,60,39,28,9,-2.0,2.0,0,0
0022301223,2023-12-08,chicago bulls,san antonio spurs,121,112,0.461,0.47,27,35,56,44,7,12,9.0,-9.0,0,1
0022301224,2023-12-08,denver nuggets,houston rockets,106,114,0.422,0.427,22,21,47,47,10,9,-8.0,8.0,1,0
0022301225,2023-12-08,la clippers,utah jazz,117,103,0.489,0.452,23,23,40,40,12,13,14.0,-14.0,0,1
0022301226,2023-12-08,dallas mavericks,portland trail blazers,125,112,0.516,0.371,26,20,42,48,15,15,13.0,-13.0,0,1
0022301227,2023-12-08,boston celtics,new york knicks,133,123,0.527,0.5,24,28,34,44,7,13,10.0,-10.0,1,1
0022301228,2023-12-08,phoenix suns,sacramento kings,106,114,0.482,0.457,26,25,40,50,11,12,-8.0,8.0,1,0
0022301229,2023-12-07,indiana pacers,milwaukee bucks,128,119,0.49,0.448,30,19,51,46,9,12,9.0,-9.0,0,1
0022301230,2023-12-07,los angeles lakers,new orleans pelicans,133,89,0.547,0.358,31,22,59,42,14,12,44.0,-44.0,1,1
0042300101,2024-04-21,boston celtics,miami heat,114,94,0.476,0.469,27,23,44,34,10,9,20.0,-20.0,1,1
0042300102,2024-04-24,boston celtics,miami heat,101,111,0.463,0.493,21,25,39,40,12,12,-10.0,10.0,1,0
0042300103,2024-04-27,boston celtics,miami heat,104,84,0.476,0.416,22,21,43,36,5,12,20.0,-20.0,0,1
0042300104,2024-04-29,boston celtics,miami heat,102,88,0.419,0.407,21,17,46,42,10,13,14.0,-14.0,0,1
0042300105,2024-05-01,boston celtics,miami heat,118,84,0.545,0.414,23,20,56,29,14,6,34.0,-34.0,1,1
0042300111,2024-04-20,new york knicks,philadelphia 76ers,111,104,0.396,0.444,20,17,55,33,11,11,7.0,-7.0,1,1
0042300112,2024-04-22,new york knicks,philadelphia 76ers,104,101,0.407,0.429,22,26,46,44,7,10,3.0,-3.0,1,1
0042300113,2024-04-25,new york knicks,philadelphia 76ers,114,125,0.489,0.547,27,24,32,36,9,10,-11.0,11.0,0,0
0042300114,2024-04-28,new york knicks,philadelphia 76ers,97,92,0.43,0.354,19,23,52,42,12,8,5.0,-5.0,0,1
0042300115,2024-04-30,new york knicks,philadelphia 76ers,106,112,0.465,0.462,19,28,40,46,14,16,-6.0,6.0,1,0
0042300116,2024-05-02,new york knicks,philadelphia 76ers,118,115,0.462,0.437,28,20,48,46,9,11,3.0,-3.0,0,1
0042300121,2024-04-21,indiana pacers,milwaukee bucks,94,109,0.396,0.471,20,21,50,47,12,10,-15.0,15.0,0,0
0042300122,2024-04-23,indiana pacers,milwaukee bucks,125,108,0.556,0.442,38,24,45,40,5,7,17.0,-17.0,0,1
0042300123,2024-04-26,indiana pacers,milwaukee bucks,121,118,0.429,0.466,32,20,50,43,8,11,3.0,-3.0,1,1
0042300124,2024-04-28,indiana pacers,milwaukee bucks,126,113,0.517,0.511,33,26,38,42,7,9,13.0,-13.0,1,1
0042300125,2024-04-30,indiana pacers,milwaukee bucks,92,115,0.444,0.524,25,23,36,44,12,10,-23.0,23.0,0,0
0042300126,2024-05-02,indiana pacers,milwaukee bucks,120,98,0.541,0.422,33,19,44,40,10,12,22.0,-22.0,1,1
0042300131,2024-04-20,cleveland cavaliers,orlando magic,97,83,0.444,0.326,21,16,54,40,17,12,14.0,-14.0,1,1
0042300132,2024-04-22,cleveland cavaliers,orlando magic,96,86,0.415,0.363,18,18,48,41,15,16,10.0,-10.0,1,1
0042300133,2024-04-25,cleveland cavaliers,orlando magic,83,121,0.39,0.511,24,24,32,51,14,8,-38.0,38.0,0,0
0042300134,2024-04-27,cleveland cavaliers,orlando magic,89,112,0.472,0.558,24,24,29,43,15,17,-23.0,23.0,0,0
0042300135,2024-04-30,cleveland cavaliers,orlando magic,104,103,0.432,0.462,23,17,39,43,10,14,1.0,-1.0,1,1
0042300136,2024-05-03,cleveland cavaliers,orlando magic,96,103,0.488,0.393,15,19,38,48,13,13,-7.0,7.0,0,0
0042300137,2024-05-05,cleveland cavaliers,orlando magic,106,94,0.442,0.337,19,17,48,49,14,17,12.0,-12.0,1,1
0042300141,2024-04-21,new orleans pelicans,oklahoma city thunder,92,94,0.385,0.435,22,21,52,44,14,13,-2.0,2.0,0,0
0042300142,2024-04-24,new orleans pelicans,oklahoma city thunder,92,124,0.452,0.59,16,25,35,37,17,8,-32.0,32.0,0,0
0042300143,2024-04-27,new orleans pelicans,oklahoma city thunder,85,106,0.381,0.482,18,27,45,47,20,16,-21.0,21.0,1,0
0042300144,2024-04-29,new orleans pelicans,oklahoma city thunder,89,97,0.376,0.427,22,18,50,44,18,14,-8.0,8.0,1,0
0042300151,2024-04-20,denver nuggets,los angeles lakers,114,103,0.461,0.494,27,22,49,40,4,12,11.0,-11.0,1,1
0042300152,2024-04-22,denver nuggets,los angeles lakers,101,99,0.443,0.487,26,24,45,38,9,14,2.0,-2.0,1,1
0042300153,2024-04-25,denver nuggets,los angeles lakers,112,105,0.489,0.489,27,23,51,38,13,7,7.0,-7.0,0,1
0042300154,2024-04-27,denver nuggets,los angeles lakers,108,119,0.448,0.522,30,23,40,46,14,11,-11.0,11.0,0,0
0042300155,2024-04-29,denver nuggets,los angeles lakers,108,106,0.472,0.464,28,30,45,41,13,8,2.0,-2.0,1,1
0042300161,2024-04-20,minnesota timberwolves,phoenix suns,120,95,0.5,0.44,26,16,52,28,14,15,25.0,-25.0,1,1
0042300162,2024-04-23,minnesota timberwolves,phoenix suns,105,93,0.449,0.449,23,19,39,41,13,19,12.0,-12.0,1,1
0042300163,2024-04-26,minnesota timberwolves,phoenix suns,126,109,0.494,0.461,26,24,50,28,13,9,17.0,-17.0,0,1
0042300164,2024-04-28,minnesota timberwolves,phoenix suns,122,116,0.461,0.514,23,20,44,33,9,11,6.0,-6.0,0,1
0042300171,2024-04-21,dallas mavericks,la clippers,97,109,0.388,0.46,14,21,41,45,8,12,-12.0,12.0,0,0
0042300172,2024-04-23,dallas mavericks,la clippers,96,93,0.421,0.368,17,18,50,47,13,8,3.0,-3.0,0,1
0042300173,2024-04-26,dallas mavericks,la clippers,101,90,0.453,0.457,21,19,36,41,8,19,11.0,-11.0,1,1
0042300174,2024-04-28,dallas mavericks,la clippers,111,116,0.494,0.538,22,22,42,29,16,12,-5.0,5.0,1,0
0042300175,2024-05-01,dallas mavericks,la clippers,123,93,0.54,0.379,27,18,40,45,8,13,30.0,-30.0,0,1
0042300176,2024-05-03,dallas mavericks,la clippers,114,101,0.482,0.415,26,23,45,45,9,9,13.0,-13.0,1,1
0042300201,2024-05-07,boston celtics,cleveland cavaliers,120,95,0.489,0.411,22,19,55,38,6,5,25.0,-25.0,1,1
0042300202,2024-05-09,boston celtics,cleveland cavaliers,94,118,0.413,0.547,22,24,31,44,7,10,-24.0,24.0,1,0
0042300203,2024-05-11,boston celtics,cleveland cavaliers,106,93,0.513,0.429,22,17,44,35,11,8,13.0,-13.0,0,1
0042300204,2024-05-13,boston celtics,cleveland cavaliers,109,102,0.487,0.436,15,26,48,32,14,7,7.0,-7.0,0,1
0042300205,2024-05-15,boston celtics,cleveland cavaliers,113,98,0.525,0.481,32,25,43,28,12,10,15.0,-15.0,1,1
0042300211,2024-05-06,indiana pacers,new york knicks,117,121,0.523,0.537,32,25,32,40,7,14,-4.0,4.0,0,0
0042300212,2024-05-08,indiana pacers,new york knicks,121,130,0.516,0.57,33,28,34,44,9,9,-9.0,9.0,0,0
0042300213,2024-05-10,indiana pacers,new york knicks,111,106,0.472,0.475,22,19,42,41,10,13,5.0,-5.0,1,1
0042300214,2024-05-12,indiana pacers,new york knicks,121,89,0.568,0.337,31,18,52,43,14,12,32.0,-32.0,1,1
0042300215,2024-05-14,indiana pacers,new york knicks,91,121,0.431,0.465,24,26,29,53,18,9,-30.0,30.0,0,0
0042300216,2024-05-17,indiana pacers,new york knicks,116,103,0.538,0.439,35,20,47,35,8,7,13.0,-13.0,1,1
0042300217,2024-05-19,indiana pacers,new york knicks,130,109,0.671,0.424,33,22,33,28,12,8,21.0,-21.0,0,1
0042300221,2024-05-07,dallas mavericks,oklahoma city thunder,95,117,0.393,0.449,19,29,39,52,15,9,-22.0,22.0,0,0
0042300222,2024-05-09,dallas mavericks,oklahoma city thunder,119,110,0.467,0.472,30,25,44,41,10,10,9.0,-9.0,0,1
0042300223,2024-05-11,dallas mavericks,oklahoma city thunder,105,101,0.429,0.469,21,23,48,41,13,13,4.0,-4.0,1,1
0042300224,2024-05-13,dallas mavericks,oklahoma city thunder,96,100,0.409,0.38,26,18,47,45,13,7,-4.0,4.0,1,0
0042300225,2024-05-15,dallas mavericks,oklahoma city thunder,104,92,0.526,0.425,27,20,46,33,14,6,12.0,-12.0,0,1
0042300226,2024-05-18,dallas mavericks,oklahoma city thunder,117,116,0.512,0.478,25,25,47,31,17,8,1.0,-1.0,1,1
0042300231,2024-05-04,denver nuggets,minnesota timberwolves,99,106,0.467,0.524,24,24,34,42,12,14,-7.0,7.0,1,0
0042300232,2024-05-06,denver nuggets,minnesota timberwolves,80,106,0.349,0.5,16,28,50,42,16,12,-26.0,26.0,1,0
0042300233,2024-05-10,denver nuggets,minnesota timberwolves,117,90,0.538,0.437,26,23,40,32,10,14,27.0,-27.0,0,1
0042300234,2024-05-12,denver nuggets,minnesota timberwolves,115,107,0.57,0.476,29,21,31,42,12,11,8.0,-8.0,0,1
0042300235,2024-05-14,denver nuggets,minnesota timberwolves,112,97,0.55,0.487,30,30,38,33,11,14,15.0,-15.0,1,1
0042300236,2024-05-16,denver nuggets,minnesota timberwolves,70,115,0.302,0.465,18,26,43,62,12,6,-45.0,45.0,0,0
0042300237,2024-05-19,denver nuggets,minnesota timberwolves,90,98,0.41,0.392,18,18,44,47,10,7,-8.0,8.0,1,0
0042300301,2024-05-21,boston celtics,indiana pacers,133,128,0.475,0.535,30,38,43,44,14,21,5.0,-5.0,1,1
0042300302,2024-05-23,boston celtics,indiana pacers,126,110,0.534,0.524,28,23,40,37,10,16,16.0,-16.0,1,1
0042300303,2024-05-25,boston celtics,indiana pacers,114,111,0.47,0.505,24,32,36,43,7,11,3.0,-3.0,0,1
0042300304,2024-05-27,boston celtics,indiana pacers,105,102,0.449,0.46,22,24,44,47,11,14,3.0,-3.0,0,1
0042300311,2024-05-22,dallas mavericks,minnesota timberwolves,108,105,0.494,0.427,21,23,48,40,13,10,3.0,-3.0,0,1
0042300312,2024-05-24,dallas mavericks,minnesota timberwolves,109,108,0.488,0.412,24,26,44,40,10,9,1.0,-1.0,0,1
0042300313,2024-05-26,dallas mavericks,minnesota timberwolves,116,107,0.559,0.506,19,26,32,33,14,10,9.0,-9.0,1,1
0042300314,2024-05-28,dallas mavericks,minnesota timberwolves,100,105,0.42,0.527,23,23,38,40,13,14,-5.0,5.0,1,0
0042300315,2024-05-30,dallas mavericks,minnesota timberwolves,124,103,0.548,0.427,19,17,45,41,12,11,21.0,-21.0,0,1
0042300401,2024-06-06,boston celtics,dallas mavericks,107,89,0.476,0.417,23,9,47,43,12,11,18.0,-18.0,1,1
0042300402,2024-06-09,boston celtics,dallas mavericks,105,98,0.452,0.475,29,21,41,43,10,15,7.0,-7.0,1,1
0042300403,2024-06-12,boston celtics,dallas mavericks,106,99,0.463,0.442,26,15,36,43,9,8,7.0,-7.0,0,1
0042300404,2024-06-14,boston celtics,dallas mavericks,84,122,0.363,0.505,18,21,31,52,13,8,-38.0,38.0,0,0
0042300405,2024-06-17,boston celtics,dallas mavericks,106,88,0.427,0.449,25,18,51,35,7,13,18.0,-18.0,1,1
0052300101,2024-04-17,miami heat,philadelphia 76ers,104,105,0.422,0.419,23,23,47,49,13,15,-1.0,1.0,0,0
0052300111,2024-04-17,atlanta hawks,chicago bulls,116,131,0.451,0.568,30,27,34,47,9,7,-15.0,15.0,0,0
0052300121,2024-04-16,los angeles lakers,new orleans pelicans,110,106,0.417,0.462,24,30,41,50,8,12,4.0,-4.0,0,1
0052300131,2024-04-16,golden state warriors,sacramento kings,94,118,0.413,0.439,19,28,42,49,16,8,-24.0,24.0,0,0
0052300201,2024-04-19,chicago bulls,miami heat,91,112,0.38,0.463,27,26,38,47,12,15,-21.0,21.0,0,0
0052300211,2024-04-19,new orleans pelicans,sacramento kings,105,98,0.518,0.409,29,21,45,40,15,15,7.0,-7.0,1,1
