GAME_ID,DATE,Team1,Team2,Team1_PTS,Team2_PTS,Team1_FG_PCT,Team2_FG_PCT,Team1_AST,Team2_AST,Team1_REB,Team2_REB,Team1_TOV,Team2_TOV,Team1_PLUS_MINUS,Team2_PLUS_MINUS,Team1Home,Team1Win
0022400001,2024-11-12,atlanta hawks,boston celtics,117,116,0.505,0.507,35,28,44,34,16,20,1.0,-1.0,0,1
0022400002,2024-11-12,detroit pistons,miami heat,123,121,0.467,0.465,32,25,56,43,19,10,2.0,-2.0,1,1
0022400003,2024-11-12,charlotte hornets,orlando magic,89,114,0.405,0.462,22,25,48,43,22,11,-25.0,25.0,0,0
0022400004,2024-11-12,new york knicks,philadelphia 76ers,111,99,0.494,0.373,31,19,47,40,15,13,12.0,-12.0,0,1
0022400005,2024-11-12,milwaukee bucks,toronto raptors,99,85,0.404,0.349,25,20,47,54,16,21,14.0,-14.0,1,1
0022400006,2024-11-12,phoenix suns,utah jazz,120,112,0.5,0.489,21,32,42,39,8,10,8.0,-8.0,0,1
0022400007,2024-11-12,dallas mavericks,golden state warriors,117,120,0.524,0.479,26,29,40,50,17,12,-3.0,3.0,0,0
0022400008,2024-11-12,minnesota timberwolves,portland trail blazers,108,122,0.507,0.512,22,30,32,39,21,19,-14.0,14.0,0,0
0022400009,2024-11-15,indiana pacers,miami heat,111,124,0.512,0.517,28,27,39,36,20,10,-13.0,13.0,1,0
0022400010,2024-11-15,orlando magic,philadelphia 76ers,98,86,0.436,0.403,15,19,43,34,17,16,12.0,-12.0,1,1
0022400011,2024-11-15,detroit pistons,toronto raptors,99,95,0.411,0.361,24,21,56,53,13,14,4.0,-4.0,0,1
0022400012,2024-11-15,atlanta hawks,washington wizards,129,117,0.469,0.406,28,28,55,52,16,15,12.0,-12.0,1,1
0022400013,2024-11-15,chicago bulls,cleveland cavaliers,126,144,0.511,0.548,32,33,36,40,17,13,-18.0,18.0,0,0
0022400014,2024-11-15,brooklyn nets,new york knicks,122,124,0.438,0.53,27,25,37,45,9,13,-2.0,2.0,0,0
0022400015,2024-11-15,los angeles lakers,san antonio spurs,120,115,0.5,0.489,27,32,41,40,10,13,5.0,-5.0,0,1
0022400016,2024-11-15,houston rockets,la clippers,125,104,0.484,0.378,31,12,48,51,12,14,21.0,-21.0,1,1
0022400017,2024-11-15,denver nuggets,new orleans pelicans,94,101,0.425,0.425,26,21,38,56,7,14,-7.0,7.0,0,0
0022400018,2024-11-15,oklahoma city thunder,phoenix suns,99,83,0.396,0.293,21,17,53,50,10,14,16.0,-16.0,1,1
0022400019,2024-11-15,golden state warriors,memphis grizzlies,123,118,0.439,0.408,33,22,56,54,19,15,5.0,-5.0,1,1
0022400020,2024-11-15,minnesota timberwolves,sacramento kings,130,126,0.475,0.5,26,21,41,51,11,13,4.0,-4.0,0,1
0022400021,2024-11-19,boston celtics,cleveland cavaliers,120,117,0.512,0.495,32,30,42,41,13,7,3.0,-3.0,1,1
0022400022,2024-11-19,brooklyn nets,charlotte hornets,116,115,0.494,0.463,31,25,36,44,13,21,1.0,-1.0,1,1
0022400023,2024-11-19,denver nuggets,memphis grizzlies,122,110,0.48,0.398,29,24,53,55,18,22,12.0,-12.0,0,1
0022400024,2024-11-19,dallas mavericks,new orleans pelicans,132,91,0.521,0.397,26,19,48,37,11,21,41.0,-41.0,1,1
0022400025,2024-11-19,oklahoma city thunder,san antonio spurs,104,110,0.41,0.47,24,32,47,46,13,21,-6.0,6.0,0,0
0022400026,2024-11-19,los angeles lakers,utah jazz,124,118,0.553,0.5,30,28,34,42,14,14,6.0,-6.0,1,1
0022400027,2024-11-22,brooklyn nets,philadelphia 76ers,98,113,0.494,0.446,28,25,34,40,19,11,-15.0,15.0,0,0
0022400028,2024-11-22,boston celtics,washington wizards,108,96,0.424,0.433,22,19,43,48,12,19,12.0,-12.0,0,1
0022400029,2024-11-22,indiana pacers,milwaukee bucks,117,129,0.473,0.533,30,33,46,44,15,17,-12.0,12.0,0,0
0022400030,2024-11-22,atlanta hawks,chicago bulls,122,136,0.458,0.57,32,36,42,41,11,19,-14.0,14.0,0,0
0022400031,2024-11-22,houston rockets,portland trail blazers,116,88,0.452,0.33,27,17,51,45,17,20,28.0,-28.0,1,1
0022400032,2024-11-22,golden state warriors,new orleans pelicans,112,108,0.448,0.446,27,28,52,43,16,9,4.0,-4.0,0,1
0022400033,2024-11-22,dallas mavericks,denver nuggets,123,120,0.505,0.478,24,33,44,42,13,13,3.0,-3.0,0,1
0022400034,2024-11-22,la clippers,sacramento kings,104,88,0.415,0.386,27,19,54,48,12,15,16.0,-16.0,1,1
0022400035,2024-11-26,chicago bulls,washington wizards,127,108,0.5,0.429,29,27,50,43,10,12,19.0,-19.0,0,1
0022400036,2024-11-26,miami heat,milwaukee bucks,103,106,0.455,0.468,26,23,38,41,8,10,-3.0,3.0,1,0
0022400037,2024-11-26,houston rockets,minnesota timberwolves,117,111,0.455,0.429,31,21,44,52,10,17,6.0,-6.0,0,1
0022400038,2024-11-26,san antonio spurs,utah jazz,128,115,0.484,0.512,30,24,39,41,10,21,13.0,-13.0,0,1
0022400039,2024-11-26,los angeles lakers,phoenix suns,100,127,0.435,0.515,25,31,42,46,12,9,-27.0,27.0,0,0
0022400040,2024-11-29,charlotte hornets,new york knicks,98,99,0.404,0.444,25,20,39,44,13,19,-1.0,1.0,1,0
0022400041,2024-11-29,atlanta hawks,cleveland cavaliers,117,101,0.518,0.409,33,21,53,40,18,13,16.0,-16.0,1,1
0022400042,2024-11-29,memphis grizzlies,new orleans pelicans,120,109,0.49,0.418,36,16,51,46,15,14,11.0,-11.0,1,1
0022400043,2024-11-29,brooklyn nets,orlando magic,100,123,0.494,0.53,22,29,35,40,20,17,-23.0,23.0,1,0
0022400044,2024-11-29,la clippers,minnesota timberwolves,92,93,0.429,0.413,20,25,39,49,15,21,-1.0,1.0,0,0
0022400045,2024-11-29,detroit pistons,indiana pacers,130,106,0.578,0.482,35,23,44,32,18,16,24.0,-24.0,0,1
0022400046,2024-11-29,miami heat,toronto raptors,121,111,0.457,0.538,32,34,33,46,8,18,10.0,-10.0,1,1
0022400047,2024-11-29,boston celtics,chicago bulls,138,129,0.5,0.516,24,28,51,43,9,8,9.0,-9.0,0,1
0022400048,2024-11-29,los angeles lakers,oklahoma city thunder,93,101,0.452,0.409,25,20,47,47,17,9,-8.0,8.0,1,0
0022400049,2024-11-29,portland trail blazers,sacramento kings,115,106,0.511,0.449,27,29,40,41,11,20,9.0,-9.0,1,1
0022400050,2024-12-03,charlotte hornets,philadelphia 76ers,104,110,0.442,0.463,22,26,47,31,15,12,-6.0,6.0,1,0
0022400051,2024-12-03,cleveland cavaliers,washington wizards,118,87,0.483,0.386,31,18,45,52,11,20,31.0,-31.0,1,1
0022400052,2024-12-03,detroit pistons,milwaukee bucks,107,128,0.46,0.563,22,26,41,36,18,16,-21.0,21.0,1,0
0022400053,2024-12-03,new york knicks,orlando magic,121,106,0.506,0.437,30,20,39,38,17,15,15.0,-15.0,1,1
0022400054,2024-12-03,indiana pacers,toronto raptors,111,122,0.452,0.543,21,28,34,42,20,21,-11.0,11.0,0,0
0022400055,2024-12-03,oklahoma city thunder,utah jazz,133,106,0.52,0.543,32,21,34,36,8,29,27.0,-27.0,1,1
0022400056,2024-12-03,dallas mavericks,memphis grizzlies,121,116,0.481,0.464,24,27,49,39,25,19,5.0,-5.0,1,1
0022400057,2024-12-03,phoenix suns,san antonio spurs,104,93,0.487,0.35,26,26,44,53,12,14,11.0,-11.0,1,1
0022400058,2024-12-03,denver nuggets,golden state warriors,119,115,0.506,0.463,32,36,38,48,15,14,4.0,-4.0,1,1
0022400059,2024-12-03,houston rockets,sacramento kings,111,120,0.441,0.516,14,33,53,34,15,10,-9.0,9.0,0,0
0022400060,2024-12-03,la clippers,portland trail blazers,127,105,0.553,0.513,29,25,35,29,13,15,22.0,-22.0,1,1
0022400061,2024-10-22,boston celtics,new york knicks,132,109,0.505,0.551,33,20,40,34,3,11,23.0,-23.0,1,1
0022400062,2024-10-22,los angeles lakers,minnesota timberwolves,110,103,0.442,0.412,22,17,46,47,7,15,7.0,-7.0,1,1
0022400063,2024-10-23,detroit pistons,indiana pacers,109,115,0.432,0.506,22,32,38,39,12,15,-6.0,6.0,1,0
0022400064,2024-10-23,atlanta hawks,brooklyn nets,120,116,0.488,0.44,25,21,45,43,16,17,4.0,-4.0,1,1
0022400065,2024-10-23,miami heat,orlando magic,97,116,0.39,0.427,24,28,41,57,11,11,-19.0,19.0,1,0
0022400066,2024-10-23,milwaukee bucks,philadelphia 76ers,124,109,0.538,0.418,27,18,46,49,14,10,15.0,-15.0,0,1
0022400067,2024-10-23,cleveland cavaliers,toronto raptors,136,106,0.586,0.419,29,25,36,38,12,18,30.0,-30.0,0,1
0022400068,2024-10-23,charlotte hornets,houston rockets,110,105,0.447,0.369,20,19,56,43,16,8,5.0,-5.0,0,1
0022400069,2024-10-23,chicago bulls,new orleans pelicans,111,123,0.488,0.464,26,29,47,42,21,11,-12.0,12.0,0,0
0022400070,2024-10-23,memphis grizzlies,utah jazz,126,124,0.473,0.471,28,21,41,49,12,14,2.0,-2.0,0,1
0022400071,2024-10-23,la clippers,phoenix suns,113,116,0.457,0.487,27,25,51,42,21,22,-3.0,3.0,1,0
0022400072,2024-10-23,golden state warriors,portland trail blazers,140,104,0.516,0.391,38,21,57,42,17,17,36.0,-36.0,0,1
0022400073,2024-10-24,boston celtics,washington wizards,122,102,0.467,0.432,21,27,49,40,14,13,20.0,-20.0,0,1
0022400074,2024-10-24,dallas mavericks,san antonio spurs,120,109,0.412,0.453,27,30,50,52,9,19,11.0,-11.0,1,1
0022400075,2024-10-24,denver nuggets,oklahoma city thunder,87,102,0.357,0.426,29,23,57,49,15,12,-15.0,15.0,1,0
0022400076,2024-10-24,minnesota timberwolves,sacramento kings,117,115,0.477,0.463,24,21,42,38,16,9,2.0,-2.0,0,1
0022400077,2024-10-25,brooklyn nets,orlando magic,101,116,0.422,0.52,22,28,37,39,17,12,-15.0,15.0,0,0
0022400078,2024-10-25,philadelphia 76ers,toronto raptors,107,115,0.382,0.461,19,25,28,54,16,26,-8.0,8.0,0,0
0022400079,2024-10-25,atlanta hawks,charlotte hornets,125,120,0.481,0.385,25,22,39,53,13,17,5.0,-5.0,1,1
0022400080,2024-10-25,cleveland cavaliers,detroit pistons,113,101,0.512,0.469,28,25,39,42,12,22,12.0,-12.0,1,1
0022400081,2024-10-25,indiana pacers,new york knicks,98,123,0.494,0.524,28,19,33,43,15,11,-25.0,25.0,0,0
0022400082,2024-10-25,houston rockets,memphis grizzlies,128,108,0.439,0.418,20,24,64,43,17,17,20.0,-20.0,1,1
0022400083,2024-10-25,chicago bulls,milwaukee bucks,133,122,0.479,0.495,30,24,46,47,9,14,11.0,-11.0,0,1
0022400084,2024-10-25,golden state warriors,utah jazz,127,86,0.481,0.315,35,18,60,45,13,22,41.0,-41.0,0,1
0022400085,2024-10-25,los angeles lakers,phoenix suns,123,116,0.533,0.512,33,35,37,34,12,16,7.0,-7.0,1,1
0022400086,2024-10-25,new orleans pelicans,portland trail blazers,105,103,0.419,0.411,25,26,44,48,14,19,2.0,-2.0,0,1
0022400087,2024-10-26,denver nuggets,la clippers,104,109,0.402,0.488,20,30,37,44,10,16,-5.0,5.0,1,0
0022400088,2024-10-26,charlotte hornets,miami heat,106,114,0.438,0.465,20,33,46,43,17,13,-8.0,8.0,1,0
0022400089,2024-10-26,boston celtics,detroit pistons,124,118,0.422,0.489,19,27,37,44,10,14,6.0,-6.0,0,1
0022400090,2024-10-26,cleveland cavaliers,washington wizards,135,116,0.534,0.385,27,25,48,46,16,15,19.0,-19.0,0,1
0022400091,2024-10-26,chicago bulls,oklahoma city thunder,95,114,0.348,0.421,23,21,61,54,26,10,-19.0,19.0,1,0
0022400092,2024-10-26,memphis grizzlies,orlando magic,124,111,0.535,0.425,38,21,42,41,18,19,13.0,-13.0,1,1
0022400093,2024-10-26,minnesota timberwolves,toronto raptors,112,101,0.47,0.456,29,29,41,46,13,20,11.0,-11.0,1,1
0022400094,2024-10-26,houston rockets,san antonio spurs,106,109,0.413,0.494,21,23,34,49,10,17,-3.0,3.0,0,0
0022400095,2024-10-26,dallas mavericks,phoenix suns,102,114,0.398,0.45,22,26,46,47,8,11,-12.0,12.0,0,0
0022400096,2024-10-26,los angeles lakers,sacramento kings,131,127,0.522,0.511,32,32,45,32,19,14,4.0,-4.0,1,1
0022400097,2024-10-27,indiana pacers,philadelphia 76ers,114,118,0.464,0.429,28,15,37,54,19,19,-4.0,4.0,1,0
0022400098,2024-10-27,brooklyn nets,milwaukee bucks,115,102,0.429,0.446,23,20,47,43,12,18,13.0,-13.0,1,1
0022400099,2024-10-27,new orleans pelicans,portland trail blazers,103,125,0.432,0.462,24,25,39,51,15,16,-22.0,22.0,0,0
0022400100,2024-10-27,atlanta hawks,oklahoma city thunder,104,128,0.396,0.494,24,26,49,45,19,10,-24.0,24.0,0,0
0022400101,2024-10-27,golden state warriors,la clippers,104,112,0.432,0.467,19,27,47,48,21,18,-8.0,8.0,1,0
0022400102,2024-10-28,indiana pacers,orlando magic,115,119,0.466,0.47,25,26,44,46,12,15,-4.0,4.0,0,0
0022400103,2024-10-28,atlanta hawks,washington wizards,119,121,0.481,0.451,32,24,39,43,16,18,-2.0,2.0,1,0
0022400104,2024-10-28,boston celtics,milwaukee bucks,119,108,0.494,0.451,24,18,38,43,12,16,11.0,-11.0,1,1
0022400105,2024-10-28,detroit pistons,miami heat,98,106,0.385,0.432,14,24,54,44,16,9,-8.0,8.0,0,0
0022400106,2024-10-28,cleveland cavaliers,new york knicks,110,104,0.476,0.444,21,22,41,43,13,16,6.0,-6.0,0,1
0022400107,2024-10-28,denver nuggets,toronto raptors,127,125,0.49,0.45,29,30,52,54,16,15,2.0,-2.0,0,1
0022400108,2024-10-28,chicago bulls,memphis grizzlies,126,123,0.45,0.459,36,37,50,60,9,10,3.0,-3.0,0,1
0022400109,2024-10-28,houston rockets,san antonio spurs,106,101,0.412,0.425,20,22,43,49,12,17,5.0,-5.0,0,1
0022400110,2024-10-28,dallas mavericks,utah jazz,110,102,0.453,0.37,27,24,50,50,13,13,8.0,-8.0,1,1
0022400111,2024-10-28,los angeles lakers,phoenix suns,105,109,0.415,0.46,25,21,46,46,11,10,-4.0,4.0,0,0
0022400112,2024-10-28,portland trail blazers,sacramento kings,98,111,0.422,0.457,17,25,46,40,17,14,-13.0,13.0,0,0
0022400113,2024-10-29,brooklyn nets,denver nuggets,139,144,0.51,0.517,37,31,41,43,8,5,-5.0,5.0,1,0
0022400114,2024-10-29,dallas mavericks,minnesota timberwolves,120,114,0.484,0.506,25,33,40,42,9,20,6.0,-6.0,0,1
0022400115,2024-10-29,sacramento kings,utah jazz,113,96,0.522,0.393,26,24,49,42,11,17,17.0,-17.0,0,1
0022400116,2024-10-29,golden state warriors,new orleans pelicans,124,106,0.474,0.541,34,23,34,44,7,23,18.0,-18.0,1,1
0022400117,2024-10-30,charlotte hornets,toronto raptors,138,133,0.521,0.571,31,37,38,41,15,14,5.0,-5.0,1,1
0022400118,2024-10-30,cleveland cavaliers,los angeles lakers,134,110,0.577,0.494,37,21,36,37,12,20,24.0,-24.0,1,1
0022400119,2024-10-30,boston celtics,indiana pacers,132,135,0.404,0.481,23,33,51,57,14,18,-3.0,3.0,0,0
0022400120,2024-10-30,detroit pistons,philadelphia 76ers,105,95,0.462,0.418,23,17,49,37,16,9,10.0,-10.0,0,1
0022400121,2024-10-30,atlanta hawks,washington wizards,120,133,0.474,0.528,28,32,41,37,15,14,-13.0,13.0,0,0
0022400122,2024-10-30,miami heat,new york knicks,107,116,0.457,0.488,27,30,39,42,10,9,-9.0,9.0,1,0
0022400123,2024-10-30,chicago bulls,orlando magic,102,99,0.429,0.407,23,25,54,42,14,12,3.0,-3.0,1,1
0022400124,2024-10-30,brooklyn nets,memphis grizzlies,119,106,0.513,0.469,27,27,34,38,15,22,13.0,-13.0,0,1
0022400125,2024-10-30,oklahoma city thunder,san antonio spurs,105,93,0.461,0.412,28,22,39,52,10,22,12.0,-12.0,1,1
0022400126,2024-10-30,golden state warriors,new orleans pelicans,104,89,0.471,0.367,32,24,42,49,13,14,15.0,-15.0,1,1
0022400127,2024-10-30,la clippers,portland trail blazers,105,106,0.456,0.446,26,19,49,47,13,12,-1.0,1.0,1,0
0022400128,2024-10-31,memphis grizzlies,milwaukee bucks,122,99,0.524,0.427,26,20,56,38,16,10,23.0,-23.0,1,1
0022400129,2024-10-31,dallas mavericks,houston rockets,102,108,0.459,0.412,21,21,37,50,10,8,-6.0,6.0,1,0
0022400130,2024-10-31,san antonio spurs,utah jazz,106,88,0.413,0.39,25,19,42,53,11,26,18.0,-18.0,0,1
0022400131,2024-10-31,la clippers,phoenix suns,119,125,0.484,0.512,27,29,48,39,14,12,-6.0,6.0,1,0
0022400132,2024-11-01,boston celtics,charlotte hornets,124,109,0.477,0.462,21,20,41,42,10,14,15.0,-15.0,0,1
0022400133,2024-11-01,cleveland cavaliers,orlando magic,120,109,0.506,0.456,25,26,49,39,12,14,11.0,-11.0,1,1
0022400134,2024-11-01,detroit pistons,new york knicks,98,128,0.506,0.515,23,31,38,45,22,9,-30.0,30.0,1,0
0022400135,2024-11-01,atlanta hawks,sacramento kings,115,123,0.446,0.483,30,28,40,51,13,14,-8.0,8.0,1,0
0022400136,2024-11-01,brooklyn nets,chicago bulls,120,112,0.521,0.432,34,24,46,44,10,16,8.0,-8.0,1,1
0022400137,2024-11-01,los angeles lakers,toronto raptors,131,125,0.477,0.486,29,35,43,44,10,11,6.0,-6.0,0,1
0022400138,2024-11-01,indiana pacers,new orleans pelicans,118,125,0.517,0.485,35,28,39,46,14,6,-7.0,7.0,0,0
0022400139,2024-11-01,denver nuggets,minnesota timberwolves,116,119,0.446,0.518,30,34,46,38,13,16,-3.0,3.0,0,0
0022400140,2024-11-01,oklahoma city thunder,portland trail blazers,137,114,0.537,0.47,31,27,45,36,13,19,23.0,-23.0,0,1
0022400141,2024-11-02,boston celtics,charlotte hornets,113,103,0.439,0.44,23,24,44,34,15,13,10.0,-10.0,0,1
0022400142,2024-11-02,memphis grizzlies,philadelphia 76ers,124,107,0.552,0.404,35,22,52,33,16,14,17.0,-17.0,0,1
0022400143,2024-11-02,sacramento kings,toronto raptors,128,131,0.46,0.484,21,31,49,46,18,19,-3.0,3.0,0,0
0022400144,2024-11-02,golden state warriors,houston rockets,127,121,0.513,0.411,26,27,47,49,14,11,6.0,-6.0,0,1
0022400145,2024-11-02,cleveland cavaliers,milwaukee bucks,114,113,0.484,0.483,31,24,45,45,7,13,1.0,-1.0,0,1
0022400146,2024-11-02,minnesota timberwolves,san antonio spurs,103,113,0.476,0.518,21,32,32,44,12,11,-10.0,10.0,0,0
0022400147,2024-11-02,miami heat,washington wizards,118,98,0.422,0.418,19,23,65,44,13,11,20.0,-20.0,0,1
0022400148,2024-11-02,denver nuggets,utah jazz,129,103,0.485,0.416,33,24,52,39,17,22,26.0,-26.0,1,1
0022400149,2024-11-02,phoenix suns,portland trail blazers,103,97,0.376,0.333,29,17,63,56,12,6,6.0,-6.0,1,1
0022400150,2024-11-02,la clippers,oklahoma city thunder,92,105,0.405,0.429,23,25,50,41,20,12,-13.0,13.0,1,0
0022400151,2024-11-03,brooklyn nets,detroit pistons,92,106,0.451,0.481,23,25,27,47,13,17,-14.0,14.0,1,0
0022400152,2024-11-03,atlanta hawks,new orleans pelicans,126,111,0.568,0.433,29,22,41,43,16,18,15.0,-15.0,0,1
0022400153,2024-11-03,dallas mavericks,orlando magic,108,85,0.494,0.333,25,19,53,43,18,14,23.0,-23.0,1,1
0022400154,2024-11-04,cleveland cavaliers,milwaukee bucks,116,114,0.505,0.488,28,21,39,49,10,14,2.0,-2.0,1,1
0022400155,2024-11-04,golden state warriors,washington wizards,125,112,0.454,0.438,29,29,56,47,6,9,13.0,-13.0,0,1
0022400156,2024-11-04,detroit pistons,los angeles lakers,115,103,0.469,0.435,22,28,55,37,12,13,12.0,-12.0,1,1
0022400157,2024-11-04,atlanta hawks,boston celtics,93,123,0.416,0.485,23,27,43,50,19,12,-30.0,30.0,1,0
0022400158,2024-11-04,brooklyn nets,memphis grizzlies,106,104,0.476,0.473,28,29,37,44,13,14,2.0,-2.0,1,1
0022400159,2024-11-04,miami heat,sacramento kings,110,111,0.435,0.512,24,23,36,39,10,12,-1.0,1.0,1,0
0022400160,2024-11-04,chicago bulls,utah jazz,126,135,0.474,0.539,36,35,36,49,9,12,-9.0,9.0,1,0
0022400161,2024-11-04,houston rockets,new york knicks,109,97,0.489,0.386,21,20,50,39,10,10,12.0,-12.0,1,1
0022400162,2024-11-04,charlotte hornets,minnesota timberwolves,93,114,0.398,0.494,19,23,38,45,14,15,-21.0,21.0,0,0
0022400163,2024-11-04,oklahoma city thunder,orlando magic,102,86,0.459,0.354,23,20,42,41,15,18,16.0,-16.0,1,1
0022400164,2024-11-04,new orleans pelicans,portland trail blazers,100,118,0.452,0.548,24,21,34,38,12,11,-18.0,18.0,1,0
0022400165,2024-11-04,dallas mavericks,indiana pacers,127,134,0.517,0.568,29,30,38,46,8,9,-7.0,7.0,1,0
0022400166,2024-11-04,denver nuggets,toronto raptors,121,119,0.494,0.456,29,38,44,41,17,13,2.0,-2.0,1,1
0022400167,2024-11-04,philadelphia 76ers,phoenix suns,116,118,0.46,0.512,27,24,38,43,14,14,-2.0,2.0,0,0
0022400168,2024-11-04,la clippers,san antonio spurs,113,104,0.456,0.442,25,22,44,45,10,10,9.0,-9.0,1,1
0022400169,2024-11-06,charlotte hornets,detroit pistons,108,107,0.433,0.489,22,34,47,46,12,10,1.0,-1.0,1,1
0022400170,2024-11-06,indiana pacers,orlando magic,118,111,0.539,0.512,21,26,36,38,11,16,7.0,-7.0,1,1
0022400171,2024-11-06,atlanta hawks,new york knicks,121,116,0.45,0.488,31,29,48,41,8,15,5.0,-5.0,1,1
0022400172,2024-11-06,boston celtics,golden state warriors,112,118,0.422,0.462,22,22,47,53,12,11,-6.0,6.0,1,0
0022400173,2024-11-06,houston rockets,san antonio spurs,127,100,0.563,0.446,28,20,45,41,11,19,27.0,-27.0,1,1
0022400174,2024-11-06,los angeles lakers,memphis grizzlies,114,131,0.441,0.516,23,28,37,50,11,18,-17.0,17.0,0,0
0022400175,2024-11-06,cleveland cavaliers,new orleans pelicans,131,122,0.542,0.477,33,21,46,33,11,9,9.0,-9.0,0,1
0022400176,2024-11-06,chicago bulls,dallas mavericks,99,119,0.419,0.484,25,33,51,47,22,15,-20.0,20.0,0,0
0022400177,2024-11-06,denver nuggets,oklahoma city thunder,124,122,0.472,0.44,34,29,55,47,18,14,2.0,-2.0,1,1
0022400178,2024-11-06,miami heat,phoenix suns,112,115,0.435,0.5,27,29,43,46,10,16,-3.0,3.0,0,0
0022400179,2024-11-06,la clippers,philadelphia 76ers,110,98,0.569,0.548,27,19,29,32,17,20,12.0,-12.0,1,1
0022400180,2024-11-06,sacramento kings,toronto raptors,122,107,0.467,0.489,26,25,47,34,9,11,15.0,-15.0,1,1
0022400181,2024-11-07,chicago bulls,minnesota timberwolves,119,135,0.534,0.548,30,29,32,40,13,13,-16.0,16.0,1,0
0022400182,2024-11-07,milwaukee bucks,utah jazz,123,100,0.512,0.429,20,24,41,39,10,21,23.0,-23.0,1,1
0022400183,2024-11-07,portland trail blazers,san antonio spurs,105,118,0.477,0.537,23,35,41,45,14,15,-13.0,13.0,0,0
0022400184,2024-11-08,charlotte hornets,indiana pacers,103,83,0.422,0.398,23,24,56,37,14,12,20.0,-20.0,1,1
0022400185,2024-11-08,atlanta hawks,detroit pistons,121,122,0.454,0.512,30,27,44,45,17,20,-1.0,1.0,0,0
0022400186,2024-11-08,new orleans pelicans,orlando magic,88,115,0.381,0.523,18,28,31,43,15,13,-27.0,27.0,0,0
0022400187,2024-11-08,boston celtics,brooklyn nets,108,104,0.433,0.41,23,24,39,51,13,12,4.0,-4.0,1,1
0022400188,2024-11-08,cleveland cavaliers,golden state warriors,136,117,0.541,0.48,33,32,43,40,19,17,19.0,-19.0,1,1
0022400189,2024-11-08,milwaukee bucks,new york knicks,94,116,0.434,0.473,20,35,41,48,12,7,-22.0,22.0,0,0
0022400190,2024-11-08,dallas mavericks,phoenix suns,113,114,0.513,0.5,18,26,39,37,11,8,-1.0,1.0,1,0
0022400191,2024-11-08,memphis grizzlies,washington wizards,128,104,0.474,0.409,30,27,50,41,17,18,24.0,-24.0,1,1
0022400192,2024-11-08,houston rockets,oklahoma city thunder,107,126,0.433,0.511,19,24,48,41,17,10,-19.0,19.0,0,0
0022400193,2024-11-08,minnesota timberwolves,portland trail blazers,127,102,0.485,0.429,32,13,49,37,17,16,25.0,-25.0,1,1
0022400194,2024-11-08,denver nuggets,miami heat,135,122,0.617,0.489,37,33,39,33,17,11,13.0,-13.0,1,1
0022400195,2024-11-08,los angeles lakers,philadelphia 76ers,116,106,0.518,0.406,28,28,45,44,11,5,10.0,-10.0,1,1
0022400196,2024-11-08,la clippers,sacramento kings,107,98,0.444,0.474,20,19,48,35,18,13,9.0,-9.0,0,1
0022400197,2024-11-09,san antonio spurs,utah jazz,110,111,0.447,0.463,29,23,37,45,20,17,-1.0,1.0,1,0
0022400198,2024-11-09,atlanta hawks,chicago bulls,113,125,0.461,0.5,31,30,39,47,13,17,-12.0,12.0,1,0
0022400199,2024-11-09,brooklyn nets,cleveland cavaliers,100,105,0.447,0.541,21,24,36,33,17,14,-5.0,5.0,0,0
0022400200,2024-11-09,la clippers,toronto raptors,105,103,0.461,0.421,18,26,47,44,12,10,2.0,-2.0,1,1
0022400201,2024-11-10,detroit pistons,houston rockets,99,101,0.429,0.409,21,19,46,53,18,11,-2.0,2.0,1,0
0022400202,2024-11-10,boston celtics,milwaukee bucks,113,107,0.407,0.481,27,21,42,41,12,12,6.0,-6.0,0,1
0022400203,2024-11-10,indiana pacers,new york knicks,132,121,0.511,0.554,27,23,32,39,6,13,11.0,-11.0,1,1
0022400204,2024-11-10,orlando magic,washington wizards,121,94,0.451,0.458,25,20,44,37,11,16,27.0,-27.0,1,1
0022400205,2024-11-10,charlotte hornets,philadelphia 76ers,105,107,0.379,0.464,22,24,50,40,19,17,-2.0,2.0,0,0
0022400206,2024-11-10,miami heat,minnesota timberwolves,95,94,0.442,0.398,18,22,43,47,22,19,1.0,-1.0,0,1
0022400207,2024-11-10,golden state warriors,oklahoma city thunder,127,116,0.506,0.447,35,25,46,41,14,11,11.0,-11.0,0,1
0022400208,2024-11-10,dallas mavericks,denver nuggets,120,122,0.533,0.506,29,35,42,45,10,10,-2.0,2.0,0,0
0022400209,2024-11-10,phoenix suns,sacramento kings,118,127,0.419,0.49,30,23,48,57,11,14,-9.0,9.0,1,0
0022400210,2024-11-10,memphis grizzlies,portland trail blazers,134,89,0.553,0.34,32,18,51,43,20,23,45.0,-45.0,0,1
0022400211,2024-11-10,los angeles lakers,toronto raptors,123,103,0.512,0.451,30,26,33,40,5,16,20.0,-20.0,1,1
0022400212,2024-11-11,chicago bulls,cleveland cavaliers,113,119,0.494,0.443,26,26,51,43,20,8,-6.0,6.0,1,0
0022400213,2024-11-11,houston rockets,washington wizards,107,92,0.46,0.409,13,21,58,34,19,18,15.0,-15.0,1,1
0022400214,2024-11-11,brooklyn nets,new orleans pelicans,107,105,0.429,0.447,24,31,46,45,16,10,2.0,-2.0,0,1
0022400215,2024-11-11,la clippers,oklahoma city thunder,128,134,0.55,0.516,31,31,47,29,23,11,-6.0,6.0,0,0
0022400216,2024-11-11,sacramento kings,san antonio spurs,96,116,0.429,0.506,18,31,37,44,11,16,-20.0,20.0,0,0
0022400217,2024-11-13,indiana pacers,orlando magic,90,94,0.381,0.405,22,26,41,50,16,17,-4.0,4.0,0,0
0022400218,2024-11-13,boston celtics,brooklyn nets,139,114,0.538,0.506,35,26,45,34,7,12,25.0,-25.0,0,1
0022400219,2024-11-13,chicago bulls,new york knicks,124,123,0.537,0.511,31,31,40,40,18,15,1.0,-1.0,0,1
0022400220,2024-11-13,cleveland cavaliers,philadelphia 76ers,114,106,0.494,0.446,25,24,46,45,11,11,8.0,-8.0,0,1
0022400221,2024-11-13,new orleans pelicans,oklahoma city thunder,88,106,0.395,0.443,21,20,58,31,23,5,-18.0,18.0,0,0
0022400222,2024-11-13,houston rockets,la clippers,111,103,0.433,0.396,28,27,59,42,13,9,8.0,-8.0,1,1
0022400223,2024-11-13,detroit pistons,milwaukee bucks,120,127,0.46,0.474,29,26,45,47,14,11,-7.0,7.0,0,0
0022400224,2024-11-13,san antonio spurs,washington wizards,139,130,0.522,0.516,38,27,39,41,9,18,9.0,-9.0,1,1
0022400225,2024-11-13,los angeles lakers,memphis grizzlies,128,123,0.506,0.472,31,28,42,41,18,13,5.0,-5.0,1,1
0022400226,2024-11-13,minnesota timberwolves,portland trail blazers,98,106,0.394,0.458,16,17,41,47,13,19,-8.0,8.0,0,0
0022400227,2024-11-13,phoenix suns,sacramento kings,104,127,0.371,0.641,23,38,40,45,10,17,-23.0,23.0,0,0
0022400228,2024-11-14,dallas mavericks,utah jazz,113,115,0.506,0.506,25,25,30,40,17,18,-2.0,2.0,0,0
0022400229,2024-11-16,charlotte hornets,milwaukee bucks,115,114,0.441,0.511,25,31,53,40,10,9,1.0,-1.0,1,1
0022400230,2024-11-16,boston celtics,toronto raptors,126,123,0.444,0.51,30,35,42,46,9,9,3.0,-3.0,1,1
0022400231,2024-11-16,los angeles lakers,new orleans pelicans,104,99,0.438,0.422,24,24,43,50,11,17,5.0,-5.0,0,1
0022400232,2024-11-16,dallas mavericks,san antonio spurs,110,93,0.468,0.318,26,21,53,45,14,11,17.0,-17.0,1,1
0022400233,2024-11-16,sacramento kings,utah jazz,121,117,0.506,0.493,24,16,35,33,14,13,4.0,-4.0,1,1
0022400234,2024-11-17,minnesota timberwolves,phoenix suns,120,117,0.525,0.541,27,29,32,41,14,19,3.0,-3.0,1,1
0022400235,2024-11-17,indiana pacers,miami heat,119,110,0.518,0.4,30,21,45,38,10,10,9.0,-9.0,1,1
0022400236,2024-11-17,charlotte hornets,cleveland cavaliers,114,128,0.408,0.571,34,26,40,48,9,20,-14.0,14.0,0,0
0022400237,2024-11-17,detroit pistons,washington wizards,124,104,0.474,0.47,27,21,51,39,8,17,20.0,-20.0,0,1
0022400238,2024-11-17,denver nuggets,memphis grizzlies,90,105,0.417,0.451,23,31,39,45,14,12,-15.0,15.0,0,0
0022400239,2024-11-17,atlanta hawks,portland trail blazers,110,114,0.459,0.463,30,31,47,40,25,20,-4.0,4.0,0,0
0022400240,2024-11-17,brooklyn nets,new york knicks,104,114,0.421,0.489,31,33,35,47,9,6,-10.0,10.0,0,0
0022400241,2024-11-17,chicago bulls,houston rockets,107,143,0.336,0.524,26,34,47,66,13,10,-36.0,36.0,1,0
0022400242,2024-11-17,dallas mavericks,oklahoma city thunder,121,119,0.476,0.494,18,29,53,29,16,6,2.0,-2.0,0,1
0022400243,2024-11-17,la clippers,utah jazz,116,105,0.489,0.494,30,24,41,41,9,18,11.0,-11.0,1,1
0022400244,2024-11-18,chicago bulls,detroit pistons,122,112,0.484,0.429,28,27,46,48,10,9,10.0,-10.0,0,1
0022400245,2024-11-18,miami heat,philadelphia 76ers,106,89,0.414,0.417,26,25,53,42,13,14,17.0,-17.0,1,1
0022400246,2024-11-18,new york knicks,washington wizards,134,106,0.56,0.473,37,23,41,41,8,10,28.0,-28.0,1,1
0022400247,2024-11-18,indiana pacers,toronto raptors,119,130,0.444,0.585,29,27,32,46,10,23,-11.0,11.0,0,0
0022400248,2024-11-18,houston rockets,milwaukee bucks,100,101,0.4,0.458,19,21,53,43,12,15,-1.0,1.0,0,0
0022400249,2024-11-18,orlando magic,phoenix suns,109,99,0.513,0.422,28,25,38,45,10,13,10.0,-10.0,0,1
0022400250,2024-11-18,atlanta hawks,sacramento kings,109,108,0.47,0.435,34,24,37,45,14,17,1.0,-1.0,0,1
0022400251,2024-11-18,golden state warriors,la clippers,99,102,0.44,0.427,27,29,45,44,19,17,-3.0,3.0,0,0
0022400252,2024-11-20,cleveland cavaliers,new orleans pelicans,128,100,0.527,0.424,29,23,52,40,11,11,28.0,-28.0,1,1
0022400253,2024-11-20,chicago bulls,milwaukee bucks,106,122,0.466,0.55,25,30,33,45,14,11,-16.0,16.0,0,0
0022400254,2024-11-20,houston rockets,indiana pacers,130,113,0.461,0.53,25,19,47,36,13,23,17.0,-17.0,1,1
0022400255,2024-11-20,memphis grizzlies,philadelphia 76ers,117,111,0.482,0.448,29,21,41,41,19,14,6.0,-6.0,1,1
0022400256,2024-11-20,oklahoma city thunder,portland trail blazers,109,99,0.44,0.405,24,18,46,49,13,22,10.0,-10.0,1,1
0022400257,2024-11-20,new york knicks,phoenix suns,138,122,0.581,0.489,30,30,41,34,13,14,16.0,-16.0,0,1
0022400258,2024-11-20,atlanta hawks,golden state warriors,97,120,0.333,0.465,27,36,65,54,17,15,-23.0,23.0,0,0
0022400259,2024-11-20,la clippers,orlando magic,104,93,0.494,0.44,22,21,49,24,22,14,11.0,-11.0,1,1
0022400260,2024-11-21,charlotte hornets,detroit pistons,123,121,0.473,0.424,23,30,43,56,15,19,2.0,-2.0,1,1
0022400261,2024-11-21,minnesota timberwolves,toronto raptors,105,110,0.413,0.514,16,22,40,43,17,17,-5.0,5.0,0,0
0022400262,2024-11-21,san antonio spurs,utah jazz,126,118,0.466,0.418,32,22,51,49,11,14,8.0,-8.0,1,1
0022400263,2024-11-21,los angeles lakers,orlando magic,118,119,0.506,0.473,21,31,36,48,10,16,-1.0,1.0,1,0
0022400264,2024-11-23,new york knicks,utah jazz,106,121,0.39,0.506,25,30,40,52,9,18,-15.0,15.0,0,0
0022400265,2024-11-23,detroit pistons,orlando magic,100,111,0.467,0.46,16,25,34,44,17,13,-11.0,11.0,0,0
0022400266,2024-11-23,chicago bulls,memphis grizzlies,131,142,0.505,0.573,29,38,35,49,11,11,-11.0,11.0,1,0
0022400267,2024-11-23,houston rockets,portland trail blazers,98,104,0.356,0.378,17,16,43,53,9,16,-6.0,6.0,1,0
0022400268,2024-11-23,charlotte hornets,milwaukee bucks,119,125,0.41,0.483,22,20,48,51,10,14,-6.0,6.0,0,0
0022400269,2024-11-23,golden state warriors,san antonio spurs,94,104,0.379,0.447,29,29,49,48,10,8,-10.0,10.0,0,0
0022400270,2024-11-23,denver nuggets,los angeles lakers,127,102,0.61,0.443,37,27,48,32,17,15,25.0,-25.0,0,1
0022400271,2024-11-24,boston celtics,minnesota timberwolves,107,105,0.425,0.42,25,19,40,49,6,8,2.0,-2.0,1,1
0022400272,2024-11-24,indiana pacers,washington wizards,115,103,0.477,0.456,31,24,45,41,11,16,12.0,-12.0,1,1
0022400273,2024-11-24,dallas mavericks,miami heat,118,123,0.419,0.43,29,27,59,57,13,9,-5.0,5.0,0,0
0022400274,2024-11-24,la clippers,philadelphia 76ers,125,99,0.58,0.395,31,22,44,33,17,13,26.0,-26.0,0,1
0022400275,2024-11-24,cleveland cavaliers,toronto raptors,122,108,0.495,0.402,27,22,49,55,13,14,14.0,-14.0,1,1
0022400276,2024-11-24,brooklyn nets,sacramento kings,108,103,0.48,0.481,24,21,31,44,12,16,5.0,-5.0,0,1
0022400277,2024-11-25,charlotte hornets,orlando magic,84,95,0.413,0.394,14,21,52,39,26,8,-11.0,11.0,1,0
0022400278,2024-11-25,detroit pistons,toronto raptors,102,100,0.447,0.394,27,26,38,50,14,9,2.0,-2.0,1,1
0022400279,2024-11-25,indiana pacers,new orleans pelicans,114,110,0.473,0.517,30,35,41,44,13,15,4.0,-4.0,1,1
0022400280,2024-11-25,atlanta hawks,dallas mavericks,119,129,0.475,0.5,32,24,39,51,14,17,-10.0,10.0,1,0
0022400281,2024-11-25,boston celtics,la clippers,126,94,0.511,0.433,33,18,47,44,11,13,32.0,-32.0,1,1
0022400282,2024-11-25,memphis grizzlies,portland trail blazers,123,98,0.494,0.333,35,22,60,44,18,11,25.0,-25.0,1,1
0022400283,2024-11-25,denver nuggets,new york knicks,118,145,0.446,0.609,23,45,33,43,11,9,-27.0,27.0,1,0
0022400284,2024-11-25,brooklyn nets,golden state warriors,128,120,0.494,0.484,23,32,42,43,11,12,8.0,-8.0,0,1
0022400285,2024-11-25,oklahoma city thunder,sacramento kings,130,109,0.558,0.483,28,24,44,31,15,12,21.0,-21.0,0,1
0022400286,2024-11-27,charlotte hornets,miami heat,94,98,0.378,0.452,22,21,43,44,13,18,-4.0,4.0,1,0
0022400287,2024-11-27,atlanta hawks,cleveland cavaliers,135,124,0.474,0.463,39,31,51,44,13,12,11.0,-11.0,0,1
0022400288,2024-11-27,indiana pacers,portland trail blazers,121,114,0.489,0.506,27,31,47,38,12,14,7.0,-7.0,1,1
0022400289,2024-11-27,chicago bulls,orlando magic,119,133,0.529,0.511,30,30,37,39,18,11,-14.0,14.0,0,0
0022400290,2024-11-27,houston rockets,philadelphia 76ers,122,115,0.455,0.448,23,19,51,42,20,14,7.0,-7.0,0,1
0022400291,2024-11-27,la clippers,washington wizards,121,96,0.506,0.412,27,21,47,40,13,20,25.0,-25.0,0,1
0022400292,2024-11-27,dallas mavericks,new york knicks,129,114,0.565,0.465,27,20,43,33,13,8,15.0,-15.0,1,1
0022400293,2024-11-27,detroit pistons,memphis grizzlies,111,131,0.471,0.548,24,31,42,42,18,16,-20.0,20.0,0,0
0022400294,2024-11-27,minnesota timberwolves,sacramento kings,104,115,0.446,0.489,25,28,33,47,15,16,-11.0,11.0,1,0
0022400295,2024-11-27,new orleans pelicans,toronto raptors,93,119,0.387,0.495,24,38,47,52,15,15,-26.0,26.0,1,0
0022400296,2024-11-27,los angeles lakers,san antonio spurs,119,101,0.533,0.424,31,26,46,38,13,15,18.0,-18.0,0,1
0022400297,2024-11-27,brooklyn nets,phoenix suns,127,117,0.506,0.532,32,25,36,37,12,17,10.0,-10.0,0,1
0022400298,2024-11-27,denver nuggets,utah jazz,122,103,0.548,0.422,30,25,39,47,10,18,19.0,-19.0,0,1
0022400299,2024-11-27,golden state warriors,oklahoma city thunder,101,105,0.357,0.459,25,26,57,48,14,14,-4.0,4.0,1,0
0022400300,2024-11-30,atlanta hawks,charlotte hornets,107,104,0.487,0.372,27,23,49,45,20,14,3.0,-3.0,0,1
0022400301,2024-11-30,detroit pistons,philadelphia 76ers,96,111,0.385,0.494,22,19,42,50,16,14,-15.0,15.0,1,0
0022400302,2024-11-30,milwaukee bucks,washington wizards,124,114,0.512,0.471,31,24,38,41,11,12,10.0,-10.0,1,1
0022400303,2024-11-30,golden state warriors,phoenix suns,105,113,0.413,0.481,28,31,43,45,9,12,-8.0,8.0,0,0
0022400304,2024-11-30,dallas mavericks,utah jazz,106,94,0.456,0.358,30,20,48,53,15,15,12.0,-12.0,0,1
0022400305,2024-12-01,brooklyn nets,orlando magic,92,100,0.38,0.459,19,23,33,52,16,22,-8.0,8.0,1,0
0022400306,2024-12-01,indiana pacers,memphis grizzlies,121,136,0.478,0.527,28,36,41,40,15,10,-15.0,15.0,0,0
0022400307,2024-12-01,boston celtics,cleveland cavaliers,111,115,0.4,0.488,17,22,46,44,8,17,-4.0,4.0,0,0
0022400308,2024-12-01,new orleans pelicans,new york knicks,85,118,0.372,0.457,20,30,42,60,14,17,-33.0,33.0,0,0
0022400309,2024-12-01,miami heat,toronto raptors,116,119,0.443,0.534,25,30,45,47,14,14,-3.0,3.0,0,0
0022400310,2024-12-01,houston rockets,oklahoma city thunder,119,116,0.413,0.447,20,30,51,46,10,7,3.0,-3.0,1,1
0022400311,2024-12-01,los angeles lakers,utah jazz,105,104,0.443,0.506,23,27,42,44,5,15,1.0,-1.0,0,1
0022400312,2024-12-01,dallas mavericks,portland trail blazers,137,131,0.552,0.583,33,29,33,39,13,21,6.0,-6.0,0,1
0022400313,2024-12-01,sacramento kings,san antonio spurs,125,127,0.465,0.512,32,32,51,38,10,15,-2.0,2.0,1,0
0022400314,2024-12-01,denver nuggets,la clippers,122,126,0.58,0.478,37,28,39,42,14,14,-4.0,4.0,0,0
0022400315,2024-12-02,atlanta hawks,new orleans pelicans,124,112,0.51,0.44,30,21,51,41,18,16,12.0,-12.0,1,1
0022400316,2024-12-02,boston celtics,miami heat,108,89,0.438,0.356,25,24,54,44,14,10,19.0,-19.0,1,1
0022400317,2024-12-02,brooklyn nets,chicago bulls,102,128,0.4,0.522,24,33,41,54,10,16,-26.0,26.0,0,0
0022400318,2024-12-02,los angeles lakers,minnesota timberwolves,80,109,0.405,0.506,19,31,39,43,20,15,-29.0,29.0,0,0
0022400319,2024-12-04,boston celtics,detroit pistons,130,120,0.479,0.512,30,27,43,34,16,18,10.0,-10.0,1,1
0022400320,2024-12-04,brooklyn nets,indiana pacers,99,90,0.432,0.427,24,20,43,39,12,16,9.0,-9.0,1,1
0022400321,2024-12-04,los angeles lakers,miami heat,93,134,0.42,0.578,29,42,36,52,13,15,-41.0,41.0,0,0
0022400322,2024-12-04,orlando magic,philadelphia 76ers,106,102,0.488,0.488,21,23,42,35,13,14,4.0,-4.0,0,1
0022400323,2024-12-04,atlanta hawks,milwaukee bucks,119,104,0.441,0.423,29,23,54,40,11,18,15.0,-15.0,0,1
0022400324,2024-12-04,la clippers,minnesota timberwolves,80,108,0.349,0.482,13,31,46,50,21,14,-28.0,28.0,1,0
0022400325,2024-12-05,cleveland cavaliers,denver nuggets,126,114,0.5,0.479,32,25,47,49,15,15,12.0,-12.0,1,1
0022400326,2024-12-05,dallas mavericks,washington wizards,137,101,0.539,0.394,27,25,58,39,15,12,36.0,-36.0,0,1
0022400327,2024-12-05,charlotte hornets,new york knicks,101,125,0.449,0.539,27,29,40,43,10,9,-24.0,24.0,0,0
0022400328,2024-12-05,oklahoma city thunder,toronto raptors,129,92,0.48,0.356,28,24,55,51,6,20,37.0,-37.0,0,1
0022400329,2024-12-05,memphis grizzlies,sacramento kings,115,110,0.475,0.398,27,19,49,46,22,13,5.0,-5.0,1,1
0022400330,2024-12-05,new orleans pelicans,phoenix suns,126,124,0.495,0.506,23,32,44,46,13,17,2.0,-2.0,1,1
0022400331,2024-12-05,chicago bulls,san antonio spurs,139,124,0.578,0.463,36,26,50,41,17,11,15.0,-15.0,0,1
0022400332,2024-12-05,golden state warriors,houston rockets,99,93,0.419,0.376,19,20,54,45,10,8,6.0,-6.0,1,1
0022400333,2024-12-06,orlando magic,philadelphia 76ers,94,102,0.423,0.481,21,23,38,37,19,15,-8.0,8.0,0,0
0022400334,2024-12-06,atlanta hawks,los angeles lakers,134,132,0.5,0.515,40,33,48,40,17,13,2.0,-2.0,1,1
0022400335,2024-12-06,boston celtics,milwaukee bucks,111,105,0.46,0.426,27,16,41,51,6,9,6.0,-6.0,1,1
0022400336,2024-12-06,chicago bulls,indiana pacers,123,132,0.474,0.565,33,33,38,46,12,12,-9.0,9.0,1,0
0022400337,2024-12-06,sacramento kings,san antonio spurs,140,113,0.567,0.429,33,28,44,42,11,14,27.0,-27.0,0,1
0022400338,2024-12-06,golden state warriors,minnesota timberwolves,90,107,0.39,0.455,21,32,41,48,22,17,-17.0,17.0,1,0
0022400339,2024-12-06,portland trail blazers,utah jazz,99,141,0.389,0.552,23,34,34,61,10,12,-42.0,42.0,1,0
0022400340,2024-12-07,charlotte hornets,cleveland cavaliers,102,116,0.43,0.5,21,28,37,47,10,11,-14.0,14.0,1,0
0022400341,2024-12-07,denver nuggets,washington wizards,113,122,0.484,0.484,34,31,48,46,15,17,-9.0,9.0,0,0
0022400342,2024-12-07,new orleans pelicans,oklahoma city thunder,109,119,0.481,0.529,25,27,35,45,18,18,-10.0,10.0,1,0
0022400343,2024-12-07,detroit pistons,new york knicks,120,111,0.518,0.532,28,27,43,31,18,15,9.0,-9.0,0,1
0022400344,2024-12-07,dallas mavericks,toronto raptors,125,118,0.469,0.462,21,37,52,39,18,13,7.0,-7.0,0,1
0022400345,2024-12-07,boston celtics,memphis grizzlies,121,127,0.4,0.5,26,25,51,52,13,13,-6.0,6.0,1,0
0022400346,2024-12-07,miami heat,phoenix suns,121,111,0.523,0.439,30,29,41,41,11,14,10.0,-10.0,1,1
0022400347,2024-12-08,chicago bulls,philadelphia 76ers,100,108,0.407,0.467,29,25,35,56,15,15,-8.0,8.0,1,0
0022400348,2024-12-08,brooklyn nets,milwaukee bucks,113,118,0.506,0.574,24,26,30,31,9,16,-5.0,5.0,1,0
0022400349,2024-12-08,charlotte hornets,indiana pacers,113,109,0.513,0.512,24,23,45,29,24,17,4.0,-4.0,0,1
0022400350,2024-12-08,atlanta hawks,denver nuggets,111,141,0.406,0.629,26,43,45,43,12,18,-30.0,30.0,1,0
0022400351,2024-12-08,cleveland cavaliers,miami heat,113,122,0.477,0.477,25,27,36,47,9,11,-9.0,9.0,0,0
0022400352,2024-12-08,orlando magic,phoenix suns,115,110,0.477,0.47,17,24,44,39,13,19,5.0,-5.0,1,1
0022400353,2024-12-08,memphis grizzlies,washington wizards,140,112,0.521,0.43,34,20,46,52,16,21,28.0,-28.0,0,1
0022400354,2024-12-08,new orleans pelicans,san antonio spurs,116,121,0.434,0.452,26,27,43,55,8,13,-5.0,5.0,0,0
0022400355,2024-12-08,golden state warriors,minnesota timberwolves,114,106,0.467,0.456,28,22,45,39,11,14,8.0,-8.0,1,1
0022400356,2024-12-08,houston rockets,la clippers,117,106,0.488,0.446,23,21,50,33,15,7,11.0,-11.0,0,1
0022400357,2024-12-08,sacramento kings,utah jazz,141,97,0.57,0.388,39,21,43,38,8,20,44.0,-44.0,1,1
0022400358,2024-12-08,los angeles lakers,portland trail blazers,107,98,0.458,0.417,25,17,40,49,11,17,9.0,-9.0,1,1
0022400359,2024-12-09,new york knicks,toronto raptors,113,108,0.512,0.448,32,23,40,51,10,12,5.0,-5.0,0,1
0022400360,2024-12-19,detroit pistons,utah jazz,119,126,0.438,0.47,26,23,39,62,10,27,-7.0,7.0,1,0
0022400361,2024-12-19,oklahoma city thunder,orlando magic,105,99,0.482,0.449,23,25,32,40,13,18,6.0,-6.0,0,1
0022400362,2024-12-19,charlotte hornets,washington wizards,114,123,0.406,0.494,30,33,52,52,8,18,-9.0,9.0,0,0
0022400363,2024-12-19,boston celtics,chicago bulls,108,117,0.392,0.447,21,23,45,56,4,10,-9.0,9.0,1,0
0022400364,2024-12-19,brooklyn nets,toronto raptors,101,94,0.402,0.395,18,26,53,34,15,12,7.0,-7.0,0,1
0022400365,2024-12-19,houston rockets,new orleans pelicans,133,113,0.575,0.446,34,25,42,37,11,12,20.0,-20.0,1,1
0022400366,2024-12-19,golden state warriors,memphis grizzlies,93,144,0.356,0.541,20,38,36,60,17,16,-51.0,51.0,0,0
0022400367,2024-12-19,minnesota timberwolves,new york knicks,107,133,0.461,0.515,29,39,37,57,13,15,-26.0,26.0,1,0
0022400368,2024-12-19,dallas mavericks,la clippers,95,118,0.395,0.518,21,30,40,47,13,13,-23.0,23.0,1,0
0022400369,2024-12-19,indiana pacers,phoenix suns,120,111,0.438,0.488,30,28,47,44,9,16,9.0,-9.0,0,1
0022400370,2024-12-19,atlanta hawks,san antonio spurs,126,133,0.474,0.485,32,32,53,42,22,17,-7.0,7.0,0,0
0022400371,2024-12-19,denver nuggets,portland trail blazers,124,126,0.54,0.464,35,29,40,45,11,10,-2.0,2.0,0,0
0022400372,2024-12-19,los angeles lakers,sacramento kings,113,100,0.404,0.451,22,27,53,43,10,15,13.0,-13.0,0,1
0022400373,2024-12-20,charlotte hornets,philadelphia 76ers,98,108,0.462,0.494,22,30,44,39,17,14,-10.0,10.0,0,0
0022400374,2024-12-20,cleveland cavaliers,milwaukee bucks,124,101,0.505,0.471,30,23,48,45,15,20,23.0,-23.0,1,1
0022400375,2024-12-20,miami heat,oklahoma city thunder,97,104,0.434,0.453,20,24,41,48,18,14,-7.0,7.0,1,0
0022400376,2024-12-21,los angeles lakers,sacramento kings,103,99,0.482,0.433,23,25,48,46,13,13,4.0,-4.0,0,1
0022400377,2024-12-21,miami heat,orlando magic,114,121,0.48,0.494,16,24,38,41,14,13,-7.0,7.0,0,0
0022400378,2024-12-21,atlanta hawks,memphis grizzlies,112,128,0.488,0.515,29,35,41,40,25,18,-16.0,16.0,1,0
0022400379,2024-12-21,brooklyn nets,utah jazz,94,105,0.404,0.477,24,25,50,45,17,18,-11.0,11.0,1,0
0022400380,2024-12-21,cleveland cavaliers,philadelphia 76ers,126,99,0.533,0.4,31,13,49,41,13,13,27.0,-27.0,1,1
0022400381,2024-12-21,boston celtics,chicago bulls,123,98,0.48,0.378,27,28,59,43,12,12,25.0,-25.0,0,1
0022400382,2024-12-21,milwaukee bucks,washington wizards,112,101,0.449,0.444,35,20,44,47,11,19,11.0,-11.0,1,1
0022400383,2024-12-21,golden state warriors,minnesota timberwolves,113,103,0.46,0.419,30,27,45,45,10,15,10.0,-10.0,0,1
0022400384,2024-12-21,new orleans pelicans,new york knicks,93,104,0.41,0.437,23,24,45,42,19,16,-11.0,11.0,1,0
0022400385,2024-12-21,dallas mavericks,la clippers,113,97,0.455,0.42,25,18,43,40,11,17,16.0,-16.0,1,1
0022400386,2024-12-21,portland trail blazers,san antonio spurs,94,114,0.396,0.473,21,33,44,49,13,12,-20.0,20.0,0,0
0022400387,2024-12-21,detroit pistons,phoenix suns,133,125,0.551,0.577,31,30,35,35,13,19,8.0,-8.0,0,1
0022400388,2024-12-22,houston rockets,toronto raptors,114,110,0.449,0.457,18,33,53,42,21,21,4.0,-4.0,0,1
0022400389,2024-12-22,indiana pacers,sacramento kings,122,95,0.581,0.365,36,21,50,47,10,10,27.0,-27.0,0,1
0022400390,2024-12-22,denver nuggets,new orleans pelicans,132,129,0.505,0.463,34,37,54,43,22,13,3.0,-3.0,0,1
0022400391,2024-12-23,charlotte hornets,houston rockets,101,114,0.416,0.434,25,23,44,60,11,11,-13.0,13.0,1,0
0022400392,2024-12-23,cleveland cavaliers,utah jazz,124,113,0.473,0.413,33,27,40,51,9,16,11.0,-11.0,1,1
0022400393,2024-12-23,boston celtics,orlando magic,104,108,0.44,0.446,13,26,41,42,18,20,-4.0,4.0,0,0
0022400394,2024-12-23,philadelphia 76ers,san antonio spurs,111,106,0.419,0.457,22,24,47,42,9,18,5.0,-5.0,1,1
0022400395,2024-12-23,atlanta hawks,minnesota timberwolves,117,104,0.534,0.429,27,31,38,43,21,21,13.0,-13.0,1,1
0022400396,2024-12-23,brooklyn nets,miami heat,95,110,0.393,0.493,23,27,42,44,14,15,-15.0,15.0,0,0
0022400397,2024-12-23,new york knicks,toronto raptors,139,125,0.593,0.545,34,28,35,30,14,15,14.0,-14.0,1,1
0022400398,2024-12-23,chicago bulls,milwaukee bucks,91,112,0.4,0.46,27,24,46,49,15,13,-21.0,21.0,1,0
0022400399,2024-12-23,la clippers,memphis grizzlies,114,110,0.438,0.384,22,26,53,56,17,20,4.0,-4.0,0,1
0022400400,2024-12-23,oklahoma city thunder,washington wizards,123,105,0.443,0.396,25,25,59,51,12,19,18.0,-18.0,1,1
0022400401,2024-12-23,dallas mavericks,portland trail blazers,132,108,0.533,0.462,27,23,41,48,10,18,24.0,-24.0,1,1
0022400402,2024-12-23,denver nuggets,phoenix suns,117,90,0.511,0.398,35,23,46,39,12,13,27.0,-27.0,1,1
0022400403,2024-12-23,golden state warriors,indiana pacers,105,111,0.433,0.489,29,26,44,43,11,11,-6.0,6.0,1,0
0022400404,2024-12-23,detroit pistons,los angeles lakers,117,114,0.511,0.541,24,28,37,38,12,18,3.0,-3.0,0,1
0022400405,2024-12-25,new york knicks,san antonio spurs,117,114,0.45,0.506,26,33,47,45,5,15,3.0,-3.0,1,1
0022400406,2024-12-25,dallas mavericks,minnesota timberwolves,99,105,0.414,0.465,15,23,43,46,12,10,-6.0,6.0,1,0
0022400407,2024-12-25,boston celtics,philadelphia 76ers,114,118,0.453,0.466,24,28,51,39,13,6,-4.0,4.0,1,0
0022400408,2024-12-25,golden state warriors,los angeles lakers,113,115,0.461,0.451,26,30,44,41,12,9,-2.0,2.0,1,0
0022400409,2024-12-25,denver nuggets,phoenix suns,100,110,0.462,0.466,20,31,46,42,16,7,-10.0,10.0,0,0
0022400410,2024-12-26,indiana pacers,oklahoma city thunder,114,120,0.472,0.463,28,20,51,45,11,3,-6.0,6.0,1,0
0022400411,2024-12-26,miami heat,orlando magic,89,88,0.408,0.442,21,14,35,42,20,21,1.0,-1.0,0,1
0022400412,2024-12-26,charlotte hornets,washington wizards,110,113,0.436,0.429,31,25,50,43,18,11,-3.0,3.0,0,0
0022400413,2024-12-26,atlanta hawks,chicago bulls,141,133,0.517,0.541,32,36,44,36,12,14,8.0,-8.0,1,1
0022400414,2024-12-26,memphis grizzlies,toronto raptors,155,126,0.532,0.454,36,39,63,40,17,15,29.0,-29.0,1,1
0022400415,2024-12-26,brooklyn nets,milwaukee bucks,111,105,0.476,0.494,25,23,38,39,21,22,6.0,-6.0,0,1
0022400416,2024-12-26,houston rockets,new orleans pelicans,128,111,0.474,0.434,19,29,54,44,15,13,17.0,-17.0,0,1
0022400417,2024-12-26,portland trail blazers,utah jazz,122,120,0.506,0.477,26,26,43,46,11,13,2.0,-2.0,1,1
0022400418,2024-12-26,detroit pistons,sacramento kings,114,113,0.418,0.476,25,20,44,44,10,14,1.0,-1.0,0,1
0022400419,2024-12-27,new york knicks,orlando magic,108,85,0.533,0.368,18,20,44,33,18,17,23.0,-23.0,0,1
0022400420,2024-12-27,boston celtics,indiana pacers,142,105,0.511,0.418,31,27,52,39,10,12,37.0,-37.0,1,1
0022400421,2024-12-27,brooklyn nets,san antonio spurs,87,96,0.389,0.41,22,26,45,43,16,13,-9.0,9.0,1,0
0022400422,2024-12-27,houston rockets,minnesota timberwolves,112,113,0.489,0.506,19,25,47,40,13,14,-1.0,1.0,1,0
0022400423,2024-12-27,memphis grizzlies,new orleans pelicans,132,124,0.472,0.448,30,30,42,45,16,17,8.0,-8.0,0,1
0022400424,2024-12-27,cleveland cavaliers,denver nuggets,149,135,0.563,0.564,40,39,38,38,10,13,14.0,-14.0,0,1
0022400425,2024-12-27,dallas mavericks,phoenix suns,98,89,0.438,0.386,24,23,41,42,15,13,9.0,-9.0,0,1
0022400426,2024-12-27,golden state warriors,la clippers,92,102,0.368,0.533,24,19,47,39,14,21,-10.0,10.0,0,0
0022400427,2024-12-28,atlanta hawks,miami heat,120,110,0.512,0.444,34,23,47,42,11,8,10.0,-10.0,1,1
0022400428,2024-12-28,charlotte hornets,oklahoma city thunder,94,106,0.363,0.477,17,29,44,49,18,15,-12.0,12.0,1,0
0022400429,2024-12-28,new york knicks,washington wizards,136,132,0.526,0.515,26,32,43,44,15,15,4.0,-4.0,0,1
0022400430,2024-12-28,chicago bulls,milwaukee bucks,116,111,0.474,0.402,33,27,52,43,11,7,5.0,-5.0,1,1
0022400431,2024-12-28,golden state warriors,phoenix suns,109,105,0.418,0.424,26,21,49,46,11,13,4.0,-4.0,1,1
0022400432,2024-12-28,denver nuggets,detroit pistons,134,121,0.561,0.484,29,29,40,41,13,12,13.0,-13.0,1,1
0022400433,2024-12-28,philadelphia 76ers,utah jazz,114,111,0.434,0.483,22,27,32,48,8,21,3.0,-3.0,0,1
0022400434,2024-12-28,dallas mavericks,portland trail blazers,122,126,0.483,0.5,20,27,40,50,13,14,-4.0,4.0,0,0
0022400435,2024-12-28,los angeles lakers,sacramento kings,132,122,0.597,0.51,33,38,33,39,11,9,10.0,-10.0,1,1
0022400436,2024-12-29,brooklyn nets,orlando magic,101,102,0.438,0.446,22,30,38,42,14,13,-1.0,1.0,0,0
0022400437,2024-12-29,boston celtics,indiana pacers,114,123,0.462,0.529,26,27,41,50,8,9,-9.0,9.0,1,0
0022400438,2024-12-29,atlanta hawks,toronto raptors,136,107,0.484,0.447,30,26,40,52,14,31,29.0,-29.0,0,1
0022400439,2024-12-29,houston rockets,miami heat,100,104,0.392,0.44,24,21,52,52,12,14,-4.0,4.0,1,0
0022400440,2024-12-29,memphis grizzlies,oklahoma city thunder,106,130,0.381,0.505,30,35,51,45,21,10,-24.0,24.0,0,0
0022400441,2024-12-29,minnesota timberwolves,san antonio spurs,112,110,0.43,0.437,23,25,56,41,10,9,2.0,-2.0,1,1
0022400442,2024-12-30,charlotte hornets,chicago bulls,108,115,0.416,0.375,23,31,56,63,14,13,-7.0,7.0,1,0
0022400443,2024-12-30,new york knicks,washington wizards,126,106,0.459,0.424,34,25,54,46,7,13,20.0,-20.0,0,1
0022400444,2024-12-30,la clippers,new orleans pelicans,116,113,0.477,0.512,24,30,40,35,16,16,3.0,-3.0,0,1
0022400445,2024-12-30,denver nuggets,utah jazz,132,121,0.505,0.512,38,28,51,37,7,16,11.0,-11.0,0,1
0022400446,2024-12-30,cleveland cavaliers,golden state warriors,113,95,0.458,0.333,25,20,54,55,16,14,18.0,-18.0,0,1
0022400447,2024-12-30,philadelphia 76ers,portland trail blazers,125,103,0.573,0.481,20,23,32,33,19,24,22.0,-22.0,0,1
0022400448,2024-12-30,dallas mavericks,sacramento kings,100,110,0.421,0.42,17,25,36,58,17,15,-10.0,10.0,0,0
0022400449,2024-12-31,boston celtics,toronto raptors,125,71,0.54,0.314,29,18,49,44,13,21,54.0,-54.0,1,1
0022400450,2024-12-31,indiana pacers,milwaukee bucks,112,120,0.444,0.464,26,27,50,51,16,12,-8.0,8.0,1,0
0022400451,2024-12-31,la clippers,san antonio spurs,86,122,0.345,0.49,17,37,41,58,13,9,-36.0,36.0,0,0
0022400452,2024-12-31,minnesota timberwolves,oklahoma city thunder,105,113,0.494,0.472,21,25,43,37,23,9,-8.0,8.0,0,0
0022400453,2024-12-31,memphis grizzlies,phoenix suns,117,112,0.426,0.457,27,28,51,43,17,17,5.0,-5.0,0,1
0022400454,2024-12-31,cleveland cavaliers,los angeles lakers,122,110,0.484,0.442,32,26,48,43,11,8,12.0,-12.0,0,1
0022400455,2025-01-01,detroit pistons,orlando magic,105,96,0.519,0.407,25,18,49,33,23,12,9.0,-9.0,1,1
0022400456,2025-01-01,chicago bulls,washington wizards,107,125,0.446,0.495,28,36,44,42,20,15,-18.0,18.0,0,0
0022400457,2025-01-01,miami heat,new orleans pelicans,119,108,0.53,0.5,34,25,38,31,10,10,11.0,-11.0,1,1
0022400458,2025-01-01,new york knicks,utah jazz,119,103,0.553,0.406,31,23,47,45,13,16,16.0,-16.0,1,1
0022400459,2025-01-01,brooklyn nets,toronto raptors,113,130,0.483,0.591,28,36,32,39,11,10,-17.0,17.0,0,0
0022400460,2025-01-01,dallas mavericks,houston rockets,99,110,0.533,0.472,19,16,38,35,20,12,-11.0,11.0,0,0
0022400461,2025-01-01,atlanta hawks,denver nuggets,120,139,0.45,0.564,34,44,44,43,13,12,-19.0,19.0,0,0
0022400462,2025-01-01,philadelphia 76ers,sacramento kings,107,113,0.476,0.488,24,24,34,45,18,17,-6.0,6.0,0,0
0022400463,2025-01-02,indiana pacers,miami heat,128,115,0.531,0.573,35,34,39,39,6,14,13.0,-13.0,0,1
0022400464,2025-01-02,boston celtics,minnesota timberwolves,118,115,0.5,0.5,30,24,31,41,3,15,3.0,-3.0,0,1
0022400465,2025-01-02,brooklyn nets,milwaukee bucks,113,110,0.432,0.444,26,21,51,46,14,14,3.0,-3.0,0,1
0022400466,2025-01-02,la clippers,oklahoma city thunder,98,116,0.469,0.5,25,29,45,35,19,9,-18.0,18.0,0,0
0022400467,2025-01-02,golden state warriors,philadelphia 76ers,139,105,0.609,0.42,41,17,43,33,11,11,34.0,-34.0,1,1
0022400468,2025-01-02,los angeles lakers,portland trail blazers,114,106,0.457,0.5,30,24,43,42,12,18,8.0,-8.0,1,1
0022400469,2025-01-03,charlotte hornets,detroit pistons,94,98,0.413,0.419,25,21,45,51,17,13,-4.0,4.0,0,0
0022400470,2025-01-03,orlando magic,toronto raptors,106,97,0.468,0.475,32,28,42,37,11,11,9.0,-9.0,0,1
0022400471,2025-01-03,boston celtics,houston rockets,109,86,0.506,0.364,20,9,41,37,14,11,23.0,-23.0,0,1
0022400472,2025-01-03,new orleans pelicans,washington wizards,132,120,0.5,0.536,36,28,37,48,7,21,12.0,-12.0,1,1
0022400473,2025-01-03,new york knicks,oklahoma city thunder,107,117,0.478,0.512,22,27,42,41,12,13,-10.0,10.0,0,0
0022400474,2025-01-03,cleveland cavaliers,dallas mavericks,134,122,0.531,0.43,38,29,46,53,7,12,12.0,-12.0,0,1
0022400475,2025-01-03,denver nuggets,san antonio spurs,110,113,0.433,0.465,33,31,46,56,8,13,-3.0,3.0,1,0
0022400476,2025-01-03,memphis grizzlies,sacramento kings,133,138,0.483,0.495,31,32,51,37,17,9,-5.0,5.0,0,0
0022400477,2025-01-03,atlanta hawks,los angeles lakers,102,119,0.41,0.489,22,28,39,56,8,18,-17.0,17.0,0,0
0022400478,2025-01-04,brooklyn nets,philadelphia 76ers,94,123,0.415,0.512,22,31,39,50,22,17,-29.0,29.0,1,0
0022400479,2025-01-04,detroit pistons,minnesota timberwolves,119,105,0.484,0.425,26,20,47,33,12,17,14.0,-14.0,1,1
0022400480,2025-01-04,indiana pacers,phoenix suns,126,108,0.479,0.487,35,30,47,36,6,11,18.0,-18.0,1,1
0022400481,2025-01-04,miami heat,utah jazz,100,136,0.438,0.52,25,31,32,57,15,14,-36.0,36.0,1,0
0022400482,2025-01-04,chicago bulls,new york knicks,139,126,0.543,0.495,36,27,43,49,12,13,13.0,-13.0,1,1
0022400483,2025-01-04,milwaukee bucks,portland trail blazers,102,105,0.432,0.482,25,21,43,55,11,17,-3.0,3.0,1,0
0022400484,2025-01-04,denver nuggets,san antonio spurs,122,111,0.435,0.394,32,28,58,58,7,12,11.0,-11.0,0,1
0022400485,2025-01-04,golden state warriors,memphis grizzlies,121,113,0.524,0.523,32,29,29,43,18,22,8.0,-8.0,1,1
0022400486,2025-01-04,atlanta hawks,la clippers,105,131,0.432,0.552,30,36,43,48,22,17,-26.0,26.0,0,0
0022400487,2025-01-05,boston celtics,oklahoma city thunder,92,105,0.365,0.448,17,22,48,46,16,15,-13.0,13.0,0,0
0022400488,2025-01-05,charlotte hornets,cleveland cavaliers,105,115,0.418,0.478,19,29,48,41,15,12,-10.0,10.0,0,0
0022400489,2025-01-05,new orleans pelicans,washington wizards,110,98,0.411,0.427,26,25,49,46,11,15,12.0,-12.0,0,1
0022400490,2025-01-05,orlando magic,utah jazz,92,105,0.357,0.481,25,21,43,50,11,22,-13.0,13.0,1,0
0022400491,2025-01-05,houston rockets,los angeles lakers,119,115,0.475,0.487,19,26,49,39,6,10,4.0,-4.0,1,1
0022400492,2025-01-05,golden state warriors,sacramento kings,99,129,0.457,0.517,22,31,35,43,22,15,-30.0,30.0,1,0
0022400493,2025-01-06,detroit pistons,portland trail blazers,118,115,0.447,0.533,23,32,45,38,14,16,3.0,-3.0,1,1
0022400494,2025-01-06,philadelphia 76ers,phoenix suns,99,109,0.391,0.506,20,32,46,44,10,12,-10.0,10.0,1,0
0022400495,2025-01-06,brooklyn nets,indiana pacers,99,113,0.418,0.506,23,22,51,35,14,10,-14.0,14.0,1,0
0022400496,2025-01-06,new york knicks,orlando magic,94,103,0.444,0.5,16,23,38,39,12,9,-9.0,9.0,1,0
0022400497,2025-01-06,milwaukee bucks,toronto raptors,128,104,0.573,0.451,37,27,46,35,21,15,24.0,-24.0,0,1
0022400498,2025-01-06,chicago bulls,san antonio spurs,114,110,0.431,0.463,25,31,47,49,13,17,4.0,-4.0,1,1
0022400499,2025-01-06,dallas mavericks,memphis grizzlies,104,119,0.408,0.455,25,24,50,55,15,13,-15.0,15.0,0,0
0022400500,2025-01-06,la clippers,minnesota timberwolves,106,108,0.416,0.446,23,24,49,55,13,14,-2.0,2.0,0,0
0022400501,2025-01-06,miami heat,sacramento kings,118,123,0.422,0.417,25,30,53,60,13,15,-5.0,5.0,0,0
0022400502,2025-01-07,charlotte hornets,phoenix suns,115,104,0.388,0.424,23,27,59,42,11,11,11.0,-11.0,1,1
0022400503,2025-01-07,houston rockets,washington wizards,135,112,0.515,0.461,31,21,49,43,10,18,23.0,-23.0,0,1
0022400504,2025-01-07,dallas mavericks,los angeles lakers,118,97,0.523,0.453,29,20,44,33,10,10,21.0,-21.0,1,1
0022400505,2025-01-07,minnesota timberwolves,new orleans pelicans,104,97,0.427,0.372,26,23,53,46,16,14,7.0,-7.0,0,1
0022400506,2025-01-07,atlanta hawks,utah jazz,124,121,0.48,0.417,35,25,44,47,10,15,3.0,-3.0,0,1
0022400507,2025-01-07,boston celtics,denver nuggets,118,106,0.5,0.46,30,22,41,39,11,16,12.0,-12.0,0,1
0022400508,2025-01-07,golden state warriors,miami heat,98,114,0.408,0.473,28,32,52,48,10,9,-16.0,16.0,1,0
0022400509,2025-01-08,cleveland cavaliers,oklahoma city thunder,129,122,0.522,0.533,36,35,40,38,15,13,7.0,-7.0,1,1
0022400510,2025-01-08,chicago bulls,indiana pacers,113,129,0.512,0.52,23,37,39,46,18,8,-16.0,16.0,0,0
0022400511,2025-01-08,new york knicks,toronto raptors,112,98,0.477,0.494,24,25,43,33,12,16,14.0,-14.0,1,1
0022400512,2025-01-08,philadelphia 76ers,washington wizards,109,103,0.455,0.447,21,26,36,51,7,17,6.0,-6.0,1,1
0022400513,2025-01-08,brooklyn nets,detroit pistons,98,113,0.384,0.523,24,30,38,42,15,13,-15.0,15.0,1,0
0022400514,2025-01-08,new orleans pelicans,portland trail blazers,100,119,0.444,0.545,19,24,41,44,17,13,-19.0,19.0,1,0
0022400515,2025-01-08,denver nuggets,la clippers,126,103,0.551,0.375,29,14,45,40,11,11,23.0,-23.0,1,1
0022400516,2025-01-08,milwaukee bucks,san antonio spurs,121,105,0.478,0.368,26,24,57,46,10,9,16.0,-16.0,1,1
0022400517,2025-01-09,cleveland cavaliers,toronto raptors,132,126,0.528,0.596,31,34,42,37,11,12,6.0,-6.0,1,1
0022400518,2025-01-09,detroit pistons,golden state warriors,104,107,0.453,0.461,25,32,40,49,14,15,-3.0,3.0,1,0
0022400519,2025-01-09,minnesota timberwolves,orlando magic,104,89,0.4,0.379,21,21,50,47,8,14,15.0,-15.0,0,1
0022400520,2025-01-09,houston rockets,memphis grizzlies,119,115,0.427,0.5,21,20,44,43,12,19,4.0,-4.0,0,1
0022400521,2025-01-09,dallas mavericks,portland trail blazers,117,111,0.455,0.419,26,24,53,43,14,12,6.0,-6.0,1,1
0022400522,2025-01-09,atlanta hawks,phoenix suns,115,123,0.488,0.576,32,33,32,42,11,16,-8.0,8.0,0,0
0022400523,2025-01-09,miami heat,utah jazz,97,92,0.396,0.398,26,20,49,49,14,16,5.0,-5.0,0,1
0022400524,2025-02-19,charlotte hornets,los angeles lakers,100,97,0.363,0.411,20,29,47,50,17,18,3.0,-3.0,0,1
0022400525,2025-01-10,golden state warriors,indiana pacers,96,108,0.418,0.524,25,27,42,48,13,15,-12.0,12.0,0,0
0022400526,2025-01-10,milwaukee bucks,orlando magic,109,106,0.518,0.43,18,20,43,44,11,10,3.0,-3.0,0,1
0022400527,2025-01-10,new orleans pelicans,philadelphia 76ers,123,115,0.484,0.462,31,23,44,42,12,9,8.0,-8.0,0,1
0022400528,2025-01-10,boston celtics,sacramento kings,97,114,0.405,0.431,22,26,43,56,15,9,-17.0,17.0,1,0
0022400529,2025-01-10,new york knicks,oklahoma city thunder,101,126,0.385,0.539,18,20,43,46,10,15,-25.0,25.0,1,0
0022400530,2025-01-10,chicago bulls,washington wizards,138,105,0.558,0.398,39,26,55,45,13,15,33.0,-33.0,1,1
0022400531,2025-01-10,brooklyn nets,denver nuggets,105,124,0.422,0.517,26,34,39,49,17,14,-19.0,19.0,0,0
0022400532,2025-01-28,atlanta hawks,houston rockets,96,100,0.404,0.468,19,19,40,44,16,21,-4.0,4.0,1,0
0022400533,2025-01-11,phoenix suns,utah jazz,114,106,0.512,0.438,26,26,38,50,11,13,8.0,-8.0,1,1
0022400534,2025-01-11,detroit pistons,toronto raptors,123,114,0.524,0.435,35,27,46,45,15,12,9.0,-9.0,1,1
0022400535,2025-01-11,memphis grizzlies,minnesota timberwolves,127,125,0.444,0.566,25,37,46,41,13,18,2.0,-2.0,0,1
0022400536,2025-01-11,miami heat,portland trail blazers,119,98,0.478,0.379,31,24,43,51,10,16,21.0,-21.0,0,1
0022400537,2025-03-17,los angeles lakers,san antonio spurs,125,109,0.489,0.466,34,30,42,44,9,17,16.0,-16.0,1,1
0022400538,2025-03-16,charlotte hornets,la clippers,88,123,0.394,0.484,27,30,44,58,11,10,-35.0,35.0,0,0
0022400539,2025-01-12,milwaukee bucks,new york knicks,106,140,0.457,0.58,22,29,39,49,14,11,-34.0,34.0,0,0
0022400540,2025-01-12,dallas mavericks,denver nuggets,101,112,0.412,0.489,27,23,37,55,12,13,-11.0,11.0,1,0
0022400541,2025-01-12,chicago bulls,sacramento kings,119,124,0.462,0.495,26,33,45,53,7,8,-5.0,5.0,1,0
0022400542,2025-01-12,boston celtics,new orleans pelicans,120,119,0.436,0.465,23,24,55,42,11,9,1.0,-1.0,1,1
0022400543,2025-01-12,cleveland cavaliers,indiana pacers,93,108,0.398,0.467,24,30,44,50,13,10,-15.0,15.0,1,0
0022400544,2025-01-12,orlando magic,philadelphia 76ers,104,99,0.488,0.458,23,17,41,29,16,16,5.0,-5.0,1,1
0022400545,2025-01-12,oklahoma city thunder,washington wizards,136,95,0.474,0.337,26,20,56,39,13,16,41.0,-41.0,0,1
0022400546,2025-01-12,brooklyn nets,utah jazz,111,112,0.424,0.444,26,25,54,41,8,9,-1.0,1.0,0,0
0022400547,2025-01-12,charlotte hornets,phoenix suns,113,120,0.446,0.483,30,31,52,39,16,12,-7.0,7.0,0,0
0022400548,2025-01-13,minnesota timberwolves,washington wizards,120,106,0.494,0.44,20,27,53,34,18,11,14.0,-14.0,0,1
0022400549,2025-01-13,detroit pistons,new york knicks,124,119,0.5,0.5,20,26,39,42,11,17,5.0,-5.0,0,1
0022400550,2025-01-13,golden state warriors,toronto raptors,101,104,0.398,0.477,23,28,46,44,14,14,-3.0,3.0,0,0
0022400551,2025-01-13,houston rockets,memphis grizzlies,120,118,0.506,0.536,28,15,40,31,22,17,2.0,-2.0,1,1
0022400552,2025-01-13,los angeles lakers,san antonio spurs,102,126,0.448,0.533,24,30,40,41,19,10,-24.0,24.0,1,0
0022400553,2025-01-13,la clippers,miami heat,109,98,0.484,0.388,28,22,48,49,11,15,11.0,-11.0,1,1
0022400554,2025-01-14,cleveland cavaliers,indiana pacers,127,117,0.483,0.484,25,30,49,37,14,11,10.0,-10.0,0,1
0022400555,2025-01-14,oklahoma city thunder,philadelphia 76ers,118,102,0.556,0.44,32,23,38,35,17,21,16.0,-16.0,0,1
0022400556,2025-01-14,atlanta hawks,phoenix suns,122,117,0.439,0.512,22,28,54,37,12,13,5.0,-5.0,1,1
0022400557,2025-01-14,chicago bulls,new orleans pelicans,113,119,0.441,0.438,31,32,57,46,15,10,-6.0,6.0,1,0
0022400558,2025-01-14,milwaukee bucks,sacramento kings,130,115,0.495,0.442,32,25,52,45,7,9,15.0,-15.0,1,1
0022400559,2025-01-14,dallas mavericks,denver nuggets,99,118,0.422,0.518,27,28,30,51,12,18,-19.0,19.0,1,0
0022400560,2025-01-14,brooklyn nets,portland trail blazers,132,114,0.544,0.453,36,20,44,38,11,17,18.0,-18.0,0,1
0022400561,2025-01-15,new york knicks,philadelphia 76ers,125,119,0.535,0.5,28,27,45,35,13,12,6.0,-6.0,0,1
0022400562,2025-01-15,boston celtics,toronto raptors,97,110,0.396,0.506,24,35,45,56,9,10,-13.0,13.0,0,0
0022400563,2025-01-15,atlanta hawks,chicago bulls,110,94,0.41,0.443,28,23,51,53,9,20,16.0,-16.0,0,1
0022400564,2025-01-15,milwaukee bucks,orlando magic,122,93,0.625,0.347,24,24,49,32,21,13,29.0,-29.0,1,1
0022400565,2025-01-15,golden state warriors,minnesota timberwolves,116,115,0.488,0.442,26,21,45,41,12,9,1.0,-1.0,0,1
0022400566,2025-01-15,dallas mavericks,new orleans pelicans,116,119,0.478,0.443,27,24,45,49,15,10,-3.0,3.0,0,0
0022400567,2025-01-15,memphis grizzlies,san antonio spurs,129,115,0.495,0.449,28,22,52,44,8,11,14.0,-14.0,0,1
0022400568,2025-01-15,denver nuggets,houston rockets,108,128,0.533,0.521,22,28,36,40,18,8,-20.0,20.0,1,0
0022400569,2025-01-15,charlotte hornets,utah jazz,117,112,0.529,0.462,27,30,45,36,18,10,5.0,-5.0,0,1
0022400570,2025-01-15,los angeles lakers,miami heat,117,108,0.522,0.534,33,25,34,37,6,19,9.0,-9.0,1,1
0022400571,2025-01-15,brooklyn nets,la clippers,67,126,0.301,0.544,15,26,39,46,20,14,-59.0,59.0,0,0
0022400572,2025-01-16,detroit pistons,indiana pacers,100,111,0.396,0.461,22,28,55,40,19,9,-11.0,11.0,1,0
0022400573,2025-01-16,phoenix suns,washington wizards,130,123,0.518,0.5,33,28,47,45,16,13,7.0,-7.0,0,1
0022400574,2025-01-16,cleveland cavaliers,oklahoma city thunder,114,134,0.467,0.505,32,25,49,39,21,6,-20.0,20.0,0,0
0022400575,2025-01-16,la clippers,portland trail blazers,118,89,0.564,0.374,23,24,50,37,15,16,29.0,-29.0,0,1
0022400576,2025-01-16,houston rockets,sacramento kings,127,132,0.527,0.5,24,32,46,44,14,12,-5.0,5.0,0,0
0022400577,2025-01-17,boston celtics,orlando magic,121,94,0.525,0.415,25,15,41,37,10,8,27.0,-27.0,1,1
0022400578,2025-01-17,minnesota timberwolves,new york knicks,116,99,0.532,0.389,23,19,46,41,15,9,17.0,-17.0,0,1
0022400579,2025-01-17,denver nuggets,miami heat,133,113,0.543,0.495,35,30,41,41,5,8,20.0,-20.0,0,1
0022400580,2025-01-17,milwaukee bucks,toronto raptors,130,112,0.519,0.473,25,31,44,43,13,12,18.0,-18.0,1,1
0022400581,2025-01-17,new orleans pelicans,utah jazz,136,123,0.47,0.5,34,30,56,40,13,15,13.0,-13.0,1,1
0022400582,2025-01-17,memphis grizzlies,san antonio spurs,140,112,0.567,0.476,39,29,41,40,7,17,28.0,-28.0,0,1
0022400583,2025-01-17,dallas mavericks,oklahoma city thunder,106,98,0.493,0.385,25,24,43,46,17,15,8.0,-8.0,1,1
0022400584,2025-01-17,charlotte hornets,chicago bulls,125,123,0.5,0.505,26,34,44,45,12,13,2.0,-2.0,0,1
0022400585,2025-01-17,brooklyn nets,los angeles lakers,101,102,0.451,0.463,28,24,45,34,17,10,-1.0,1.0,0,0
0022400586,2025-01-18,detroit pistons,phoenix suns,121,125,0.468,0.5,22,25,43,50,9,9,-4.0,4.0,1,0
0022400587,2025-01-18,atlanta hawks,boston celtics,119,115,0.473,0.385,27,23,55,53,17,14,4.0,-4.0,0,1
0022400588,2025-01-18,indiana pacers,philadelphia 76ers,115,102,0.53,0.427,30,21,50,32,17,9,13.0,-13.0,1,1
0022400589,2025-01-18,golden state warriors,washington wizards,122,114,0.469,0.442,24,24,55,44,9,13,8.0,-8.0,1,1
0022400590,2025-01-18,cleveland cavaliers,minnesota timberwolves,124,117,0.457,0.478,27,27,47,42,7,7,7.0,-7.0,0,1
0022400591,2025-01-18,houston rockets,portland trail blazers,125,103,0.444,0.453,25,28,61,40,12,19,22.0,-22.0,0,1
0022400592,2025-01-19,miami heat,san antonio spurs,128,107,0.526,0.451,35,28,49,44,11,14,21.0,-21.0,1,1
0022400593,2025-01-19,denver nuggets,orlando magic,113,100,0.519,0.373,24,30,57,39,20,7,13.0,-13.0,0,1
0022400594,2025-01-19,milwaukee bucks,philadelphia 76ers,123,109,0.494,0.453,31,26,48,38,6,7,14.0,-14.0,1,1
0022400595,2025-01-19,brooklyn nets,oklahoma city thunder,101,127,0.425,0.552,25,37,41,43,13,11,-26.0,26.0,0,0
0022400596,2025-01-19,la clippers,los angeles lakers,116,102,0.528,0.5,27,26,38,33,12,15,14.0,-14.0,1,1
0022400597,2025-01-19,chicago bulls,portland trail blazers,102,113,0.444,0.472,21,21,36,50,14,17,-11.0,11.0,0,0
0022400598,2025-01-19,sacramento kings,washington wizards,123,100,0.484,0.36,28,19,51,46,11,16,23.0,-23.0,1,1
0022400599,2025-01-20,charlotte hornets,dallas mavericks,110,105,0.408,0.432,28,19,49,51,13,14,5.0,-5.0,1,1
0022400600,2025-01-20,detroit pistons,houston rockets,107,96,0.477,0.394,21,19,52,39,22,16,11.0,-11.0,0,1
0022400601,2025-01-20,memphis grizzlies,minnesota timberwolves,108,106,0.43,0.387,19,25,47,52,13,16,2.0,-2.0,1,1
0022400602,2025-01-20,atlanta hawks,new york knicks,110,119,0.471,0.522,23,31,41,39,23,15,-9.0,9.0,0,0
0022400603,2025-01-20,cleveland cavaliers,phoenix suns,118,92,0.432,0.468,27,22,50,34,8,17,26.0,-26.0,1,1
0022400604,2025-01-20,boston celtics,golden state warriors,125,85,0.533,0.348,33,28,50,38,9,12,40.0,-40.0,0,1
0022400605,2025-01-20,new orleans pelicans,utah jazz,123,119,0.446,0.396,28,25,45,63,13,13,4.0,-4.0,1,1
0022400606,2025-01-21,brooklyn nets,new york knicks,95,99,0.372,0.46,21,29,47,42,16,10,-4.0,4.0,1,0
0022400607,2025-01-21,miami heat,portland trail blazers,107,116,0.441,0.494,26,25,45,47,8,6,-9.0,9.0,1,0
0022400608,2025-01-21,orlando magic,toronto raptors,93,109,0.412,0.534,16,29,48,42,14,12,-16.0,16.0,0,0
0022400609,2025-01-21,denver nuggets,philadelphia 76ers,144,109,0.612,0.458,39,34,51,25,13,10,35.0,-35.0,1,1
0022400610,2025-01-21,los angeles lakers,washington wizards,111,88,0.478,0.358,30,25,50,46,10,11,23.0,-23.0,1,1
0022400611,2025-01-20,chicago bulls,la clippers,112,99,0.404,0.394,25,24,54,40,10,9,13.0,-13.0,0,1
0022400612,2025-01-22,atlanta hawks,detroit pistons,104,114,0.379,0.5,25,27,47,51,13,20,-10.0,10.0,1,0
0022400613,2025-01-22,brooklyn nets,phoenix suns,84,108,0.374,0.477,16,28,52,48,16,11,-24.0,24.0,1,0
0022400614,2025-01-22,dallas mavericks,minnesota timberwolves,114,115,0.5,0.457,24,26,38,39,13,11,-1.0,1.0,1,0
0022400615,2025-01-22,cleveland cavaliers,houston rockets,108,109,0.423,0.44,25,25,45,53,13,22,-1.0,1.0,0,0
0022400616,2025-01-22,charlotte hornets,memphis grizzlies,120,132,0.477,0.5,27,36,33,40,16,16,-12.0,12.0,0,0
0022400617,2025-04-06,milwaukee bucks,new orleans pelicans,111,107,0.467,0.453,29,31,51,48,7,11,4.0,-4.0,0,1
0022400618,2025-01-22,oklahoma city thunder,utah jazz,123,114,0.463,0.467,20,25,39,52,10,27,9.0,-9.0,1,1
0022400619,2025-01-22,golden state warriors,sacramento kings,117,123,0.467,0.506,31,24,44,38,19,8,-6.0,6.0,0,0
0022400620,2025-01-22,boston celtics,la clippers,117,113,0.456,0.522,24,24,32,40,19,22,4.0,-4.0,0,1
0022400621,2025-01-23,indiana pacers,san antonio spurs,110,140,0.454,0.604,31,43,31,57,11,19,-30.0,30.0,0,0
0022400622,2025-01-23,orlando magic,portland trail blazers,79,101,0.342,0.488,17,23,44,42,19,13,-22.0,22.0,1,0
0022400623,2025-01-23,atlanta hawks,toronto raptors,119,122,0.483,0.58,30,32,36,39,14,19,-3.0,3.0,1,0
0022400624,2025-01-23,miami heat,milwaukee bucks,96,125,0.37,0.469,26,32,50,55,10,6,-29.0,29.0,0,0
0022400625,2025-01-23,dallas mavericks,oklahoma city thunder,121,115,0.527,0.477,25,26,43,33,20,12,6.0,-6.0,0,1
0022400626,2025-01-23,denver nuggets,sacramento kings,132,123,0.485,0.439,30,31,56,53,10,13,9.0,-9.0,1,1
0022400627,2025-03-19,utah jazz,washington wizards,128,112,0.562,0.462,30,30,42,37,16,13,16.0,-16.0,1,1
0022400628,2025-01-23,chicago bulls,golden state warriors,106,131,0.391,0.451,22,37,42,52,11,10,-25.0,25.0,0,0
0022400629,2025-01-23,boston celtics,los angeles lakers,96,117,0.385,0.472,23,27,42,53,7,6,-21.0,21.0,0,0
0022400630,2025-01-24,charlotte hornets,portland trail blazers,97,102,0.376,0.405,20,17,46,47,16,16,-5.0,5.0,1,0
0022400631,2025-01-24,cleveland cavaliers,philadelphia 76ers,129,132,0.5,0.506,30,23,37,43,16,18,-3.0,3.0,0,0
0022400632,2025-01-24,memphis grizzlies,new orleans pelicans,139,126,0.554,0.542,38,30,43,35,12,12,13.0,-13.0,1,1
0022400633,2025-01-25,indiana pacers,san antonio spurs,136,98,0.52,0.412,32,22,50,44,10,22,38.0,-38.0,0,1
0022400634,2025-01-25,denver nuggets,minnesota timberwolves,104,133,0.489,0.558,32,38,36,45,19,16,-29.0,29.0,0,0
0022400635,2025-01-25,boston celtics,dallas mavericks,122,107,0.427,0.443,33,18,51,49,5,12,15.0,-15.0,0,1
0022400636,2025-01-25,brooklyn nets,miami heat,97,106,0.375,0.443,23,22,35,51,14,22,-9.0,9.0,1,0
0022400637,2025-01-25,charlotte hornets,new orleans pelicans,123,92,0.5,0.381,28,21,48,39,14,13,31.0,-31.0,1,1
0022400638,2025-01-25,detroit pistons,orlando magic,113,121,0.465,0.482,22,22,41,40,16,14,-8.0,8.0,0,0
0022400639,2025-01-25,atlanta hawks,toronto raptors,94,117,0.393,0.467,28,31,43,51,22,21,-23.0,23.0,1,0
0022400640,2025-01-25,cleveland cavaliers,houston rockets,131,135,0.516,0.549,28,26,40,45,11,11,-4.0,4.0,1,0
0022400641,2025-01-25,new york knicks,sacramento kings,143,120,0.495,0.484,40,33,53,38,11,12,23.0,-23.0,1,1
0022400642,2025-01-25,chicago bulls,philadelphia 76ers,97,109,0.424,0.457,24,23,54,40,19,8,-12.0,12.0,1,0
0022400643,2025-01-25,memphis grizzlies,utah jazz,125,103,0.512,0.424,28,27,45,40,16,17,22.0,-22.0,1,1
0022400644,2025-01-25,golden state warriors,los angeles lakers,108,118,0.461,0.547,30,29,38,42,11,12,-10.0,10.0,1,0
0022400645,2025-01-25,phoenix suns,washington wizards,119,109,0.444,0.467,23,28,53,37,10,8,10.0,-10.0,1,1
0022400646,2025-01-25,la clippers,milwaukee bucks,127,117,0.454,0.468,19,24,47,42,6,13,10.0,-10.0,1,1
0022400647,2025-01-26,oklahoma city thunder,portland trail blazers,118,108,0.472,0.407,24,21,43,44,7,15,10.0,-10.0,0,1
0022400648,2025-01-27,charlotte hornets,los angeles lakers,107,112,0.448,0.512,26,22,34,48,14,16,-5.0,5.0,1,0
0022400649,2025-01-27,cleveland cavaliers,detroit pistons,110,91,0.44,0.385,28,24,53,45,9,10,19.0,-19.0,1,1
0022400650,2025-01-27,boston celtics,houston rockets,112,114,0.488,0.446,21,29,41,39,14,7,-2.0,2.0,1,0
0022400651,2025-01-27,brooklyn nets,sacramento kings,96,110,0.366,0.549,19,31,39,44,14,17,-14.0,14.0,1,0
0022400652,2025-01-27,miami heat,orlando magic,125,119,0.522,0.459,34,32,43,47,16,14,6.0,-6.0,1,1
0022400653,2025-01-27,memphis grizzlies,new york knicks,106,143,0.451,0.519,21,32,47,46,26,10,-37.0,37.0,0,0
0022400654,2025-01-27,new orleans pelicans,toronto raptors,104,113,0.438,0.43,21,31,46,54,12,13,-9.0,9.0,0,0
0022400655,2025-01-27,chicago bulls,denver nuggets,129,121,0.5,0.52,35,36,47,42,17,14,8.0,-8.0,1,1
0022400656,2025-01-27,atlanta hawks,minnesota timberwolves,92,100,0.395,0.395,24,18,51,51,21,16,-8.0,8.0,0,0
0022400657,2025-01-27,dallas mavericks,washington wizards,130,108,0.533,0.416,39,23,51,45,11,11,22.0,-22.0,1,1
0022400658,2025-01-27,milwaukee bucks,utah jazz,125,110,0.605,0.41,33,28,46,46,12,10,15.0,-15.0,0,1
0022400659,2025-01-27,la clippers,phoenix suns,109,111,0.494,0.471,22,23,42,39,15,17,-2.0,2.0,0,0
0022400660,2025-01-28,los angeles lakers,philadelphia 76ers,104,118,0.514,0.473,25,20,39,43,22,9,-14.0,14.0,0,0
0022400661,2025-01-28,golden state warriors,utah jazz,114,103,0.391,0.513,29,30,47,39,9,15,11.0,-11.0,1,1
0022400662,2025-01-28,milwaukee bucks,portland trail blazers,112,125,0.506,0.511,26,26,36,52,11,13,-13.0,13.0,0,0
0022400663,2025-01-29,brooklyn nets,charlotte hornets,104,83,0.488,0.337,27,18,40,52,8,17,21.0,-21.0,0,1
0022400664,2025-01-29,detroit pistons,indiana pacers,119,133,0.494,0.568,26,28,41,36,12,13,-14.0,14.0,0,0
0022400665,2025-01-29,toronto raptors,washington wizards,106,82,0.477,0.389,31,17,36,43,14,25,24.0,-24.0,0,1
0022400666,2025-01-29,boston celtics,chicago bulls,122,100,0.471,0.402,32,28,45,47,8,14,22.0,-22.0,1,1
0022400667,2025-01-29,cleveland cavaliers,miami heat,126,106,0.54,0.47,29,27,47,35,7,12,20.0,-20.0,0,1
0022400668,2025-01-29,denver nuggets,new york knicks,112,122,0.488,0.516,21,33,47,35,14,5,-10.0,10.0,0,0
0022400669,2025-01-29,philadelphia 76ers,sacramento kings,117,104,0.524,0.444,30,34,35,46,9,12,13.0,-13.0,1,1
0022400670,2025-01-29,dallas mavericks,new orleans pelicans,137,136,0.542,0.531,30,31,51,36,18,8,1.0,-1.0,0,1
0022400671,2025-01-29,la clippers,san antonio spurs,128,116,0.527,0.483,26,27,57,30,15,9,12.0,-12.0,0,1
0022400672,2025-01-29,minnesota timberwolves,phoenix suns,121,113,0.56,0.506,26,30,34,36,14,15,8.0,-8.0,0,1
0022400673,2025-01-29,golden state warriors,oklahoma city thunder,116,109,0.494,0.404,30,21,42,50,15,11,7.0,-7.0,1,1
0022400674,2025-01-30,los angeles lakers,washington wizards,134,96,0.544,0.319,31,18,48,38,11,13,38.0,-38.0,0,1
0022400675,2025-01-30,atlanta hawks,cleveland cavaliers,115,137,0.456,0.582,28,34,36,49,11,11,-22.0,22.0,0,0
0022400676,2025-01-30,houston rockets,memphis grizzlies,119,120,0.433,0.516,22,23,45,37,12,11,-1.0,1.0,0,0
0022400677,2025-01-30,minnesota timberwolves,utah jazz,138,113,0.598,0.506,38,21,39,23,12,15,25.0,-25.0,0,1
0022400678,2025-01-30,orlando magic,portland trail blazers,90,119,0.42,0.526,14,23,33,38,13,12,-29.0,29.0,0,0
0022400679,2025-01-31,charlotte hornets,la clippers,104,112,0.438,0.543,18,26,42,45,9,16,-8.0,8.0,1,0
0022400680,2025-01-31,dallas mavericks,detroit pistons,102,117,0.425,0.443,20,18,46,47,16,6,-15.0,15.0,0,0
0022400681,2025-01-31,denver nuggets,philadelphia 76ers,137,134,0.659,0.556,39,29,35,27,19,11,3.0,-3.0,0,1
0022400682,2025-01-31,chicago bulls,toronto raptors,122,106,0.506,0.424,34,27,52,44,10,7,16.0,-16.0,0,1
0022400683,2025-01-31,boston celtics,new orleans pelicans,118,116,0.5,0.489,32,16,35,48,13,18,2.0,-2.0,0,1
0022400684,2025-01-31,milwaukee bucks,san antonio spurs,118,144,0.43,0.49,24,37,47,53,10,4,-26.0,26.0,0,0
0022400685,2025-01-31,golden state warriors,phoenix suns,105,130,0.375,0.562,26,41,49,48,12,14,-25.0,25.0,1,0
0022400686,2025-02-01,atlanta hawks,indiana pacers,127,132,0.5,0.544,31,35,44,41,12,11,-5.0,5.0,0,0
0022400687,2025-02-01,orlando magic,utah jazz,99,113,0.33,0.464,19,26,43,51,8,16,-14.0,14.0,0,0
0022400688,2025-02-01,charlotte hornets,denver nuggets,104,107,0.432,0.466,31,29,51,43,12,11,-3.0,3.0,1,0
0022400689,2025-02-01,brooklyn nets,houston rockets,110,98,0.494,0.4,24,18,46,44,10,10,12.0,-12.0,0,1
0022400690,2025-02-01,minnesota timberwolves,washington wizards,103,105,0.409,0.458,29,26,47,44,14,16,-2.0,2.0,1,0
0022400691,2025-02-01,oklahoma city thunder,sacramento kings,144,110,0.533,0.4,37,25,70,37,11,7,34.0,-34.0,1,1
0022400692,2025-02-01,los angeles lakers,new york knicks,128,112,0.58,0.463,26,33,37,44,15,14,16.0,-16.0,0,1
0022400693,2025-02-01,miami heat,san antonio spurs,105,103,0.461,0.418,30,27,52,48,13,10,2.0,-2.0,0,1
0022400694,2025-02-01,phoenix suns,portland trail blazers,108,127,0.452,0.517,21,24,37,43,18,9,-19.0,19.0,0,0
0022400695,2025-02-02,chicago bulls,detroit pistons,119,127,0.461,0.545,28,38,44,42,19,11,-8.0,8.0,0,0
0022400696,2025-02-02,cleveland cavaliers,dallas mavericks,144,101,0.57,0.388,39,22,51,45,8,9,43.0,-43.0,1,1
0022400697,2025-02-02,la clippers,toronto raptors,108,115,0.466,0.518,21,31,41,43,10,12,-7.0,7.0,0,0
0022400698,2025-02-02,boston celtics,philadelphia 76ers,118,110,0.5,0.451,34,20,38,46,9,10,8.0,-8.0,0,1
0022400699,2025-02-02,memphis grizzlies,milwaukee bucks,132,119,0.486,0.484,37,32,61,36,11,13,13.0,-13.0,0,1
0022400700,2025-02-03,charlotte hornets,washington wizards,114,124,0.438,0.444,26,29,46,54,10,10,-10.0,10.0,1,0
0022400701,2025-02-03,atlanta hawks,detroit pistons,132,130,0.519,0.518,27,31,37,41,12,14,2.0,-2.0,0,1
0022400702,2025-02-03,houston rockets,new york knicks,118,124,0.462,0.505,27,24,50,40,15,11,-6.0,6.0,0,0
0022400703,2025-02-03,memphis grizzlies,san antonio spurs,128,109,0.485,0.451,33,31,47,48,15,23,19.0,-19.0,1,1
0022400704,2025-02-03,minnesota timberwolves,sacramento kings,114,116,0.457,0.489,28,23,36,47,8,10,-2.0,2.0,1,0
0022400705,2025-02-03,milwaukee bucks,oklahoma city thunder,96,125,0.376,0.515,24,28,37,55,14,17,-29.0,29.0,0,0
0022400706,2025-02-03,denver nuggets,new orleans pelicans,125,113,0.5,0.432,28,27,46,41,5,10,12.0,-12.0,1,1
0022400707,2025-02-03,indiana pacers,utah jazz,112,111,0.473,0.429,32,31,37,60,9,18,1.0,-1.0,0,1
0022400708,2025-02-03,golden state warriors,orlando magic,104,99,0.436,0.434,25,23,44,52,13,11,5.0,-5.0,1,1
0022400709,2025-02-03,phoenix suns,portland trail blazers,119,121,0.471,0.449,28,30,43,48,14,12,-2.0,2.0,0,0
0022400710,2025-02-04,boston celtics,cleveland cavaliers,112,105,0.408,0.396,26,18,53,51,12,13,7.0,-7.0,0,1
0022400711,2025-02-04,brooklyn nets,houston rockets,99,97,0.463,0.41,26,23,39,45,13,16,2.0,-2.0,1,1
0022400712,2025-02-04,dallas mavericks,philadelphia 76ers,116,118,0.471,0.547,24,37,44,34,12,12,-2.0,2.0,0,0
0022400713,2025-02-04,new york knicks,toronto raptors,121,115,0.5,0.524,26,27,43,34,11,14,6.0,-6.0,0,1
0022400714,2025-02-04,chicago bulls,miami heat,133,124,0.527,0.478,35,29,43,44,10,13,9.0,-9.0,1,1
0022400715,2025-02-04,la clippers,los angeles lakers,97,122,0.382,0.556,30,33,36,50,9,14,-25.0,25.0,1,0
0022400716,2025-02-04,indiana pacers,portland trail blazers,89,112,0.42,0.446,25,23,39,51,19,18,-23.0,23.0,0,0
0022400717,2025-02-05,charlotte hornets,milwaukee bucks,102,112,0.432,0.506,21,26,41,44,8,9,-10.0,10.0,1,0
0022400718,2025-02-05,cleveland cavaliers,detroit pistons,118,115,0.482,0.398,28,22,46,45,23,11,3.0,-3.0,0,1
0022400719,2025-02-05,atlanta hawks,san antonio spurs,125,126,0.527,0.505,33,36,45,41,20,10,-1.0,1.0,1,0
0022400720,2025-02-05,brooklyn nets,washington wizards,102,119,0.434,0.543,26,40,37,40,10,14,-17.0,17.0,1,0
0022400721,2025-02-05,miami heat,philadelphia 76ers,108,101,0.47,0.385,25,22,54,39,22,4,7.0,-7.0,0,1
0022400722,2025-02-05,memphis grizzlies,toronto raptors,138,107,0.528,0.398,22,28,61,34,16,9,31.0,-31.0,0,1
0022400723,2025-02-05,chicago bulls,minnesota timberwolves,108,127,0.482,0.429,25,27,34,59,9,11,-19.0,19.0,0,0
0022400724,2025-02-05,oklahoma city thunder,phoenix suns,140,109,0.51,0.471,24,24,46,35,5,18,31.0,-31.0,1,1
0022400725,2025-02-05,golden state warriors,utah jazz,128,131,0.46,0.522,33,30,41,48,9,12,-3.0,3.0,0,0
0022400726,2025-02-05,denver nuggets,new orleans pelicans,144,119,0.57,0.462,40,26,51,38,7,11,25.0,-25.0,1,1
0022400727,2025-02-05,orlando magic,sacramento kings,130,111,0.568,0.5,30,23,35,37,8,17,19.0,-19.0,0,1
0022400728,2025-02-06,boston celtics,dallas mavericks,120,127,0.517,0.557,30,32,40,35,14,8,-7.0,7.0,1,0
0022400729,2025-02-06,houston rockets,minnesota timberwolves,114,127,0.488,0.479,26,23,39,47,10,13,-13.0,13.0,0,0
0022400730,2025-02-06,denver nuggets,orlando magic,112,90,0.53,0.369,33,21,52,40,18,13,22.0,-22.0,1,1
0022400731,2025-02-06,golden state warriors,los angeles lakers,112,120,0.406,0.5,29,26,40,47,12,13,-8.0,8.0,0,0
0022400732,2025-02-06,portland trail blazers,sacramento kings,108,102,0.433,0.42,25,21,47,47,13,10,6.0,-6.0,1,1
0022400733,2025-02-06,indiana pacers,la clippers,119,112,0.453,0.466,31,25,46,48,7,19,7.0,-7.0,0,1
0022400734,2025-02-07,charlotte hornets,san antonio spurs,117,116,0.465,0.457,33,25,53,38,11,8,1.0,-1.0,1,1
0022400735,2025-02-07,cleveland cavaliers,washington wizards,134,124,0.511,0.489,32,25,46,40,14,13,10.0,-10.0,0,1
0022400736,2025-02-07,atlanta hawks,milwaukee bucks,115,110,0.489,0.427,29,28,52,43,11,10,5.0,-5.0,1,1
0022400737,2025-02-07,brooklyn nets,miami heat,102,86,0.419,0.356,17,23,57,39,14,14,16.0,-16.0,1,1
0022400738,2025-02-07,detroit pistons,philadelphia 76ers,125,112,0.454,0.494,32,26,56,38,14,13,13.0,-13.0,1,1
0022400739,2025-02-07,oklahoma city thunder,toronto raptors,121,109,0.512,0.429,26,31,44,42,12,12,12.0,-12.0,1,1
0022400740,2025-02-07,phoenix suns,utah jazz,135,127,0.452,0.41,31,29,49,63,7,10,8.0,-8.0,1,1
0022400741,2025-02-08,dallas mavericks,houston rockets,116,105,0.47,0.4,22,21,43,48,5,8,11.0,-11.0,1,1
0022400742,2025-02-08,indiana pacers,los angeles lakers,117,124,0.425,0.523,27,29,38,46,10,14,-7.0,7.0,0,0
0022400743,2025-02-08,orlando magic,san antonio spurs,112,111,0.511,0.532,19,27,45,34,14,14,1.0,-1.0,1,1
0022400744,2025-02-08,atlanta hawks,washington wizards,125,111,0.485,0.441,36,26,41,53,11,17,14.0,-14.0,0,1
0022400745,2025-02-08,chicago bulls,golden state warriors,111,132,0.443,0.5,24,34,31,44,17,14,-21.0,21.0,1,0
0022400746,2025-02-08,memphis grizzlies,oklahoma city thunder,112,125,0.444,0.429,21,29,40,55,13,8,-13.0,13.0,1,0
0022400747,2025-02-08,minnesota timberwolves,portland trail blazers,114,98,0.524,0.402,23,18,43,45,14,17,16.0,-16.0,1,1
0022400748,2025-02-08,boston celtics,new york knicks,131,104,0.541,0.422,21,16,48,30,10,9,27.0,-27.0,0,1
0022400749,2025-02-08,denver nuggets,phoenix suns,122,105,0.489,0.388,28,25,56,43,9,6,17.0,-17.0,0,1
0022400750,2025-02-08,new orleans pelicans,sacramento kings,118,123,0.478,0.473,27,24,39,51,16,18,-5.0,5.0,0,0
0022400751,2025-02-08,la clippers,utah jazz,130,110,0.58,0.47,36,26,37,38,14,19,20.0,-20.0,1,1
0022400752,2025-02-09,charlotte hornets,detroit pistons,102,112,0.436,0.489,25,31,37,46,14,11,-10.0,10.0,0,0
0022400753,2025-02-09,houston rockets,toronto raptors,94,87,0.36,0.367,17,19,58,48,15,10,7.0,-7.0,1,1
0022400754,2025-02-09,milwaukee bucks,philadelphia 76ers,135,127,0.438,0.528,29,28,53,42,12,14,8.0,-8.0,1,1
0022400755,2025-02-10,cleveland cavaliers,minnesota timberwolves,128,107,0.511,0.4,27,17,49,41,16,16,21.0,-21.0,1,1
0022400756,2025-02-10,atlanta hawks,orlando magic,112,106,0.494,0.474,29,22,39,36,16,17,6.0,-6.0,0,1
0022400757,2025-02-10,san antonio spurs,washington wizards,131,121,0.511,0.484,28,26,43,42,11,14,10.0,-10.0,0,1
0022400758,2025-02-10,brooklyn nets,charlotte hornets,97,89,0.398,0.41,24,18,47,40,16,17,8.0,-8.0,1,1
0022400759,2025-02-10,boston celtics,miami heat,103,85,0.459,0.337,24,21,52,51,6,4,18.0,-18.0,0,1
0022400760,2025-02-10,golden state warriors,milwaukee bucks,125,111,0.441,0.5,27,18,48,37,9,20,14.0,-14.0,0,1
0022400761,2025-02-10,new orleans pelicans,oklahoma city thunder,101,137,0.439,0.516,19,29,42,45,22,10,-36.0,36.0,0,0
0022400762,2025-02-10,dallas mavericks,sacramento kings,128,129,0.516,0.552,31,28,33,50,11,20,-1.0,1.0,1,0
0022400763,2025-02-10,denver nuggets,portland trail blazers,146,117,0.659,0.455,44,25,38,33,8,16,29.0,-29.0,1,1
0022400764,2025-02-11,philadelphia 76ers,toronto raptors,103,106,0.407,0.463,22,23,46,49,14,17,-3.0,3.0,1,0
0022400765,2025-02-11,indiana pacers,new york knicks,115,128,0.483,0.538,32,37,36,48,10,14,-13.0,13.0,1,0
0022400766,2025-02-11,chicago bulls,detroit pistons,92,132,0.35,0.531,22,30,44,55,14,14,-40.0,40.0,1,0
0022400767,2025-02-11,memphis grizzlies,phoenix suns,119,112,0.43,0.446,22,35,60,42,13,11,7.0,-7.0,0,1
0022400768,2025-02-10,los angeles lakers,utah jazz,132,113,0.543,0.464,28,29,44,39,11,19,19.0,-19.0,1,1
0022400769,2025-02-12,boston celtics,san antonio spurs,116,103,0.462,0.438,25,30,56,38,15,8,13.0,-13.0,1,1
0022400770,2025-02-12,charlotte hornets,orlando magic,86,102,0.395,0.411,21,22,43,52,12,8,-16.0,16.0,0,0
0022400771,2025-02-12,indiana pacers,washington wizards,134,130,0.467,0.485,38,29,42,46,7,16,4.0,-4.0,0,1
0022400772,2025-02-12,brooklyn nets,philadelphia 76ers,100,96,0.471,0.432,23,25,50,38,16,14,4.0,-4.0,1,1
0022400773,2025-02-12,atlanta hawks,new york knicks,148,149,0.5,0.574,43,28,47,39,12,17,-1.0,1.0,0,0
0022400774,2025-02-12,cleveland cavaliers,toronto raptors,131,108,0.485,0.462,34,26,53,39,13,15,23.0,-23.0,0,1
0022400775,2025-02-12,chicago bulls,detroit pistons,110,128,0.43,0.511,23,30,37,47,16,16,-18.0,18.0,1,0
0022400776,2025-02-12,milwaukee bucks,minnesota timberwolves,103,101,0.443,0.379,24,27,48,59,12,13,2.0,-2.0,0,1
0022400777,2025-02-12,new orleans pelicans,sacramento kings,111,119,0.468,0.471,28,28,40,48,8,11,-8.0,8.0,1,0
0022400778,2025-02-12,miami heat,oklahoma city thunder,101,115,0.456,0.489,24,22,45,41,16,13,-14.0,14.0,0,0
0022400779,2025-02-12,houston rockets,phoenix suns,119,111,0.474,0.517,32,25,47,43,11,17,8.0,-8.0,1,1
0022400780,2025-02-12,denver nuggets,portland trail blazers,132,121,0.51,0.457,26,27,49,45,12,11,11.0,-11.0,1,1
0022400781,2025-02-12,los angeles lakers,utah jazz,119,131,0.446,0.523,31,30,45,48,14,12,-12.0,12.0,0,0
0022400782,2025-02-12,dallas mavericks,golden state warriors,111,107,0.483,0.427,20,29,39,50,14,15,4.0,-4.0,1,1
0022400783,2025-02-12,la clippers,memphis grizzlies,128,114,0.505,0.494,29,24,46,40,15,21,14.0,-14.0,1,1
0022400784,2025-02-13,golden state warriors,houston rockets,105,98,0.393,0.409,26,24,42,52,10,20,7.0,-7.0,0,1
0022400785,2025-02-13,new orleans pelicans,sacramento kings,140,133,0.5,0.438,32,38,45,58,10,14,7.0,-7.0,1,1
0022400786,2025-02-13,dallas mavericks,miami heat,118,113,0.511,0.473,28,23,40,42,13,13,5.0,-5.0,1,1
0022400787,2025-02-13,minnesota timberwolves,oklahoma city thunder,116,101,0.424,0.42,28,25,54,49,8,9,15.0,-15.0,1,1
0022400788,2025-02-20,indiana pacers,memphis grizzlies,127,113,0.505,0.414,29,28,46,46,10,13,14.0,-14.0,1,1
0022400789,2025-02-20,boston celtics,philadelphia 76ers,124,104,0.483,0.43,33,23,49,44,10,10,20.0,-20.0,0,1
0022400790,2025-02-20,atlanta hawks,orlando magic,108,114,0.39,0.482,20,15,51,53,9,7,-6.0,6.0,1,0
0022400791,2025-02-20,brooklyn nets,cleveland cavaliers,97,110,0.4,0.426,25,19,45,52,15,16,-13.0,13.0,1,0
0022400792,2025-02-20,chicago bulls,new york knicks,111,113,0.398,0.43,24,28,53,54,15,11,-2.0,2.0,0,0
0022400793,2025-02-20,la clippers,milwaukee bucks,110,116,0.466,0.475,28,22,43,41,11,17,-6.0,6.0,0,0
0022400794,2025-02-20,charlotte hornets,denver nuggets,115,129,0.434,0.5,28,29,45,55,10,13,-14.0,14.0,0,0
0022400795,2025-02-20,phoenix suns,san antonio spurs,109,120,0.469,0.473,28,30,39,44,18,9,-11.0,11.0,0,0
0022400796,2025-02-20,los angeles lakers,portland trail blazers,110,102,0.476,0.442,20,27,48,33,22,17,8.0,-8.0,0,1
0022400797,2025-02-21,cleveland cavaliers,new york knicks,142,105,0.609,0.472,38,25,47,32,15,16,37.0,-37.0,1,1
0022400798,2025-02-21,memphis grizzlies,orlando magic,105,104,0.413,0.409,22,23,53,50,14,12,1.0,-1.0,0,1
0022400799,2025-02-21,milwaukee bucks,washington wizards,104,101,0.476,0.402,24,25,44,42,16,14,3.0,-3.0,0,1
0022400800,2025-02-21,miami heat,toronto raptors,120,111,0.511,0.418,20,25,44,46,12,13,9.0,-9.0,0,1
0022400801,2025-02-21,houston rockets,minnesota timberwolves,121,115,0.5,0.446,18,22,48,35,20,9,6.0,-6.0,1,1
0022400802,2025-02-21,detroit pistons,san antonio spurs,125,110,0.5,0.512,31,27,53,32,16,15,15.0,-15.0,0,1
0022400803,2025-02-21,dallas mavericks,new orleans pelicans,111,103,0.43,0.413,28,25,47,53,13,14,8.0,-8.0,1,1
0022400804,2025-02-21,oklahoma city thunder,utah jazz,130,107,0.474,0.456,38,27,51,43,12,19,23.0,-23.0,0,1
0022400805,2025-02-21,golden state warriors,sacramento kings,132,108,0.538,0.506,40,26,35,39,12,21,24.0,-24.0,0,1
0022400806,2025-02-22,chicago bulls,phoenix suns,117,121,0.418,0.483,29,29,45,49,9,11,-4.0,4.0,1,0
0022400807,2025-02-22,brooklyn nets,philadelphia 76ers,105,103,0.506,0.424,27,21,39,43,16,13,2.0,-2.0,0,1
0022400808,2025-02-22,denver nuggets,los angeles lakers,100,123,0.4,0.5,28,27,45,39,20,8,-23.0,23.0,1,0
0022400809,2025-02-22,houston rockets,utah jazz,115,124,0.44,0.5,33,28,41,58,7,8,-9.0,9.0,0,0
0022400810,2025-02-22,charlotte hornets,portland trail blazers,88,141,0.347,0.586,19,37,37,57,15,18,-53.0,53.0,0,0
0022400811,2025-02-23,boston celtics,new york knicks,118,105,0.495,0.435,27,21,49,40,10,11,13.0,-13.0,1,1
0022400812,2025-02-23,dallas mavericks,golden state warriors,102,126,0.463,0.48,24,30,41,54,18,10,-24.0,24.0,0,0
0022400813,2025-02-23,indiana pacers,la clippers,129,111,0.548,0.447,31,23,46,32,12,10,18.0,-18.0,1,1
0022400814,2025-02-23,atlanta hawks,detroit pistons,143,148,0.5,0.591,30,39,40,37,13,17,-5.0,5.0,1,0
0022400815,2025-02-23,orlando magic,washington wizards,110,90,0.444,0.41,25,22,47,36,13,20,20.0,-20.0,1,1
0022400816,2025-02-23,phoenix suns,toronto raptors,109,127,0.506,0.489,22,30,37,49,11,14,-18.0,18.0,0,0
0022400817,2025-02-23,miami heat,milwaukee bucks,113,120,0.466,0.512,25,25,46,40,9,9,-7.0,7.0,0,0
0022400818,2025-02-23,new orleans pelicans,san antonio spurs,114,96,0.447,0.33,27,29,69,46,16,10,18.0,-18.0,1,1
0022400819,2025-02-23,cleveland cavaliers,memphis grizzlies,129,123,0.465,0.457,25,28,57,37,14,13,6.0,-6.0,1,1
0022400820,2025-02-23,minnesota timberwolves,oklahoma city thunder,123,130,0.438,0.558,23,32,44,37,13,13,-7.0,7.0,1,0
0022400821,2025-02-24,detroit pistons,la clippers,106,97,0.456,0.402,22,24,46,48,15,17,9.0,-9.0,1,1
0022400822,2025-02-24,denver nuggets,indiana pacers,125,116,0.564,0.471,39,29,46,32,19,17,9.0,-9.0,0,1
0022400823,2025-02-24,chicago bulls,philadelphia 76ers,142,110,0.506,0.389,32,19,44,47,13,16,32.0,-32.0,0,1
0022400824,2025-02-24,brooklyn nets,washington wizards,99,107,0.393,0.5,25,26,39,37,15,24,-8.0,8.0,0,0
0022400825,2025-02-24,atlanta hawks,miami heat,98,86,0.455,0.321,29,15,50,45,16,17,12.0,-12.0,1,1
0022400826,2025-02-24,minnesota timberwolves,oklahoma city thunder,131,128,0.454,0.425,29,27,54,53,13,11,3.0,-3.0,0,1
0022400827,2025-02-24,portland trail blazers,utah jazz,114,112,0.418,0.398,26,24,51,45,13,15,2.0,-2.0,0,1
0022400828,2025-02-24,charlotte hornets,sacramento kings,88,130,0.353,0.54,24,30,37,49,19,18,-42.0,42.0,0,0
0022400829,2025-02-25,boston celtics,toronto raptors,111,101,0.473,0.506,24,27,39,40,14,16,10.0,-10.0,0,1
0022400830,2025-02-25,cleveland cavaliers,orlando magic,122,82,0.563,0.367,25,21,47,35,11,10,40.0,-40.0,0,1
0022400831,2025-02-25,houston rockets,milwaukee bucks,100,97,0.407,0.4,18,19,53,37,15,13,3.0,-3.0,1,1
0022400832,2025-02-25,memphis grizzlies,phoenix suns,151,148,0.525,0.535,36,39,38,46,12,16,3.0,-3.0,1,1
0022400833,2025-02-25,new orleans pelicans,san antonio spurs,109,103,0.436,0.409,25,29,54,45,19,20,6.0,-6.0,1,1
0022400834,2025-02-25,charlotte hornets,golden state warriors,92,128,0.371,0.49,18,40,50,51,24,11,-36.0,36.0,0,0
0022400835,2025-02-25,dallas mavericks,los angeles lakers,99,107,0.357,0.448,23,24,45,57,12,14,-8.0,8.0,0,0
0022400836,2025-02-26,boston celtics,detroit pistons,97,117,0.413,0.528,21,29,32,51,17,12,-20.0,20.0,0,0
0022400837,2025-02-26,indiana pacers,toronto raptors,111,91,0.531,0.425,28,23,41,40,19,18,20.0,-20.0,1,1
0022400838,2025-02-26,new york knicks,philadelphia 76ers,110,105,0.519,0.443,22,21,43,35,16,13,5.0,-5.0,1,1
0022400839,2025-02-26,portland trail blazers,washington wizards,129,121,0.446,0.518,27,25,46,41,15,19,8.0,-8.0,0,1
0022400840,2025-02-26,brooklyn nets,oklahoma city thunder,121,129,0.409,0.533,31,27,46,45,14,11,-8.0,8.0,1,0
0022400841,2025-02-26,atlanta hawks,miami heat,109,131,0.506,0.592,29,39,33,35,15,14,-22.0,22.0,0,0
0022400842,2025-02-26,chicago bulls,la clippers,117,122,0.489,0.518,35,33,41,44,16,15,-5.0,5.0,1,0
0022400843,2025-02-26,sacramento kings,utah jazz,118,101,0.529,0.452,28,32,47,34,12,9,17.0,-17.0,0,1
0022400844,2025-02-26,houston rockets,san antonio spurs,118,106,0.471,0.42,22,28,60,41,14,8,12.0,-12.0,1,1
0022400845,2025-02-27,golden state warriors,orlando magic,121,115,0.456,0.506,26,23,38,46,12,18,6.0,-6.0,0,1
0022400846,2025-02-27,denver nuggets,milwaukee bucks,112,121,0.448,0.467,28,25,55,48,13,11,-9.0,9.0,0,0
0022400847,2025-02-27,charlotte hornets,dallas mavericks,96,103,0.408,0.412,25,23,56,48,15,7,-7.0,7.0,0,0
0022400848,2025-02-27,new orleans pelicans,phoenix suns,124,116,0.481,0.468,25,29,50,52,6,10,8.0,-8.0,0,1
0022400849,2025-02-27,los angeles lakers,minnesota timberwolves,111,102,0.415,0.417,21,25,52,41,12,10,9.0,-9.0,1,1
0022400850,2025-02-28,denver nuggets,detroit pistons,134,119,0.56,0.455,28,32,50,42,19,10,15.0,-15.0,0,1
0022400851,2025-02-28,atlanta hawks,oklahoma city thunder,119,135,0.489,0.505,27,37,46,43,19,11,-16.0,16.0,1,0
0022400852,2025-02-28,boston celtics,cleveland cavaliers,116,123,0.483,0.479,20,23,40,44,11,7,-7.0,7.0,1,0
0022400853,2025-02-28,brooklyn nets,portland trail blazers,102,121,0.414,0.577,20,31,45,36,21,20,-19.0,19.0,1,0
0022400854,2025-02-28,indiana pacers,miami heat,120,125,0.534,0.571,35,34,30,39,10,14,-5.0,5.0,0,0
0022400855,2025-02-28,chicago bulls,toronto raptors,125,115,0.446,0.417,32,30,45,51,11,14,10.0,-10.0,1,1
0022400856,2025-02-28,memphis grizzlies,new york knicks,113,114,0.468,0.463,26,29,58,35,18,8,-1.0,1.0,1,0
0022400857,2025-02-28,new orleans pelicans,phoenix suns,108,125,0.506,0.595,28,35,35,35,14,15,-17.0,17.0,0,0
0022400858,2025-02-28,minnesota timberwolves,utah jazz,116,117,0.436,0.511,35,35,40,60,7,20,-1.0,1.0,0,0
0022400859,2025-02-28,la clippers,los angeles lakers,102,106,0.448,0.488,25,19,44,39,17,15,-4.0,4.0,0,0
0022400860,2025-03-01,charlotte hornets,washington wizards,100,113,0.441,0.455,28,33,44,48,17,15,-13.0,13.0,1,0
0022400861,2025-03-01,brooklyn nets,detroit pistons,94,115,0.305,0.542,19,31,38,47,12,23,-21.0,21.0,0,0
0022400862,2025-03-01,houston rockets,sacramento kings,103,113,0.43,0.506,18,21,43,46,15,13,-10.0,10.0,1,0
0022400863,2025-03-01,memphis grizzlies,san antonio spurs,128,130,0.526,0.521,31,33,41,42,12,11,-2.0,2.0,1,0
0022400864,2025-03-01,golden state warriors,philadelphia 76ers,119,126,0.46,0.529,33,27,49,40,15,14,-7.0,7.0,0,0
0022400865,2025-03-01,dallas mavericks,milwaukee bucks,117,132,0.473,0.506,25,33,33,52,11,13,-15.0,15.0,1,0
0022400866,2025-03-02,boston celtics,denver nuggets,110,103,0.474,0.477,26,27,45,38,14,11,7.0,-7.0,1,1
0022400867,2025-03-02,cleveland cavaliers,portland trail blazers,133,129,0.433,0.438,27,25,47,46,13,19,4.0,-4.0,1,1
0022400868,2025-03-02,chicago bulls,indiana pacers,112,127,0.5,0.552,24,34,42,36,12,10,-15.0,15.0,0,0
0022400869,2025-03-02,miami heat,new york knicks,112,116,0.536,0.484,29,27,34,46,12,10,-4.0,4.0,1,0
0022400870,2025-03-02,orlando magic,toronto raptors,102,104,0.448,0.463,17,22,35,40,14,14,-2.0,2.0,1,0
0022400871,2025-03-02,oklahoma city thunder,san antonio spurs,146,132,0.545,0.56,34,36,45,35,7,12,14.0,-14.0,0,1
0022400872,2025-03-02,new orleans pelicans,utah jazz,128,121,0.52,0.479,35,35,48,41,11,11,7.0,-7.0,0,1
0022400873,2025-03-02,minnesota timberwolves,phoenix suns,116,98,0.424,0.438,28,24,35,57,8,20,18.0,-18.0,0,1
0022400874,2025-03-02,la clippers,los angeles lakers,102,108,0.432,0.494,24,21,40,41,12,16,-6.0,6.0,0,0
0022400875,2025-03-03,charlotte hornets,golden state warriors,101,119,0.395,0.421,20,33,47,54,17,8,-18.0,18.0,1,0
0022400876,2025-03-03,philadelphia 76ers,portland trail blazers,102,119,0.432,0.485,27,26,43,61,8,10,-17.0,17.0,1,0
0022400877,2025-03-03,miami heat,washington wizards,106,90,0.476,0.369,31,22,48,43,11,13,16.0,-16.0,1,1
0022400878,2025-03-03,atlanta hawks,memphis grizzlies,132,130,0.573,0.505,35,36,32,43,12,19,2.0,-2.0,0,1
0022400879,2025-03-03,houston rockets,oklahoma city thunder,128,137,0.485,0.495,20,31,49,49,16,13,-9.0,9.0,0,0
0022400880,2025-03-03,dallas mavericks,sacramento kings,98,122,0.455,0.522,28,34,37,37,13,7,-24.0,24.0,1,0
0022400881,2025-03-03,detroit pistons,utah jazz,134,106,0.554,0.427,32,19,39,41,13,27,28.0,-28.0,0,1
0022400882,2025-03-04,houston rockets,indiana pacers,102,115,0.408,0.512,22,34,58,35,14,11,-13.0,13.0,0,0
0022400883,2025-03-04,orlando magic,toronto raptors,113,114,0.482,0.475,28,28,35,48,14,20,-1.0,1.0,1,0
0022400884,2025-03-04,atlanta hawks,milwaukee bucks,121,127,0.455,0.51,33,27,47,51,11,14,-6.0,6.0,1,0
0022400885,2025-03-04,golden state warriors,new york knicks,114,102,0.489,0.446,30,26,44,42,11,13,12.0,-12.0,0,1
0022400886,2025-03-04,chicago bulls,cleveland cavaliers,117,139,0.443,0.469,32,27,50,53,7,8,-22.0,22.0,1,0
0022400887,2025-03-04,minnesota timberwolves,philadelphia 76ers,126,112,0.568,0.488,29,22,37,36,17,13,14.0,-14.0,1,1
0022400888,2025-03-04,brooklyn nets,san antonio spurs,113,127,0.453,0.547,29,37,40,46,13,13,-14.0,14.0,0,0
0022400889,2025-03-04,la clippers,phoenix suns,117,119,0.518,0.513,29,31,37,37,6,11,-2.0,2.0,0,0
0022400890,2025-03-04,los angeles lakers,new orleans pelicans,136,115,0.533,0.495,32,29,51,35,14,9,21.0,-21.0,1,1
0022400891,2025-03-05,boston celtics,portland trail blazers,128,118,0.464,0.5,24,19,52,39,9,8,10.0,-10.0,1,1
0022400892,2025-03-05,charlotte hornets,minnesota timberwolves,110,125,0.442,0.489,26,27,57,43,13,5,-15.0,15.0,1,0
0022400893,2025-03-05,cleveland cavaliers,miami heat,112,107,0.471,0.434,26,29,47,42,13,13,5.0,-5.0,1,1
0022400894,2025-03-05,utah jazz,washington wizards,122,125,0.465,0.442,21,32,58,45,14,9,-3.0,3.0,0,0
0022400895,2025-03-05,memphis grizzlies,oklahoma city thunder,103,120,0.407,0.506,21,27,49,39,15,11,-17.0,17.0,1,0
0022400896,2025-03-05,denver nuggets,sacramento kings,116,110,0.46,0.458,28,22,46,45,13,12,6.0,-6.0,1,1
0022400897,2025-03-05,dallas mavericks,milwaukee bucks,107,137,0.459,0.584,30,29,30,55,10,17,-30.0,30.0,0,0
0022400898,2025-03-05,detroit pistons,la clippers,115,123,0.523,0.55,27,18,34,33,12,9,-8.0,8.0,0,0
0022400899,2025-03-06,atlanta hawks,indiana pacers,124,118,0.532,0.484,32,27,43,42,8,11,6.0,-6.0,1,1
0022400900,2025-03-06,boston celtics,philadelphia 76ers,123,105,0.505,0.421,32,29,46,45,10,15,18.0,-18.0,1,1
0022400901,2025-03-06,brooklyn nets,golden state warriors,119,121,0.506,0.488,30,31,32,45,11,16,-2.0,2.0,1,0
0022400902,2025-03-06,houston rockets,new orleans pelicans,109,97,0.568,0.373,33,17,41,41,19,15,12.0,-12.0,0,1
0022400903,2025-03-06,los angeles lakers,new york knicks,113,109,0.427,0.394,25,20,49,46,16,13,4.0,-4.0,1,1
0022400904,2025-03-07,charlotte hornets,cleveland cavaliers,117,118,0.478,0.421,29,16,43,45,12,13,-1.0,1.0,1,0
0022400905,2025-03-07,toronto raptors,utah jazz,118,109,0.385,0.464,27,21,48,56,8,24,9.0,-9.0,1,1
0022400906,2025-03-07,dallas mavericks,memphis grizzlies,111,122,0.385,0.472,24,28,45,59,12,11,-11.0,11.0,1,0
0022400907,2025-03-07,miami heat,minnesota timberwolves,104,106,0.461,0.494,29,28,41,43,9,13,-2.0,2.0,1,0
0022400908,2025-03-07,oklahoma city thunder,portland trail blazers,107,89,0.464,0.347,25,15,43,53,11,17,18.0,-18.0,1,1
0022400909,2025-03-07,denver nuggets,phoenix suns,149,141,0.588,0.56,45,36,38,39,9,11,8.0,-8.0,1,1
0022400910,2025-03-07,sacramento kings,san antonio spurs,127,109,0.51,0.46,31,27,51,36,8,7,18.0,-18.0,1,1
0022400911,2025-03-07,la clippers,new york knicks,105,95,0.42,0.385,23,25,47,53,12,15,10.0,-10.0,1,1
0022400912,2025-03-08,brooklyn nets,charlotte hornets,102,105,0.463,0.408,20,25,37,50,11,10,-3.0,3.0,0,0
0022400913,2025-03-08,houston rockets,new orleans pelicans,146,117,0.556,0.485,32,29,48,44,10,13,29.0,-29.0,1,1
0022400914,2025-03-08,atlanta hawks,indiana pacers,120,118,0.464,0.436,23,29,48,41,16,15,2.0,-2.0,1,1
0022400915,2025-03-08,toronto raptors,washington wizards,117,118,0.421,0.44,24,29,49,50,15,15,-1.0,1.0,1,0
0022400916,2025-03-08,chicago bulls,miami heat,114,109,0.455,0.423,27,25,51,44,10,9,5.0,-5.0,0,1
0022400917,2025-03-08,milwaukee bucks,orlando magic,109,111,0.547,0.512,17,19,38,34,12,10,-2.0,2.0,1,0
0022400918,2025-03-08,boston celtics,los angeles lakers,111,101,0.476,0.448,24,18,43,45,9,12,10.0,-10.0,1,1
0022400919,2025-03-08,detroit pistons,golden state warriors,110,115,0.459,0.417,17,26,44,46,20,17,-5.0,5.0,0,0
0022400920,2025-03-09,denver nuggets,oklahoma city thunder,103,127,0.412,0.489,22,25,48,56,7,5,-24.0,24.0,0,0
0022400921,2025-03-09,dallas mavericks,phoenix suns,116,125,0.489,0.583,29,33,32,46,6,11,-9.0,9.0,1,0
0022400922,2025-03-09,cleveland cavaliers,milwaukee bucks,112,100,0.443,0.429,25,17,44,50,15,18,12.0,-12.0,0,1
0022400923,2025-03-09,memphis grizzlies,new orleans pelicans,107,104,0.414,0.412,24,24,57,39,12,14,3.0,-3.0,0,1
0022400924,2025-03-09,philadelphia 76ers,utah jazz,126,122,0.448,0.419,27,25,50,44,17,17,4.0,-4.0,1,1
0022400925,2025-03-09,minnesota timberwolves,san antonio spurs,141,124,0.558,0.553,38,26,42,36,12,12,17.0,-17.0,1,1
0022400926,2025-03-09,detroit pistons,portland trail blazers,119,112,0.494,0.387,22,17,54,41,13,12,7.0,-7.0,0,1
0022400927,2025-03-09,la clippers,sacramento kings,111,110,0.531,0.46,23,27,38,48,9,8,1.0,-1.0,1,1
0022400928,2025-03-10,atlanta hawks,philadelphia 76ers,132,123,0.541,0.505,34,29,48,31,15,10,9.0,-9.0,1,1
0022400929,2025-03-10,boston celtics,utah jazz,114,108,0.43,0.453,28,29,47,48,9,12,6.0,-6.0,1,1
0022400930,2025-03-10,brooklyn nets,los angeles lakers,111,108,0.411,0.435,22,31,47,43,7,15,3.0,-3.0,1,1
0022400931,2025-03-10,charlotte hornets,miami heat,105,102,0.419,0.459,26,24,36,46,10,16,3.0,-3.0,0,1
0022400932,2025-03-10,toronto raptors,washington wizards,119,104,0.394,0.362,26,25,73,54,8,8,15.0,-15.0,1,1
0022400933,2025-03-10,chicago bulls,indiana pacers,121,103,0.5,0.396,30,30,56,39,18,9,18.0,-18.0,1,1
0022400934,2025-03-10,houston rockets,orlando magic,97,84,0.393,0.326,20,15,63,42,19,8,13.0,-13.0,1,1
0022400935,2025-03-10,memphis grizzlies,phoenix suns,120,118,0.465,0.456,26,31,39,46,13,16,2.0,-2.0,1,1
0022400936,2025-03-10,denver nuggets,oklahoma city thunder,140,127,0.605,0.47,32,29,43,37,12,10,13.0,-13.0,0,1
0022400937,2025-03-10,dallas mavericks,san antonio spurs,133,129,0.534,0.521,25,29,40,38,10,9,4.0,-4.0,0,1
0022400938,2025-03-10,golden state warriors,portland trail blazers,130,120,0.529,0.484,35,31,40,43,17,19,10.0,-10.0,1,1
0022400939,2025-03-10,new york knicks,sacramento kings,133,104,0.536,0.419,34,18,40,37,15,16,29.0,-29.0,0,1
0022400940,2025-03-11,brooklyn nets,cleveland cavaliers,104,109,0.464,0.438,31,23,38,48,12,14,-5.0,5.0,0,0
0022400941,2025-03-11,detroit pistons,washington wizards,123,103,0.462,0.402,29,20,61,47,12,13,20.0,-20.0,1,1
0022400942,2025-03-11,indiana pacers,milwaukee bucks,115,114,0.506,0.512,30,32,38,44,9,15,1.0,-1.0,1,1
0022400943,2025-03-11,la clippers,new orleans pelicans,120,127,0.5,0.553,34,34,34,46,11,19,-7.0,7.0,0,0
0022400944,2025-03-06,chicago bulls,orlando magic,125,123,0.5,0.46,25,26,48,33,18,12,2.0,-2.0,0,1
0022400945,2025-03-12,atlanta hawks,charlotte hornets,123,110,0.42,0.455,26,29,43,47,13,21,13.0,-13.0,1,1
0022400946,2025-03-12,boston celtics,oklahoma city thunder,112,118,0.436,0.488,25,19,41,44,13,12,-6.0,6.0,1,0
0022400947,2025-03-12,philadelphia 76ers,toronto raptors,105,118,0.427,0.44,19,33,40,59,9,20,-13.0,13.0,0,0
0022400948,2025-03-12,la clippers,miami heat,119,104,0.592,0.476,24,27,45,29,16,10,15.0,-15.0,0,1
0022400949,2025-03-12,houston rockets,phoenix suns,111,104,0.455,0.534,25,22,38,37,9,16,7.0,-7.0,1,1
0022400950,2025-03-12,memphis grizzlies,utah jazz,122,115,0.457,0.467,30,24,39,60,9,23,7.0,-7.0,1,1
0022400951,2025-03-12,dallas mavericks,san antonio spurs,116,126,0.556,0.532,30,32,31,47,17,16,-10.0,10.0,0,0
0022400952,2025-03-12,denver nuggets,minnesota timberwolves,95,115,0.404,0.478,20,31,42,48,10,15,-20.0,20.0,1,0
0022400953,2025-03-12,new york knicks,portland trail blazers,114,113,0.468,0.444,27,20,38,52,15,23,1.0,-1.0,0,1
0022400954,2025-03-13,detroit pistons,washington wizards,125,129,0.459,0.478,23,30,41,47,12,15,-4.0,4.0,1,0
0022400955,2025-03-13,los angeles lakers,milwaukee bucks,106,126,0.437,0.477,18,30,38,48,13,11,-20.0,20.0,0,0
0022400956,2025-03-13,brooklyn nets,chicago bulls,110,116,0.448,0.456,32,24,50,47,9,8,-6.0,6.0,0,0
0022400957,2025-03-13,golden state warriors,sacramento kings,130,104,0.577,0.468,35,25,43,30,14,14,26.0,-26.0,1,1
0022400958,2025-03-14,boston celtics,miami heat,103,91,0.434,0.453,18,18,41,38,14,17,12.0,-12.0,0,1
0022400959,2025-03-14,indiana pacers,philadelphia 76ers,112,100,0.494,0.451,31,13,45,43,10,14,12.0,-12.0,0,1
0022400960,2025-03-14,atlanta hawks,la clippers,98,121,0.42,0.547,25,27,44,40,18,13,-23.0,23.0,1,0
0022400961,2025-03-14,dallas mavericks,houston rockets,96,133,0.415,0.514,14,27,34,67,7,10,-37.0,37.0,0,0
0022400962,2025-03-14,cleveland cavaliers,memphis grizzlies,133,124,0.5,0.495,32,25,43,45,15,14,9.0,-9.0,0,1
0022400963,2025-03-14,minnesota timberwolves,orlando magic,118,111,0.525,0.449,26,18,45,31,15,11,7.0,-7.0,1,1
0022400964,2025-03-14,charlotte hornets,san antonio spurs,145,134,0.6,0.505,42,27,34,36,18,13,11.0,-11.0,0,1
0022400965,2025-03-14,denver nuggets,los angeles lakers,131,126,0.518,0.467,30,32,39,47,12,8,5.0,-5.0,1,1
0022400966,2025-03-14,toronto raptors,utah jazz,126,118,0.484,0.438,28,23,51,35,15,16,8.0,-8.0,0,1
0022400967,2025-03-14,phoenix suns,sacramento kings,122,106,0.519,0.494,33,25,34,40,11,19,16.0,-16.0,1,1
0022400968,2025-03-15,boston celtics,brooklyn nets,115,113,0.524,0.467,29,34,38,45,7,9,2.0,-2.0,0,1
0022400969,2025-03-15,detroit pistons,oklahoma city thunder,107,113,0.477,0.483,29,17,39,44,17,17,-6.0,6.0,1,0
0022400970,2025-03-15,chicago bulls,houston rockets,114,117,0.462,0.449,24,24,36,54,10,11,-3.0,3.0,0,0
0022400971,2025-03-15,memphis grizzlies,miami heat,125,91,0.554,0.398,31,24,51,37,10,14,34.0,-34.0,1,1
0022400972,2025-03-15,indiana pacers,milwaukee bucks,119,126,0.479,0.544,29,28,32,45,11,15,-7.0,7.0,0,0
0022400973,2025-03-15,new orleans pelicans,san antonio spurs,115,119,0.5,0.464,34,26,52,37,15,10,-4.0,4.0,0,0
0022400974,2025-03-15,golden state warriors,new york knicks,97,94,0.398,0.43,25,20,45,49,9,13,3.0,-3.0,1,1
0022400975,2025-03-15,denver nuggets,washington wizards,123,126,0.505,0.484,40,34,42,44,17,17,-3.0,3.0,1,0
0022400976,2025-03-16,dallas mavericks,philadelphia 76ers,125,130,0.529,0.522,26,21,45,39,15,11,-5.0,5.0,1,0
0022400977,2025-03-16,los angeles lakers,phoenix suns,107,96,0.432,0.393,22,25,40,51,8,14,11.0,-11.0,1,1
0022400978,2025-03-16,atlanta hawks,brooklyn nets,114,122,0.467,0.478,27,33,38,40,14,15,-8.0,8.0,0,0
0022400979,2025-03-16,cleveland cavaliers,orlando magic,103,108,0.417,0.42,21,21,48,47,13,15,-5.0,5.0,1,0
0022400980,2025-03-16,portland trail blazers,toronto raptors,105,102,0.409,0.404,21,29,51,47,20,18,3.0,-3.0,1,1
0022400981,2025-03-16,minnesota timberwolves,utah jazz,128,102,0.495,0.433,30,23,49,44,9,22,26.0,-26.0,1,1
0022400982,2025-03-16,milwaukee bucks,oklahoma city thunder,105,121,0.398,0.517,21,30,34,50,9,9,-16.0,16.0,1,0
0022400983,2025-01-23,la clippers,washington wizards,110,93,0.455,0.34,29,24,55,49,18,15,17.0,-17.0,1,1
0022400984,2025-03-17,miami heat,new york knicks,95,116,0.476,0.495,23,30,39,41,20,13,-21.0,21.0,0,0
0022400985,2025-03-17,houston rockets,philadelphia 76ers,144,137,0.477,0.505,35,21,58,35,15,16,7.0,-7.0,1,1
0022400986,2025-03-17,indiana pacers,minnesota timberwolves,132,130,0.495,0.454,28,25,48,44,20,14,2.0,-2.0,0,1
0022400987,2025-03-17,detroit pistons,new orleans pelicans,127,81,0.548,0.326,33,18,50,39,13,16,46.0,-46.0,0,1
0022400988,2025-04-01,orlando magic,san antonio spurs,116,105,0.478,0.494,28,24,41,38,10,17,11.0,-11.0,0,1
0022400989,2025-03-17,chicago bulls,utah jazz,111,97,0.433,0.407,29,20,49,48,9,17,14.0,-14.0,0,1
0022400990,2025-03-17,denver nuggets,golden state warriors,114,105,0.467,0.488,32,24,53,38,20,20,9.0,-9.0,0,1
0022400991,2025-03-17,phoenix suns,toronto raptors,129,89,0.511,0.356,34,20,54,40,10,11,40.0,-40.0,1,1
0022400992,2025-03-17,memphis grizzlies,sacramento kings,122,132,0.489,0.523,24,35,48,38,17,12,-10.0,10.0,0,0
0022400993,2025-03-18,atlanta hawks,charlotte hornets,134,102,0.538,0.452,27,25,46,39,10,17,32.0,-32.0,0,1
0022400994,2025-03-18,boston celtics,brooklyn nets,104,96,0.443,0.409,24,21,48,39,13,8,8.0,-8.0,1,1
0022400995,2025-03-17,portland trail blazers,washington wizards,112,97,0.424,0.413,25,27,50,49,8,16,15.0,-15.0,1,1
0022400996,2025-03-20,los angeles lakers,milwaukee bucks,89,118,0.415,0.476,26,24,50,41,19,9,-29.0,29.0,1,0
0022400997,2025-03-18,cleveland cavaliers,la clippers,119,132,0.489,0.548,29,28,29,49,8,12,-13.0,13.0,0,0
0022400998,2025-03-19,dallas mavericks,indiana pacers,131,135,0.545,0.549,23,29,41,38,12,11,-4.0,4.0,0,0
0022400999,2025-03-19,houston rockets,orlando magic,116,108,0.469,0.446,18,23,46,41,15,12,8.0,-8.0,0,1
0022401000,2025-03-19,detroit pistons,miami heat,116,113,0.505,0.489,25,24,47,37,12,13,3.0,-3.0,0,1
0022401001,2025-03-19,minnesota timberwolves,new orleans pelicans,115,119,0.455,0.528,21,28,40,46,14,13,-4.0,4.0,1,0
0022401002,2025-03-19,oklahoma city thunder,philadelphia 76ers,133,100,0.522,0.368,36,24,55,41,12,12,33.0,-33.0,1,1
0022401003,2025-03-19,new york knicks,san antonio spurs,105,120,0.424,0.5,28,28,44,52,10,13,-15.0,15.0,0,0
0022401004,2025-02-13,la clippers,utah jazz,120,116,0.415,0.487,22,23,43,47,10,26,4.0,-4.0,0,1
0022401005,2025-03-20,golden state warriors,toronto raptors,117,114,0.422,0.564,30,32,38,44,14,23,3.0,-3.0,1,1
0022401006,2025-03-19,denver nuggets,los angeles lakers,108,120,0.471,0.506,25,25,45,38,18,13,-12.0,12.0,0,0
0022401007,2025-03-19,chicago bulls,phoenix suns,121,127,0.544,0.49,29,34,40,46,13,11,-6.0,6.0,0,0
0022401008,2025-03-19,memphis grizzlies,portland trail blazers,99,115,0.402,0.417,23,25,40,65,10,17,-16.0,16.0,0,0
0022401009,2025-03-19,cleveland cavaliers,sacramento kings,119,123,0.548,0.505,24,28,37,41,12,11,-4.0,4.0,0,0
0022401010,2025-03-20,charlotte hornets,new york knicks,115,98,0.489,0.4,25,26,52,38,11,7,17.0,-17.0,1,1
0022401011,2025-03-20,brooklyn nets,indiana pacers,99,105,0.356,0.432,20,18,47,57,16,22,-6.0,6.0,0,0
0022401012,2025-03-18,golden state warriors,milwaukee bucks,104,93,0.416,0.392,25,19,52,34,18,9,11.0,-11.0,1,1
0022401013,2025-03-20,chicago bulls,sacramento kings,128,116,0.523,0.477,32,27,40,36,12,11,12.0,-12.0,0,1
0022401014,2025-03-21,orlando magic,washington wizards,120,105,0.479,0.425,25,23,55,41,12,14,15.0,-15.0,0,1
0022401015,2025-03-21,houston rockets,miami heat,102,98,0.464,0.521,14,25,46,34,15,20,4.0,-4.0,0,1
0022401016,2025-03-21,minnesota timberwolves,new orleans pelicans,134,93,0.539,0.5,40,20,36,33,13,25,41.0,-41.0,1,1
0022401017,2025-03-21,charlotte hornets,oklahoma city thunder,106,141,0.463,0.574,29,29,29,43,16,7,-35.0,35.0,0,0
0022401018,2025-03-21,philadelphia 76ers,san antonio spurs,120,128,0.568,0.528,30,36,32,34,16,14,-8.0,8.0,0,0
0022401019,2025-03-21,dallas mavericks,detroit pistons,123,117,0.525,0.469,25,24,44,41,20,14,6.0,-6.0,1,1
0022401020,2025-03-21,boston celtics,utah jazz,121,99,0.464,0.452,27,24,48,38,10,17,22.0,-22.0,0,1
0022401021,2025-03-21,cleveland cavaliers,phoenix suns,112,123,0.447,0.522,24,33,44,46,11,13,-11.0,11.0,0,0
0022401022,2025-03-21,denver nuggets,portland trail blazers,109,128,0.5,0.54,24,30,31,38,20,17,-19.0,19.0,0,0
0022401023,2025-03-21,la clippers,memphis grizzlies,128,108,0.577,0.421,29,28,43,40,13,10,20.0,-20.0,1,1
0022401024,2025-03-22,brooklyn nets,indiana pacers,103,108,0.433,0.476,20,32,48,44,14,13,-5.0,5.0,0,0
0022401025,2025-03-22,atlanta hawks,golden state warriors,124,115,0.57,0.464,37,28,46,38,14,9,9.0,-9.0,1,1
0022401026,2025-03-22,new york knicks,washington wizards,122,103,0.484,0.443,29,21,49,41,14,20,19.0,-19.0,1,1
0022401027,2025-03-22,milwaukee bucks,sacramento kings,114,108,0.524,0.451,22,21,42,44,9,8,6.0,-6.0,0,1
0022401028,2025-03-22,chicago bulls,los angeles lakers,146,115,0.583,0.482,41,23,42,35,10,21,31.0,-31.0,0,1
0022401029,2025-03-23,detroit pistons,new orleans pelicans,136,130,0.547,0.576,26,35,32,37,6,17,6.0,-6.0,1,1
0022401030,2025-03-23,cleveland cavaliers,utah jazz,120,91,0.458,0.36,28,25,51,52,6,18,29.0,-29.0,0,1
0022401031,2025-03-23,atlanta hawks,philadelphia 76ers,132,119,0.552,0.44,35,24,39,37,16,13,13.0,-13.0,1,1
0022401032,2025-03-23,charlotte hornets,miami heat,105,122,0.471,0.573,24,27,40,32,19,10,-17.0,17.0,0,0
0022401033,2025-03-23,san antonio spurs,toronto raptors,123,89,0.477,0.38,27,27,46,46,14,21,34.0,-34.0,0,1
0022401034,2025-03-23,boston celtics,portland trail blazers,129,116,0.545,0.489,31,24,38,38,9,12,13.0,-13.0,0,1
0022401035,2025-03-23,denver nuggets,houston rockets,116,111,0.506,0.438,28,25,43,45,9,6,5.0,-5.0,0,1
0022401036,2025-03-23,la clippers,oklahoma city thunder,101,103,0.427,0.402,20,28,48,42,14,9,-2.0,2.0,1,0
0022401037,2025-03-24,indiana pacers,minnesota timberwolves,119,103,0.489,0.484,30,26,46,45,11,17,16.0,-16.0,1,1
0022401038,2025-03-24,los angeles lakers,orlando magic,106,118,0.463,0.494,19,25,39,43,10,8,-12.0,12.0,0,0
0022401039,2025-03-24,toronto raptors,washington wizards,112,104,0.406,0.402,28,24,60,48,12,17,8.0,-8.0,0,1
0022401040,2025-03-24,brooklyn nets,dallas mavericks,101,120,0.513,0.563,30,34,37,41,18,10,-19.0,19.0,1,0
0022401041,2025-03-24,new orleans pelicans,philadelphia 76ers,112,99,0.494,0.391,36,19,51,37,16,11,13.0,-13.0,1,1
0022401042,2025-03-24,chicago bulls,denver nuggets,129,119,0.495,0.474,31,34,43,52,10,12,10.0,-10.0,0,1
0022401043,2025-03-24,milwaukee bucks,phoenix suns,106,108,0.446,0.476,24,25,36,52,7,16,-2.0,2.0,0,0
0022401044,2025-03-24,boston celtics,sacramento kings,113,95,0.456,0.453,28,23,45,45,10,14,18.0,-18.0,0,1
0022401045,2025-03-25,charlotte hornets,orlando magic,104,111,0.42,0.456,26,22,38,50,11,8,-7.0,7.0,1,0
0022401046,2025-03-25,detroit pistons,san antonio spurs,122,96,0.564,0.363,33,21,44,41,10,10,26.0,-26.0,1,1
0022401047,2025-03-25,golden state warriors,miami heat,86,112,0.398,0.558,20,26,38,42,12,15,-26.0,26.0,0,0
0022401048,2025-03-25,dallas mavericks,new york knicks,113,128,0.538,0.596,19,40,33,36,16,14,-15.0,15.0,0,0
0022401049,2025-03-25,atlanta hawks,houston rockets,114,121,0.417,0.452,32,17,42,51,14,13,-7.0,7.0,0,0
0022401050,2025-03-25,memphis grizzlies,utah jazz,140,103,0.531,0.436,38,24,52,28,8,13,37.0,-37.0,0,1
0022401051,2025-03-25,cleveland cavaliers,portland trail blazers,122,111,0.545,0.4,28,28,41,45,11,9,11.0,-11.0,0,1
0022401052,2025-03-25,oklahoma city thunder,sacramento kings,121,105,0.524,0.407,30,32,52,36,15,11,16.0,-16.0,0,1
0022401053,2025-03-26,philadelphia 76ers,washington wizards,114,119,0.429,0.505,22,30,47,49,4,10,-5.0,5.0,1,0
0022401054,2025-03-26,brooklyn nets,toronto raptors,86,116,0.356,0.422,16,34,43,63,19,11,-30.0,30.0,1,0
0022401055,2025-03-26,indiana pacers,los angeles lakers,119,120,0.506,0.519,31,26,36,43,9,14,-1.0,1.0,1,0
0022401056,2025-03-26,la clippers,new york knicks,126,113,0.511,0.5,27,35,45,38,5,9,13.0,-13.0,0,1
0022401057,2025-03-26,denver nuggets,milwaukee bucks,127,117,0.544,0.517,36,30,46,39,9,11,10.0,-10.0,1,1
0022401058,2025-03-26,boston celtics,phoenix suns,132,102,0.506,0.414,33,22,48,38,10,13,30.0,-30.0,0,1
0022401059,2025-03-27,cleveland cavaliers,san antonio spurs,124,116,0.465,0.406,33,27,56,50,13,10,8.0,-8.0,1,1
0022401060,2025-03-27,dallas mavericks,orlando magic,101,92,0.474,0.425,21,14,40,44,14,16,9.0,-9.0,0,1
0022401061,2025-03-27,indiana pacers,washington wizards,162,109,0.641,0.447,48,19,50,31,12,15,53.0,-53.0,0,1
0022401062,2025-03-27,atlanta hawks,miami heat,112,122,0.518,0.537,27,26,36,37,15,13,-10.0,10.0,0,0
0022401063,2025-03-27,chicago bulls,los angeles lakers,119,117,0.467,0.495,33,30,48,40,15,11,2.0,-2.0,1,1
0022401064,2025-03-27,memphis grizzlies,oklahoma city thunder,104,125,0.418,0.489,28,28,36,45,18,12,-21.0,21.0,0,0
0022401065,2025-03-27,houston rockets,utah jazz,121,110,0.461,0.544,26,29,51,33,9,16,11.0,-11.0,0,1
0022401066,2025-03-27,portland trail blazers,sacramento kings,107,128,0.398,0.649,23,24,32,46,10,20,-21.0,21.0,0,0
0022401067,2025-03-28,cleveland cavaliers,detroit pistons,122,133,0.464,0.478,16,25,41,43,14,13,-11.0,11.0,0,0
0022401068,2025-03-28,brooklyn nets,la clippers,100,132,0.371,0.55,27,29,43,48,14,12,-32.0,32.0,1,0
0022401069,2025-03-28,charlotte hornets,toronto raptors,97,108,0.406,0.442,29,28,56,45,17,6,-11.0,11.0,0,0
0022401070,2025-03-28,milwaukee bucks,new york knicks,107,116,0.547,0.484,24,28,32,44,16,8,-9.0,9.0,1,0
0022401071,2025-03-28,minnesota timberwolves,phoenix suns,124,109,0.528,0.519,31,28,43,34,11,16,15.0,-15.0,1,1
0022401072,2025-03-28,golden state warriors,new orleans pelicans,111,95,0.413,0.407,29,24,50,46,10,15,16.0,-16.0,0,1
0022401073,2025-03-28,denver nuggets,utah jazz,129,93,0.578,0.355,38,21,45,42,18,17,36.0,-36.0,1,1
0022401074,2025-03-29,orlando magic,sacramento kings,121,91,0.494,0.42,31,17,49,41,12,16,30.0,-30.0,1,1
0022401075,2025-03-29,brooklyn nets,washington wizards,115,112,0.443,0.435,25,21,49,40,12,6,3.0,-3.0,0,1
0022401076,2025-03-29,miami heat,philadelphia 76ers,118,95,0.473,0.5,33,28,47,37,9,18,23.0,-23.0,0,1
0022401077,2025-03-29,chicago bulls,dallas mavericks,119,120,0.473,0.465,31,28,56,41,19,6,-1.0,1.0,1,0
0022401078,2025-03-29,los angeles lakers,memphis grizzlies,134,127,0.506,0.526,30,33,42,41,13,12,7.0,-7.0,0,1
0022401079,2025-03-29,indiana pacers,oklahoma city thunder,111,132,0.448,0.511,27,26,43,47,11,9,-21.0,21.0,0,0
0022401080,2025-03-29,boston celtics,san antonio spurs,121,111,0.479,0.437,32,25,54,35,9,4,10.0,-10.0,0,1
0022401081,2025-03-30,cleveland cavaliers,la clippers,127,122,0.505,0.484,33,25,45,44,10,12,5.0,-5.0,1,1
0022401082,2025-03-30,new york knicks,portland trail blazers,110,93,0.536,0.437,27,19,44,39,13,14,17.0,-17.0,1,1
0022401083,2025-03-30,atlanta hawks,milwaukee bucks,145,124,0.532,0.476,36,21,46,36,8,14,21.0,-21.0,0,1
0022401084,2025-03-30,detroit pistons,minnesota timberwolves,104,123,0.358,0.473,22,24,44,59,7,9,-19.0,19.0,0,0
0022401085,2025-03-30,charlotte hornets,new orleans pelicans,94,98,0.352,0.413,20,24,50,57,14,17,-4.0,4.0,0,0
0022401086,2025-03-30,golden state warriors,san antonio spurs,148,106,0.577,0.476,42,30,44,34,12,21,42.0,-42.0,0,1
0022401087,2025-03-30,philadelphia 76ers,toronto raptors,109,127,0.472,0.476,25,32,46,46,16,10,-18.0,18.0,1,0
0022401088,2025-03-30,houston rockets,phoenix suns,148,109,0.571,0.483,37,25,45,39,9,19,39.0,-39.0,0,1
0022401089,2025-03-31,charlotte hornets,utah jazz,110,106,0.538,0.406,33,25,47,41,18,10,4.0,-4.0,1,1
0022401090,2025-03-31,indiana pacers,sacramento kings,111,109,0.467,0.467,28,22,40,45,12,11,2.0,-2.0,1,1
0022401091,2025-03-31,la clippers,orlando magic,96,87,0.439,0.395,18,18,47,32,16,14,9.0,-9.0,0,1
0022401092,2025-03-31,miami heat,washington wizards,120,94,0.505,0.395,29,22,62,39,17,18,26.0,-26.0,0,1
0022401093,2025-03-31,boston celtics,memphis grizzlies,117,103,0.406,0.446,30,21,54,45,12,10,14.0,-14.0,0,1
0022401094,2025-03-31,chicago bulls,oklahoma city thunder,117,145,0.449,0.531,29,39,43,44,19,14,-28.0,28.0,0,0
0022401095,2025-03-31,brooklyn nets,dallas mavericks,113,109,0.433,0.477,32,29,40,49,8,8,4.0,-4.0,0,1
0022401096,2025-03-31,houston rockets,los angeles lakers,98,104,0.416,0.393,26,22,51,45,15,11,-6.0,6.0,0,0
0022401097,2025-04-01,atlanta hawks,portland trail blazers,113,127,0.446,0.456,26,30,45,54,19,17,-14.0,14.0,1,0
0022401098,2025-04-01,new york knicks,philadelphia 76ers,105,91,0.424,0.42,23,23,44,42,18,19,14.0,-14.0,1,1
0022401099,2025-04-01,chicago bulls,toronto raptors,137,118,0.568,0.454,36,35,49,35,12,12,19.0,-19.0,1,1
0022401100,2025-04-01,golden state warriors,memphis grizzlies,134,125,0.424,0.478,29,22,49,43,11,16,9.0,-9.0,0,1
0022401101,2025-04-01,milwaukee bucks,phoenix suns,133,123,0.689,0.478,32,26,29,33,18,13,10.0,-10.0,1,1
0022401102,2025-04-01,denver nuggets,minnesota timberwolves,139,140,0.547,0.468,33,35,45,52,16,14,-1.0,1.0,1,0
0022401103,2025-04-02,cleveland cavaliers,new york knicks,124,105,0.532,0.444,23,24,44,39,13,14,19.0,-19.0,1,1
0022401104,2025-04-02,charlotte hornets,indiana pacers,105,119,0.526,0.495,20,29,44,38,18,6,-14.0,14.0,0,0
0022401105,2025-04-02,sacramento kings,washington wizards,111,116,0.421,0.512,25,24,48,41,11,14,-5.0,5.0,0,0
0022401106,2025-04-02,boston celtics,miami heat,103,124,0.448,0.518,24,28,43,34,13,4,-21.0,21.0,1,0
0022401107,2025-04-02,houston rockets,utah jazz,143,105,0.538,0.426,30,25,63,39,10,9,38.0,-38.0,1,1
0022401108,2025-04-02,detroit pistons,oklahoma city thunder,103,119,0.404,0.438,20,25,43,46,18,10,-16.0,16.0,0,0
0022401109,2025-04-02,atlanta hawks,dallas mavericks,118,120,0.433,0.53,29,27,43,42,11,13,-2.0,2.0,0,0
0022401110,2025-04-02,denver nuggets,san antonio spurs,106,113,0.396,0.443,24,27,58,52,12,10,-7.0,7.0,1,0
0022401111,2025-04-02,la clippers,new orleans pelicans,114,98,0.526,0.506,27,29,30,39,10,15,16.0,-16.0,1,1
0022401112,2025-04-03,orlando magic,washington wizards,109,97,0.463,0.447,27,16,47,38,8,13,12.0,-12.0,0,1
0022401113,2025-04-03,brooklyn nets,minnesota timberwolves,90,105,0.427,0.5,30,27,34,45,10,17,-15.0,15.0,1,0
0022401114,2025-04-03,memphis grizzlies,miami heat,110,108,0.471,0.411,24,24,49,47,18,11,2.0,-2.0,0,1
0022401115,2025-04-03,milwaukee bucks,philadelphia 76ers,126,113,0.561,0.483,32,30,40,40,11,13,13.0,-13.0,0,1
0022401116,2025-04-03,portland trail blazers,toronto raptors,112,103,0.488,0.458,20,29,54,35,20,17,9.0,-9.0,0,1
0022401117,2025-04-03,golden state warriors,los angeles lakers,123,116,0.476,0.453,30,23,46,39,13,8,7.0,-7.0,0,1
0022401118,2025-04-04,charlotte hornets,sacramento kings,102,125,0.398,0.495,17,26,45,44,12,6,-23.0,23.0,1,0
0022401119,2025-04-04,indiana pacers,utah jazz,140,112,0.573,0.375,38,21,51,52,7,11,28.0,-28.0,1,1
0022401120,2025-04-04,boston celtics,phoenix suns,123,103,0.517,0.441,28,24,49,40,7,6,20.0,-20.0,1,1
0022401121,2025-04-04,detroit pistons,toronto raptors,117,105,0.461,0.418,27,24,47,49,13,15,12.0,-12.0,0,1
0022401122,2025-04-04,chicago bulls,portland trail blazers,118,113,0.471,0.383,25,23,61,54,17,5,5.0,-5.0,1,1
0022401123,2025-04-04,houston rockets,oklahoma city thunder,125,111,0.489,0.483,24,24,48,33,13,15,14.0,-14.0,1,1
0022401124,2025-04-04,cleveland cavaliers,san antonio spurs,114,113,0.471,0.436,31,27,44,44,15,11,1.0,-1.0,0,1
0022401125,2025-04-04,denver nuggets,golden state warriors,104,118,0.541,0.489,28,25,38,36,25,13,-14.0,14.0,0,0
0022401126,2025-04-04,los angeles lakers,new orleans pelicans,124,108,0.519,0.488,26,27,36,38,12,16,16.0,-16.0,1,1
0022401127,2025-04-04,dallas mavericks,la clippers,91,114,0.455,0.494,19,23,39,48,17,13,-23.0,23.0,0,0
0022401128,2025-04-05,atlanta hawks,new york knicks,105,121,0.466,0.536,24,32,38,38,15,13,-16.0,16.0,1,0
0022401129,2025-04-05,detroit pistons,memphis grizzlies,103,109,0.385,0.415,24,19,44,64,6,14,-6.0,6.0,1,0
0022401130,2025-04-05,minnesota timberwolves,philadelphia 76ers,114,109,0.506,0.484,22,26,47,34,15,8,5.0,-5.0,0,1
0022401131,2025-04-05,miami heat,milwaukee bucks,115,121,0.422,0.517,24,29,52,47,10,9,-6.0,6.0,1,0
0022401132,2025-04-05,dallas mavericks,la clippers,104,135,0.436,0.563,18,31,41,45,15,6,-31.0,31.0,0,0
0022401133,2025-04-06,charlotte hornets,chicago bulls,117,131,0.482,0.535,25,26,40,41,12,12,-14.0,14.0,1,0
0022401134,2025-04-06,brooklyn nets,toronto raptors,109,120,0.476,0.5,25,30,46,47,23,18,-11.0,11.0,1,0
0022401135,2025-04-06,los angeles lakers,oklahoma city thunder,126,99,0.548,0.433,25,20,43,34,15,7,27.0,-27.0,0,1
0022401136,2025-04-06,atlanta hawks,utah jazz,147,134,0.568,0.517,43,29,42,32,11,10,13.0,-13.0,1,1
0022401137,2025-04-06,boston celtics,washington wizards,124,90,0.49,0.407,33,21,62,32,13,10,34.0,-34.0,1,1
0022401138,2025-04-06,cleveland cavaliers,sacramento kings,113,120,0.523,0.537,31,25,39,39,16,14,-7.0,7.0,1,0
0022401139,2025-04-06,portland trail blazers,san antonio spurs,120,109,0.472,0.432,25,26,44,45,15,18,11.0,-11.0,1,1
0022401140,2025-04-06,new york knicks,phoenix suns,112,98,0.541,0.424,28,20,41,35,14,12,14.0,-14.0,1,1
0022401141,2025-03-13,new orleans pelicans,orlando magic,93,113,0.443,0.518,23,25,40,39,13,8,-20.0,20.0,1,0
0022401142,2025-04-06,denver nuggets,indiana pacers,120,125,0.538,0.479,33,34,47,41,13,6,-5.0,5.0,1,0
0022401143,2025-04-06,golden state warriors,houston rockets,96,106,0.416,0.484,28,26,46,49,20,15,-10.0,10.0,1,0
0022401144,2025-04-07,detroit pistons,sacramento kings,117,127,0.472,0.516,30,20,37,50,9,10,-10.0,10.0,1,0
0022401145,2025-04-07,miami heat,philadelphia 76ers,117,105,0.506,0.432,26,20,47,45,13,13,12.0,-12.0,1,1
0022401146,2025-04-08,charlotte hornets,memphis grizzlies,100,124,0.457,0.452,22,23,38,52,15,13,-24.0,24.0,1,0
0022401147,2025-04-08,chicago bulls,cleveland cavaliers,113,135,0.477,0.51,26,35,45,45,20,12,-22.0,22.0,0,0
0022401148,2025-04-08,indiana pacers,washington wizards,104,98,0.379,0.418,21,18,49,50,7,11,6.0,-6.0,1,1
0022401149,2025-04-08,atlanta hawks,orlando magic,112,119,0.455,0.5,25,23,41,43,18,13,-7.0,7.0,0,0
0022401150,2025-04-08,brooklyn nets,new orleans pelicans,119,114,0.494,0.476,30,26,40,42,16,17,5.0,-5.0,1,1
0022401151,2025-04-08,boston celtics,new york knicks,119,117,0.46,0.475,26,28,38,52,15,11,2.0,-2.0,0,1
0022401152,2025-04-08,milwaukee bucks,minnesota timberwolves,110,103,0.476,0.461,27,25,43,42,11,13,7.0,-7.0,1,1
0022401153,2025-04-08,los angeles lakers,oklahoma city thunder,120,136,0.463,0.5,21,26,45,44,18,6,-16.0,16.0,0,0
0022401154,2025-04-08,golden state warriors,phoenix suns,133,95,0.484,0.398,31,22,57,41,15,19,38.0,-38.0,0,1
0022401155,2025-04-08,la clippers,san antonio spurs,122,117,0.516,0.529,30,29,50,34,15,16,5.0,-5.0,1,1
0022401156,2025-04-09,boston celtics,orlando magic,76,96,0.39,0.407,20,23,43,49,15,10,-20.0,20.0,0,0
0022401157,2025-04-09,philadelphia 76ers,washington wizards,122,103,0.429,0.391,20,22,55,47,16,16,19.0,-19.0,0,1
0022401158,2025-04-09,charlotte hornets,toronto raptors,96,126,0.439,0.471,23,37,41,55,19,8,-30.0,30.0,0,0
0022401159,2025-04-09,dallas mavericks,los angeles lakers,97,112,0.5,0.467,30,22,38,39,19,9,-15.0,15.0,1,0
0022401160,2025-04-09,chicago bulls,miami heat,119,111,0.517,0.478,33,28,46,39,16,13,8.0,-8.0,1,1
0022401161,2025-04-10,milwaukee bucks,new orleans pelicans,136,111,0.544,0.427,27,28,43,53,11,16,25.0,-25.0,1,1
0022401162,2025-04-09,portland trail blazers,utah jazz,126,133,0.462,0.51,27,27,43,56,16,24,-7.0,7.0,0,0
0022401163,2025-04-09,golden state warriors,san antonio spurs,111,114,0.419,0.481,29,23,45,43,10,13,-3.0,3.0,1,0
0022401164,2025-04-09,oklahoma city thunder,phoenix suns,125,112,0.523,0.483,24,31,44,38,10,13,13.0,-13.0,0,1
0022401165,2025-04-09,denver nuggets,sacramento kings,124,116,0.5,0.467,30,25,45,40,7,8,8.0,-8.0,0,1
0022401166,2025-04-09,houston rockets,la clippers,117,134,0.511,0.533,24,33,36,43,13,11,-17.0,17.0,0,0
0022401167,2025-04-10,detroit pistons,new york knicks,115,106,0.573,0.467,20,32,35,34,15,14,9.0,-9.0,1,1
0022401168,2025-04-10,cleveland cavaliers,indiana pacers,112,114,0.439,0.462,24,28,50,46,11,9,-2.0,2.0,0,0
0022401169,2025-04-10,atlanta hawks,brooklyn nets,133,109,0.571,0.4,36,31,51,41,15,17,24.0,-24.0,0,1
0022401170,2025-04-10,memphis grizzlies,minnesota timberwolves,125,141,0.517,0.552,26,29,33,41,15,16,-16.0,16.0,1,0
0022401171,2025-04-11,detroit pistons,milwaukee bucks,119,125,0.495,0.457,30,30,42,44,10,7,-6.0,6.0,1,0
0022401172,2025-04-11,indiana pacers,orlando magic,115,129,0.449,0.576,24,32,44,35,17,19,-14.0,14.0,1,0
0022401173,2025-04-11,atlanta hawks,philadelphia 76ers,124,110,0.479,0.443,28,29,53,45,14,14,14.0,-14.0,0,1
0022401174,2025-04-11,boston celtics,charlotte hornets,130,94,0.516,0.387,35,25,52,48,10,17,36.0,-36.0,1,1
0022401175,2025-04-11,cleveland cavaliers,new york knicks,108,102,0.494,0.409,23,22,49,35,15,8,6.0,-6.0,0,1
0022401176,2025-04-11,chicago bulls,washington wizards,119,89,0.462,0.385,32,26,54,41,12,16,30.0,-30.0,1,1
0022401177,2025-04-11,miami heat,new orleans pelicans,153,104,0.558,0.4,36,27,60,42,9,13,49.0,-49.0,0,1
0022401178,2025-04-11,dallas mavericks,toronto raptors,124,102,0.551,0.4,34,22,56,43,17,10,22.0,-22.0,1,1
0022401179,2025-04-11,brooklyn nets,minnesota timberwolves,91,117,0.367,0.545,24,27,41,48,9,12,-26.0,26.0,0,0
0022401180,2025-04-11,denver nuggets,memphis grizzlies,117,109,0.484,0.451,32,26,52,41,12,12,8.0,-8.0,1,1
0022401181,2025-04-11,oklahoma city thunder,utah jazz,145,111,0.56,0.379,41,23,47,57,10,16,34.0,-34.0,0,1
0022401182,2025-04-11,phoenix suns,san antonio spurs,117,98,0.463,0.433,27,28,52,40,11,14,19.0,-19.0,1,1
0022401183,2025-04-11,golden state warriors,portland trail blazers,103,86,0.398,0.376,26,21,45,52,14,22,17.0,-17.0,0,1
0022401184,2025-04-11,la clippers,sacramento kings,101,100,0.513,0.435,19,23,37,43,12,11,1.0,-1.0,0,1
0022401185,2025-04-11,houston rockets,los angeles lakers,109,140,0.456,0.609,22,28,37,42,18,12,-31.0,31.0,0,0
0022401186,2025-04-13,atlanta hawks,orlando magic,117,105,0.534,0.455,32,25,44,43,15,14,12.0,-12.0,1,1
0022401187,2025-04-13,boston celtics,charlotte hornets,93,86,0.389,0.376,22,23,49,51,13,17,7.0,-7.0,1,1
0022401188,2025-04-13,brooklyn nets,new york knicks,105,113,0.514,0.43,21,27,42,40,18,11,-8.0,8.0,1,0
0022401189,2025-04-13,cleveland cavaliers,indiana pacers,118,126,0.383,0.403,21,27,65,61,21,13,-8.0,8.0,1,0
0022401190,2025-04-13,miami heat,washington wizards,118,119,0.5,0.511,28,33,46,43,8,10,-1.0,1.0,1,0
0022401191,2025-04-13,chicago bulls,philadelphia 76ers,122,102,0.456,0.383,29,20,59,48,12,14,20.0,-20.0,0,1
0022401192,2025-04-13,detroit pistons,milwaukee bucks,133,140,0.477,0.581,35,30,42,38,13,20,-7.0,7.0,0,0
0022401193,2025-04-13,denver nuggets,houston rockets,126,111,0.511,0.45,28,32,47,45,9,10,15.0,-15.0,0,1
0022401194,2025-04-13,dallas mavericks,memphis grizzlies,97,132,0.437,0.5,20,31,38,53,18,11,-35.0,35.0,0,0
0022401195,2025-04-13,minnesota timberwolves,utah jazz,116,105,0.469,0.449,23,24,54,40,13,13,11.0,-11.0,1,1
0022401196,2025-04-13,new orleans pelicans,oklahoma city thunder,100,115,0.385,0.418,22,16,47,54,12,10,-15.0,15.0,1,0
0022401197,2025-04-13,san antonio spurs,toronto raptors,125,118,0.512,0.474,22,32,50,42,12,13,7.0,-7.0,1,1
0022401198,2025-04-13,golden state warriors,la clippers,119,124,0.544,0.558,31,28,25,42,15,16,-5.0,5.0,1,0
0022401199,2025-04-13,los angeles lakers,portland trail blazers,81,109,0.388,0.438,21,27,42,56,20,14,-28.0,28.0,0,0
0022401200,2025-04-13,phoenix suns,sacramento kings,98,109,0.476,0.523,28,31,37,43,11,11,-11.0,11.0,0,0
0022401201,2024-12-10,milwaukee bucks,orlando magic,114,109,0.545,0.441,27,19,37,46,16,13,5.0,-5.0,1,1
0022401202,2024-12-11,atlanta hawks,new york knicks,108,100,0.413,0.43,27,27,58,49,10,12,8.0,-8.0,0,1
0022401203,2024-12-10,dallas mavericks,oklahoma city thunder,104,118,0.475,0.455,25,29,44,52,18,13,-14.0,14.0,0,0
0022401204,2024-12-11,golden state warriors,houston rockets,90,91,0.44,0.458,22,23,39,36,15,16,-1.0,1.0,0,0
0022401205,2024-12-12,boston celtics,detroit pistons,123,99,0.511,0.429,34,27,51,43,14,8,24.0,-24.0,1,1
0022401206,2024-12-12,miami heat,toronto raptors,114,104,0.482,0.446,21,29,52,42,15,11,10.0,-10.0,1,1
0022401207,2024-12-12,new orleans pelicans,sacramento kings,109,111,0.47,0.402,22,24,43,50,17,11,-2.0,2.0,1,0
0022401208,2024-12-13,cleveland cavaliers,washington wizards,115,105,0.396,0.477,27,24,50,44,11,17,10.0,-10.0,1,1
0022401209,2024-12-13,indiana pacers,philadelphia 76ers,121,107,0.516,0.435,35,18,41,47,10,15,14.0,-14.0,0,1
0022401210,2024-12-13,los angeles lakers,minnesota timberwolves,87,97,0.384,0.402,17,18,53,48,21,13,-10.0,10.0,0,0
0022401211,2024-12-13,brooklyn nets,memphis grizzlies,119,135,0.457,0.525,30,33,41,49,16,13,-16.0,16.0,0,0
0022401212,2024-12-13,charlotte hornets,chicago bulls,95,109,0.357,0.398,22,27,54,52,16,16,-14.0,14.0,0,0
0022401213,2024-12-13,denver nuggets,la clippers,120,98,0.545,0.446,23,24,46,31,21,19,22.0,-22.0,1,1
0022401214,2024-12-13,phoenix suns,utah jazz,134,126,0.528,0.558,36,30,37,34,7,15,8.0,-8.0,0,1
0022401215,2024-12-13,portland trail blazers,san antonio spurs,116,118,0.512,0.518,25,32,36,41,13,14,-2.0,2.0,1,0
0022401216,2024-12-15,indiana pacers,new orleans pelicans,119,104,0.506,0.392,33,18,43,49,17,18,15.0,-15.0,1,1
0022401217,2024-12-15,boston celtics,washington wizards,112,98,0.43,0.404,26,22,56,51,18,16,14.0,-14.0,0,1
0022401218,2024-12-15,minnesota timberwolves,san antonio spurs,106,92,0.4,0.407,26,34,51,50,12,18,14.0,-14.0,0,1
0022401219,2024-12-15,phoenix suns,portland trail blazers,116,109,0.483,0.447,23,30,46,48,11,13,7.0,-7.0,1,1
0022401220,2024-12-15,los angeles lakers,memphis grizzlies,116,110,0.476,0.392,23,25,44,50,21,20,6.0,-6.0,1,1
0022401221,2024-12-16,detroit pistons,miami heat,125,124,0.489,0.455,32,30,52,44,21,13,1.0,-1.0,1,1
0022401222,2024-12-16,charlotte hornets,philadelphia 76ers,108,121,0.506,0.513,30,21,38,42,20,20,-13.0,13.0,1,0
0022401223,2024-12-16,chicago bulls,toronto raptors,122,121,0.462,0.489,33,28,41,44,12,18,1.0,-1.0,0,1
0022401224,2024-12-16,brooklyn nets,cleveland cavaliers,101,130,0.42,0.531,25,33,35,42,20,17,-29.0,29.0,1,0
0022401225,2024-12-16,denver nuggets,sacramento kings,130,129,0.5,0.48,38,28,55,42,15,11,1.0,-1.0,0,1
0022401226,2024-12-16,la clippers,utah jazz,144,107,0.598,0.45,28,22,41,35,14,22,37.0,-37.0,1,1
0022401227,2024-12-15,new york knicks,orlando magic,100,91,0.465,0.419,20,24,45,39,17,15,9.0,-9.0,0,1
0022401228,2024-12-15,dallas mavericks,golden state warriors,143,133,0.598,0.476,36,39,47,37,15,10,10.0,-10.0,0,1
0022401229,2024-12-14,atlanta hawks,milwaukee bucks,102,110,0.427,0.453,23,28,44,47,13,12,-8.0,8.0,0,0
0022401230,2024-12-14,houston rockets,oklahoma city thunder,96,111,0.365,0.45,17,19,49,43,16,12,-15.0,15.0,0,0
0042400101,2025-04-20,cleveland cavaliers,miami heat,121,100,0.511,0.488,21,23,42,37,7,14,21.0,-21.0,1,1
0042400102,2025-04-23,cleveland cavaliers,miami heat,121,112,0.476,0.519,24,27,34,38,8,13,9.0,-9.0,1,1
0042400103,2025-04-26,cleveland cavaliers,miami heat,124,87,0.535,0.421,32,18,46,29,9,16,37.0,-37.0,0,1
0042400104,2025-04-28,cleveland cavaliers,miami heat,138,83,0.547,0.36,26,17,51,45,11,19,55.0,-55.0,0,1
0042400111,2025-04-20,boston celtics,orlando magic,103,86,0.451,0.42,22,17,42,41,9,15,17.0,-17.0,1,1
0042400112,2025-04-23,boston celtics,orlando magic,109,100,0.45,0.476,17,18,46,34,10,7,9.0,-9.0,1,1
0042400113,2025-04-25,boston celtics,orlando magic,93,95,0.446,0.41,15,16,39,42,19,13,-2.0,2.0,0,0
0042400114,2025-04-27,boston celtics,orlando magic,107,98,0.436,0.432,17,23,46,38,10,10,9.0,-9.0,0,1
0042400115,2025-04-29,boston celtics,orlando magic,120,89,0.566,0.375,30,19,38,44,11,9,31.0,-31.0,1,1
0042400121,2025-04-19,detroit pistons,new york knicks,112,123,0.477,0.527,23,26,37,36,19,9,-11.0,11.0,0,0
0042400122,2025-04-21,detroit pistons,new york knicks,100,94,0.446,0.42,11,15,48,34,15,14,6.0,-6.0,0,1
0042400123,2025-04-24,detroit pistons,new york knicks,116,118,0.453,0.465,22,22,43,40,14,9,-2.0,2.0,1,0
0042400124,2025-04-27,detroit pistons,new york knicks,93,94,0.429,0.374,18,19,54,38,17,10,-1.0,1.0,1,0
0042400125,2025-04-29,detroit pistons,new york knicks,106,103,0.424,0.433,21,19,45,49,13,13,3.0,-3.0,0,1
0042400126,2025-05-01,detroit pistons,new york knicks,113,116,0.469,0.477,25,18,36,43,15,16,-3.0,3.0,1,0
0042400131,2025-04-19,indiana pacers,milwaukee bucks,117,98,0.519,0.417,28,15,43,41,5,10,19.0,-19.0,1,1
0042400132,2025-04-22,indiana pacers,milwaukee bucks,123,115,0.489,0.506,30,26,38,43,8,15,8.0,-8.0,1,1
0042400133,2025-04-25,indiana pacers,milwaukee bucks,101,117,0.433,0.472,32,28,40,48,14,13,-16.0,16.0,0,0
0042400134,2025-04-27,indiana pacers,milwaukee bucks,129,103,0.602,0.416,36,25,41,33,11,7,26.0,-26.0,0,1
0042400135,2025-04-29,indiana pacers,milwaukee bucks,119,118,0.462,0.456,24,25,45,53,12,17,1.0,-1.0,1,1
0042400141,2025-04-20,memphis grizzlies,oklahoma city thunder,80,131,0.344,0.505,18,36,43,54,22,15,-51.0,51.0,0,0
0042400142,2025-04-22,memphis grizzlies,oklahoma city thunder,99,118,0.429,0.433,17,21,42,55,14,7,-19.0,19.0,0,0
0042400143,2025-04-24,memphis grizzlies,oklahoma city thunder,108,114,0.434,0.453,23,24,41,43,16,11,-6.0,6.0,1,0
0042400144,2025-04-26,memphis grizzlies,oklahoma city thunder,115,117,0.463,0.436,24,22,51,33,21,8,-2.0,2.0,1,0
0042400151,2025-04-20,golden state warriors,houston rockets,95,85,0.474,0.391,20,19,36,52,11,16,10.0,-10.0,0,1
0042400152,2025-04-23,golden state warriors,houston rockets,94,109,0.413,0.453,22,21,33,47,15,10,-15.0,15.0,0,0
0042400153,2025-04-26,golden state warriors,houston rockets,104,93,0.433,0.395,26,19,45,51,10,14,11.0,-11.0,1,1
0042400154,2025-04-28,golden state warriors,houston rockets,109,106,0.419,0.494,27,18,34,41,8,13,3.0,-3.0,1,1
0042400155,2025-04-30,golden state warriors,houston rockets,116,131,0.417,0.551,25,23,49,39,14,12,-15.0,15.0,0,0
0042400156,2025-05-02,golden state warriors,houston rockets,107,115,0.411,0.449,26,23,42,46,16,11,-8.0,8.0,1,0
0042400157,2025-05-04,golden state warriors,houston rockets,103,89,0.476,0.405,24,14,38,52,7,11,14.0,-14.0,0,1
0042400161,2025-04-19,los angeles lakers,minnesota timberwolves,95,117,0.398,0.512,15,29,38,44,13,10,-22.0,22.0,1,0
0042400162,2025-04-22,los angeles lakers,minnesota timberwolves,94,85,0.453,0.38,23,14,41,34,12,11,9.0,-9.0,1,1
0042400163,2025-04-25,los angeles lakers,minnesota timberwolves,104,116,0.474,0.484,21,24,38,38,16,8,-12.0,12.0,0,0
0042400164,2025-04-27,los angeles lakers,minnesota timberwolves,113,116,0.45,0.422,23,19,41,49,10,9,-3.0,3.0,0,0
0042400165,2025-04-30,los angeles lakers,minnesota timberwolves,96,103,0.423,0.404,24,25,37,54,15,11,-7.0,7.0,1,0
0042400171,2025-04-19,denver nuggets,la clippers,112,110,0.436,0.5,24,25,45,44,11,20,2.0,-2.0,1,1
0042400172,2025-04-21,denver nuggets,la clippers,102,105,0.468,0.482,23,24,50,32,20,11,-3.0,3.0,1,0
0042400173,2025-04-24,denver nuggets,la clippers,83,117,0.403,0.482,20,26,38,48,16,10,-34.0,34.0,0,0
0042400174,2025-04-26,denver nuggets,la clippers,101,99,0.46,0.443,28,25,47,43,12,9,2.0,-2.0,0,1
0042400175,2025-04-29,denver nuggets,la clippers,131,115,0.558,0.524,29,29,38,38,9,10,16.0,-16.0,1,1
0042400176,2025-05-01,denver nuggets,la clippers,105,111,0.524,0.5,24,23,39,35,12,7,-6.0,6.0,0,0
0042400177,2025-05-03,denver nuggets,la clippers,120,101,0.522,0.476,24,30,46,36,12,14,19.0,-19.0,1,1
0042400201,2025-05-04,cleveland cavaliers,indiana pacers,112,121,0.459,0.53,25,30,43,43,7,16,-9.0,9.0,1,0
0042400202,2025-05-06,cleveland cavaliers,indiana pacers,119,120,0.433,0.518,24,28,43,44,13,17,-1.0,1.0,1,0
0042400203,2025-05-09,cleveland cavaliers,indiana pacers,126,104,0.42,0.438,24,26,56,37,14,13,22.0,-22.0,0,1
0042400204,2025-05-11,cleveland cavaliers,indiana pacers,109,129,0.429,0.527,20,37,41,37,22,10,-20.0,20.0,0,0
0042400205,2025-05-13,cleveland cavaliers,indiana pacers,105,114,0.389,0.5,10,26,46,47,11,13,-9.0,9.0,1,0
0042400211,2025-05-05,boston celtics,new york knicks,105,108,0.351,0.425,18,19,59,49,13,12,-3.0,3.0,1,0
0042400212,2025-05-07,boston celtics,new york knicks,90,91,0.362,0.43,17,19,51,46,16,15,-1.0,1.0,1,0
0042400213,2025-05-10,boston celtics,new york knicks,115,93,0.482,0.4,23,16,42,43,8,11,22.0,-22.0,0,1
0042400214,2025-05-12,boston celtics,new york knicks,113,121,0.481,0.543,15,25,31,43,12,12,-8.0,8.0,0,0
0042400215,2025-05-14,boston celtics,new york knicks,127,102,0.524,0.358,27,17,44,40,8,10,25.0,-25.0,1,1
0042400216,2025-05-16,boston celtics,new york knicks,81,119,0.36,0.462,19,25,36,55,15,14,-38.0,38.0,0,0
0042400221,2025-05-05,denver nuggets,oklahoma city thunder,121,119,0.442,0.42,18,27,63,43,18,9,2.0,-2.0,0,1
0042400222,2025-05-07,denver nuggets,oklahoma city thunder,106,149,0.379,0.562,18,31,38,44,20,9,-43.0,43.0,0,0
0042400223,2025-05-09,denver nuggets,oklahoma city thunder,113,104,0.459,0.385,25,24,49,54,14,11,9.0,-9.0,1,1
0042400224,2025-05-11,denver nuggets,oklahoma city thunder,87,92,0.313,0.356,17,20,49,55,13,14,-5.0,5.0,1,0
0042400225,2025-05-13,denver nuggets,oklahoma city thunder,105,112,0.412,0.5,20,23,49,43,15,14,-7.0,7.0,0,0
0042400226,2025-05-15,denver nuggets,oklahoma city thunder,119,107,0.465,0.467,27,25,52,40,14,11,12.0,-12.0,1,1
0042400227,2025-05-18,denver nuggets,oklahoma city thunder,93,125,0.393,0.49,20,28,47,44,22,9,-32.0,32.0,0,0
0042400231,2025-05-06,golden state warriors,minnesota timberwolves,99,88,0.391,0.395,26,19,51,41,12,16,11.0,-11.0,0,1
0042400232,2025-05-08,golden state warriors,minnesota timberwolves,93,117,0.447,0.506,23,33,42,39,17,12,-24.0,24.0,0,0
0042400233,2025-05-10,golden state warriors,minnesota timberwolves,97,102,0.432,0.439,21,28,36,44,14,18,-5.0,5.0,1,0
0042400234,2025-05-12,golden state warriors,minnesota timberwolves,110,117,0.435,0.494,18,22,38,38,15,19,-7.0,7.0,1,0
0042400235,2025-05-14,golden state warriors,minnesota timberwolves,110,121,0.433,0.628,21,36,40,39,17,20,-11.0,11.0,0,0
0042400301,2025-05-21,indiana pacers,new york knicks,138,135,0.51,0.511,26,24,39,46,7,15,3.0,-3.0,0,1
0042400302,2025-05-23,indiana pacers,new york knicks,114,109,0.518,0.476,26,18,32,38,10,12,5.0,-5.0,0,1
0042400303,2025-05-25,indiana pacers,new york knicks,100,106,0.442,0.436,21,13,38,37,12,14,-6.0,6.0,1,0
0042400304,2025-05-27,indiana pacers,new york knicks,130,121,0.511,0.463,29,17,33,44,11,17,9.0,-9.0,1,1
0042400305,2025-05-29,indiana pacers,new york knicks,94,111,0.405,0.494,20,22,40,45,20,15,-17.0,17.0,0,0
0042400306,2025-05-31,indiana pacers,new york knicks,125,108,0.541,0.477,30,23,36,41,12,17,17.0,-17.0,1,1
0042400311,2025-05-20,minnesota timberwolves,oklahoma city thunder,88,114,0.349,0.5,18,27,42,46,17,12,-26.0,26.0,0,0
0042400312,2025-05-22,minnesota timberwolves,oklahoma city thunder,103,118,0.414,0.5,20,30,41,42,14,6,-15.0,15.0,0,0
0042400313,2025-05-24,minnesota timberwolves,oklahoma city thunder,143,101,0.573,0.407,30,19,50,31,10,14,42.0,-42.0,1,1
0042400314,2025-05-26,minnesota timberwolves,oklahoma city thunder,126,128,0.512,0.505,30,22,41,36,21,14,-2.0,2.0,1,0
0042400315,2025-05-28,minnesota timberwolves,oklahoma city thunder,94,124,0.412,0.523,16,26,39,46,21,14,-30.0,30.0,0,0
0042400401,2025-06-05,indiana pacers,oklahoma city thunder,111,110,0.476,0.398,24,13,56,39,24,6,1.0,-1.0,0,1
0042400402,2025-06-08,indiana pacers,oklahoma city thunder,107,123,0.451,0.488,27,25,35,43,15,13,-16.0,16.0,0,0
0042400403,2025-06-11,indiana pacers,oklahoma city thunder,116,107,0.518,0.468,24,16,36,42,13,17,9.0,-9.0,1,1
0042400404,2025-06-13,indiana pacers,oklahoma city thunder,104,111,0.425,0.474,21,11,33,43,15,13,-7.0,7.0,1,0
0042400405,2025-06-16,indiana pacers,oklahoma city thunder,109,120,0.451,0.426,23,24,50,45,22,11,-11.0,11.0,0,0
0042400406,2025-06-19,indiana pacers,oklahoma city thunder,108,91,0.413,0.419,23,14,46,41,10,21,17.0,-17.0,1,1
0042400407,2025-06-22,indiana pacers,oklahoma city thunder,91,103,0.414,0.402,17,20,45,40,21,7,-12.0,12.0,0,0
0052400101,2025-04-15,atlanta hawks,orlando magic,95,120,0.381,0.484,22,29,42,54,7,8,-25.0,25.0,0,0
0052400111,2025-04-16,chicago bulls,miami heat,90,109,0.398,0.494,15,30,38,45,17,15,-19.0,19.0,1,0
0052400121,2025-04-15,golden state warriors,memphis grizzlies,121,116,0.459,0.488,29,22,39,50,10,19,5.0,-5.0,1,1
0052400131,2025-04-16,dallas mavericks,sacramento kings,120,106,0.494,0.461,29,23,41,44,9,18,14.0,-14.0,0,1
0052400201,2025-04-18,atlanta hawks,miami heat,114,123,0.431,0.5,30,33,44,54,9,14,-9.0,9.0,1,0
0052400211,2025-04-18,dallas mavericks,memphis grizzlies,106,120,0.471,0.47,25,30,36,50,16,10,-14.0,14.0,0,0
