GAME_ID,DATE,Team1,Team2,Team1_PTS,Team2_PTS,Team1_FG_PCT,Team2_FG_PCT,Team1_AST,Team2_AST,Team1_REB,Team2_REB,Team1_TOV,Team2_TOV,Team1_PLUS_MINUS,Team2_PLUS_MINUS,Team1Home,Team1Win
0022000001,2020-12-22,brooklyn nets,golden state warriors,125,99,0.457,0.374,24,26,57,47,20,18,26.0,-26.0,1,1
0022000002,2020-12-22,la clippers,los angeles lakers,116,109,0.473,0.469,22,22,40,45,16,19,7.0,-7.0,0,1
0022000003,2020-12-23,boston celtics,milwaukee bucks,122,121,0.475,0.511,23,19,37,52,6,16,1.0,-1.0,1,1
0022000004,2020-12-23,dallas mavericks,phoenix suns,102,106,0.424,0.481,17,21,39,48,11,18,-4.0,4.0,0,0
0022000005,2020-12-25,miami heat,new orleans pelicans,111,98,0.507,0.397,29,18,35,41,17,19,13.0,-13.0,1,1
0022000006,2020-12-25,golden state warriors,milwaukee bucks,99,138,0.343,0.556,14,25,43,60,11,17,-39.0,39.0,0,0
0022000007,2020-12-25,boston celtics,brooklyn nets,95,123,0.378,0.539,23,21,47,43,15,15,-28.0,28.0,1,0
0022000008,2020-12-25,dallas mavericks,los angeles lakers,115,138,0.494,0.56,20,33,27,53,9,16,-23.0,23.0,0,0
0022000009,2020-12-25,denver nuggets,la clippers,108,121,0.457,0.554,25,32,32,38,13,18,-13.0,13.0,1,0
0022000010,2020-12-23,charlotte hornets,cleveland cavaliers,114,121,0.5,0.529,29,34,32,50,15,18,-7.0,7.0,0,0
0022000011,2020-12-23,indiana pacers,new york knicks,121,107,0.489,0.459,28,25,50,40,13,16,14.0,-14.0,1,1
0022000012,2020-12-23,miami heat,orlando magic,107,113,0.506,0.477,25,23,43,41,22,17,-6.0,6.0,0,0
0022000013,2020-12-23,philadelphia 76ers,washington wizards,113,107,0.471,0.459,22,28,47,40,16,19,6.0,-6.0,1,1
0022000014,2020-12-23,new orleans pelicans,toronto raptors,113,99,0.525,0.427,30,26,45,35,24,20,14.0,-14.0,0,1
0022000015,2020-12-23,atlanta hawks,chicago bulls,124,104,0.538,0.414,24,20,46,37,21,15,20.0,-20.0,0,1
0022000016,2021-03-21,houston rockets,oklahoma city thunder,112,114,0.494,0.462,22,22,38,52,16,16,-2.0,2.0,1,0
0022000017,2020-12-23,memphis grizzlies,san antonio spurs,119,131,0.516,0.505,27,28,42,48,11,10,-12.0,12.0,1,0
0022000018,2020-12-23,detroit pistons,minnesota timberwolves,101,111,0.484,0.432,29,25,44,48,12,11,-10.0,10.0,0,0
0022000019,2020-12-23,denver nuggets,sacramento kings,122,124,0.48,0.441,28,27,46,54,15,14,-2.0,2.0,1,0
0022000020,2020-12-23,portland trail blazers,utah jazz,100,120,0.402,0.457,23,24,40,59,6,11,-20.0,20.0,1,0
0022000021,2020-12-26,atlanta hawks,memphis grizzlies,122,112,0.427,0.398,23,20,54,46,15,10,10.0,-10.0,0,1
0022000022,2020-12-26,charlotte hornets,oklahoma city thunder,107,109,0.398,0.455,27,25,47,54,13,16,-2.0,2.0,1,0
0022000023,2020-12-26,cleveland cavaliers,detroit pistons,128,119,0.485,0.408,29,24,51,57,18,22,9.0,-9.0,0,1
0022000024,2020-12-26,orlando magic,washington wizards,130,120,0.505,0.484,25,28,54,43,13,14,10.0,-10.0,0,1
0022000025,2020-12-26,new york knicks,philadelphia 76ers,89,109,0.386,0.466,19,20,43,47,16,12,-20.0,20.0,1,0
0022000026,2020-12-26,chicago bulls,indiana pacers,106,125,0.374,0.559,23,34,41,49,20,16,-19.0,19.0,1,0
0022000027,2020-12-26,san antonio spurs,toronto raptors,119,114,0.47,0.458,36,32,53,46,16,11,5.0,-5.0,1,1
0022000028,2020-12-26,minnesota timberwolves,utah jazz,116,111,0.446,0.383,21,15,40,57,9,18,5.0,-5.0,0,1
0022000029,2020-12-26,houston rockets,portland trail blazers,126,128,0.517,0.461,27,27,42,45,16,13,-2.0,2.0,0,0
0022000030,2020-12-26,phoenix suns,sacramento kings,103,106,0.418,0.453,25,20,40,56,11,18,-3.0,3.0,0,0
0022000031,2020-12-27,dallas mavericks,la clippers,124,73,0.494,0.342,25,13,54,36,6,12,51.0,-51.0,0,1
0022000032,2020-12-27,brooklyn nets,charlotte hornets,104,106,0.427,0.448,23,35,46,52,19,12,-2.0,2.0,0,0
0022000033,2020-12-27,orlando magic,washington wizards,120,113,0.435,0.485,19,27,45,47,10,13,7.0,-7.0,0,1
0022000034,2020-12-27,new orleans pelicans,san antonio spurs,98,95,0.383,0.427,15,26,56,47,8,15,3.0,-3.0,1,1
0022000035,2020-12-27,cleveland cavaliers,philadelphia 76ers,118,94,0.527,0.418,31,24,45,39,16,21,24.0,-24.0,1,1
0022000036,2020-12-27,milwaukee bucks,new york knicks,110,130,0.432,0.541,24,27,44,46,11,15,-20.0,20.0,0,0
0022000037,2020-12-27,boston celtics,indiana pacers,107,108,0.506,0.511,21,23,40,37,18,16,-1.0,1.0,0,0
0022000038,2020-12-27,chicago bulls,golden state warriors,128,129,0.512,0.404,27,25,54,41,24,12,-1.0,1.0,1,0
0022000039,2020-12-27,phoenix suns,sacramento kings,116,100,0.489,0.474,34,21,44,39,9,15,16.0,-16.0,0,1
0022000040,2020-12-27,los angeles lakers,minnesota timberwolves,127,91,0.556,0.369,32,24,46,48,17,17,36.0,-36.0,1,1
0022000041,2020-12-28,atlanta hawks,detroit pistons,128,120,0.488,0.439,30,24,45,48,13,8,8.0,-8.0,1,1
0022000042,2020-12-28,brooklyn nets,memphis grizzlies,111,116,0.41,0.429,28,20,50,56,17,19,-5.0,5.0,1,0
0022000043,2020-12-28,oklahoma city thunder,utah jazz,109,110,0.465,0.5,21,24,37,43,15,16,-1.0,1.0,1,0
0022000044,2020-12-28,denver nuggets,houston rockets,124,111,0.529,0.453,31,25,52,38,14,15,13.0,-13.0,1,1
0022000045,2020-12-28,los angeles lakers,portland trail blazers,107,115,0.471,0.467,20,27,41,45,14,9,-8.0,8.0,1,0
0022000046,2020-12-29,cleveland cavaliers,new york knicks,86,95,0.364,0.43,22,23,43,55,13,25,-9.0,9.0,1,0
0022000047,2020-12-29,detroit pistons,golden state warriors,106,116,0.38,0.5,21,21,45,40,15,19,-10.0,10.0,1,0
0022000048,2020-12-29,boston celtics,indiana pacers,116,111,0.5,0.512,21,27,43,36,14,14,5.0,-5.0,0,1
0022000049,2020-12-29,philadelphia 76ers,toronto raptors,100,93,0.381,0.356,21,21,54,47,18,19,7.0,-7.0,1,1
0022000050,2020-12-29,chicago bulls,washington wizards,115,107,0.437,0.44,26,25,37,47,14,19,8.0,-8.0,0,1
0022000051,2020-12-29,miami heat,milwaukee bucks,97,144,0.468,0.554,23,32,30,45,21,17,-47.0,47.0,1,0
0022000052,2020-12-29,oklahoma city thunder,orlando magic,107,118,0.494,0.51,20,26,47,46,20,11,-11.0,11.0,1,0
0022000053,2020-12-29,new orleans pelicans,phoenix suns,86,111,0.481,0.44,18,24,41,43,16,10,-25.0,25.0,0,0
0022000054,2020-12-29,la clippers,minnesota timberwolves,124,101,0.534,0.416,32,22,46,39,13,14,23.0,-23.0,1,1
0022000055,2020-12-29,denver nuggets,sacramento kings,115,125,0.543,0.489,27,33,39,37,19,10,-10.0,10.0,0,0
0022000056,2020-12-30,boston celtics,memphis grizzlies,126,107,0.538,0.43,27,26,42,46,16,22,19.0,-19.0,1,1
0022000057,2020-12-30,atlanta hawks,brooklyn nets,141,145,0.475,0.54,27,30,54,40,12,8,-4.0,4.0,0,0
0022000058,2020-12-30,miami heat,milwaukee bucks,119,108,0.488,0.392,25,26,52,47,22,13,11.0,-11.0,1,1
0022000059,2020-12-30,charlotte hornets,dallas mavericks,118,99,0.512,0.391,30,24,50,39,23,14,19.0,-19.0,0,1
0022000060,2020-12-30,los angeles lakers,san antonio spurs,121,107,0.561,0.46,25,25,47,39,17,10,14.0,-14.0,0,1
0022000061,2020-12-30,la clippers,portland trail blazers,128,105,0.495,0.421,30,14,47,41,10,17,23.0,-23.0,1,1
0022000062,2020-12-31,cleveland cavaliers,indiana pacers,99,119,0.451,0.483,22,28,43,44,18,14,-20.0,20.0,0,0
0022000063,2020-12-31,chicago bulls,washington wizards,133,130,0.543,0.5,34,27,44,37,15,14,3.0,-3.0,0,1
0022000064,2020-12-31,orlando magic,philadelphia 76ers,92,116,0.347,0.484,17,23,48,54,11,14,-24.0,24.0,1,0
0022000065,2020-12-31,houston rockets,sacramento kings,122,119,0.523,0.469,26,23,45,45,18,15,3.0,-3.0,1,1
0022000066,2020-12-31,new york knicks,toronto raptors,83,100,0.364,0.41,21,21,48,53,15,16,-17.0,17.0,0,0
0022000067,2020-12-31,new orleans pelicans,oklahoma city thunder,113,80,0.484,0.375,23,24,58,40,13,19,33.0,-33.0,0,1
0022000068,2020-12-31,phoenix suns,utah jazz,106,95,0.488,0.417,26,16,41,46,15,13,11.0,-11.0,0,1
0022000069,2021-01-01,charlotte hornets,memphis grizzlies,93,108,0.407,0.478,23,34,42,48,18,15,-15.0,15.0,1,0
0022000070,2021-01-01,boston celtics,detroit pistons,93,96,0.47,0.409,20,18,44,48,19,19,-3.0,3.0,0,0
0022000071,2021-01-01,dallas mavericks,miami heat,93,83,0.41,0.372,18,20,49,41,16,14,10.0,-10.0,1,1
0022000072,2021-01-01,atlanta hawks,brooklyn nets,114,96,0.462,0.407,24,19,48,45,9,15,18.0,-18.0,0,1
0022000073,2021-01-01,chicago bulls,milwaukee bucks,96,126,0.437,0.494,18,27,42,44,20,17,-30.0,30.0,0,0
0022000074,2021-01-01,minnesota timberwolves,washington wizards,109,130,0.477,0.551,17,35,43,43,20,16,-21.0,21.0,1,0
0022000075,2021-01-01,los angeles lakers,san antonio spurs,109,103,0.406,0.424,27,23,58,45,13,13,6.0,-6.0,0,1
0022000076,2021-01-01,denver nuggets,phoenix suns,103,106,0.453,0.487,28,24,38,37,11,17,-3.0,3.0,1,0
0022000077,2021-01-01,la clippers,utah jazz,100,106,0.388,0.461,19,28,43,46,8,13,-6.0,6.0,0,0
0022000078,2021-01-01,golden state warriors,portland trail blazers,98,123,0.392,0.435,19,23,44,51,15,10,-25.0,25.0,1,0
0022000079,2021-01-02,houston rockets,sacramento kings,102,94,0.444,0.389,15,11,48,47,13,14,8.0,-8.0,1,1
0022000080,2021-01-02,indiana pacers,new york knicks,102,106,0.405,0.506,22,23,32,51,8,15,-4.0,4.0,1,0
0022000081,2021-01-02,oklahoma city thunder,orlando magic,108,99,0.442,0.37,22,21,52,55,10,6,9.0,-9.0,0,1
0022000082,2021-01-02,charlotte hornets,philadelphia 76ers,112,127,0.413,0.595,34,35,40,45,12,21,-15.0,15.0,0,0
0022000083,2021-01-02,atlanta hawks,cleveland cavaliers,91,96,0.412,0.418,22,19,48,46,20,15,-5.0,5.0,1,0
0022000084,2021-01-02,new orleans pelicans,toronto raptors,120,116,0.422,0.418,26,21,50,40,12,9,4.0,-4.0,1,1
0022000085,2021-01-03,boston celtics,detroit pistons,122,120,0.563,0.477,35,29,41,33,17,9,2.0,-2.0,0,1
0022000086,2021-01-03,brooklyn nets,washington wizards,122,123,0.494,0.413,25,27,51,49,20,7,-1.0,1.0,1,0
0022000087,2021-01-03,los angeles lakers,memphis grizzlies,108,94,0.461,0.411,24,23,49,50,10,11,14.0,-14.0,0,1
0022000088,2021-01-03,denver nuggets,minnesota timberwolves,124,109,0.489,0.518,34,30,43,36,15,14,15.0,-15.0,0,1
0022000089,2021-01-03,san antonio spurs,utah jazz,109,130,0.419,0.551,23,29,45,57,7,19,-21.0,21.0,1,0
0022000090,2021-01-03,chicago bulls,dallas mavericks,118,108,0.459,0.438,16,23,48,41,16,15,10.0,-10.0,1,1
0022000091,2021-01-03,la clippers,phoenix suns,112,107,0.482,0.493,24,23,37,40,10,13,5.0,-5.0,0,1
0022000092,2021-01-03,golden state warriors,portland trail blazers,137,122,0.557,0.418,23,16,53,40,15,12,15.0,-15.0,1,1
0022000093,2021-01-04,cleveland cavaliers,orlando magic,83,103,0.388,0.432,20,22,35,54,14,19,-20.0,20.0,0,0
0022000094,2021-01-04,charlotte hornets,philadelphia 76ers,101,118,0.419,0.484,30,34,47,55,16,10,-17.0,17.0,0,0
0022000095,2021-01-04,atlanta hawks,new york knicks,108,113,0.46,0.506,24,26,40,45,12,15,-5.0,5.0,1,0
0022000096,2021-01-04,miami heat,oklahoma city thunder,118,90,0.568,0.367,34,20,47,38,14,15,28.0,-28.0,1,1
0022000097,2021-01-04,boston celtics,toronto raptors,126,114,0.488,0.4,19,20,56,37,19,10,12.0,-12.0,0,1
0022000098,2021-01-04,dallas mavericks,houston rockets,113,100,0.476,0.39,24,17,51,35,15,12,13.0,-13.0,0,1
0022000099,2021-01-04,detroit pistons,milwaukee bucks,115,125,0.439,0.576,27,32,31,49,8,19,-10.0,10.0,0,0
0022000100,2021-01-04,indiana pacers,new orleans pelicans,118,116,0.484,0.436,32,26,42,57,14,18,2.0,-2.0,0,1
0022000101,2021-01-04,golden state warriors,sacramento kings,137,106,0.526,0.378,41,20,48,52,11,14,31.0,-31.0,1,1
0022000102,2021-01-05,brooklyn nets,utah jazz,130,96,0.559,0.384,31,17,51,41,12,15,34.0,-34.0,1,1
0022000103,2021-01-05,los angeles lakers,memphis grizzlies,94,92,0.437,0.414,24,24,52,38,17,13,2.0,-2.0,0,1
0022000104,2021-01-05,denver nuggets,minnesota timberwolves,123,116,0.519,0.462,22,24,42,42,14,14,7.0,-7.0,1,1
0022000105,2021-01-05,la clippers,san antonio spurs,113,116,0.5,0.458,29,23,45,44,13,10,-3.0,3.0,1,0
0022000106,2021-01-05,chicago bulls,portland trail blazers,111,108,0.44,0.415,27,23,52,46,15,11,3.0,1.0,0,1
0022000107,2021-01-06,houston rockets,indiana pacers,107,114,0.481,0.472,19,21,39,38,16,9,-7.0,7.0,0,0
0022000108,2021-01-06,cleveland cavaliers,orlando magic,94,105,0.424,0.494,24,20,45,43,10,15,-11.0,11.0,0,0
0022000109,2021-01-06,philadelphia 76ers,washington wizards,141,136,0.617,0.5,33,27,35,35,16,13,5.0,-5.0,1,1
0022000110,2021-01-06,atlanta hawks,charlotte hornets,94,102,0.375,0.376,25,22,57,49,13,9,-8.0,8.0,1,0
0022000111,2021-01-06,boston celtics,miami heat,107,105,0.424,0.432,22,26,53,42,7,8,2.0,-2.0,0,1
0022000112,2021-01-06,new york knicks,utah jazz,112,100,0.517,0.44,22,20,48,42,12,14,12.0,-12.0,1,1
0022000113,2021-01-06,detroit pistons,milwaukee bucks,115,130,0.392,0.544,20,35,47,47,9,14,-15.0,15.0,0,0
0022000114,2021-01-06,new orleans pelicans,oklahoma city thunder,110,111,0.494,0.46,25,28,52,38,15,14,-1.0,1.0,1,0
0022000115,2021-01-06,phoenix suns,toronto raptors,123,115,0.482,0.494,30,18,41,42,10,12,8.0,-8.0,1,1
0022000116,2021-01-06,golden state warriors,la clippers,101,108,0.453,0.444,25,19,35,48,13,19,-7.0,7.0,1,0
0022000117,2021-01-06,chicago bulls,sacramento kings,124,128,0.527,0.516,27,30,43,39,14,7,-4.0,4.0,0,0
0022000118,2021-01-07,brooklyn nets,philadelphia 76ers,122,109,0.454,0.471,30,23,48,47,12,20,13.0,-13.0,1,1
0022000119,2021-01-07,cleveland cavaliers,memphis grizzlies,94,90,0.456,0.434,24,27,37,48,15,18,4.0,-4.0,0,1
0022000120,2021-01-07,dallas mavericks,denver nuggets,124,117,0.483,0.443,27,25,44,47,13,13,7.0,-7.0,0,1
0022000121,2021-01-07,los angeles lakers,san antonio spurs,109,118,0.5,0.467,21,28,48,40,13,6,-9.0,9.0,1,0
0022000122,2021-01-07,minnesota timberwolves,portland trail blazers,117,135,0.419,0.544,24,25,48,44,16,15,-18.0,18.0,0,0
0022000123,2021-01-08,detroit pistons,phoenix suns,110,105,0.411,0.451,23,24,46,50,14,21,5.0,-5.0,1,1
0022000124,2021-01-08,boston celtics,washington wizards,116,107,0.477,0.466,21,22,49,38,21,17,9.0,-9.0,1,1
0022000125,2021-01-08,new york knicks,oklahoma city thunder,89,101,0.354,0.437,19,16,49,62,4,11,-12.0,12.0,1,0
0022000126,2021-01-08,charlotte hornets,new orleans pelicans,118,110,0.471,0.494,33,29,45,36,14,19,8.0,-8.0,0,1
0022000127,2021-01-08,houston rockets,orlando magic,132,90,0.56,0.382,34,17,49,42,8,12,42.0,-42.0,1,1
0022000128,2021-01-08,brooklyn nets,memphis grizzlies,110,115,0.469,0.459,26,29,42,46,20,12,-5.0,5.0,0,0
0022000129,2021-01-08,milwaukee bucks,utah jazz,118,131,0.449,0.505,18,31,45,50,12,10,-13.0,13.0,1,0
0022000130,2021-01-08,golden state warriors,la clippers,115,105,0.488,0.482,25,23,38,37,15,18,10.0,-10.0,1,1
0022000131,2021-01-08,chicago bulls,los angeles lakers,115,117,0.505,0.506,26,21,41,42,12,15,-2.0,2.0,0,0
0022000132,2021-01-08,sacramento kings,toronto raptors,123,144,0.568,0.582,36,30,26,44,11,12,-21.0,21.0,1,0
0022000133,2021-01-09,denver nuggets,philadelphia 76ers,115,103,0.5,0.417,28,23,45,48,17,16,12.0,-12.0,0,1
0022000134,2021-01-09,atlanta hawks,charlotte hornets,105,113,0.382,0.519,25,27,47,41,14,15,-8.0,8.0,0,0
0022000135,2021-01-09,indiana pacers,phoenix suns,117,125,0.478,0.489,23,33,52,40,10,2,-8.0,8.0,1,0
0022000136,2021-01-09,miami heat,washington wizards,128,124,0.495,0.444,32,25,61,39,16,6,4.0,-4.0,0,1
0022000137,2021-01-09,cleveland cavaliers,milwaukee bucks,90,100,0.414,0.44,16,25,47,45,15,15,-10.0,10.0,0,0
0022000138,2021-01-09,minnesota timberwolves,san antonio spurs,122,125,0.5,0.436,29,22,53,48,16,6,-3.0,3.0,1,0
0022000139,2021-01-09,dallas mavericks,orlando magic,112,98,0.494,0.427,25,17,44,43,17,9,14.0,-14.0,1,1
0022000140,2021-01-09,portland trail blazers,sacramento kings,125,99,0.44,0.407,26,21,50,47,8,15,26.0,-26.0,0,1
0022000141,2021-01-10,detroit pistons,utah jazz,86,96,0.333,0.427,21,17,39,63,7,13,-10.0,10.0,1,0
0022000142,2021-01-10,chicago bulls,la clippers,127,130,0.61,0.489,30,28,38,35,22,10,-3.0,3.0,0,0
0022000143,2021-01-10,brooklyn nets,oklahoma city thunder,116,129,0.506,0.544,23,24,43,34,17,10,-13.0,13.0,1,0
0022000144,2021-01-10,denver nuggets,new york knicks,114,89,0.536,0.432,23,19,43,36,12,16,25.0,-25.0,0,1
0022000145,2021-05-09,boston celtics,miami heat,124,130,0.542,0.573,29,30,34,35,14,11,-6.0,6.0,1,0
0022000146,2021-01-10,houston rockets,los angeles lakers,102,120,0.411,0.505,22,28,43,49,21,16,-18.0,18.0,1,0
0022000147,2021-01-10,minnesota timberwolves,san antonio spurs,96,88,0.42,0.383,19,21,52,45,13,10,8.0,-8.0,1,1
0022000148,2021-01-10,golden state warriors,toronto raptors,106,105,0.409,0.406,30,20,51,48,15,10,1.0,-1.0,1,1
0022000149,2021-01-11,charlotte hornets,new york knicks,109,88,0.487,0.391,28,20,37,49,10,16,21.0,-21.0,1,1
0022000150,2021-01-11,cleveland cavaliers,memphis grizzlies,91,101,0.451,0.513,20,32,40,40,17,15,-10.0,10.0,1,0
0022000151,2021-01-11,milwaukee bucks,orlando magic,121,99,0.505,0.429,25,24,43,44,14,18,22.0,-22.0,0,1
0022000152,2021-01-11,phoenix suns,washington wizards,107,128,0.448,0.522,21,29,42,53,6,7,-21.0,21.0,0,0
0022000153,2021-01-11,atlanta hawks,philadelphia 76ers,112,94,0.374,0.402,20,20,58,50,8,9,18.0,-18.0,1,1
0022000154,2021-05-12,dallas mavericks,new orleans pelicans,125,107,0.49,0.414,23,18,48,44,8,12,18.0,-18.0,1,1
0022000155,2021-01-11,portland trail blazers,toronto raptors,112,111,0.458,0.449,18,27,42,43,13,15,1.0,-1.0,1,1
0022000156,2021-01-11,indiana pacers,sacramento kings,122,127,0.485,0.56,26,29,37,44,12,18,-5.0,5.0,0,0
0022000157,2021-01-12,miami heat,philadelphia 76ers,134,137,0.462,0.49,27,32,46,52,18,17,-3.0,3.0,0,0
0022000158,2021-01-12,brooklyn nets,denver nuggets,122,116,0.608,0.5,31,28,41,32,18,13,6.0,-6.0,1,1
0022000159,2021-01-12,cleveland cavaliers,utah jazz,87,117,0.389,0.5,23,26,40,48,12,16,-30.0,30.0,1,0
0022000160,2021-05-07,boston celtics,chicago bulls,99,121,0.407,0.434,19,26,47,52,13,9,-22.0,22.0,0,0
0022000161,2021-01-12,houston rockets,los angeles lakers,100,117,0.392,0.5,23,26,42,55,13,20,-17.0,17.0,1,0
0022000162,2021-01-12,oklahoma city thunder,san antonio spurs,102,112,0.434,0.432,18,26,52,46,13,4,-10.0,10.0,1,0
0022000163,2021-01-12,golden state warriors,indiana pacers,95,104,0.382,0.443,25,26,46,50,15,14,-9.0,9.0,1,0
0022000164,2021-01-13,charlotte hornets,dallas mavericks,93,104,0.38,0.417,26,22,53,54,11,10,-11.0,11.0,1,0
0022000165,2021-01-13,detroit pistons,milwaukee bucks,101,110,0.391,0.482,25,31,47,48,16,14,-9.0,9.0,1,0
0022000166,2021-03-18,utah jazz,washington wizards,122,131,0.458,0.547,19,23,47,43,16,13,-9.0,9.0,0,0
0022000167,2021-03-21,boston celtics,orlando magic,112,96,0.455,0.381,27,20,45,44,9,6,16.0,-16.0,1,1
0022000168,2021-01-13,brooklyn nets,new york knicks,116,109,0.484,0.478,29,22,46,43,6,9,7.0,-7.0,0,1
0022000169,2021-01-13,memphis grizzlies,minnesota timberwolves,118,107,0.472,0.433,33,27,47,48,7,12,11.0,-11.0,0,1
0022000170,2021-01-13,los angeles lakers,oklahoma city thunder,128,99,0.495,0.43,26,23,50,42,9,11,29.0,-29.0,0,1
0022000171,2021-03-30,atlanta hawks,phoenix suns,110,117,0.482,0.511,30,27,36,49,7,13,-7.0,7.0,0,0
0022000172,2021-01-13,la clippers,new orleans pelicans,111,106,0.473,0.477,26,18,36,48,10,9,5.0,-5.0,1,1
0022000173,2021-01-13,portland trail blazers,sacramento kings,132,126,0.489,0.524,28,35,38,42,8,13,6.0,-6.0,0,1
0022000174,2021-01-14,miami heat,philadelphia 76ers,108,125,0.494,0.537,28,27,41,35,20,18,-17.0,17.0,0,0
0022000175,2021-01-14,charlotte hornets,toronto raptors,108,111,0.483,0.455,32,33,44,40,18,17,-3.0,3.0,0,0
0022000176,2021-01-14,houston rockets,san antonio spurs,109,105,0.488,0.457,25,26,49,41,18,10,4.0,-4.0,0,1
0022000177,2021-01-14,denver nuggets,golden state warriors,114,104,0.456,0.469,29,29,50,43,13,19,10.0,-10.0,1,1
0022000178,2021-01-14,indiana pacers,portland trail blazers,111,87,0.478,0.368,29,16,50,43,12,18,24.0,-24.0,0,1
0022000179,2021-04-01,detroit pistons,washington wizards,120,91,0.479,0.471,31,25,48,40,13,14,29.0,-29.0,1,1
0022000180,2021-01-15,boston celtics,orlando magic,124,97,0.511,0.404,25,14,45,46,10,11,27.0,-27.0,1,1
0022000181,2021-01-15,cleveland cavaliers,new york knicks,106,103,0.456,0.488,26,20,48,39,15,12,3.0,-3.0,1,1
0022000182,2021-01-15,dallas mavericks,milwaukee bucks,109,112,0.464,0.448,22,22,51,57,9,10,-3.0,3.0,0,0
0022000183,2021-05-05,memphis grizzlies,minnesota timberwolves,139,135,0.536,0.521,30,32,46,41,13,14,4.0,-4.0,0,1
0022000184,2021-01-15,chicago bulls,oklahoma city thunder,125,127,0.473,0.457,27,26,56,44,24,11,-2.0,2.0,0,0
0022000185,2021-03-04,golden state warriors,phoenix suns,98,120,0.432,0.51,22,31,40,52,17,16,-22.0,22.0,0,0
0022000186,2021-01-15,atlanta hawks,utah jazz,92,116,0.413,0.467,21,27,41,53,15,19,-24.0,24.0,0,0
0022000187,2021-01-15,los angeles lakers,new orleans pelicans,112,95,0.419,0.477,31,22,44,47,6,20,17.0,-17.0,1,1
0022000188,2021-01-15,la clippers,sacramento kings,138,100,0.584,0.471,29,23,47,32,9,14,38.0,-38.0,0,1
0022000189,2021-01-16,houston rockets,san antonio spurs,91,103,0.369,0.4,20,19,51,58,22,12,-12.0,12.0,0,0
0022000190,2021-01-16,brooklyn nets,orlando magic,122,115,0.538,0.463,24,28,41,38,19,12,7.0,-7.0,1,1
0022000191,2021-01-16,charlotte hornets,toronto raptors,113,116,0.437,0.419,26,28,48,43,14,15,-3.0,3.0,0,0
0022000192,2021-01-16,detroit pistons,miami heat,120,100,0.505,0.478,34,25,39,31,11,22,20.0,-20.0,0,1
0022000193,2021-01-16,memphis grizzlies,philadelphia 76ers,106,104,0.434,0.44,27,23,43,53,11,22,2.0,-2.0,1,1
0022000194,2021-03-13,indiana pacers,phoenix suns,122,111,0.529,0.473,25,28,45,40,15,16,11.0,-11.0,0,1
0022000195,2021-01-16,atlanta hawks,portland trail blazers,106,112,0.437,0.388,24,18,48,55,13,7,-6.0,6.0,0,0
0022000196,2021-01-17,boston celtics,new york knicks,75,105,0.298,0.475,15,22,43,53,17,16,-30.0,30.0,1,0
0022000197,2021-04-25,cleveland cavaliers,washington wizards,110,119,0.513,0.483,28,25,37,36,19,10,-9.0,9.0,0,0
0022000198,2021-01-17,chicago bulls,dallas mavericks,117,101,0.506,0.441,32,18,47,47,13,16,16.0,-16.0,0,1
0022000199,2021-04-10,oklahoma city thunder,philadelphia 76ers,93,117,0.5,0.468,21,24,45,47,22,9,-24.0,24.0,1,0
0022000200,2021-01-17,denver nuggets,utah jazz,105,109,0.4,0.513,25,24,52,36,9,13,-4.0,4.0,1,0
0022000201,2021-01-17,new orleans pelicans,sacramento kings,128,123,0.529,0.516,24,23,48,33,13,10,5.0,-5.0,0,1
0022000202,2021-01-17,indiana pacers,la clippers,96,129,0.416,0.552,28,27,33,52,16,16,-33.0,33.0,0,0
0022000203,2021-01-18,new york knicks,orlando magic,91,84,0.356,0.337,15,18,53,51,6,11,7.0,-7.0,1,1
0022000204,2021-05-14,cleveland cavaliers,washington wizards,105,120,0.464,0.461,24,23,44,47,17,10,-15.0,15.0,0,0
0022000205,2021-01-18,atlanta hawks,minnesota timberwolves,108,97,0.468,0.396,32,22,48,39,24,18,11.0,-11.0,1,1
0022000206,2021-01-18,detroit pistons,miami heat,107,113,0.463,0.573,24,23,32,36,16,18,-6.0,6.0,0,0
0022000207,2021-01-18,portland trail blazers,san antonio spurs,104,125,0.433,0.533,20,33,34,48,13,12,-21.0,21.0,1,0
0022000208,2021-01-18,memphis grizzlies,phoenix suns,108,104,0.494,0.455,31,30,40,44,15,18,4.0,-4.0,1,1
0022000209,2021-01-18,brooklyn nets,milwaukee bucks,125,123,0.548,0.438,26,21,49,41,17,5,2.0,-2.0,1,1
0022000210,2021-01-18,dallas mavericks,toronto raptors,93,116,0.378,0.5,21,23,38,46,16,14,-23.0,23.0,0,0
0022000211,2021-01-18,chicago bulls,houston rockets,125,120,0.467,0.523,23,25,47,36,17,17,5.0,-5.0,1,1
0022000212,2021-01-18,golden state warriors,los angeles lakers,115,113,0.506,0.482,31,23,32,50,13,16,2.0,-2.0,0,1
0022000213,2021-01-19,denver nuggets,oklahoma city thunder,119,101,0.438,0.419,29,22,58,41,14,19,18.0,-18.0,1,1
0022000214,2021-01-19,new orleans pelicans,utah jazz,102,118,0.453,0.506,17,28,38,54,8,14,-16.0,16.0,0,0
0022000215,2021-02-07,charlotte hornets,washington wizards,119,97,0.424,0.378,21,22,59,48,11,14,22.0,-22.0,1,1
0022000216,2021-01-20,brooklyn nets,cleveland cavaliers,135,147,0.453,0.514,30,29,52,50,16,14,-12.0,12.0,0,0
0022000217,2021-01-20,dallas mavericks,indiana pacers,124,112,0.526,0.446,32,21,49,38,8,10,12.0,-12.0,0,1
0022000218,2021-01-20,boston celtics,philadelphia 76ers,109,117,0.472,0.462,22,20,45,41,16,9,-8.0,8.0,0,0
0022000219,2021-01-20,atlanta hawks,detroit pistons,123,115,0.44,0.454,21,22,63,42,13,13,8.0,-8.0,1,1
0022000220,2021-01-20,miami heat,toronto raptors,111,102,0.488,0.398,29,27,46,41,18,12,9.0,-9.0,0,1
0022000221,2021-01-20,minnesota timberwolves,orlando magic,96,97,0.424,0.391,25,26,43,48,13,11,-1.0,1.0,1,0
0022000222,2021-01-20,houston rockets,phoenix suns,103,109,0.42,0.472,17,25,39,45,16,17,-6.0,6.0,1,0
0022000223,2021-01-20,golden state warriors,san antonio spurs,121,99,0.505,0.372,31,17,54,43,14,10,22.0,-22.0,1,1
0022000224,2021-01-20,la clippers,sacramento kings,115,96,0.477,0.453,24,25,48,39,16,18,19.0,-19.0,1,1
0022000225,2021-04-23,memphis grizzlies,portland trail blazers,130,128,0.531,0.479,33,28,39,50,8,11,2.0,-2.0,0,1
0022000226,2021-01-21,los angeles lakers,milwaukee bucks,113,106,0.466,0.506,25,27,38,46,10,14,7.0,-7.0,0,1
0022000227,2021-01-21,new orleans pelicans,utah jazz,118,129,0.494,0.5,27,27,41,39,17,15,-11.0,11.0,0,0
0022000228,2021-01-21,golden state warriors,new york knicks,104,119,0.384,0.463,27,24,46,55,10,11,-15.0,15.0,1,0
0022000229,2021-01-22,charlotte hornets,chicago bulls,110,123,0.494,0.51,22,33,46,43,21,14,-13.0,13.0,1,0
0022000230,2021-01-22,detroit pistons,houston rockets,102,103,0.378,0.389,17,24,55,51,19,14,-1.0,1.0,1,0
0022000231,2021-01-22,indiana pacers,orlando magic,120,118,0.495,0.457,28,29,44,49,10,14,2.0,-2.0,1,1
0022000232,2021-01-22,brooklyn nets,cleveland cavaliers,113,125,0.483,0.517,23,24,29,50,11,12,-12.0,12.0,0,0
0022000233,2021-01-22,boston celtics,philadelphia 76ers,110,122,0.456,0.556,23,23,32,45,11,19,-12.0,12.0,0,0
0022000234,2021-01-22,miami heat,toronto raptors,81,101,0.429,0.464,19,22,32,45,19,21,-20.0,20.0,0,0
0022000235,2021-05-05,milwaukee bucks,washington wizards,135,134,0.539,0.49,30,27,45,43,19,7,1.0,-1.0,1,1
0022000236,2021-01-22,atlanta hawks,minnesota timberwolves,116,98,0.458,0.43,21,30,55,40,16,13,18.0,-18.0,0,1
0022000237,2021-01-22,dallas mavericks,san antonio spurs,122,117,0.484,0.461,23,21,42,49,5,7,5.0,-5.0,0,1
0022000238,2021-01-22,denver nuggets,phoenix suns,130,126,0.515,0.5,32,30,43,45,9,16,4.0,-4.0,0,1
0022000239,2021-01-22,la clippers,oklahoma city thunder,120,106,0.512,0.471,21,24,48,29,13,11,14.0,-14.0,1,1
0022000240,2021-04-25,memphis grizzlies,portland trail blazers,120,113,0.462,0.371,22,21,54,53,15,11,7.0,-7.0,0,1
0022000241,2021-01-22,new york knicks,sacramento kings,94,103,0.383,0.418,19,21,57,55,11,6,-9.0,9.0,0,0
0022000242,2021-01-23,golden state warriors,utah jazz,108,127,0.452,0.479,30,28,35,57,11,16,-19.0,19.0,0,0
0022000243,2021-01-23,detroit pistons,philadelphia 76ers,110,114,0.43,0.458,25,14,43,49,15,15,-4.0,4.0,1,0
0022000244,2021-01-23,brooklyn nets,miami heat,128,124,0.53,0.472,34,29,47,31,16,8,4.0,-4.0,1,1
0022000245,2021-01-23,chicago bulls,los angeles lakers,90,101,0.393,0.456,18,20,45,42,18,18,-11.0,11.0,1,0
0022000246,2021-01-23,minnesota timberwolves,new orleans pelicans,120,110,0.429,0.46,23,21,50,42,11,20,10.0,-10.0,1,1
0022000247,2021-01-23,dallas mavericks,houston rockets,108,133,0.446,0.547,15,28,36,52,10,14,-25.0,25.0,1,0
0022000248,2021-01-23,denver nuggets,phoenix suns,120,112,0.412,0.402,22,26,65,50,16,9,8.0,-8.0,0,1
0022000249,2021-01-24,indiana pacers,toronto raptors,102,107,0.402,0.411,23,24,47,45,18,16,-5.0,5.0,1,0
0022000250,2021-01-24,boston celtics,cleveland cavaliers,141,103,0.559,0.4,26,24,55,34,15,17,38.0,-38.0,1,1
0022000251,2021-01-24,la clippers,oklahoma city thunder,108,100,0.446,0.442,26,22,46,51,10,10,8.0,-8.0,1,1
0022000252,2021-01-24,charlotte hornets,orlando magic,107,104,0.477,0.448,28,27,43,43,12,15,3.0,-3.0,0,1
0022000253,2021-01-24,san antonio spurs,washington wizards,121,101,0.5,0.424,27,23,44,50,8,14,20.0,-20.0,1,1
0022000254,2021-01-24,atlanta hawks,milwaukee bucks,115,129,0.506,0.549,27,32,27,52,9,16,-14.0,14.0,0,0
0022000255,2021-05-13,memphis grizzlies,sacramento kings,116,110,0.5,0.438,30,33,48,35,18,10,6.0,-6.0,1,1
0022000256,2021-01-24,new york knicks,portland trail blazers,113,116,0.453,0.47,20,19,47,39,12,11,-3.0,3.0,0,0
0022000257,2021-01-25,detroit pistons,philadelphia 76ers,119,104,0.5,0.426,22,15,47,36,18,9,15.0,-15.0,1,1
0022000258,2021-01-25,indiana pacers,toronto raptors,129,114,0.513,0.409,26,24,45,39,13,10,15.0,-15.0,1,1
0022000259,2021-01-25,charlotte hornets,orlando magic,108,117,0.438,0.477,22,31,41,49,14,15,-9.0,9.0,0,0
0022000260,2021-01-25,brooklyn nets,miami heat,98,85,0.4,0.369,24,20,49,45,7,12,13.0,-13.0,1,1
0022000261,2021-01-25,cleveland cavaliers,los angeles lakers,108,115,0.465,0.483,19,21,44,40,17,13,-7.0,7.0,1,0
0022000262,2021-01-25,boston celtics,chicago bulls,119,103,0.506,0.466,28,28,44,41,12,18,16.0,-16.0,0,1
0022000263,2021-05-14,memphis grizzlies,sacramento kings,107,106,0.44,0.385,23,21,49,56,13,10,1.0,-1.0,1,1
0022000264,2021-04-24,new orleans pelicans,san antonio spurs,108,110,0.471,0.435,20,22,48,46,19,17,-2.0,2.0,1,0
0022000265,2021-01-25,dallas mavericks,denver nuggets,113,117,0.488,0.506,26,25,34,49,11,16,-4.0,4.0,1,0
0022000266,2021-01-25,golden state warriors,minnesota timberwolves,130,108,0.494,0.415,21,26,46,47,15,18,22.0,-22.0,1,1
0022000267,2021-01-25,oklahoma city thunder,portland trail blazers,125,122,0.512,0.469,25,17,43,50,8,8,3.0,-3.0,0,1
0022000268,2021-01-26,atlanta hawks,la clippers,108,99,0.463,0.404,20,23,46,46,14,12,9.0,-9.0,1,1
0022000269,2021-01-26,houston rockets,washington wizards,107,88,0.42,0.388,16,19,44,50,13,20,19.0,-19.0,1,1
0022000270,2021-01-26,new york knicks,utah jazz,94,108,0.434,0.402,15,24,44,53,11,6,-14.0,14.0,0,0
0022000271,2021-01-27,charlotte hornets,indiana pacers,106,116,0.411,0.511,28,34,39,47,11,12,-10.0,10.0,1,0
0022000272,2021-01-27,cleveland cavaliers,detroit pistons,122,107,0.54,0.451,24,29,37,40,16,22,15.0,-15.0,1,1
0022000273,2021-01-27,orlando magic,sacramento kings,107,121,0.417,0.489,25,30,47,50,14,15,-14.0,14.0,1,0
0022000274,2021-01-27,atlanta hawks,brooklyn nets,128,132,0.479,0.531,29,29,37,36,9,9,-4.0,4.0,1,0
0022000275,2021-01-27,denver nuggets,miami heat,109,82,0.457,0.375,29,24,49,38,13,16,27.0,-27.0,0,1
0022000276,2021-01-27,los angeles lakers,philadelphia 76ers,106,107,0.477,0.482,20,24,37,38,11,11,-1.0,1.0,0,0
0022000277,2021-01-27,milwaukee bucks,toronto raptors,115,108,0.43,0.404,30,26,59,46,14,11,7.0,-7.0,0,1
0022000278,2021-04-12,chicago bulls,memphis grizzlies,90,101,0.419,0.471,23,27,40,51,17,20,-11.0,11.0,0,0
0022000279,2021-01-27,new orleans pelicans,washington wizards,124,106,0.517,0.402,27,29,50,39,14,11,18.0,-18.0,1,1
0022000280,2021-01-27,boston celtics,san antonio spurs,106,110,0.429,0.561,15,22,39,46,10,19,-4.0,4.0,0,0
0022000281,2021-01-27,oklahoma city thunder,phoenix suns,102,97,0.447,0.379,21,19,48,49,14,13,5.0,-5.0,0,1
0022000282,2021-01-27,dallas mavericks,utah jazz,104,116,0.462,0.462,22,20,36,50,8,9,-12.0,12.0,0,0
0022000283,2021-01-27,golden state warriors,minnesota timberwolves,123,111,0.529,0.425,32,23,46,39,21,17,12.0,-12.0,1,1
0022000284,2021-01-28,detroit pistons,los angeles lakers,107,92,0.46,0.409,27,25,38,44,8,11,15.0,-15.0,1,1
0022000285,2021-01-28,la clippers,miami heat,109,105,0.414,0.444,22,24,55,45,12,13,4.0,-4.0,0,1
0022000286,2021-01-28,golden state warriors,phoenix suns,93,114,0.384,0.466,21,34,48,57,13,14,-21.0,21.0,0,0
0022000287,2021-01-28,houston rockets,portland trail blazers,104,101,0.422,0.419,19,16,47,49,13,15,3.0,-3.0,1,1
0022000288,2021-01-29,charlotte hornets,indiana pacers,108,105,0.506,0.483,35,30,42,39,17,16,3.0,-3.0,1,1
0022000289,2021-01-29,la clippers,orlando magic,116,90,0.489,0.36,25,20,49,49,11,17,26.0,-26.0,0,1
0022000290,2021-01-29,atlanta hawks,washington wizards,116,100,0.448,0.365,16,13,47,47,13,12,16.0,-16.0,0,1
0022000291,2021-01-29,cleveland cavaliers,new york knicks,81,102,0.345,0.488,15,20,43,41,14,13,-18.0,18.0,0,0
0022000292,2021-01-29,sacramento kings,toronto raptors,126,124,0.551,0.488,31,20,38,35,22,15,2.0,-2.0,0,1
0022000293,2021-01-29,milwaukee bucks,new orleans pelicans,126,131,0.5,0.469,29,32,49,45,12,9,-5.0,5.0,0,0
0022000294,2021-01-29,minnesota timberwolves,philadelphia 76ers,94,118,0.427,0.448,20,20,38,51,18,10,-24.0,24.0,1,0
0022000295,2021-01-29,brooklyn nets,oklahoma city thunder,147,125,0.57,0.465,33,23,50,36,11,12,22.0,-22.0,0,1
0022000296,2021-01-29,denver nuggets,san antonio spurs,109,119,0.526,0.543,25,29,37,41,15,12,-10.0,10.0,0,0
0022000297,2021-01-29,dallas mavericks,utah jazz,101,120,0.43,0.437,20,21,40,56,11,15,-19.0,19.0,0,0
0022000298,2021-01-30,chicago bulls,portland trail blazers,122,123,0.506,0.511,31,20,43,35,15,8,-1.0,1.0,1,0
0022000299,2021-01-30,charlotte hornets,milwaukee bucks,126,114,0.478,0.488,32,22,41,46,9,15,12.0,-12.0,1,1
0022000300,2021-01-30,houston rockets,new orleans pelicans,126,112,0.489,0.451,32,27,45,48,14,14,14.0,-14.0,0,1
0022000301,2021-01-30,miami heat,sacramento kings,105,104,0.468,0.482,25,22,39,41,15,17,1.0,-1.0,1,1
0022000302,2021-01-30,boston celtics,los angeles lakers,95,96,0.488,0.44,24,20,42,45,15,14,-1.0,1.0,1,0
0022000303,2021-01-30,dallas mavericks,phoenix suns,105,111,0.53,0.457,22,22,37,42,15,13,-6.0,6.0,1,0
0022000304,2021-01-30,memphis grizzlies,san antonio spurs,129,112,0.56,0.47,34,25,45,38,14,13,17.0,-17.0,0,1
0022000305,2021-01-30,detroit pistons,golden state warriors,91,118,0.377,0.528,17,34,38,47,14,14,-27.0,27.0,0,0
0022000306,2021-01-31,denver nuggets,utah jazz,128,117,0.54,0.427,28,28,39,38,8,14,11.0,-11.0,1,1
0022000307,2021-01-31,indiana pacers,philadelphia 76ers,110,119,0.488,0.489,21,20,41,44,17,12,-9.0,9.0,1,0
0022000308,2021-01-31,la clippers,new york knicks,129,115,0.543,0.482,26,21,38,36,7,7,14.0,-14.0,0,1
0022000309,2021-01-31,orlando magic,toronto raptors,102,115,0.402,0.456,22,27,42,48,10,11,-13.0,13.0,0,0
0022000310,2021-01-31,brooklyn nets,washington wizards,146,149,0.568,0.519,33,24,45,39,17,7,-3.0,3.0,0,0
0022000311,2021-01-31,cleveland cavaliers,minnesota timberwolves,104,109,0.488,0.451,20,24,55,34,19,8,-5.0,5.0,0,0
0022000312,2021-02-01,cleveland cavaliers,minnesota timberwolves,100,98,0.417,0.392,26,20,52,45,13,8,2.0,-2.0,1,1
0022000313,2021-02-01,atlanta hawks,los angeles lakers,99,107,0.474,0.519,27,24,36,31,17,11,-8.0,8.0,1,0
0022000314,2021-02-01,charlotte hornets,miami heat,129,121,0.453,0.473,31,28,44,48,11,15,8.0,-8.0,0,1
0022000315,2021-02-01,chicago bulls,new york knicks,110,102,0.477,0.425,30,21,40,45,12,11,8.0,-8.0,1,1
0022000316,2021-02-01,milwaukee bucks,portland trail blazers,134,106,0.552,0.375,38,19,53,45,12,11,28.0,-28.0,1,1
0022000317,2021-02-01,new orleans pelicans,sacramento kings,109,118,0.396,0.477,22,31,46,52,10,20,-9.0,9.0,1,0
0022000318,2021-02-01,houston rockets,oklahoma city thunder,136,106,0.48,0.438,30,21,50,45,11,16,30.0,-30.0,0,1
0022000319,2021-02-01,dallas mavericks,phoenix suns,108,109,0.43,0.467,16,19,42,45,14,16,-1.0,1.0,1,0
0022000320,2021-02-01,memphis grizzlies,san antonio spurs,133,102,0.559,0.416,37,28,53,42,9,14,31.0,-31.0,0,1
0022000321,2021-04-06,denver nuggets,detroit pistons,134,119,0.596,0.543,36,27,44,30,10,13,15.0,-15.0,1,1
0022000322,2021-02-02,indiana pacers,memphis grizzlies,134,116,0.598,0.452,30,27,42,36,18,16,18.0,-18.0,1,1
0022000323,2021-02-02,orlando magic,toronto raptors,108,123,0.461,0.482,24,32,46,40,16,11,-15.0,15.0,1,0
0022000324,2021-02-02,brooklyn nets,la clippers,124,120,0.57,0.455,25,21,44,39,16,8,4.0,-4.0,1,1
0022000325,2021-02-02,detroit pistons,utah jazz,105,117,0.419,0.463,18,23,46,44,15,13,-12.0,12.2,0,0
0022000326,2021-02-02,boston celtics,golden state warriors,111,107,0.464,0.458,16,30,51,36,15,11,4.0,-4.6,0,1
0022000327,2021-02-03,charlotte hornets,philadelphia 76ers,111,118,0.448,0.519,28,23,37,40,16,18,-7.0,7.0,1,0
0022000328,2021-02-03,cleveland cavaliers,la clippers,99,121,0.446,0.557,21,22,37,46,8,14,-22.0,22.0,1,0
0022000329,2021-02-03,indiana pacers,milwaukee bucks,110,130,0.453,0.471,28,33,46,53,14,12,-20.0,20.0,0,0
0022000330,2021-02-03,atlanta hawks,dallas mavericks,116,122,0.5,0.462,31,27,46,45,16,10,-6.0,6.0,1,0
0022000331,2021-02-03,miami heat,washington wizards,100,103,0.434,0.417,24,20,44,49,13,17,-3.0,3.0,1,0
0022000332,2021-02-03,chicago bulls,new york knicks,103,107,0.489,0.483,25,19,38,47,9,17,-4.0,4.0,1,0
0022000333,2021-02-03,houston rockets,oklahoma city thunder,87,104,0.384,0.434,21,19,41,51,20,21,-17.0,17.0,0,0
0022000334,2021-02-03,minnesota timberwolves,san antonio spurs,108,111,0.457,0.448,22,28,49,45,10,7,-3.0,3.0,0,0
0022000335,2021-02-03,new orleans pelicans,phoenix suns,123,101,0.511,0.463,30,26,44,39,7,14,22.0,-22.0,1,1
0022000336,2021-02-03,boston celtics,sacramento kings,111,116,0.453,0.457,28,23,45,44,13,10,-5.0,5.0,0,0
0022000337,2021-02-04,philadelphia 76ers,portland trail blazers,105,121,0.481,0.459,19,17,37,53,18,11,-14.4,11.6,1,0
0022000338,2021-02-04,atlanta hawks,utah jazz,91,112,0.327,0.484,19,19,49,52,11,14,-17.8,18.6,1,0
0022000339,2021-02-04,dallas mavericks,golden state warriors,116,147,0.413,0.573,26,37,42,45,10,8,-31.0,31.0,1,0
0022000340,2021-02-04,houston rockets,memphis grizzlies,115,103,0.471,0.425,26,28,44,43,14,13,12.6,-9.2,0,1
0022000341,2021-02-04,denver nuggets,los angeles lakers,93,114,0.391,0.568,19,29,42,40,15,16,-21.0,21.0,0,0
0022000342,2021-02-05,charlotte hornets,utah jazz,121,138,0.462,0.552,26,32,40,44,7,16,-17.0,17.0,1,0
0022000343,2021-02-05,indiana pacers,new orleans pelicans,113,114,0.441,0.539,31,23,37,50,10,19,-1.0,1.0,1,0
0022000344,2021-02-05,chicago bulls,orlando magic,119,123,0.479,0.519,27,27,40,49,8,15,-4.0,4.0,0,0
0022000345,2021-02-05,brooklyn nets,toronto raptors,117,123,0.488,0.505,29,22,40,41,18,10,-6.0,6.0,1,0
0022000346,2021-02-05,cleveland cavaliers,milwaukee bucks,105,123,0.446,0.515,23,28,36,54,11,11,-18.0,18.0,1,0
0022000347,2021-02-05,miami heat,washington wizards,122,95,0.5,0.371,27,19,48,40,16,17,27.0,-27.0,1,1
0022000348,2021-02-05,minnesota timberwolves,oklahoma city thunder,106,103,0.436,0.459,27,28,43,44,15,17,3.0,-3.0,0,1
0022000349,2021-02-05,detroit pistons,phoenix suns,92,109,0.374,0.494,20,26,45,50,13,21,-17.0,17.0,0,0
0022000350,2021-02-05,boston celtics,la clippers,119,115,0.478,0.519,21,26,34,47,6,16,4.0,-4.0,0,1
0022000351,2021-02-06,new york knicks,portland trail blazers,110,99,0.5,0.416,20,15,51,41,14,11,11.0,-11.0,1,1
0022000352,2021-02-06,denver nuggets,sacramento kings,114,119,0.464,0.484,30,30,47,45,9,7,-5.0,5.0,0,0
0022000353,2021-02-06,chicago bulls,orlando magic,118,92,0.516,0.389,28,17,47,47,10,11,26.0,-26.0,0,1
0022000354,2021-02-06,brooklyn nets,philadelphia 76ers,108,124,0.443,0.511,21,27,34,51,17,15,-16.0,16.0,0,0
0022000355,2021-02-06,memphis grizzlies,new orleans pelicans,109,118,0.444,0.517,27,27,45,42,9,7,-9.0,9.0,0,0
0022000356,2021-02-06,atlanta hawks,toronto raptors,132,121,0.568,0.423,31,24,43,38,18,6,11.0,-11.0,1,1
0022000357,2021-02-06,cleveland cavaliers,milwaukee bucks,99,124,0.453,0.547,21,25,40,43,13,8,-25.0,25.0,1,0
0022000358,2021-02-06,houston rockets,san antonio spurs,106,111,0.432,0.425,21,22,46,44,12,10,-5.0,5.0,1,0
0022000359,2021-02-06,minnesota timberwolves,oklahoma city thunder,118,120,0.505,0.511,27,25,40,43,13,15,-2.0,2.0,0,0
0022000360,2021-02-06,dallas mavericks,golden state warriors,134,132,0.458,0.535,27,27,47,40,14,16,2.0,-2.0,1,1
0022000361,2021-02-06,detroit pistons,los angeles lakers,129,135,0.479,0.56,31,32,35,41,20,23,-6.0,6.0,0,0
0022000362,2021-04-18,charlotte hornets,portland trail blazers,109,101,0.47,0.396,26,18,46,47,14,8,8.0,-8.0,1,1
0022000363,2021-02-07,indiana pacers,utah jazz,95,103,0.398,0.413,23,22,45,60,9,14,-8.0,8.0,1,0
0022000364,2021-02-07,miami heat,new york knicks,109,103,0.482,0.447,25,23,44,44,11,12,6.0,-6.0,0,1
0022000365,2021-02-07,boston celtics,phoenix suns,91,100,0.355,0.488,19,25,41,50,5,10,-9.0,9.0,0,0
0022000366,2021-02-07,la clippers,sacramento kings,110,113,0.414,0.489,19,25,53,52,9,12,-3.0,3.0,1,0
0022000367,2021-02-08,charlotte hornets,houston rockets,119,94,0.489,0.407,28,20,51,39,14,11,25.0,-25.0,1,1
0022000368,2021-02-08,chicago bulls,washington wizards,101,105,0.424,0.419,23,23,50,47,16,13,-4.0,4.0,1,0
0022000369,2021-02-08,memphis grizzlies,toronto raptors,113,128,0.425,0.545,27,28,42,37,15,14,-15.0,15.0,1,0
0022000370,2021-02-08,dallas mavericks,minnesota timberwolves,127,122,0.517,0.462,30,27,48,41,14,9,5.0,-5.0,1,1
0022000371,2021-02-08,golden state warriors,san antonio spurs,100,105,0.442,0.406,29,24,49,46,20,10,-5.0,5.0,0,0
0022000372,2021-02-08,cleveland cavaliers,phoenix suns,113,119,0.512,0.522,23,29,39,41,10,10,-6.0,6.0,0,0
0022000373,2021-02-08,denver nuggets,milwaukee bucks,112,125,0.436,0.506,22,24,38,50,9,10,-13.0,13.0,1,0
0022000374,2021-02-08,los angeles lakers,oklahoma city thunder,119,112,0.463,0.391,28,23,59,55,15,12,7.0,-7.0,1,1
0022000375,2021-02-09,brooklyn nets,detroit pistons,111,122,0.5,0.56,30,28,34,37,15,13,-11.0,11.0,0,0
0022000376,2021-02-09,miami heat,new york knicks,98,96,0.371,0.425,21,22,38,46,10,14,2.0,-2.0,1,1
0022000377,2021-02-09,houston rockets,new orleans pelicans,101,130,0.418,0.511,24,31,37,55,12,9,-29.0,29.0,0,0
0022000378,2021-02-09,golden state warriors,san antonio spurs,114,91,0.462,0.372,26,20,50,45,10,14,23.0,-23.0,0,1
0022000379,2021-02-09,boston celtics,utah jazz,108,122,0.442,0.476,18,28,35,41,8,10,-14.0,14.0,0,0
0022000380,2021-02-09,orlando magic,portland trail blazers,97,106,0.42,0.389,22,18,53,54,10,8,-9.0,9.0,0,0
0022000381,2021-02-09,philadelphia 76ers,sacramento kings,119,111,0.482,0.434,24,24,59,39,17,11,8.0,-8.0,0,1
0022000382,2021-02-10,toronto raptors,washington wizards,137,115,0.527,0.452,28,26,46,46,12,14,22.0,-22.0,0,1
0022000383,2021-02-10,brooklyn nets,indiana pacers,104,94,0.421,0.391,20,26,46,43,12,8,10.0,-10.0,1,1
0022000384,2021-02-10,atlanta hawks,dallas mavericks,117,118,0.455,0.512,27,25,42,37,9,9,-1.0,1.0,0,0
0022000385,2021-02-10,chicago bulls,new orleans pelicans,129,116,0.593,0.506,36,27,35,35,16,12,13.0,-13.0,1,1
0022000386,2021-02-10,charlotte hornets,memphis grizzlies,114,130,0.549,0.5,23,34,35,46,18,16,-16.0,16.0,0,0
0022000387,2021-02-10,la clippers,minnesota timberwolves,119,112,0.5,0.432,23,29,48,43,15,15,7.0,-7.0,0,1
0022000388,2021-02-10,cleveland cavaliers,denver nuggets,95,133,0.383,0.6,25,31,49,39,17,11,-38.0,38.0,0,0
0022000389,2021-02-10,milwaukee bucks,phoenix suns,124,125,0.506,0.529,23,25,39,47,9,11,-1.0,1.0,0,0
0022000390,2021-02-10,los angeles lakers,oklahoma city thunder,114,113,0.472,0.47,22,32,43,46,16,13,1.0,-1.0,1,1
0022000391,2021-02-11,detroit pistons,indiana pacers,95,111,0.447,0.512,21,26,43,41,11,7,-16.0,16.0,1,0
0022000392,2021-02-11,houston rockets,miami heat,94,101,0.386,0.43,24,24,42,49,13,20,-7.0,7.0,1,0
0022000393,2021-02-11,golden state warriors,orlando magic,111,105,0.466,0.392,29,19,46,49,17,15,6.0,-6.0,1,1
0022000394,2021-02-11,philadelphia 76ers,portland trail blazers,114,118,0.488,0.43,20,15,46,47,9,8,-4.0,4.0,0,0
0022000395,2021-02-12,charlotte hornets,minnesota timberwolves,120,114,0.489,0.455,20,28,55,40,20,8,6.0,-6.0,1,1
0022000396,2021-02-12,new york knicks,washington wizards,109,91,0.449,0.382,22,20,65,46,11,14,18.0,-18.0,0,1
0022000397,2021-02-12,atlanta hawks,san antonio spurs,114,125,0.433,0.529,22,27,41,46,12,13,-11.0,11.0,1,0
0022000398,2021-02-11,boston celtics,toronto raptors,120,106,0.453,0.494,30,26,49,32,18,13,14.0,-14.0,1,1
0022000399,2021-02-12,dallas mavericks,new orleans pelicans,143,130,0.58,0.533,30,31,37,38,6,9,13.0,-13.0,1,1
0022000400,2021-02-12,chicago bulls,la clippers,106,125,0.471,0.581,23,20,41,37,13,9,-19.0,19.0,1,0
0022000401,2021-02-12,denver nuggets,oklahoma city thunder,97,95,0.46,0.4,24,26,41,50,13,12,2.0,-2.0,1,1
0022000402,2021-02-12,milwaukee bucks,utah jazz,115,129,0.457,0.524,19,22,33,46,10,17,-14.0,14.0,0,0
0022000403,2021-02-12,los angeles lakers,memphis grizzlies,115,105,0.506,0.488,26,31,47,33,18,17,10.0,-10.0,1,1
0022000404,2021-02-12,cleveland cavaliers,portland trail blazers,110,129,0.437,0.518,20,16,41,45,11,14,-19.0,19.0,0,0
0022000405,2021-02-12,orlando magic,sacramento kings,123,112,0.505,0.518,25,33,42,42,10,18,11.0,-11.0,0,1
0022000406,2021-02-13,philadelphia 76ers,phoenix suns,111,120,0.521,0.608,19,25,35,32,13,13,-9.0,9.0,0,0
0022000407,2021-02-13,atlanta hawks,indiana pacers,113,125,0.478,0.506,35,34,38,43,11,9,-12.0,12.0,1,0
0022000408,2021-02-13,houston rockets,new york knicks,99,121,0.375,0.523,17,21,46,44,9,7,-22.0,22.0,0,0
0022000409,2021-02-13,brooklyn nets,golden state warriors,134,117,0.538,0.489,35,25,45,37,13,13,17.0,-17.0,0,1
0022000410,2021-02-13,miami heat,utah jazz,94,112,0.407,0.459,24,26,43,48,17,15,-18.0,18.0,0,0
0022000411,2021-02-14,dallas mavericks,portland trail blazers,118,121,0.494,0.529,19,15,35,36,12,15,-3.0,3.0,1,0
0022000412,2021-02-12,boston celtics,detroit pistons,102,108,0.439,0.43,15,25,44,44,10,12,-6.0,6.0,1,0
0022000413,2021-02-14,minnesota timberwolves,toronto raptors,116,112,0.524,0.418,28,24,40,38,18,11,4.0,-4.0,0,1
0022000414,2021-02-14,charlotte hornets,san antonio spurs,110,122,0.474,0.5,23,31,49,43,16,9,-12.0,12.0,1,0
0022000415,2021-02-14,milwaukee bucks,oklahoma city thunder,109,114,0.464,0.474,24,32,47,49,14,13,-5.0,5.0,0,0
0022000416,2021-02-14,denver nuggets,los angeles lakers,122,105,0.459,0.46,28,27,47,46,9,10,17.0,-17.0,1,1
0022000417,2021-02-14,orlando magic,phoenix suns,90,109,0.371,0.446,13,24,48,59,10,8,-19.0,19.0,0,0
0022000418,2021-02-14,memphis grizzlies,sacramento kings,124,110,0.532,0.5,31,22,43,33,10,16,14.0,-14.0,0,1
0022000419,2021-02-14,cleveland cavaliers,la clippers,111,128,0.462,0.477,25,31,40,47,15,10,-17.0,17.0,0,0
0022000420,2021-02-15,chicago bulls,indiana pacers,120,112,0.431,0.424,25,18,60,47,18,19,8.0,-8.0,0,1
0022000421,2021-02-15,houston rockets,washington wizards,119,131,0.473,0.522,23,25,41,47,18,15,-12.0,12.0,0,0
0022000422,2021-02-15,atlanta hawks,new york knicks,112,123,0.424,0.506,17,22,42,42,11,8,-11.0,11.0,0,0
0022000423,2021-02-15,philadelphia 76ers,utah jazz,123,134,0.5,0.523,19,18,42,36,12,11,-11.0,11.0,0,0
0022000424,2021-02-15,cleveland cavaliers,golden state warriors,98,129,0.389,0.523,19,34,49,39,17,14,-31.0,31.0,0,0
0022000425,2021-02-15,la clippers,miami heat,125,118,0.553,0.505,31,27,39,39,12,8,7.0,-7.0,1,1
0022000426,2021-02-15,brooklyn nets,sacramento kings,136,125,0.573,0.531,31,24,35,41,15,13,11.0,-11.0,0,1
0022000427,2021-02-16,boston celtics,denver nuggets,112,99,0.481,0.452,26,25,43,38,20,17,13.0,-13.0,1,1
0022000428,2021-03-15,detroit pistons,san antonio spurs,99,109,0.47,0.566,22,29,34,45,8,21,-10.0,10.0,1,0
0022000429,2021-02-16,memphis grizzlies,new orleans pelicans,113,144,0.477,0.615,23,33,32,47,19,19,-31.0,31.0,1,0
0022000430,2021-02-16,milwaukee bucks,toronto raptors,113,124,0.482,0.505,25,25,41,44,17,15,-11.0,11.0,1,0
0022000431,2021-02-16,los angeles lakers,minnesota timberwolves,112,104,0.545,0.419,20,26,38,38,18,15,8.0,-8.0,0,1
0022000432,2021-02-16,oklahoma city thunder,portland trail blazers,104,115,0.435,0.438,23,26,46,54,11,10,-11.0,11.0,1,0
0022000433,2021-02-16,brooklyn nets,phoenix suns,128,124,0.573,0.545,28,28,37,34,10,6,4.0,-4.0,0,1
0022000434,2021-05-06,charlotte hornets,chicago bulls,99,120,0.422,0.505,29,33,45,56,15,17,-21.0,21.0,1,0
0022000435,2021-03-19,cleveland cavaliers,san antonio spurs,110,116,0.438,0.466,19,19,47,51,10,13,-6.0,6.0,1,0
0022000436,2021-02-17,new york knicks,orlando magic,89,107,0.379,0.457,16,27,46,50,16,12,-18.0,18.0,0,0
0022000437,2021-02-17,denver nuggets,washington wizards,128,130,0.522,0.512,23,31,42,45,11,13,-2.0,2.0,0,0
0022000438,2021-02-17,atlanta hawks,boston celtics,122,114,0.571,0.465,19,22,37,37,14,16,8.0,-8.0,0,1
0022000439,2021-02-17,houston rockets,philadelphia 76ers,113,118,0.457,0.481,26,23,39,47,18,20,-5.0,5.0,0,0
0022000440,2021-02-17,indiana pacers,minnesota timberwolves,134,128,0.505,0.421,31,37,51,44,14,11,6.0,-6.0,0,1
0022000441,2021-02-17,new orleans pelicans,portland trail blazers,124,126,0.483,0.511,25,26,51,31,11,9,-2.0,2.0,1,0
0022000442,2021-04-21,dallas mavericks,detroit pistons,127,117,0.5,0.506,25,30,43,42,6,13,10.0,-10.0,1,1
0022000443,2021-02-17,golden state warriors,miami heat,120,112,0.453,0.454,32,28,46,49,16,15,8.0,-8.0,1,1
0022000444,2021-02-17,la clippers,utah jazz,96,114,0.442,0.429,18,19,47,53,16,13,-18.0,18.0,1,0
0022000445,2021-02-18,milwaukee bucks,toronto raptors,96,110,0.398,0.487,23,26,52,37,15,9,-14.0,14.0,1,0
0022000446,2021-02-18,brooklyn nets,los angeles lakers,109,98,0.494,0.482,23,21,39,39,13,16,11.0,-11.0,0,1
0022000447,2021-02-18,miami heat,sacramento kings,118,110,0.516,0.462,36,29,45,44,14,15,8.0,-8.0,0,1
0022000448,2021-05-11,charlotte hornets,denver nuggets,112,117,0.462,0.494,30,26,49,38,17,17,-5.0,5.0,1,0
0022000449,2021-02-19,golden state warriors,orlando magic,120,124,0.474,0.489,37,30,45,51,13,13,-4.0,4.0,0,0
0022000450,2021-02-19,chicago bulls,philadelphia 76ers,105,112,0.421,0.471,24,23,42,53,11,15,-7.0,7.0,0,0
0022000451,2021-02-19,atlanta hawks,boston celtics,109,121,0.422,0.556,21,26,41,44,13,18,-12.0,12.0,0,0
0022000452,2021-02-19,detroit pistons,memphis grizzlies,95,109,0.419,0.467,27,20,45,49,21,11,-14.0,14.0,0,0
0022000453,2021-02-19,milwaukee bucks,oklahoma city thunder,98,85,0.407,0.365,23,20,61,46,12,10,13.0,-13.0,1,1
0022000454,2021-02-19,minnesota timberwolves,toronto raptors,81,86,0.386,0.329,24,16,43,51,13,15,-5.0,5.0,1,0
0022000455,2021-02-19,new orleans pelicans,phoenix suns,114,132,0.512,0.58,28,38,37,37,13,13,-18.0,18.0,1,0
0022000456,2021-04-07,dallas mavericks,houston rockets,93,102,0.379,0.432,16,21,46,49,9,10,-9.0,9.0,0,0
0022000457,2021-02-19,la clippers,utah jazz,116,112,0.483,0.477,22,13,45,38,11,10,4.0,-4.0,1,1
0022000458,2021-05-13,new york knicks,san antonio spurs,102,98,0.407,0.418,23,22,48,47,10,9,4.0,-4.0,1,1
0022000459,2021-02-20,charlotte hornets,golden state warriors,102,100,0.493,0.435,23,23,44,39,24,14,2.0,-2.0,1,1
0022000460,2021-02-20,chicago bulls,sacramento kings,122,114,0.598,0.449,24,22,38,41,14,7,8.0,-8.0,1,1
0022000461,2021-04-14,houston rockets,indiana pacers,124,132,0.462,0.532,22,28,47,48,15,18,-8.0,8.0,1,0
0022000462,2021-02-20,memphis grizzlies,phoenix suns,97,128,0.387,0.535,19,35,49,41,12,10,-31.0,31.0,1,0
0022000463,2021-02-20,los angeles lakers,miami heat,94,96,0.393,0.424,25,24,43,49,14,14,-2.0,2.0,1,0
0022000464,2021-02-20,portland trail blazers,washington wizards,111,118,0.359,0.506,19,23,50,54,12,17,-7.0,7.0,1,0
0022000465,2021-02-21,boston celtics,new orleans pelicans,115,120,0.398,0.447,22,22,49,52,10,13,-5.0,5.0,0,0
0022000466,2021-02-21,cleveland cavaliers,oklahoma city thunder,101,117,0.464,0.544,22,22,42,37,15,14,-16.0,16.0,1,0
0022000467,2021-02-21,detroit pistons,orlando magic,96,105,0.374,0.432,23,24,49,51,11,11,-9.0,9.0,0,0
0022000468,2021-02-21,philadelphia 76ers,toronto raptors,103,110,0.388,0.494,26,25,45,39,10,14,-7.0,7.0,0,0
0022000469,2021-02-21,minnesota timberwolves,new york knicks,99,103,0.402,0.423,24,17,43,48,15,13,-4.0,4.0,0,0
0022000470,2021-02-21,atlanta hawks,denver nuggets,123,115,0.519,0.512,29,25,44,33,11,13,8.0,-8.0,1,1
0022000471,2021-02-21,milwaukee bucks,sacramento kings,128,115,0.489,0.44,22,29,56,43,17,12,13.0,-13.0,1,1
0022000472,2021-02-21,brooklyn nets,la clippers,112,108,0.478,0.46,21,24,40,52,6,16,4.0,-4.0,0,1
0022000473,2021-04-19,indiana pacers,san antonio spurs,94,109,0.327,0.429,20,27,54,57,7,12,-15.0,15.0,1,0
0022000474,2021-02-22,chicago bulls,houston rockets,120,100,0.538,0.385,24,20,55,46,11,9,20.0,-20.0,0,1
0022000475,2021-02-22,miami heat,oklahoma city thunder,108,94,0.444,0.432,30,20,45,38,13,17,14.0,-14.0,0,1
0022000476,2021-02-22,dallas mavericks,memphis grizzlies,102,92,0.438,0.394,17,17,49,51,16,13,10.0,-10.0,1,1
0022000477,2021-02-22,phoenix suns,portland trail blazers,132,100,0.505,0.44,29,15,43,46,7,16,32.0,-32.0,1,1
0022000478,2021-02-22,charlotte hornets,utah jazz,110,132,0.461,0.529,18,34,35,45,16,22,-22.0,22.0,0,0
0022000479,2021-02-22,los angeles lakers,washington wizards,124,127,0.471,0.49,29,25,45,49,20,16,-3.0,3.0,1,0
0022000480,2021-02-23,atlanta hawks,cleveland cavaliers,111,112,0.449,0.526,22,28,41,36,11,15,-1.0,1.0,0,0
0022000481,2021-02-23,detroit pistons,orlando magic,105,93,0.466,0.375,24,25,49,48,15,12,12.0,-12.0,0,1
0022000482,2021-02-23,brooklyn nets,sacramento kings,127,118,0.494,0.517,30,25,41,38,8,15,9.0,-9.0,1,1
0022000483,2021-02-23,golden state warriors,new york knicks,114,106,0.449,0.392,30,22,41,56,10,13,8.0,-8.0,0,1
0022000484,2021-02-23,philadelphia 76ers,toronto raptors,109,102,0.413,0.43,24,29,54,38,18,10,7.0,-7.0,0,1
0022000485,2021-02-23,boston celtics,dallas mavericks,107,110,0.477,0.472,19,19,46,38,13,9,-3.0,3.0,0,0
0022000486,2021-02-23,milwaukee bucks,minnesota timberwolves,139,112,0.535,0.429,33,35,52,43,8,14,27.0,-27.0,1,1
0022000487,2021-02-23,denver nuggets,portland trail blazers,111,106,0.426,0.471,25,21,40,47,1,9,5.0,-5.0,1,1
0022000488,2021-02-23,la clippers,washington wizards,135,116,0.574,0.534,26,32,46,36,10,13,19.0,-19.0,1,1
0022000489,2021-02-24,golden state warriors,indiana pacers,111,107,0.47,0.457,27,20,41,39,18,19,4.0,-4.0,0,1
0022000490,2021-02-24,atlanta hawks,boston celtics,127,112,0.529,0.442,27,20,45,36,17,6,15.0,-15.0,1,1
0022000491,2021-02-24,cleveland cavaliers,houston rockets,112,96,0.506,0.4,24,18,55,33,16,7,16.0,-16.0,1,1
0022000492,2021-02-24,miami heat,toronto raptors,116,108,0.463,0.5,31,30,42,32,11,14,8.0,-8.0,1,1
0022000493,2021-02-24,chicago bulls,minnesota timberwolves,133,126,0.591,0.452,28,28,43,41,21,17,7.0,-7.0,1,1
0022000494,2021-02-24,detroit pistons,new orleans pelicans,118,128,0.528,0.556,31,31,38,45,13,12,-10.0,9.2,0,0
0022000495,2021-02-24,oklahoma city thunder,san antonio spurs,102,99,0.416,0.465,21,20,52,44,17,12,3.0,-3.0,1,1
0022000496,2021-02-24,charlotte hornets,phoenix suns,124,121,0.489,0.506,24,26,46,41,13,14,3.0,-3.0,0,1
0022000497,2021-02-24,los angeles lakers,utah jazz,89,114,0.4,0.471,17,28,45,53,14,12,-25.0,25.0,0,0
0022000498,2021-02-25,dallas mavericks,philadelphia 76ers,97,111,0.41,0.433,17,26,50,39,18,7,-14.0,14.0,0,0
0022000499,2021-02-25,brooklyn nets,orlando magic,129,92,0.533,0.402,30,19,51,35,13,18,37.0,-37.0,1,1
0022000500,2021-02-25,new york knicks,sacramento kings,140,121,0.586,0.494,24,25,43,34,16,16,19.0,-19.0,1,1
0022000501,2021-02-25,la clippers,memphis grizzlies,94,122,0.405,0.543,19,27,41,48,14,6,-28.0,28.0,0,0
0022000502,2021-02-25,denver nuggets,washington wizards,110,112,0.435,0.477,23,24,44,42,18,11,-2.0,2.0,1,0
0022000503,2021-02-25,milwaukee bucks,new orleans pelicans,129,125,0.542,0.5,21,32,42,47,9,9,4.0,-4.0,1,1
0022000504,2021-02-26,detroit pistons,sacramento kings,107,110,0.451,0.416,20,24,45,49,11,10,-3.0,3.0,1,0
0022000505,2021-02-26,boston celtics,indiana pacers,118,112,0.512,0.393,24,26,45,40,11,8,6.0,-6.0,1,1
0022000506,2021-02-26,houston rockets,toronto raptors,111,122,0.429,0.449,23,29,37,48,11,12,-11.0,11.0,0,0
0022000507,2021-02-26,miami heat,utah jazz,124,116,0.512,0.426,24,24,50,36,15,9,8.0,-8.0,1,1
0022000508,2021-02-26,chicago bulls,phoenix suns,97,106,0.5,0.5,25,35,41,30,17,7,-9.0,9.0,1,0
0022000509,2021-02-26,la clippers,memphis grizzlies,119,99,0.55,0.402,34,24,47,37,17,9,20.0,-20.0,0,1
0022000510,2021-02-26,atlanta hawks,oklahoma city thunder,109,118,0.443,0.523,21,31,54,39,10,10,-9.0,9.0,0,0
0022000511,2021-02-26,charlotte hornets,golden state warriors,121,130,0.461,0.608,27,38,38,37,20,23,-9.0,9.0,0,0
0022000512,2021-02-26,los angeles lakers,portland trail blazers,102,93,0.42,0.386,25,19,52,45,9,15,9.0,-9.0,1,1
0022000513,2021-02-27,cleveland cavaliers,philadelphia 76ers,112,109,0.423,0.458,24,25,52,46,16,19,3.0,-3.0,0,1
0022000514,2021-02-27,new orleans pelicans,san antonio spurs,114,117,0.44,0.477,27,24,52,38,10,8,-3.0,3.0,0,0
0022000515,2021-02-27,indiana pacers,new york knicks,107,110,0.452,0.494,27,26,35,38,16,18,-3.0,3.0,0,0
0022000516,2021-02-27,orlando magic,utah jazz,109,124,0.458,0.529,27,29,37,52,3,12,-15.0,15.0,1,0
0022000517,2021-02-27,minnesota timberwolves,washington wizards,112,128,0.432,0.449,23,27,50,57,18,16,-16.0,16.0,0,0
0022000518,2021-02-27,denver nuggets,oklahoma city thunder,126,96,0.551,0.42,30,24,49,37,12,14,30.0,-30.0,0,1
0022000519,2021-02-27,brooklyn nets,dallas mavericks,98,115,0.407,0.523,21,23,47,36,19,8,-17.0,17.0,1,0
0022000520,2021-02-28,la clippers,milwaukee bucks,100,105,0.412,0.447,20,21,49,48,8,11,-5.0,5.0,0,0
0022000521,2021-02-28,detroit pistons,new york knicks,90,109,0.389,0.512,16,23,40,41,15,11,-19.0,19.0,1,0
0022000522,2021-02-28,atlanta hawks,miami heat,99,109,0.414,0.453,22,27,49,45,16,14,-10.0,10.0,0,0
0022000523,2021-04-08,chicago bulls,toronto raptors,122,113,0.54,0.433,35,19,49,41,16,10,9.0,-9.0,0,1
0022000524,2021-02-28,boston celtics,washington wizards,111,110,0.472,0.452,25,16,49,36,18,14,1.0,-1.0,1,1
0022000525,2021-02-28,houston rockets,memphis grizzlies,84,133,0.277,0.532,10,27,38,56,23,18,-49.0,49.0,1,0
0022000526,2021-02-28,minnesota timberwolves,phoenix suns,99,118,0.376,0.494,21,27,44,47,15,16,-19.0,19.0,1,0
0022000527,2021-02-28,golden state warriors,los angeles lakers,91,117,0.407,0.471,26,22,35,60,20,19,-26.0,26.0,0,0
0022000528,2021-02-28,charlotte hornets,sacramento kings,127,126,0.542,0.543,30,32,37,33,16,10,1.0,-1.0,0,1
0022000529,2021-03-01,dallas mavericks,orlando magic,130,124,0.522,0.495,29,25,46,41,8,8,6.0,-6.0,0,1
0022000530,2021-03-01,indiana pacers,philadelphia 76ers,114,130,0.484,0.568,27,27,34,39,19,19,-16.0,16.0,0,0
0022000531,2021-03-01,chicago bulls,denver nuggets,112,118,0.447,0.529,25,22,44,50,10,12,-6.0,6.0,1,0
0022000532,2021-03-01,cleveland cavaliers,houston rockets,101,90,0.493,0.408,23,13,48,30,19,14,11.0,-11.0,0,1
0022000533,2021-03-01,new orleans pelicans,utah jazz,129,124,0.565,0.455,27,26,53,39,13,8,5.0,-5.0,1,1
0022000534,2021-03-01,brooklyn nets,san antonio spurs,124,113,0.47,0.454,35,30,51,48,5,9,11.0,-11.0,0,1
0022000535,2021-03-01,charlotte hornets,portland trail blazers,111,123,0.489,0.535,25,26,37,38,16,15,-12.0,12.0,0,0
0022000536,2021-03-02,memphis grizzlies,washington wizards,125,111,0.495,0.506,26,29,44,37,11,22,14.0,-14.0,0,1
0022000537,2021-03-02,boston celtics,la clippers,117,112,0.488,0.494,25,28,43,35,8,9,5.0,-5.0,1,1
0022000538,2021-03-02,atlanta hawks,miami heat,94,80,0.479,0.373,26,15,47,26,23,7,14.0,-14.0,0,1
0022000539,2021-03-03,detroit pistons,toronto raptors,129,105,0.527,0.442,39,17,49,34,12,14,24.0,-24.0,0,1
0022000540,2021-03-02,denver nuggets,milwaukee bucks,128,97,0.558,0.405,28,22,45,40,10,13,31.0,-31.0,0,1
0022000541,2021-03-02,new york knicks,san antonio spurs,93,119,0.407,0.483,18,31,41,45,16,8,-26.0,26.0,0,0
0022000542,2021-03-02,los angeles lakers,phoenix suns,104,114,0.506,0.494,18,30,34,35,12,13,-10.0,10.0,1,0
0022000543,2021-03-03,cleveland cavaliers,indiana pacers,111,114,0.518,0.566,29,27,43,27,25,11,-3.0,3.0,1,0
0022000544,2021-03-03,atlanta hawks,orlando magic,115,112,0.447,0.429,26,24,42,46,12,10,3.0,-3.0,0,1
0022000545,2021-03-03,philadelphia 76ers,utah jazz,131,123,0.516,0.44,22,22,50,52,11,16,8.0,-8.0,1,1
0022000546,2021-03-03,brooklyn nets,houston rockets,132,114,0.576,0.418,33,24,53,37,14,9,18.0,-18.0,0,1
0022000547,2021-03-03,charlotte hornets,minnesota timberwolves,135,102,0.52,0.406,33,25,54,45,17,19,33.0,-33.0,0,1
0022000548,2021-03-03,chicago bulls,new orleans pelicans,128,124,0.511,0.554,28,29,45,35,14,11,4.0,-4.0,0,1
0022000549,2021-03-03,dallas mavericks,oklahoma city thunder,87,78,0.386,0.333,18,13,53,45,12,13,9.0,-9.0,1,1
0022000550,2021-03-03,golden state warriors,portland trail blazers,106,108,0.423,0.419,27,15,54,47,11,10,-2.0,2.0,0,0
0022000551,2021-03-03,los angeles lakers,sacramento kings,120,123,0.527,0.6,27,32,41,30,11,13,-3.0,3.0,0,0
0022000552,2021-03-04,boston celtics,toronto raptors,132,125,0.608,0.495,25,36,39,28,16,13,7.0,-7.0,1,1
0022000553,2021-03-04,denver nuggets,indiana pacers,113,103,0.584,0.456,27,27,41,34,19,14,10.0,-10.0,0,1
0022000554,2021-03-04,la clippers,washington wizards,117,119,0.463,0.455,24,20,45,41,17,9,-2.0,2.0,0,0
0022000555,2021-03-04,memphis grizzlies,milwaukee bucks,111,112,0.396,0.442,21,21,56,52,12,16,-1.0,1.0,1,0
0022000556,2021-03-04,oklahoma city thunder,san antonio spurs,107,102,0.435,0.471,20,23,45,46,16,19,5.0,-5.0,0,1
0022000557,2021-03-04,miami heat,new orleans pelicans,103,93,0.493,0.393,27,28,41,44,10,12,10.0,-10.0,0,1
0022000558,2021-03-04,portland trail blazers,sacramento kings,123,119,0.477,0.476,20,25,41,51,8,7,4.0,-4.0,1,1
0022000559,2021-02-02,portland trail blazers,washington wizards,132,121,0.463,0.554,19,32,44,39,9,13,11.0,-11.0,0,1
0022000560,2021-02-14,boston celtics,washington wizards,91,104,0.356,0.398,14,24,50,54,17,16,-13.0,13.0,0,0
0022000561,2021-02-14,detroit pistons,new orleans pelicans,123,112,0.536,0.444,34,23,37,44,11,10,11.0,-11.0,1,1
0022000562,2021-02-17,memphis grizzlies,oklahoma city thunder,122,113,0.506,0.449,31,25,44,39,12,18,9.0,-9.0,1,1
0022000563,2021-02-19,cleveland cavaliers,denver nuggets,103,120,0.47,0.575,30,24,34,37,18,15,-17.0,17.0,1,0
0022000564,2021-02-17,chicago bulls,detroit pistons,105,102,0.482,0.451,29,15,46,40,13,13,3.0,-3.0,1,1
0022000565,2021-03-04,detroit pistons,new york knicks,104,114,0.488,0.542,23,25,29,47,12,13,-10.0,10.0,0,0
0022000566,2021-03-10,memphis grizzlies,washington wizards,127,112,0.505,0.4,31,23,60,39,15,9,15.0,-15.0,1,1
0022000567,2021-03-10,dallas mavericks,san antonio spurs,115,104,0.518,0.458,29,18,51,30,14,9,11.0,-11.0,1,1
0022000568,2021-03-11,charlotte hornets,detroit pistons,105,102,0.4,0.447,26,27,45,50,9,14,3.0,-3.0,1,1
0022000569,2021-03-11,boston celtics,brooklyn nets,109,121,0.451,0.477,22,21,39,45,11,14,-12.0,12.0,0,0
0022000570,2021-03-11,atlanta hawks,toronto raptors,121,120,0.433,0.438,20,23,53,50,14,14,1.0,-1.0,0,1
0022000571,2021-03-11,miami heat,orlando magic,111,103,0.451,0.406,27,22,44,57,10,14,8.0,-8.0,1,1
0022000572,2021-03-11,chicago bulls,philadelphia 76ers,105,127,0.47,0.515,26,25,38,45,19,10,-22.0,22.0,1,0
0022000573,2021-03-11,milwaukee bucks,new york knicks,134,101,0.575,0.42,29,19,43,38,12,14,33.0,-33.0,1,1
0022000574,2021-03-11,minnesota timberwolves,new orleans pelicans,135,105,0.537,0.43,28,28,38,51,11,18,30.0,-30.0,0,1
0022000575,2021-03-11,dallas mavericks,oklahoma city thunder,108,116,0.427,0.451,20,25,37,55,6,9,-8.0,8.0,0,0
0022000576,2021-03-11,golden state warriors,la clippers,104,130,0.432,0.458,20,23,44,56,16,11,-26.0,26.0,0,0
0022000577,2021-03-11,phoenix suns,portland trail blazers,127,121,0.59,0.457,28,26,38,41,13,11,6.0,-6.0,0,1
0022000578,2021-03-11,houston rockets,sacramento kings,105,125,0.414,0.489,24,25,44,53,13,12,-20.0,20.0,0,0
0022000579,2021-03-12,philadelphia 76ers,washington wizards,127,101,0.544,0.488,26,19,49,32,16,18,26.0,-26.0,0,1
0022000580,2021-03-12,denver nuggets,memphis grizzlies,103,102,0.446,0.46,27,27,45,45,9,16,1.0,-1.0,0,1
0022000581,2021-03-12,cleveland cavaliers,new orleans pelicans,82,116,0.341,0.465,13,25,33,70,6,13,-34.0,34.0,0,0
0022000582,2021-03-12,chicago bulls,miami heat,90,101,0.37,0.463,25,26,50,41,16,9,-11.0,11.0,1,0
0022000583,2021-03-12,orlando magic,san antonio spurs,77,104,0.363,0.449,17,24,46,45,18,9,-27.0,27.0,0,0
0022000584,2021-03-12,houston rockets,utah jazz,99,114,0.366,0.481,15,24,50,51,10,17,-15.0,15.0,0,0
0022000585,2021-03-12,indiana pacers,los angeles lakers,100,105,0.42,0.447,22,20,44,44,16,15,-5.0,5.0,0,0
0022000586,2021-03-13,new york knicks,oklahoma city thunder,119,97,0.489,0.487,23,22,44,40,10,18,22.0,-22.0,0,1
0022000587,2021-03-13,brooklyn nets,detroit pistons,100,95,0.488,0.404,22,26,35,46,12,12,5.0,-5.0,1,1
0022000588,2021-03-13,charlotte hornets,toronto raptors,114,104,0.481,0.385,30,25,51,47,27,16,10.0,-10.0,1,1
0022000589,2021-03-13,milwaukee bucks,washington wizards,125,119,0.434,0.457,33,25,57,41,18,15,6.0,-6.0,0,1
0022000590,2021-03-13,atlanta hawks,sacramento kings,121,106,0.512,0.439,21,27,45,47,8,12,15.0,-15.0,1,1
0022000591,2021-03-13,minnesota timberwolves,portland trail blazers,121,125,0.512,0.483,23,26,56,34,18,8,-4.0,4.0,1,0
0022000592,2021-03-13,dallas mavericks,denver nuggets,116,103,0.488,0.411,26,27,48,42,8,10,13.0,-13.0,0,1
0022000593,2021-03-14,memphis grizzlies,oklahoma city thunder,122,128,0.511,0.575,27,26,32,46,7,24,-6.0,6.0,0,0
0022000594,2021-03-14,golden state warriors,utah jazz,131,119,0.562,0.441,33,24,40,51,13,14,12.0,-12.0,1,1
0022000595,2021-03-14,philadelphia 76ers,san antonio spurs,134,99,0.571,0.424,35,20,54,32,11,9,35.0,-35.0,1,1
0022000596,2021-03-14,miami heat,orlando magic,102,97,0.416,0.44,28,25,43,45,11,23,5.0,-5.0,0,1
0022000597,2021-03-14,atlanta hawks,cleveland cavaliers,100,82,0.451,0.383,21,19,49,34,15,13,18.0,-18.0,1,1
0022000598,2021-03-14,boston celtics,houston rockets,134,107,0.554,0.385,29,23,55,37,14,11,27.0,-27.0,0,1
0022000599,2021-03-14,minnesota timberwolves,portland trail blazers,114,112,0.493,0.438,24,22,45,42,12,11,2.0,-2.0,1,1
0022000600,2021-03-14,chicago bulls,toronto raptors,118,95,0.454,0.378,35,23,60,38,11,12,23.0,-23.0,1,1
0022000601,2021-03-14,la clippers,new orleans pelicans,115,135,0.457,0.654,23,38,32,40,12,18,-20.0,20.0,0,0
0022000602,2021-03-15,charlotte hornets,sacramento kings,122,116,0.479,0.558,30,28,46,44,8,10,6.0,-6.0,1,1
0022000603,2021-03-15,milwaukee bucks,washington wizards,133,122,0.553,0.506,29,34,46,33,16,14,11.0,-11.0,0,1
0022000604,2021-03-15,brooklyn nets,new york knicks,117,112,0.579,0.402,29,16,41,40,15,8,5.0,-5.0,1,1
0022000605,2021-03-15,dallas mavericks,la clippers,99,109,0.494,0.5,24,23,33,46,14,9,-10.0,10.0,1,0
0022000606,2021-03-15,denver nuggets,indiana pacers,121,106,0.464,0.433,32,28,54,39,10,11,15.0,-15.0,1,1
0022000607,2021-03-15,memphis grizzlies,phoenix suns,99,122,0.437,0.566,15,28,39,42,10,14,-23.0,23.0,0,0
0022000608,2021-03-15,golden state warriors,los angeles lakers,97,128,0.43,0.628,24,36,30,46,22,19,-31.0,31.0,1,0
0022000609,2021-03-16,boston celtics,utah jazz,109,117,0.49,0.475,28,23,45,38,13,15,-8.0,8.0,1,0
0022000610,2021-03-16,cleveland cavaliers,miami heat,98,113,0.453,0.494,23,30,42,48,14,13,-15.0,15.0,0,0
0022000611,2021-03-16,new york knicks,philadelphia 76ers,96,99,0.44,0.411,19,19,47,50,12,11,-3.0,3.0,0,0
0022000612,2021-03-16,chicago bulls,oklahoma city thunder,123,102,0.511,0.467,24,16,42,43,11,17,21.0,-21.0,1,1
0022000613,2021-03-16,atlanta hawks,houston rockets,119,107,0.512,0.477,32,27,38,37,12,13,12.0,-12.0,0,1
0022000614,2021-03-16,new orleans pelicans,portland trail blazers,124,125,0.523,0.521,38,20,41,32,16,17,-1.0,1.0,0,0
0022000615,2021-03-16,los angeles lakers,minnesota timberwolves,137,121,0.575,0.522,37,28,43,34,13,12,16.0,-16.0,1,1
0022000616,2021-03-17,detroit pistons,toronto raptors,116,112,0.507,0.43,23,27,54,30,20,9,4.0,-4.0,1,1
0022000617,2021-03-17,brooklyn nets,indiana pacers,124,115,0.483,0.512,22,29,50,34,16,16,9.0,-9.0,0,1
0022000618,2021-03-17,milwaukee bucks,philadelphia 76ers,109,105,0.406,0.394,22,28,58,59,22,20,4.0,-4.0,0,1
0022000619,2021-03-17,sacramento kings,washington wizards,121,119,0.441,0.489,25,25,38,52,8,15,2.0,-2.0,0,1
0022000620,2021-03-17,boston celtics,cleveland cavaliers,110,117,0.455,0.541,19,23,40,40,12,15,-7.0,7.0,0,0
0022000621,2021-03-17,chicago bulls,san antonio spurs,99,106,0.44,0.427,24,19,51,46,17,9,-7.0,7.0,1,0
0022000622,2021-03-17,golden state warriors,houston rockets,108,94,0.456,0.413,32,19,48,48,12,16,14.0,-14.0,0,1
0022000623,2021-03-17,memphis grizzlies,miami heat,89,85,0.353,0.36,22,17,50,51,9,10,4.0,-4.0,1,1
0022000624,2021-03-17,charlotte hornets,denver nuggets,104,129,0.45,0.578,25,37,33,48,17,15,-25.0,25.0,0,0
0022000625,2021-03-17,dallas mavericks,la clippers,105,89,0.506,0.42,14,22,43,37,18,12,16.0,-16.0,1,1
0022000626,2021-03-18,atlanta hawks,oklahoma city thunder,116,93,0.54,0.366,26,18,50,38,14,9,23.0,-23.0,1,1
0022000627,2021-03-18,new york knicks,orlando magic,94,93,0.43,0.427,24,21,43,49,7,10,1.0,-1.0,1,1
0022000628,2021-03-18,minnesota timberwolves,phoenix suns,123,119,0.473,0.529,22,29,38,47,12,22,4.0,-4.0,0,1
0022000629,2021-03-18,new orleans pelicans,portland trail blazers,93,101,0.398,0.379,24,11,44,50,12,13,-8.0,8.0,0,0
0022000630,2021-03-18,charlotte hornets,los angeles lakers,105,116,0.494,0.478,26,23,44,48,19,11,-11.0,11.0,0,0
0022000631,2021-03-19,boston celtics,sacramento kings,96,107,0.429,0.457,22,22,45,45,14,14,-11.0,11.0,1,0
0022000632,2021-03-19,indiana pacers,miami heat,137,110,0.584,0.446,38,22,47,36,16,11,27.0,-27.0,0,1
0022000633,2021-03-19,brooklyn nets,orlando magic,113,121,0.473,0.512,24,26,39,44,8,17,-8.0,8.0,0,0
0022000634,2021-03-19,toronto raptors,utah jazz,112,115,0.482,0.459,31,21,31,48,10,13,-3.0,3.0,1,0
0022000635,2021-03-19,detroit pistons,houston rockets,113,100,0.435,0.443,28,21,49,38,13,13,13.0,-13.0,0,1
0022000636,2021-03-19,golden state warriors,memphis grizzlies,116,103,0.484,0.464,31,24,43,46,13,20,13.0,-13.0,0,1
0022000637,2021-03-19,chicago bulls,denver nuggets,127,131,0.522,0.527,32,29,42,43,16,13,-4.0,4.0,0,0
0022000638,2021-03-19,minnesota timberwolves,phoenix suns,101,113,0.468,0.5,22,29,39,40,19,18,-12.0,12.0,0,0
0022000639,2021-03-19,dallas mavericks,portland trail blazers,119,125,0.543,0.473,25,17,39,43,12,6,-6.0,6.0,0,0
0022000640,2021-03-20,atlanta hawks,los angeles lakers,99,94,0.398,0.42,26,18,49,52,8,16,5.0,-5.0,0,1
0022000641,2021-03-20,philadelphia 76ers,sacramento kings,129,105,0.558,0.459,24,28,52,33,10,8,24.0,-24.0,1,1
0022000642,2021-03-20,golden state warriors,memphis grizzlies,103,111,0.344,0.389,23,25,46,60,11,12,-8.0,8.0,0,0
0022000643,2021-03-20,milwaukee bucks,san antonio spurs,120,113,0.489,0.479,24,29,49,41,11,9,7.0,-7.0,1,1
0022000644,2021-03-20,charlotte hornets,la clippers,98,125,0.388,0.523,25,26,39,42,14,9,-27.0,27.0,0,0
0022000645,2021-03-21,indiana pacers,miami heat,109,106,0.388,0.402,27,27,50,51,14,14,3.0,-3.0,0,1
0022000646,2021-03-21,denver nuggets,new orleans pelicans,108,113,0.5,0.482,30,26,37,45,15,16,-5.0,5.0,1,0
0022000647,2021-03-21,brooklyn nets,washington wizards,113,106,0.489,0.532,24,24,35,43,7,19,7.0,-7.0,1,1
0022000648,2021-03-21,cleveland cavaliers,toronto raptors,116,105,0.506,0.389,29,19,54,37,26,14,11.0,-11.0,1,1
0022000649,2021-03-21,chicago bulls,detroit pistons,100,86,0.463,0.39,26,20,52,37,18,14,14.0,-14.0,0,1
0022000650,2021-03-21,new york knicks,philadelphia 76ers,100,101,0.432,0.463,16,19,44,44,17,19,-1.0,1.0,1,0
0022000651,2021-03-21,los angeles lakers,phoenix suns,94,111,0.412,0.483,20,30,41,51,11,10,-17.0,17.0,0,0
0022000652,2021-03-21,dallas mavericks,portland trail blazers,132,92,0.558,0.382,23,17,52,33,10,6,40.0,-40.0,0,1
0022000653,2021-03-22,cleveland cavaliers,sacramento kings,105,119,0.427,0.544,22,26,39,49,8,16,-14.0,14.0,1,0
0022000654,2021-03-22,minnesota timberwolves,oklahoma city thunder,103,112,0.413,0.471,24,27,42,47,12,14,-9.0,9.0,1,0
0022000655,2021-03-22,charlotte hornets,san antonio spurs,100,97,0.42,0.462,27,17,40,38,11,14,3.0,-3.0,0,1
0022000656,2021-03-22,chicago bulls,utah jazz,95,120,0.406,0.489,21,25,49,46,13,9,-25.0,25.0,1,0
0022000657,2021-03-22,houston rockets,toronto raptors,117,99,0.456,0.425,28,19,47,44,11,13,18.0,-18.0,1,1
0022000658,2021-03-22,boston celtics,memphis grizzlies,126,132,0.522,0.5,31,38,43,54,12,10,-6.0,6.0,0,0
0022000659,2021-03-22,indiana pacers,milwaukee bucks,113,140,0.405,0.564,27,35,40,55,6,15,-27.0,27.0,0,0
0022000660,2021-03-22,atlanta hawks,la clippers,110,119,0.453,0.494,21,26,48,44,7,8,-9.0,9.0,0,0
0022000661,2021-03-23,denver nuggets,orlando magic,110,99,0.495,0.443,25,27,52,37,10,13,11.0,-11.0,0,1
0022000662,2021-03-23,new york knicks,washington wizards,131,113,0.511,0.481,23,25,42,38,10,16,18.0,-18.0,1,1
0022000663,2021-03-23,los angeles lakers,new orleans pelicans,111,128,0.424,0.522,25,28,34,53,13,13,-17.0,17.0,0,0
0022000664,2021-03-23,miami heat,phoenix suns,100,110,0.419,0.495,23,29,50,39,13,6,-10.0,10.0,1,0
0022000665,2021-03-23,golden state warriors,philadelphia 76ers,98,108,0.434,0.453,22,15,38,51,11,13,-10.0,10.0,1,0
0022000666,2021-03-23,brooklyn nets,portland trail blazers,116,112,0.494,0.4,25,25,47,44,8,8,4.0,-4.0,0,1
0022000667,2021-03-24,detroit pistons,indiana pacers,111,116,0.53,0.464,29,25,41,37,15,10,-5.0,5.0,0,0
0022000668,2021-03-24,denver nuggets,toronto raptors,111,135,0.418,0.506,25,31,46,45,11,9,-24.0,24.0,0,0
0022000669,2021-03-24,boston celtics,milwaukee bucks,119,121,0.479,0.5,24,19,38,46,12,16,-2.0,2.0,0,0
0022000670,2021-03-24,orlando magic,phoenix suns,112,111,0.467,0.444,18,22,49,47,11,8,1.0,-1.0,1,1
0022000671,2021-03-24,chicago bulls,cleveland cavaliers,94,103,0.446,0.457,21,28,45,46,15,10,-9.0,9.0,1,0
0022000672,2021-03-24,charlotte hornets,houston rockets,122,97,0.513,0.384,27,24,50,39,13,6,25.0,-25.0,0,1
0022000673,2021-03-24,dallas mavericks,minnesota timberwolves,128,108,0.485,0.442,27,24,53,37,10,12,20.0,-20.0,0,1
0022000674,2021-03-24,memphis grizzlies,oklahoma city thunder,116,107,0.475,0.453,19,26,56,44,17,14,9.0,-9.0,0,1
0022000675,2021-03-24,la clippers,san antonio spurs,134,101,0.557,0.459,23,22,44,40,8,16,33.0,-33.0,0,1
0022000676,2021-03-24,brooklyn nets,utah jazz,88,118,0.361,0.451,19,24,48,56,9,11,-30.0,30.0,0,0
0022000677,2021-03-24,atlanta hawks,sacramento kings,108,110,0.482,0.476,17,21,42,42,13,16,-2.0,2.0,0,0
0022000678,2021-03-25,miami heat,portland trail blazers,122,125,0.56,0.478,34,24,39,40,11,10,-3.0,3.0,1,0
0022000679,2021-03-25,new york knicks,washington wizards,106,102,0.366,0.463,14,26,55,46,13,17,4.0,-4.0,1,1
0022000680,2021-03-25,la clippers,san antonio spurs,98,85,0.382,0.402,16,16,57,39,8,7,13.0,-13.0,0,1
0022000681,2021-03-25,los angeles lakers,philadelphia 76ers,101,109,0.436,0.488,22,24,42,39,20,20,-8.0,8.0,1,0
0022000682,2021-03-25,golden state warriors,sacramento kings,119,141,0.511,0.596,24,28,38,38,12,6,-22.0,22.0,0,0
0022000683,2021-03-26,brooklyn nets,detroit pistons,113,111,0.44,0.452,19,19,49,36,10,9,2.0,-2.0,0,1
0022000684,2021-03-26,phoenix suns,toronto raptors,104,100,0.478,0.411,26,20,47,38,13,10,4.0,-4.0,0,1
0022000685,2021-03-26,boston celtics,milwaukee bucks,122,114,0.489,0.444,27,24,44,49,14,16,8.0,-8.0,0,1
0022000686,2021-03-26,charlotte hornets,miami heat,110,105,0.494,0.46,30,28,42,39,16,10,5.0,-5.0,1,1
0022000687,2021-03-26,orlando magic,portland trail blazers,105,112,0.442,0.471,29,21,40,46,12,16,-7.0,3.8,1,0
0022000688,2021-03-26,houston rockets,minnesota timberwolves,101,107,0.425,0.379,26,30,47,50,19,9,-6.0,6.0,0,0
0022000689,2021-03-26,denver nuggets,new orleans pelicans,113,108,0.505,0.5,28,30,36,37,8,12,5.0,-5.0,0,1
0022000690,2021-03-26,dallas mavericks,indiana pacers,94,109,0.411,0.437,17,26,51,49,15,10,-15.0,15.0,1,0
0022000691,2021-03-26,memphis grizzlies,utah jazz,114,117,0.454,0.459,27,25,48,51,6,7,-3.0,3.0,0,0
0022000692,2021-03-26,atlanta hawks,golden state warriors,124,108,0.548,0.494,31,29,45,33,10,12,16.0,-16.0,0,1
0022000693,2021-03-26,cleveland cavaliers,los angeles lakers,86,100,0.388,0.487,24,23,37,45,21,23,-14.0,14.0,0,0
0022000694,2021-03-27,detroit pistons,washington wizards,92,106,0.388,0.484,19,24,43,48,19,18,-14.0,14.0,0,0
0022000695,2021-03-27,milwaukee bucks,new york knicks,96,102,0.414,0.43,21,28,48,44,16,14,-6.0,6.0,1,0
0022000696,2021-03-27,houston rockets,minnesota timberwolves,129,107,0.543,0.424,29,26,41,40,12,11,22.0,-22.0,0,1
0022000697,2021-03-27,chicago bulls,san antonio spurs,104,120,0.432,0.541,28,29,48,41,14,10,-16.0,16.0,0,0
0022000698,2021-03-27,dallas mavericks,new orleans pelicans,103,112,0.446,0.519,19,20,38,42,7,6,-9.0,9.0,0,0
0022000699,2021-03-27,boston celtics,oklahoma city thunder,111,94,0.458,0.41,22,16,52,50,12,16,17.0,-17.0,0,1
0022000700,2021-03-27,memphis grizzlies,utah jazz,110,126,0.402,0.5,24,22,47,52,14,21,-16.0,16.0,0,0
0022000701,2021-03-27,la clippers,philadelphia 76ers,122,112,0.529,0.506,26,17,38,38,12,16,10.0,-10.0,1,1
0022000702,2021-03-27,cleveland cavaliers,sacramento kings,98,100,0.44,0.513,20,16,36,44,7,18,-2.0,2.0,0,0
0022000703,2021-03-28,charlotte hornets,phoenix suns,97,101,0.4,0.354,16,17,52,50,20,14,-4.0,4.0,1,0
0022000704,2021-03-28,portland trail blazers,toronto raptors,122,117,0.474,0.448,24,17,47,45,8,12,5.0,-5.0,0,1
0022000705,2021-03-28,atlanta hawks,denver nuggets,102,126,0.474,0.543,18,32,31,49,11,10,-24.0,24.0,0,0
0022000706,2021-03-28,los angeles lakers,orlando magic,96,93,0.415,0.386,25,19,52,51,12,10,3.0,-3.0,1,1
0022000707,2021-03-29,indiana pacers,washington wizards,124,132,0.473,0.556,32,30,37,55,14,18,-8.0,8.0,0,0
0022000708,2021-03-29,boston celtics,new orleans pelicans,109,115,0.43,0.5,21,30,46,47,14,14,-6.0,6.0,1,0
0022000709,2021-03-29,brooklyn nets,minnesota timberwolves,112,107,0.471,0.388,31,23,50,51,14,15,5.0,-5.0,1,1
0022000710,2021-03-29,miami heat,new york knicks,98,88,0.43,0.413,22,15,47,41,12,13,10.0,-10.0,0,1
0022000711,2021-03-29,detroit pistons,toronto raptors,118,104,0.507,0.407,26,21,43,39,18,13,14.0,-14.0,1,1
0022000712,2021-03-29,houston rockets,memphis grizzlies,110,120,0.426,0.541,28,31,42,47,12,16,-10.0,10.0,1,0
0022000713,2021-03-29,dallas mavericks,oklahoma city thunder,127,106,0.531,0.469,30,17,43,47,8,16,21.0,-21.0,0,1
0022000714,2021-03-29,sacramento kings,san antonio spurs,132,115,0.56,0.505,29,24,37,41,6,11,17.0,-17.0,0,1
0022000715,2021-03-29,cleveland cavaliers,utah jazz,75,114,0.349,0.463,17,29,40,55,10,12,-39.0,39.0,0,0
0022000716,2021-03-29,chicago bulls,golden state warriors,102,116,0.524,0.5,33,28,39,39,19,14,-14.0,14.0,0,0
0022000717,2021-03-29,la clippers,milwaukee bucks,129,105,0.537,0.469,25,18,46,32,12,12,24.0,-24.0,1,1
0022000718,2021-03-30,charlotte hornets,washington wizards,114,104,0.467,0.41,24,22,50,51,14,13,10.0,-10.0,0,1
0022000719,2021-03-30,denver nuggets,philadelphia 76ers,104,95,0.481,0.427,26,18,51,34,20,11,9.0,-9.0,1,1
0022000720,2021-03-30,la clippers,orlando magic,96,103,0.416,0.413,25,23,48,50,14,8,-7.0,7.0,1,0
0022000721,2021-03-31,detroit pistons,portland trail blazers,101,124,0.465,0.512,29,27,36,43,16,13,-23.0,23.0,1,0
0022000722,2021-03-31,indiana pacers,miami heat,87,92,0.4,0.41,23,22,48,42,13,11,-5.0,5.0,1,0
0022000723,2021-03-31,boston celtics,dallas mavericks,108,113,0.415,0.494,20,20,36,43,9,16,-5.0,5.0,1,0
0022000724,2021-03-31,brooklyn nets,houston rockets,120,108,0.489,0.5,25,22,45,31,11,13,12.0,-12.0,1,1
0022000725,2021-03-31,memphis grizzlies,utah jazz,107,111,0.467,0.427,23,20,46,46,11,14,-4.0,4.0,1,0
0022000726,2021-03-31,minnesota timberwolves,new york knicks,102,101,0.414,0.476,25,20,40,41,12,16,1.0,-1.0,1,1
0022000727,2021-03-31,oklahoma city thunder,toronto raptors,113,103,0.453,0.389,19,21,64,35,18,7,10.0,-10.0,1,1
0022000728,2021-03-31,sacramento kings,san antonio spurs,106,120,0.424,0.467,22,24,43,54,12,10,-14.0,14.0,0,0
0022000729,2021-03-31,los angeles lakers,milwaukee bucks,97,112,0.402,0.532,22,23,40,42,22,21,-15.0,15.0,1,0
0022000730,2021-03-31,chicago bulls,phoenix suns,116,121,0.434,0.568,27,29,50,32,9,9,-5.0,5.0,0,0
0022000731,2021-04-01,cleveland cavaliers,philadelphia 76ers,94,114,0.425,0.43,26,27,40,55,18,9,-20.0,20.0,1,0
0022000732,2021-04-01,brooklyn nets,charlotte hornets,111,89,0.484,0.349,34,22,56,43,15,11,22.0,-22.0,1,1
0022000733,2021-04-01,golden state warriors,miami heat,109,116,0.439,0.476,23,30,46,37,20,11,-7.0,7.0,0,0
0022000734,2021-04-01,new orleans pelicans,orlando magic,110,115,0.441,0.425,26,20,55,48,24,10,-5.0,5.0,1,0
0022000735,2021-04-01,atlanta hawks,san antonio spurs,134,129,0.5,0.445,28,25,57,46,12,6,5.0,-5.0,0,1
0022000736,2021-04-01,denver nuggets,la clippers,101,94,0.481,0.412,28,17,38,45,13,10,7.0,-7.0,0,1
0022000737,2021-04-02,golden state warriors,toronto raptors,77,130,0.329,0.534,19,26,38,53,21,12,-53.0,53.0,0,0
0022000738,2021-04-02,boston celtics,houston rockets,118,102,0.523,0.43,35,26,50,40,13,12,16.0,-16.0,1,1
0022000739,2021-04-02,dallas mavericks,new york knicks,99,86,0.466,0.36,19,18,47,43,10,11,13.0,-13.0,0,1
0022000740,2021-04-02,charlotte hornets,indiana pacers,114,97,0.453,0.463,27,29,44,48,10,20,17.0,-17.0,0,1
0022000741,2021-04-02,memphis grizzlies,minnesota timberwolves,120,108,0.442,0.447,26,21,53,39,10,11,12.0,-12.0,1,1
0022000742,2021-04-02,atlanta hawks,new orleans pelicans,126,103,0.563,0.432,25,22,42,34,15,15,23.0,-23.0,0,1
0022000743,2021-04-02,chicago bulls,utah jazz,106,113,0.483,0.468,26,16,41,43,6,10,-7.0,7.0,0,0
0022000744,2021-04-02,oklahoma city thunder,phoenix suns,103,140,0.393,0.6,19,36,38,41,16,10,-37.0,37.0,0,0
0022000745,2021-04-02,milwaukee bucks,portland trail blazers,127,109,0.544,0.364,25,19,50,45,15,13,18.0,-18.0,0,1
0022000746,2021-04-02,los angeles lakers,sacramento kings,115,94,0.473,0.424,26,24,55,38,17,14,21.0,-21.0,0,1
0022000747,2021-04-03,dallas mavericks,washington wizards,109,87,0.444,0.407,17,12,50,44,7,14,22.0,-22.0,0,1
0022000748,2021-04-03,detroit pistons,new york knicks,81,125,0.354,0.544,20,31,43,44,14,7,-44.0,44.0,1,0
0022000749,2021-04-03,cleveland cavaliers,miami heat,101,115,0.473,0.537,25,35,35,37,15,11,-14.0,14.0,0,0
0022000750,2021-04-03,minnesota timberwolves,philadelphia 76ers,113,122,0.449,0.506,17,26,36,42,9,12,-9.0,9.0,0,0
0022000751,2021-04-03,indiana pacers,san antonio spurs,139,133,0.553,0.485,27,22,44,46,13,17,6.0,-6.0,0,1
0022000752,2021-04-03,orlando magic,utah jazz,91,137,0.368,0.554,11,34,39,50,10,11,-46.0,46.0,0,0
0022000753,2021-04-03,oklahoma city thunder,portland trail blazers,85,133,0.353,0.49,17,25,46,56,22,9,-48.0,48.0,0,0
0022000754,2021-04-03,milwaukee bucks,sacramento kings,129,128,0.538,0.495,31,31,47,40,13,12,1.0,-1.0,0,1
0022000755,2021-04-04,brooklyn nets,chicago bulls,107,115,0.484,0.551,28,29,35,40,5,9,-8.0,8.0,0,0
0022000756,2021-04-04,la clippers,los angeles lakers,104,86,0.477,0.4,23,16,50,36,19,18,18.0,-18.0,1,1
0022000757,2021-04-04,boston celtics,charlotte hornets,116,86,0.457,0.4,29,23,44,42,6,17,30.0,-30.0,1,1
0022000758,2021-04-04,memphis grizzlies,philadelphia 76ers,116,100,0.494,0.416,30,23,49,50,12,10,16.0,-16.0,0,1
0022000759,2021-04-04,atlanta hawks,golden state warriors,117,111,0.432,0.467,19,25,49,45,15,16,6.0,-6.0,1,1
0022000760,2021-04-04,houston rockets,new orleans pelicans,115,122,0.461,0.462,25,26,48,55,17,15,-7.0,7.0,1,0
0022000761,2021-04-04,denver nuggets,orlando magic,119,109,0.489,0.472,27,27,54,36,14,11,10.0,-10.0,1,1
0022000762,2021-04-05,brooklyn nets,new york knicks,114,112,0.457,0.465,27,24,45,41,10,12,2.0,-2.0,1,1
0022000763,2021-04-05,toronto raptors,washington wizards,103,101,0.468,0.394,22,21,45,54,13,16,2.0,-2.0,1,1
0022000764,2021-04-05,dallas mavericks,utah jazz,111,103,0.451,0.42,22,20,44,48,9,8,8.0,-8.0,1,1
0022000765,2021-04-05,minnesota timberwolves,sacramento kings,116,106,0.418,0.443,22,27,51,42,14,14,10.0,-10.0,1,1
0022000766,2021-04-05,detroit pistons,oklahoma city thunder,132,108,0.516,0.423,32,17,50,42,14,15,24.0,-24.0,0,1
0022000767,2021-04-05,cleveland cavaliers,san antonio spurs,125,101,0.523,0.422,29,22,47,38,6,10,24.0,-24.0,0,1
0022000768,2021-04-05,houston rockets,phoenix suns,130,133,0.544,0.512,28,29,38,37,18,11,-3.0,3.0,1,0
0022000769,2021-04-06,chicago bulls,indiana pacers,113,97,0.468,0.432,28,20,57,33,20,14,16.0,-16.0,0,1
0022000770,2021-04-06,atlanta hawks,new orleans pelicans,123,107,0.5,0.407,24,24,42,49,11,14,16.0,-16.0,1,1
0022000771,2021-04-06,boston celtics,philadelphia 76ers,96,106,0.471,0.466,19,16,32,38,20,13,-10.0,10.0,1,0
0022000772,2021-04-06,los angeles lakers,toronto raptors,110,101,0.494,0.396,29,17,49,42,21,12,9.0,-9.0,0,1
0022000773,2021-04-06,memphis grizzlies,miami heat,124,112,0.548,0.537,30,34,42,35,13,12,12.0,-12.0,0,1
0022000774,2021-04-06,golden state warriors,milwaukee bucks,122,121,0.479,0.512,28,25,42,40,11,14,1.0,-1.0,1,1
0022000775,2021-04-06,la clippers,portland trail blazers,133,116,0.517,0.402,24,18,48,48,7,7,17.0,-17.0,1,1
0022000776,2021-04-07,indiana pacers,minnesota timberwolves,141,137,0.591,0.527,32,30,35,42,13,12,4.0,-4.0,1,1
0022000777,2021-04-07,orlando magic,washington wizards,116,131,0.473,0.576,22,35,39,37,11,13,-15.0,15.0,1,0
0022000778,2021-04-07,boston celtics,new york knicks,101,99,0.419,0.417,22,22,53,39,17,14,2.0,-2.0,1,1
0022000779,2021-04-07,brooklyn nets,new orleans pelicans,139,111,0.554,0.427,37,23,45,40,17,14,28.0,-28.0,1,1
0022000780,2021-04-07,atlanta hawks,memphis grizzlies,113,131,0.446,0.539,26,30,42,54,7,14,-18.0,18.0,1,0
0022000781,2021-04-07,charlotte hornets,oklahoma city thunder,113,102,0.443,0.435,27,29,42,46,11,22,11.0,-11.0,0,1
0022000782,2021-04-07,denver nuggets,san antonio spurs,106,96,0.44,0.418,26,23,53,42,17,14,10.0,-10.0,1,1
0022000783,2021-04-07,phoenix suns,utah jazz,117,113,0.446,0.447,20,14,61,45,14,13,4.0,-4.0,1,1
0022000784,2021-04-08,los angeles lakers,miami heat,104,110,0.443,0.479,26,22,40,38,22,20,-6.0,6.0,0,0
0022000785,2021-04-08,cleveland cavaliers,oklahoma city thunder,129,102,0.511,0.449,35,28,44,44,7,15,27.0,-27.0,0,1
0022000786,2021-04-08,dallas mavericks,milwaukee bucks,116,101,0.443,0.38,23,16,56,52,11,9,15.0,-15.0,1,1
0022000787,2021-04-08,portland trail blazers,utah jazz,103,122,0.396,0.453,18,21,41,58,6,7,-19.0,19.0,0,0
0022000788,2021-04-08,la clippers,phoenix suns,113,103,0.5,0.507,26,20,35,36,10,14,10.0,-10.0,1,1
0022000789,2021-04-08,detroit pistons,sacramento kings,113,101,0.524,0.442,24,20,43,38,16,12,12.0,-12.0,0,1
0022000790,2021-04-09,indiana pacers,orlando magic,111,106,0.413,0.422,26,23,49,50,14,15,5.0,-5.0,0,1
0022000791,2021-04-09,atlanta hawks,chicago bulls,120,108,0.56,0.477,25,25,41,38,9,13,12.0,-12.0,1,1
0022000792,2021-04-09,boston celtics,minnesota timberwolves,145,136,0.54,0.49,32,30,45,37,20,14,9.0,-9.0,1,1
0022000793,2021-04-09,memphis grizzlies,new york knicks,129,133,0.5,0.469,33,24,43,48,14,12,-4.0,4.0,0,0
0022000794,2021-04-10,cleveland cavaliers,toronto raptors,115,135,0.453,0.616,27,29,32,39,17,17,-20.0,20.0,1,0
0022000795,2021-04-09,new orleans pelicans,philadelphia 76ers,101,94,0.433,0.418,22,20,56,47,12,19,7.0,-7.0,1,1
0022000796,2021-04-09,charlotte hornets,milwaukee bucks,127,119,0.484,0.449,35,23,49,48,18,17,8.0,-8.0,0,1
0022000797,2021-04-09,denver nuggets,san antonio spurs,121,119,0.544,0.462,32,33,46,38,18,9,2.0,-2.0,1,1
0022000798,2021-04-09,golden state warriors,washington wizards,107,110,0.466,0.483,27,30,41,47,13,18,-3.0,3.0,1,0
0022000799,2021-04-09,houston rockets,la clippers,109,126,0.47,0.545,28,31,41,38,14,9,-17.0,17.0,0,0
0022000800,2021-04-10,brooklyn nets,los angeles lakers,101,126,0.438,0.505,19,30,42,47,19,14,-25.0,25.0,1,0
0022000801,2021-04-10,sacramento kings,utah jazz,112,128,0.477,0.455,23,22,38,52,10,10,-16.0,16.0,0,0
0022000802,2021-04-10,golden state warriors,houston rockets,125,109,0.538,0.466,31,25,45,45,16,18,16.0,-16.0,1,1
0022000803,2021-04-10,phoenix suns,washington wizards,134,106,0.514,0.464,36,27,45,49,3,16,28.0,-28.0,1,1
0022000804,2021-04-10,detroit pistons,portland trail blazers,103,118,0.446,0.478,25,18,38,49,11,15,-15.0,15.0,0,0
0022000805,2021-04-11,atlanta hawks,charlotte hornets,105,101,0.452,0.463,27,28,41,38,11,12,4.0,-4.0,0,1
0022000806,2021-04-11,boston celtics,denver nuggets,105,87,0.448,0.364,20,23,52,46,9,9,18.0,-18.0,0,1
0022000807,2021-04-11,cleveland cavaliers,new orleans pelicans,109,116,0.482,0.512,29,30,36,50,17,16,-7.0,7.0,1,0
0022000808,2021-04-11,milwaukee bucks,orlando magic,124,87,0.489,0.372,28,19,56,37,11,14,37.0,-37.0,0,1
0022000809,2021-04-11,new york knicks,toronto raptors,102,96,0.398,0.418,19,19,46,40,13,15,6.0,-6.0,1,1
0022000810,2021-04-11,dallas mavericks,san antonio spurs,117,119,0.479,0.542,25,20,37,41,12,14,-2.0,2.0,1,0
0022000811,2021-04-11,indiana pacers,memphis grizzlies,132,125,0.525,0.461,35,27,53,50,12,6,7.0,-7.0,0,1
0022000812,2021-04-11,chicago bulls,minnesota timberwolves,117,121,0.511,0.494,30,27,38,36,13,14,-4.0,4.0,0,0
0022000813,2021-04-11,detroit pistons,la clippers,124,131,0.529,0.625,33,35,31,37,12,16,-7.0,7.0,0,0
0022000814,2021-04-11,miami heat,portland trail blazers,107,98,0.494,0.481,21,21,30,41,7,17,9.0,-9.0,0,1
0022000815,2021-04-12,los angeles lakers,new york knicks,96,111,0.438,0.472,22,18,33,47,24,15,-15.0,15.0,0,0
0022000816,2021-04-12,orlando magic,san antonio spurs,97,120,0.45,0.516,15,30,44,47,15,9,-23.0,23.0,1,0
0022000817,2021-04-13,brooklyn nets,minnesota timberwolves,127,97,0.505,0.345,31,16,57,44,18,14,30.0,-30.0,0,1
0022000818,2021-04-12,dallas mavericks,philadelphia 76ers,95,113,0.422,0.488,16,24,46,40,15,9,-18.0,18.0,1,0
0022000819,2021-04-12,new orleans pelicans,sacramento kings,117,110,0.545,0.433,24,21,51,34,21,10,7.0,-7.0,1,1
0022000820,2021-04-12,utah jazz,washington wizards,121,125,0.482,0.522,21,29,43,44,14,7,-4.0,4.0,1,0
0022000821,2021-04-12,denver nuggets,golden state warriors,107,116,0.47,0.481,23,23,41,36,19,16,-9.0,9.0,0,0
0022000822,2021-04-12,houston rockets,phoenix suns,120,126,0.506,0.479,32,33,51,42,21,13,-6.0,6.0,0,0
0022000823,2021-04-13,indiana pacers,la clippers,115,126,0.458,0.539,14,34,42,48,12,14,-11.0,11.0,1,0
0022000824,2021-04-13,atlanta hawks,toronto raptors,108,103,0.476,0.477,21,16,39,42,13,13,5.0,-5.0,0,1
0022000825,2021-04-13,charlotte hornets,los angeles lakers,93,101,0.434,0.415,22,24,45,38,16,11,-8.0,8.0,1,0
0022000826,2021-04-13,oklahoma city thunder,utah jazz,96,106,0.387,0.419,13,24,50,51,12,12,-10.0,10.0,0,0
0022000827,2021-04-13,miami heat,phoenix suns,86,106,0.378,0.463,24,28,36,48,16,19,-20.0,20.0,0,0
0022000828,2021-04-13,boston celtics,portland trail blazers,116,115,0.467,0.478,30,31,46,46,9,14,1.0,-1.0,0,1
0022000829,2021-04-14,charlotte hornets,cleveland cavaliers,90,103,0.405,0.487,23,27,38,47,12,15,-13.0,13.0,1,0
0022000830,2021-04-14,brooklyn nets,philadelphia 76ers,117,123,0.518,0.517,23,23,43,32,15,10,-6.0,6.0,0,0
0022000831,2021-04-14,san antonio spurs,toronto raptors,112,117,0.427,0.466,26,21,41,54,13,12,-5.0,5.0,0,0
0022000832,2021-04-14,detroit pistons,la clippers,98,100,0.435,0.398,17,10,46,47,16,11,-2.0,2.0,1,0
0022000833,2021-04-14,chicago bulls,orlando magic,106,115,0.477,0.494,23,29,40,46,12,7,-9.0,9.0,1,0
0022000834,2021-04-14,milwaukee bucks,minnesota timberwolves,130,105,0.469,0.37,26,22,52,47,16,16,25.0,-25.0,0,1
0022000835,2021-04-14,new orleans pelicans,new york knicks,106,116,0.455,0.454,25,19,49,48,9,6,-10.0,10.0,1,0
0022000836,2021-04-14,golden state warriors,oklahoma city thunder,147,109,0.547,0.478,39,22,41,50,14,21,38.0,-38.0,0,1
0022000837,2021-04-14,dallas mavericks,memphis grizzlies,114,113,0.5,0.467,25,27,45,45,11,7,1.0,-1.0,0,1
0022000838,2021-04-14,denver nuggets,miami heat,123,106,0.539,0.494,32,29,43,30,10,8,17.0,-17.0,1,1
0022000839,2021-04-14,sacramento kings,washington wizards,111,123,0.462,0.522,22,23,30,56,17,24,-12.0,12.0,1,0
0022000840,2021-04-15,atlanta hawks,milwaukee bucks,109,120,0.453,0.484,23,25,39,51,11,8,-11.0,11.0,1,0
0022000841,2021-04-15,cleveland cavaliers,golden state warriors,101,119,0.432,0.511,21,33,39,47,13,15,-18.0,18.0,1,0
0022000842,2021-04-15,boston celtics,los angeles lakers,121,113,0.565,0.449,33,28,48,36,21,8,8.0,-8.0,0,1
0022000843,2021-04-15,phoenix suns,sacramento kings,122,114,0.558,0.551,30,22,39,32,11,15,8.0,-8.0,1,1
0022000844,2021-04-16,indiana pacers,utah jazz,111,119,0.39,0.483,23,22,43,56,10,20,-8.0,8.0,0,0
0022000845,2021-04-16,detroit pistons,oklahoma city thunder,110,104,0.422,0.402,22,19,54,56,18,21,6.0,-6.0,1,1
0022000846,2021-04-16,la clippers,philadelphia 76ers,103,106,0.451,0.422,26,21,43,46,19,12,-3.0,3.0,0,0
0022000847,2021-04-16,new orleans pelicans,washington wizards,115,117,0.412,0.469,26,24,56,46,15,13,-2.0,2.0,0,0
0022000848,2021-04-16,brooklyn nets,charlotte hornets,130,115,0.553,0.53,35,26,37,37,18,19,15.0,-15.0,1,1
0022000849,2021-04-16,orlando magic,toronto raptors,102,113,0.455,0.5,20,24,35,42,10,14,-11.0,11.0,0,0
0022000850,2021-04-16,chicago bulls,memphis grizzlies,115,126,0.469,0.523,34,33,46,42,11,5,-11.0,11.0,1,0
0022000851,2021-04-16,denver nuggets,houston rockets,128,99,0.489,0.442,22,23,54,35,9,14,29.0,-29.0,0,1
0022000852,2021-04-16,miami heat,minnesota timberwolves,111,119,0.488,0.519,33,30,33,45,14,17,-8.0,8.0,0,0
0022000853,2021-04-16,portland trail blazers,san antonio spurs,107,106,0.461,0.474,23,30,38,49,11,14,1.0,-1.0,0,1
0022000854,2021-04-16,dallas mavericks,new york knicks,109,117,0.44,0.512,30,22,41,45,9,9,-8.0,8.0,1,0
0022000855,2021-04-17,los angeles lakers,utah jazz,127,115,0.516,0.416,26,31,52,37,14,15,12.0,-12.0,1,1
0022000856,2021-04-17,detroit pistons,washington wizards,100,121,0.44,0.532,19,25,45,48,18,12,-21.0,21.0,0,0
0022000857,2021-04-17,chicago bulls,cleveland cavaliers,106,96,0.5,0.443,30,27,38,44,10,10,10.0,-10.0,1,1
0022000858,2021-04-17,boston celtics,golden state warriors,119,114,0.468,0.513,18,22,45,40,9,17,5.0,-5.0,1,1
0022000859,2021-04-17,memphis grizzlies,milwaukee bucks,128,115,0.548,0.429,31,27,43,45,10,16,13.0,-13.0,0,1
0022000860,2021-04-17,phoenix suns,san antonio spurs,85,111,0.4,0.506,19,23,48,46,14,12,-26.0,26.0,1,0
0022000861,2021-04-18,atlanta hawks,indiana pacers,129,117,0.489,0.489,20,33,51,41,10,12,12.0,-12.0,1,1
0022000862,2021-04-18,new orleans pelicans,new york knicks,112,122,0.406,0.474,25,27,52,49,12,13,-10.0,10.0,0,0
0022000863,2021-04-18,brooklyn nets,miami heat,107,109,0.476,0.437,26,28,38,53,11,16,-2.0,2.0,0,0
0022000864,2021-04-18,houston rockets,orlando magic,114,110,0.512,0.451,26,28,43,36,19,15,4.0,-4.0,0,1
0022000865,2021-04-18,oklahoma city thunder,toronto raptors,106,112,0.451,0.385,22,23,46,47,21,13,-6.0,6.0,0,0
0022000866,2021-04-18,dallas mavericks,sacramento kings,107,121,0.448,0.494,15,22,42,42,14,6,-14.0,14.0,1,0
0022000867,2021-04-18,la clippers,minnesota timberwolves,124,105,0.506,0.409,31,27,48,37,14,11,19.0,-19.0,1,1
0022000868,2021-04-19,cleveland cavaliers,detroit pistons,105,109,0.488,0.488,24,25,39,44,17,17,-4.0,4.0,0,0
0022000869,2021-04-19,boston celtics,chicago bulls,96,102,0.468,0.451,21,30,39,40,15,12,-6.0,6.0,1,0
0022000870,2021-04-19,golden state warriors,philadelphia 76ers,107,96,0.447,0.393,15,26,45,42,16,13,11.0,-11.0,0,1
0022000871,2021-04-19,houston rockets,miami heat,91,113,0.388,0.484,20,31,41,52,13,13,-22.0,22.0,0,0
0022000872,2021-04-19,oklahoma city thunder,washington wizards,107,119,0.434,0.505,23,31,48,42,19,12,-12.0,12.0,0,0
0022000873,2021-04-19,milwaukee bucks,phoenix suns,127,128,0.48,0.481,19,28,51,45,11,11,-1.0,1.0,1,0
0022000874,2021-04-19,denver nuggets,memphis grizzlies,139,137,0.5,0.477,30,33,58,47,24,14,2.0,-2.0,1,1
0022000875,2021-04-19,los angeles lakers,utah jazz,97,111,0.43,0.573,17,29,32,42,10,17,-14.0,14.0,1,0
0022000876,2021-04-20,atlanta hawks,orlando magic,112,96,0.415,0.395,20,13,65,40,13,10,16.0,-16.0,1,1
0022000877,2021-04-20,charlotte hornets,new york knicks,97,109,0.453,0.482,26,22,39,39,12,9,-12.0,12.0,0,0
0022000878,2021-04-20,brooklyn nets,new orleans pelicans,134,129,0.551,0.56,30,28,44,37,13,13,5.0,-5.0,0,1
0022000879,2021-04-20,la clippers,portland trail blazers,113,112,0.5,0.447,24,22,45,42,10,6,1.0,-1.0,0,1
0022000880,2021-04-20,minnesota timberwolves,sacramento kings,134,120,0.567,0.454,34,28,50,39,18,10,14.0,-14.0,0,1
0022000881,2021-04-21,chicago bulls,cleveland cavaliers,105,121,0.494,0.511,27,27,41,41,19,10,-16.0,16.0,0,0
0022000882,2021-04-21,indiana pacers,oklahoma city thunder,122,116,0.455,0.462,30,26,47,55,11,17,6.0,-6.0,1,1
0022000883,2021-04-21,philadelphia 76ers,phoenix suns,113,116,0.513,0.477,24,30,44,33,16,8,-3.0,3.0,1,0
0022000884,2021-04-21,brooklyn nets,toronto raptors,103,114,0.396,0.433,19,23,50,48,13,10,-11.0,11.0,0,0
0022000885,2021-04-21,golden state warriors,washington wizards,114,118,0.396,0.418,22,23,44,61,17,22,-4.0,4.0,0,0
0022000886,2021-04-21,atlanta hawks,new york knicks,127,137,0.48,0.538,28,29,41,49,10,14,-10.0,10.0,0,0
0022000887,2021-04-21,houston rockets,utah jazz,89,112,0.354,0.456,17,27,50,61,11,12,-23.0,23.0,1,0
0022000888,2021-04-21,miami heat,san antonio spurs,107,87,0.47,0.403,28,21,44,38,7,10,20.0,-20.0,0,1
0022000889,2021-04-21,la clippers,memphis grizzlies,117,105,0.452,0.452,28,19,43,42,12,13,12.0,-12.0,1,1
0022000890,2021-04-21,denver nuggets,portland trail blazers,106,105,0.443,0.46,24,21,46,41,13,11,1.0,-1.0,0,1
0022000891,2021-04-21,minnesota timberwolves,sacramento kings,125,128,0.529,0.581,30,29,34,33,10,14,-3.0,3.0,0,0
0022000892,2021-04-22,boston celtics,phoenix suns,99,86,0.429,0.409,20,18,48,38,20,17,13.0,-13.0,1,1
0022000893,2021-04-22,new orleans pelicans,orlando magic,135,100,0.556,0.367,34,13,58,40,14,4,35.0,-35.0,0,1
0022000894,2021-04-22,milwaukee bucks,philadelphia 76ers,124,117,0.556,0.505,32,27,45,33,16,8,7.0,-7.0,1,1
0022000895,2021-04-22,detroit pistons,san antonio spurs,91,106,0.455,0.463,15,28,43,43,17,10,-15.0,15.0,0,0
0022000896,2021-04-22,charlotte hornets,chicago bulls,91,108,0.427,0.494,30,30,38,50,14,17,-17.0,17.0,0,0
0022000897,2021-04-22,dallas mavericks,los angeles lakers,115,110,0.488,0.478,23,26,38,45,12,16,5.0,-5.0,1,1
0022000898,2021-04-23,atlanta hawks,miami heat,118,103,0.538,0.481,24,24,38,30,14,13,15.0,-15.0,1,1
0022000899,2021-04-23,boston celtics,brooklyn nets,104,109,0.404,0.43,21,26,54,47,19,11,-5.0,5.0,0,0
0022000900,2021-04-23,charlotte hornets,cleveland cavaliers,108,102,0.426,0.513,26,27,38,47,5,16,6.0,-6.0,1,1
0022000901,2021-04-23,houston rockets,la clippers,104,109,0.404,0.402,24,22,47,58,14,14,-5.0,5.0,1,0
0022000902,2021-04-23,oklahoma city thunder,washington wizards,109,129,0.419,0.516,18,25,40,50,16,20,-20.0,20.0,1,0
0022000903,2021-04-23,denver nuggets,golden state warriors,97,118,0.386,0.536,26,40,36,52,9,14,-21.0,21.0,0,0
0022000904,2021-04-24,new york knicks,toronto raptors,120,103,0.56,0.434,20,31,44,33,13,7,17.0,-17.0,1,1
0022000905,2021-04-24,milwaukee bucks,philadelphia 76ers,132,94,0.516,0.378,33,15,55,41,15,17,38.0,-38.0,1,1
0022000906,2021-04-24,detroit pistons,indiana pacers,109,115,0.406,0.417,26,28,62,39,18,4,-6.0,6.0,0,0
0022000907,2021-04-24,chicago bulls,miami heat,101,106,0.481,0.45,28,22,42,37,17,10,-5.0,5.0,0,0
0022000908,2021-04-24,dallas mavericks,los angeles lakers,108,93,0.487,0.384,26,22,51,36,16,9,15.0,-15.0,1,1
0022000909,2021-04-24,minnesota timberwolves,utah jazz,101,96,0.435,0.402,15,24,47,45,13,20,5.0,-5.0,0,1
0022000910,2021-04-24,denver nuggets,houston rockets,129,116,0.595,0.5,36,27,36,35,14,15,13.0,-13.0,1,1
0022000911,2021-04-25,boston celtics,charlotte hornets,104,125,0.386,0.505,18,39,41,46,13,11,-21.0,21.0,0,0
0022000912,2021-04-25,brooklyn nets,phoenix suns,128,119,0.529,0.478,30,22,44,43,10,12,9.0,-9.0,1,1
0022000913,2021-04-25,atlanta hawks,milwaukee bucks,111,104,0.455,0.481,23,20,44,41,9,12,7.0,-7.0,1,1
0022000914,2021-04-25,indiana pacers,orlando magic,131,112,0.549,0.396,28,22,48,51,13,6,19.0,-19.0,0,1
0022000915,2021-04-25,golden state warriors,sacramento kings,117,113,0.484,0.477,30,22,53,37,16,10,4.0,-4.0,1,1
0022000916,2021-04-26,atlanta hawks,detroit pistons,86,100,0.388,0.476,19,22,45,47,16,14,-14.0,14.0,0,0
0022000917,2021-04-26,los angeles lakers,orlando magic,114,103,0.54,0.474,23,16,44,28,11,11,11.0,-11.0,0,1
0022000918,2021-04-26,oklahoma city thunder,philadelphia 76ers,90,121,0.449,0.547,21,27,38,41,29,20,-31.0,31.0,0,0
0022000919,2021-04-26,san antonio spurs,washington wizards,146,143,0.534,0.532,27,26,44,50,6,8,3.0,-3.0,0,1
0022000920,2021-04-26,new york knicks,phoenix suns,110,118,0.517,0.542,24,23,35,37,10,8,-8.0,8.0,1,0
0022000921,2021-04-26,cleveland cavaliers,toronto raptors,96,112,0.434,0.544,25,32,37,40,13,12,-16.0,16.0,0,0
0022000922,2021-04-26,chicago bulls,miami heat,110,102,0.532,0.429,33,18,51,34,18,5,8.0,-8.0,0,1
0022000923,2021-04-26,minnesota timberwolves,utah jazz,105,104,0.446,0.389,29,24,48,49,16,11,1.0,-1.0,1,1
0022000924,2021-04-26,la clippers,new orleans pelicans,103,120,0.4,0.537,20,28,44,44,18,16,-17.0,17.0,0,0
0022000925,2021-04-26,denver nuggets,memphis grizzlies,120,96,0.479,0.42,25,20,48,45,11,16,24.0,-24.0,1,1
0022000926,2021-04-26,dallas mavericks,sacramento kings,106,113,0.467,0.519,24,23,40,46,10,16,-7.0,7.0,0,0
0022000927,2021-04-27,boston celtics,oklahoma city thunder,115,119,0.423,0.481,21,25,39,51,14,27,-4.0,4.0,1,0
0022000928,2021-04-27,charlotte hornets,milwaukee bucks,104,114,0.463,0.505,26,28,38,48,17,15,-10.0,10.0,1,0
0022000929,2021-04-27,indiana pacers,portland trail blazers,112,133,0.465,0.472,25,26,38,57,13,13,-21.0,21.0,1,0
0022000930,2021-04-27,brooklyn nets,toronto raptors,116,103,0.482,0.396,30,24,41,47,10,13,13.0,-13.0,0,1
0022000931,2021-04-27,houston rockets,minnesota timberwolves,107,114,0.488,0.484,24,29,45,48,17,14,-7.0,7.0,1,0
0022000932,2021-04-27,dallas mavericks,golden state warriors,133,103,0.522,0.405,21,25,50,43,13,18,30.0,-30.0,0,1
0022000933,2021-04-28,cleveland cavaliers,orlando magic,104,109,0.402,0.506,30,26,45,49,11,15,-5.0,5.0,1,0
0022000934,2021-04-28,atlanta hawks,philadelphia 76ers,83,127,0.333,0.539,17,29,47,46,14,7,-44.0,44.0,0,0
0022000935,2021-04-28,los angeles lakers,washington wizards,107,116,0.438,0.522,31,24,41,50,10,13,-9.0,9.0,0,0
0022000936,2021-04-28,boston celtics,charlotte hornets,120,111,0.478,0.425,26,29,54,33,14,11,9.0,-9.0,1,1
0022000937,2021-04-28,chicago bulls,new york knicks,94,113,0.459,0.462,29,27,43,41,14,4,-19.0,19.0,0,0
0022000938,2021-04-28,miami heat,san antonio spurs,116,111,0.506,0.466,26,26,48,40,12,9,5.0,-5.0,1,1
0022000939,2021-04-28,memphis grizzlies,portland trail blazers,109,130,0.42,0.489,26,23,44,51,11,10,-21.0,21.0,1,0
0022000940,2021-04-28,denver nuggets,new orleans pelicans,114,112,0.506,0.494,26,27,38,42,18,21,2.0,-2.0,1,1
0022000941,2021-04-28,la clippers,phoenix suns,101,109,0.513,0.473,24,23,36,45,14,10,-8.0,8.0,0,0
0022000942,2021-04-28,sacramento kings,utah jazz,105,154,0.483,0.64,24,36,24,47,12,13,-49.0,49.0,1,0
0022000943,2021-04-29,dallas mavericks,detroit pistons,115,105,0.449,0.507,22,26,35,39,11,18,10.0,-10.0,0,1
0022000944,2021-04-29,brooklyn nets,indiana pacers,130,113,0.528,0.427,35,23,50,38,13,10,17.0,-17.0,0,1
0022000945,2021-04-29,houston rockets,milwaukee bucks,143,136,0.5,0.527,23,27,52,38,18,14,7.0,-7.0,1,1
0022000946,2021-04-29,golden state warriors,minnesota timberwolves,114,126,0.494,0.457,28,31,34,57,10,13,-12.0,12.0,0,0
0022000947,2021-04-29,new orleans pelicans,oklahoma city thunder,109,95,0.446,0.382,26,18,56,53,12,22,14.0,-14.0,0,1
0022000948,2021-04-29,denver nuggets,toronto raptors,121,111,0.473,0.482,22,27,47,36,11,15,10.0,-10.0,1,1
0022000949,2021-04-30,atlanta hawks,philadelphia 76ers,104,126,0.439,0.465,19,27,46,50,16,8,-22.0,22.0,0,0
0022000950,2021-04-30,boston celtics,san antonio spurs,143,140,0.467,0.533,31,29,52,43,13,11,3.0,-3.0,1,1
0022000951,2021-04-30,cleveland cavaliers,washington wizards,93,122,0.415,0.5,19,31,46,46,24,12,-29.0,29.0,1,0
0022000952,2021-04-30,brooklyn nets,portland trail blazers,109,128,0.421,0.516,20,24,42,50,8,10,-19.0,19.0,1,0
0022000953,2021-04-30,memphis grizzlies,orlando magic,92,75,0.343,0.314,25,16,57,56,8,20,17.0,-17.0,1,1
0022000954,2021-04-30,chicago bulls,milwaukee bucks,98,108,0.385,0.467,23,24,50,51,10,10,-10.0,10.0,1,0
0022000955,2021-04-30,phoenix suns,utah jazz,121,100,0.545,0.438,27,22,44,36,11,13,21.0,-21.0,1,1
0022000956,2021-04-30,los angeles lakers,sacramento kings,106,110,0.506,0.453,24,29,43,37,21,17,-4.0,4.0,1,0
0022000957,2021-05-01,charlotte hornets,detroit pistons,107,94,0.483,0.385,24,27,54,43,13,10,13.0,-13.0,1,1
0022000958,2021-05-01,golden state warriors,houston rockets,113,87,0.464,0.36,32,20,50,49,17,18,26.0,-26.0,0,1
0022000959,2021-05-01,atlanta hawks,chicago bulls,108,97,0.5,0.471,19,22,44,39,14,13,11.0,-11.0,1,1
0022000960,2021-05-01,cleveland cavaliers,miami heat,107,124,0.5,0.54,30,30,39,37,18,8,-17.0,17.0,1,0
0022000961,2021-05-01,memphis grizzlies,orlando magic,111,112,0.458,0.447,21,20,55,37,16,10,-1.0,1.0,0,0
0022000962,2021-05-01,minnesota timberwolves,new orleans pelicans,136,140,0.453,0.511,35,34,51,52,16,21,-4.0,4.0,1,0
0022000963,2021-05-01,indiana pacers,oklahoma city thunder,152,95,0.655,0.342,41,23,53,48,17,14,57.0,-57.0,0,1
0022000964,2021-05-01,dallas mavericks,washington wizards,125,124,0.54,0.516,31,19,36,46,11,10,1.0,-1.0,1,1
0022000965,2021-05-01,toronto raptors,utah jazz,102,106,0.447,0.474,26,20,39,49,10,20,-4.0,4.0,0,0
0022000966,2021-05-01,denver nuggets,la clippers,110,104,0.488,0.434,26,21,44,39,10,6,6.0,-6.0,0,1
0022000967,2021-05-02,brooklyn nets,milwaukee bucks,114,117,0.427,0.49,18,19,53,45,16,10,-3.0,3.0,0,0
0022000968,2021-05-02,boston celtics,portland trail blazers,119,129,0.483,0.518,29,27,45,36,18,9,-10.0,10.0,1,0
0022000969,2021-05-02,charlotte hornets,miami heat,111,121,0.494,0.511,30,30,39,42,14,11,-10.0,10.0,1,0
0022000970,2021-05-02,dallas mavericks,sacramento kings,99,111,0.42,0.556,16,27,40,38,16,19,-12.0,12.0,1,0
0022000971,2021-05-02,houston rockets,new york knicks,97,122,0.43,0.523,19,22,47,38,17,13,-25.0,25.0,1,0
0022000972,2021-05-02,oklahoma city thunder,phoenix suns,120,123,0.489,0.536,23,27,47,39,15,10,-3.0,3.0,1,0
0022000973,2021-05-02,philadelphia 76ers,san antonio spurs,113,111,0.447,0.448,23,20,49,48,12,13,2.0,-2.0,0,1
0022000974,2021-05-02,los angeles lakers,toronto raptors,114,121,0.482,0.447,32,24,44,49,14,12,-7.0,7.0,1,0
0022000975,2021-05-03,detroit pistons,orlando magic,112,119,0.473,0.511,24,27,42,48,11,10,-7.0,7.0,1,0
0022000976,2021-05-03,indiana pacers,washington wizards,141,154,0.495,0.612,28,50,45,44,17,16,-13.0,13.0,0,0
0022000977,2021-05-03,golden state warriors,new orleans pelicans,123,108,0.534,0.433,31,20,38,47,14,16,15.0,-15.0,0,1
0022000978,2021-05-03,atlanta hawks,portland trail blazers,123,114,0.524,0.453,32,25,49,39,11,8,9.0,-9.0,1,1
0022000979,2021-05-03,chicago bulls,philadelphia 76ers,94,106,0.414,0.533,25,23,40,44,15,16,-12.0,12.0,1,0
0022000980,2021-05-03,memphis grizzlies,new york knicks,104,118,0.395,0.506,26,19,46,45,12,8,-14.0,14.0,1,0
0022000981,2021-05-03,san antonio spurs,utah jazz,99,110,0.467,0.5,25,22,37,50,13,15,-11.0,11.0,0,0
0022000982,2021-05-03,denver nuggets,los angeles lakers,89,93,0.439,0.438,22,18,41,43,12,20,-4.0,4.0,0,0
0022000983,2021-05-04,cleveland cavaliers,phoenix suns,118,134,0.456,0.524,29,35,42,48,17,7,-16.0,16.0,1,0
0022000984,2021-05-04,charlotte hornets,detroit pistons,102,99,0.409,0.459,23,21,51,46,8,13,3.0,-3.0,0,1
0022000985,2021-05-04,brooklyn nets,milwaukee bucks,118,124,0.488,0.449,21,23,39,55,13,12,-6.0,6.0,0,0
0022000986,2021-05-04,dallas mavericks,miami heat,127,113,0.529,0.464,26,30,44,39,13,12,14.0,-14.0,0,1
0022000987,2021-05-04,golden state warriors,new orleans pelicans,103,108,0.419,0.402,22,28,48,57,18,12,-5.0,5.0,0,0
0022000988,2021-05-04,oklahoma city thunder,sacramento kings,99,103,0.357,0.411,21,25,57,49,9,12,-4.0,4.0,1,0
0022000989,2021-05-04,la clippers,toronto raptors,105,100,0.52,0.46,28,22,42,37,18,12,5.0,-5.0,1,1
0022000990,2021-05-05,boston celtics,orlando magic,132,96,0.531,0.388,28,13,45,45,11,17,36.0,-36.0,0,1
0022000991,2021-05-05,cleveland cavaliers,portland trail blazers,105,141,0.402,0.576,23,26,42,54,8,10,-36.0,36.0,1,0
0022000992,2021-05-05,atlanta hawks,phoenix suns,135,103,0.631,0.418,35,19,46,30,11,9,32.0,-32.0,1,1
0022000993,2021-05-05,indiana pacers,sacramento kings,93,104,0.434,0.453,26,21,48,48,22,11,-11.0,11.0,1,0
0022000994,2021-05-05,houston rockets,philadelphia 76ers,115,135,0.452,0.532,28,26,38,47,13,9,-20.0,20.0,1,0
0022000995,2021-05-05,denver nuggets,new york knicks,113,97,0.381,0.384,23,18,63,42,13,15,16.0,-16.0,1,1
0022000996,2021-05-05,san antonio spurs,utah jazz,94,126,0.402,0.557,22,24,35,53,7,14,-32.0,32.0,0,0
0022000997,2021-05-06,toronto raptors,washington wizards,129,131,0.448,0.436,23,29,50,47,12,13,-2.0,2.0,1,0
0022000998,2021-05-06,brooklyn nets,dallas mavericks,109,113,0.432,0.449,18,23,51,51,13,12,-4.0,4.0,0,0
0022000999,2021-05-06,detroit pistons,memphis grizzlies,111,97,0.53,0.427,24,25,39,42,11,15,14.0,-14.0,1,1
0022001000,2021-05-06,atlanta hawks,indiana pacers,126,133,0.511,0.621,27,35,34,36,12,15,-7.0,7.0,0,0
0022001001,2021-05-06,golden state warriors,oklahoma city thunder,118,97,0.488,0.409,36,21,49,39,13,9,21.0,-21.0,1,1
0022001002,2021-05-06,la clippers,los angeles lakers,118,94,0.532,0.379,23,21,48,34,22,10,24.0,-24.0,1,1
0022001003,2021-05-07,new orleans pelicans,philadelphia 76ers,107,109,0.406,0.447,26,27,52,51,10,15,-2.0,2.0,0,0
0022001004,2021-05-07,charlotte hornets,orlando magic,122,112,0.494,0.418,28,19,51,47,11,6,10.0,-10.0,1,1
0022001005,2021-05-07,miami heat,minnesota timberwolves,121,112,0.506,0.482,27,27,37,41,14,16,9.0,-9.0,1,1
0022001006,2021-05-07,houston rockets,milwaukee bucks,133,141,0.5,0.537,36,30,37,53,16,17,-8.0,8.0,0,0
0022001007,2021-05-07,cleveland cavaliers,dallas mavericks,90,110,0.386,0.494,17,21,43,45,14,9,-20.0,20.0,0,0
0022001008,2021-05-07,denver nuggets,utah jazz,120,127,0.518,0.483,31,27,38,38,17,10,-7.0,7.0,0,0
0022001009,2021-05-07,new york knicks,phoenix suns,105,128,0.452,0.467,24,26,41,45,13,5,-23.0,23.0,0,0
0022001010,2021-05-07,los angeles lakers,portland trail blazers,101,106,0.416,0.42,19,22,49,44,14,8,-5.0,5.0,0,0
0022001011,2021-05-07,sacramento kings,san antonio spurs,104,113,0.488,0.517,27,20,35,44,16,13,-9.0,9.0,1,0
0022001012,2021-05-08,indiana pacers,washington wizards,132,133,0.481,0.445,33,26,49,60,13,15,-1.0,1.0,1,0
0022001013,2021-05-08,detroit pistons,philadelphia 76ers,104,118,0.488,0.488,22,22,44,44,16,10,-14.0,14.0,0,0
0022001014,2021-05-08,memphis grizzlies,toronto raptors,109,99,0.447,0.383,24,18,56,46,17,11,10.0,-10.0,0,1
0022001015,2021-05-08,brooklyn nets,denver nuggets,125,119,0.621,0.457,27,21,35,33,17,12,6.0,-6.0,0,1
0022001016,2021-05-08,houston rockets,utah jazz,116,124,0.439,0.529,25,28,40,49,8,17,-8.0,8.0,0,0
0022001017,2021-05-08,golden state warriors,oklahoma city thunder,136,97,0.58,0.404,31,21,46,41,18,13,39.0,-39.0,1,1
0022001018,2021-05-08,portland trail blazers,san antonio spurs,124,102,0.464,0.398,24,17,63,40,8,7,22.0,-22.0,1,1
0022001019,2021-05-09,la clippers,new york knicks,100,106,0.43,0.467,24,25,43,45,13,10,-6.0,6.0,1,0
0022001020,2021-05-09,charlotte hornets,new orleans pelicans,110,112,0.442,0.469,22,26,46,51,17,16,-2.0,2.0,1,0
0022001021,2021-05-09,cleveland cavaliers,dallas mavericks,97,124,0.384,0.538,18,33,38,42,14,10,-27.0,27.0,1,0
0022001022,2021-05-09,minnesota timberwolves,orlando magic,128,96,0.485,0.396,30,20,57,45,10,13,32.0,-32.0,0,1
0022001023,2021-05-09,chicago bulls,detroit pistons,108,96,0.512,0.456,27,22,43,37,8,13,12.0,-12.0,0,1
0022001024,2021-05-09,los angeles lakers,phoenix suns,123,110,0.488,0.534,24,23,41,32,13,15,13.0,-13.0,1,1
0022001025,2021-05-09,oklahoma city thunder,sacramento kings,98,126,0.391,0.529,23,30,38,51,14,14,-28.0,28.0,0,0
0022001026,2021-05-10,atlanta hawks,washington wizards,125,124,0.479,0.51,23,28,55,42,12,9,1.0,-1.0,1,1
0022001027,2021-05-10,cleveland cavaliers,indiana pacers,102,111,0.355,0.5,21,32,50,47,10,11,-9.0,9.0,1,0
0022001028,2021-05-10,memphis grizzlies,new orleans pelicans,115,110,0.495,0.443,33,29,49,50,10,12,5.0,-5.0,1,1
0022001029,2021-05-10,milwaukee bucks,san antonio spurs,125,146,0.5,0.596,26,27,34,46,7,12,-21.0,21.0,0,0
0022001030,2021-05-10,golden state warriors,utah jazz,119,116,0.466,0.451,26,14,41,48,10,14,3.0,-3.0,1,1
0022001031,2021-05-10,houston rockets,portland trail blazers,129,140,0.494,0.511,30,30,44,47,13,9,-11.0,11.0,0,0
0022001032,2021-05-11,boston celtics,miami heat,121,129,0.523,0.593,31,25,32,43,11,14,-8.0,8.0,1,0
0022001033,2021-05-11,detroit pistons,minnesota timberwolves,100,119,0.467,0.459,21,30,46,44,28,15,-19.0,19.0,1,0
0022001034,2021-05-11,la clippers,toronto raptors,115,96,0.5,0.407,25,21,49,35,16,13,19.0,-19.0,0,1
0022001035,2021-05-11,indiana pacers,philadelphia 76ers,103,94,0.446,0.437,28,23,45,35,13,11,9.0,-9.0,1,1
0022001036,2021-05-11,brooklyn nets,chicago bulls,115,107,0.472,0.406,32,21,51,45,7,9,8.0,-8.0,0,1
0022001037,2021-05-11,dallas mavericks,memphis grizzlies,104,133,0.42,0.573,23,32,35,44,12,10,-29.0,29.0,0,0
0022001038,2021-05-11,milwaukee bucks,orlando magic,114,102,0.426,0.415,16,18,63,52,9,12,12.0,-12.0,1,1
0022001039,2021-05-11,golden state warriors,phoenix suns,122,116,0.495,0.519,33,26,40,36,8,10,6.0,-6.0,1,1
0022001040,2021-05-11,oklahoma city thunder,sacramento kings,106,122,0.464,0.512,22,28,45,40,18,15,-16.0,16.0,0,0
0022001041,2021-05-11,los angeles lakers,new york knicks,101,99,0.416,0.391,31,19,53,41,18,9,2.0,-2.0,1,1
0022001042,2021-05-12,atlanta hawks,washington wizards,120,116,0.512,0.446,22,29,51,42,14,7,4.0,-4.0,1,1
0022001043,2021-05-12,brooklyn nets,san antonio spurs,128,116,0.608,0.426,33,21,43,46,11,8,12.0,-12.0,1,1
0022001044,2021-05-12,boston celtics,cleveland cavaliers,94,102,0.356,0.45,14,27,46,55,7,15,-8.0,8.0,0,0
0022001045,2021-05-12,portland trail blazers,utah jazz,105,98,0.44,0.412,17,15,39,53,5,10,7.0,-7.0,0,1
0022001046,2021-05-12,houston rockets,los angeles lakers,122,124,0.506,0.571,33,28,41,41,15,11,-2.0,2.0,0,0
0022001047,2021-05-13,charlotte hornets,la clippers,90,113,0.393,0.533,24,28,35,44,10,17,-23.0,23.0,1,0
0022001048,2021-05-13,indiana pacers,milwaukee bucks,133,142,0.455,0.574,34,34,40,51,7,12,-9.0,9.0,1,0
0022001049,2021-05-13,atlanta hawks,orlando magic,116,93,0.436,0.383,19,24,49,51,7,14,23.0,-23.0,1,1
0022001050,2021-05-13,miami heat,philadelphia 76ers,106,94,0.506,0.462,26,20,47,30,19,12,12.0,-12.0,1,1
0022001051,2021-05-13,chicago bulls,toronto raptors,114,102,0.542,0.444,31,24,51,32,18,9,12.0,-12.0,1,1
0022001052,2021-05-13,denver nuggets,minnesota timberwolves,114,103,0.479,0.425,30,20,53,43,12,15,11.0,-11.0,0,1
0022001053,2021-05-13,phoenix suns,portland trail blazers,118,117,0.466,0.543,22,23,42,33,11,13,1.0,-1.0,1,1
0022001054,2021-05-14,denver nuggets,detroit pistons,104,91,0.488,0.41,29,21,49,41,11,9,13.0,-13.0,0,1
0022001055,2021-05-14,orlando magic,philadelphia 76ers,97,122,0.398,0.473,21,35,44,46,13,8,-25.0,25.0,0,0
0022001056,2021-05-14,oklahoma city thunder,utah jazz,93,109,0.429,0.43,13,23,45,53,15,11,-16.0,16.0,1,0
0022001057,2021-05-14,dallas mavericks,toronto raptors,114,110,0.433,0.494,27,19,42,44,8,11,4.0,-4.0,1,1
0022001058,2021-05-14,houston rockets,la clippers,122,115,0.535,0.484,30,29,41,35,15,13,7.0,-7.0,1,1
0022001059,2021-05-14,golden state warriors,new orleans pelicans,125,122,0.483,0.465,29,21,46,51,11,9,3.0,-3.0,1,1
0022001060,2021-05-15,brooklyn nets,chicago bulls,105,91,0.471,0.347,26,24,52,52,9,9,14.0,-14.0,1,1
0022001061,2021-05-15,indiana pacers,los angeles lakers,115,122,0.517,0.477,28,25,37,45,13,13,-7.0,7.0,1,0
0022001062,2021-05-15,miami heat,milwaukee bucks,108,122,0.417,0.535,25,29,38,48,11,11,-14.0,14.0,0,0
0022001063,2021-05-15,boston celtics,minnesota timberwolves,124,108,0.484,0.411,27,22,44,51,14,12,16.0,-16.0,0,1
0022001064,2021-05-15,charlotte hornets,new york knicks,109,118,0.382,0.511,28,29,51,50,8,9,-9.0,9.0,0,0
0022001065,2021-05-15,phoenix suns,san antonio spurs,140,103,0.553,0.443,32,23,47,41,10,16,37.0,-37.0,0,1
0022001066,2021-05-16,atlanta hawks,houston rockets,124,95,0.544,0.337,32,25,56,43,13,15,29.0,-29.0,1,1
0022001067,2021-05-16,brooklyn nets,cleveland cavaliers,123,109,0.566,0.447,35,16,37,45,12,14,14.0,-14.0,1,1
0022001068,2021-05-16,chicago bulls,milwaukee bucks,118,112,0.517,0.422,23,14,45,41,16,11,6.0,-6.0,1,1
0022001069,2021-05-16,detroit pistons,miami heat,107,120,0.465,0.56,26,32,33,39,16,10,-13.0,13.0,1,0
0022001070,2021-05-16,golden state warriors,memphis grizzlies,113,101,0.494,0.435,26,25,46,39,19,12,12.0,-12.0,1,1
0022001071,2021-05-16,dallas mavericks,minnesota timberwolves,121,136,0.484,0.544,32,35,38,38,16,9,-15.0,15.0,0,0
0022001072,2021-05-16,los angeles lakers,new orleans pelicans,110,98,0.469,0.474,30,26,42,47,9,21,12.0,-12.0,0,1
0022001073,2021-05-16,boston celtics,new york knicks,92,96,0.407,0.43,19,16,46,41,12,10,-4.0,4.0,0,0
0022001074,2021-05-16,la clippers,oklahoma city thunder,112,117,0.425,0.532,17,20,44,54,3,15,-5.0,5.0,0,0
0022001075,2021-05-16,orlando magic,philadelphia 76ers,117,128,0.474,0.489,23,35,47,41,16,11,-11.0,11.0,0,0
0022001076,2021-05-16,denver nuggets,portland trail blazers,116,132,0.449,0.529,20,24,36,51,6,13,-16.0,16.0,0,0
0022001077,2021-05-16,sacramento kings,utah jazz,99,121,0.467,0.477,24,28,39,50,12,16,-22.0,22.0,1,0
0022001078,2021-05-16,phoenix suns,san antonio spurs,123,121,0.51,0.51,36,30,48,46,8,10,2.0,-2.0,0,1
0022001079,2021-05-16,indiana pacers,toronto raptors,125,113,0.505,0.402,34,21,47,48,13,12,12.0,-12.0,0,1
0022001080,2021-05-16,charlotte hornets,washington wizards,110,115,0.394,0.484,25,22,42,53,11,14,-5.0,5.0,0,0
0042000101,2021-05-23,philadelphia 76ers,washington wizards,125,118,0.495,0.557,27,26,40,41,11,15,7.0,-7.0,1,1
0042000102,2021-05-26,philadelphia 76ers,washington wizards,120,95,0.557,0.402,26,22,45,40,11,13,25.0,-25.0,1,1
0042000103,2021-05-29,philadelphia 76ers,washington wizards,132,103,0.586,0.396,31,18,51,41,15,8,29.0,-29.0,0,1
0042000104,2021-05-31,philadelphia 76ers,washington wizards,114,122,0.417,0.455,21,24,48,57,11,13,-8.0,0.6,0,0
0042000105,2021-06-02,philadelphia 76ers,washington wizards,129,112,0.512,0.494,28,22,40,38,8,15,17.0,-17.0,1,1
0042000111,2021-05-22,boston celtics,brooklyn nets,93,104,0.369,0.417,19,18,40,50,12,11,-11.0,11.0,0,0
0042000112,2021-05-25,boston celtics,brooklyn nets,108,130,0.424,0.523,23,31,43,46,15,14,-22.0,22.0,0,0
0042000113,2021-05-28,boston celtics,brooklyn nets,125,119,0.506,0.452,21,16,46,37,13,9,6.0,-6.0,1,1
0042000114,2021-05-30,boston celtics,brooklyn nets,126,141,0.44,0.578,24,29,34,36,10,9,-15.0,15.0,1,0
0042000115,2021-06-01,boston celtics,brooklyn nets,109,123,0.435,0.512,18,26,44,39,11,8,-14.0,14.0,0,0
0042000121,2021-05-22,miami heat,milwaukee bucks,107,109,0.364,0.438,22,19,51,64,17,17,-2.0,2.0,0,0
0042000122,2021-05-24,miami heat,milwaukee bucks,98,132,0.402,0.489,20,34,36,61,11,15,-34.0,34.0,0,0
0042000123,2021-05-27,miami heat,milwaukee bucks,84,113,0.376,0.483,19,25,42,55,15,15,-29.0,29.0,1,0
0042000124,2021-05-29,miami heat,milwaukee bucks,103,120,0.44,0.465,25,29,40,56,12,11,-17.0,17.0,1,0
0042000131,2021-05-23,atlanta hawks,new york knicks,107,105,0.467,0.447,17,21,42,49,6,11,2.0,-2.0,0,1
0042000132,2021-05-26,atlanta hawks,new york knicks,92,101,0.369,0.383,17,15,41,54,13,10,-9.0,9.0,0,0
0042000133,2021-05-28,atlanta hawks,new york knicks,105,94,0.519,0.358,28,14,42,45,11,11,11.0,-11.0,1,1
0042000134,2021-05-30,atlanta hawks,new york knicks,113,96,0.439,0.42,24,24,48,39,10,9,17.0,-17.0,1,1
0042000135,2021-06-02,atlanta hawks,new york knicks,103,89,0.425,0.378,17,19,48,45,11,16,14.0,-14.0,0,1
0042000141,2021-05-23,memphis grizzlies,utah jazz,112,109,0.45,0.42,18,20,42,50,9,14,3.0,-3.0,0,1
0042000142,2021-05-26,memphis grizzlies,utah jazz,129,141,0.541,0.544,20,28,33,42,11,12,-12.0,12.0,0,0
0042000143,2021-05-29,memphis grizzlies,utah jazz,111,121,0.43,0.494,23,17,50,43,9,13,-10.0,10.0,1,0
0042000144,2021-05-31,memphis grizzlies,utah jazz,113,120,0.467,0.459,26,23,42,42,9,11,-7.0,7.0,1,0
0042000145,2021-06-02,memphis grizzlies,utah jazz,110,126,0.463,0.516,23,27,39,51,14,14,-16.0,16.0,0,0
0042000151,2021-05-23,los angeles lakers,phoenix suns,90,99,0.434,0.465,19,24,33,47,14,14,-9.0,9.0,0,0
0042000152,2021-05-25,los angeles lakers,phoenix suns,109,102,0.45,0.465,24,21,39,31,7,13,7.0,-7.0,0,1
0042000153,2021-05-27,los angeles lakers,phoenix suns,109,95,0.442,0.427,19,24,51,35,20,17,14.0,-14.0,1,1
0042000154,2021-05-30,los angeles lakers,phoenix suns,92,100,0.395,0.435,19,24,50,49,15,10,-8.0,8.0,1,0
0042000155,2021-06-01,los angeles lakers,phoenix suns,85,115,0.345,0.457,14,29,51,47,16,4,-30.0,30.0,0,0
0042000156,2021-06-03,los angeles lakers,phoenix suns,100,113,0.418,0.507,21,24,35,42,7,12,-13.0,13.0,1,0
0042000161,2021-05-22,denver nuggets,portland trail blazers,109,123,0.505,0.473,22,29,48,39,8,6,-14.0,14.0,1,0
0042000162,2021-05-24,denver nuggets,portland trail blazers,128,109,0.535,0.479,29,15,35,40,12,21,19.0,-19.0,1,1
0042000163,2021-05-27,denver nuggets,portland trail blazers,120,115,0.464,0.45,24,20,45,45,13,7,5.0,-5.0,0,1
0042000164,2021-05-29,denver nuggets,portland trail blazers,95,115,0.34,0.5,20,24,47,44,7,6,-20.0,20.0,0,0
0042000165,2021-06-01,denver nuggets,portland trail blazers,147,140,0.481,0.456,33,25,52,45,11,14,7.0,-7.0,1,1
0042000166,2021-06-03,denver nuggets,portland trail blazers,126,115,0.512,0.506,28,24,39,37,12,16,11.0,-11.0,0,1
0042000171,2021-05-22,dallas mavericks,la clippers,113,103,0.5,0.44,22,22,42,39,12,5,10.0,-10.0,0,1
0042000172,2021-05-25,dallas mavericks,la clippers,127,121,0.585,0.536,25,23,34,39,11,13,6.0,-6.0,0,1
0042000173,2021-05-28,dallas mavericks,la clippers,108,118,0.442,0.579,17,24,33,39,8,9,-10.0,10.0,1,0
0042000174,2021-05-30,dallas mavericks,la clippers,81,106,0.348,0.481,15,16,41,53,8,11,-25.0,25.0,1,0
0042000175,2021-06-02,dallas mavericks,la clippers,105,100,0.416,0.413,21,25,45,47,8,12,5.0,-5.0,0,1
0042000176,2021-06-04,dallas mavericks,la clippers,97,104,0.416,0.468,23,18,42,42,11,13,-7.0,7.0,1,0
0042000177,2021-06-06,dallas mavericks,la clippers,111,126,0.495,0.5,22,30,47,35,14,8,-15.0,15.0,0,0
0042000201,2021-06-06,atlanta hawks,philadelphia 76ers,128,124,0.512,0.549,23,25,35,41,15,19,4.0,-4.0,0,1
0042000202,2021-06-08,atlanta hawks,philadelphia 76ers,102,118,0.458,0.529,20,29,45,37,17,7,-16.0,16.0,0,0
0042000203,2021-06-11,atlanta hawks,philadelphia 76ers,111,127,0.476,0.582,15,28,36,36,11,10,-16.0,16.0,1,0
0042000204,2021-06-14,atlanta hawks,philadelphia 76ers,103,100,0.366,0.435,24,23,49,55,4,12,3.0,-3.0,1,1
0042000205,2021-06-16,atlanta hawks,philadelphia 76ers,109,106,0.459,0.467,14,20,40,44,11,15,3.0,-3.0,0,1
0042000206,2021-06-18,atlanta hawks,philadelphia 76ers,99,104,0.413,0.409,19,15,47,51,12,11,-5.0,5.0,1,0
0042000207,2021-06-20,atlanta hawks,philadelphia 76ers,103,96,0.444,0.425,22,26,44,48,10,17,7.0,-7.0,0,1
0042000211,2021-06-05,brooklyn nets,milwaukee bucks,115,107,0.469,0.446,25,21,47,58,8,14,8.0,-8.0,1,1
0042000212,2021-06-07,brooklyn nets,milwaukee bucks,125,86,0.521,0.44,27,14,42,44,8,16,39.0,-39.0,1,1
0042000213,2021-06-10,brooklyn nets,milwaukee bucks,83,86,0.362,0.378,15,12,50,56,7,10,-3.0,3.0,0,0
0042000214,2021-06-13,brooklyn nets,milwaukee bucks,96,107,0.434,0.443,20,27,43,42,17,12,-11.0,11.0,0,0
0042000215,2021-06-15,brooklyn nets,milwaukee bucks,114,108,0.494,0.494,27,18,36,35,9,12,6.0,-6.0,1,1
0042000216,2021-06-17,brooklyn nets,milwaukee bucks,89,104,0.444,0.451,14,14,39,51,16,13,-15.0,15.0,0,0
0042000217,2021-06-19,brooklyn nets,milwaukee bucks,111,115,0.464,0.439,23,20,46,48,13,7,-4.0,4.0,1,0
0042000221,2021-06-08,la clippers,utah jazz,109,112,0.424,0.407,22,18,42,46,8,7,-3.0,3.0,0,0
0042000222,2021-06-10,la clippers,utah jazz,111,117,0.471,0.553,19,15,37,36,11,14,-6.0,6.0,0,0
0042000223,2021-06-12,la clippers,utah jazz,132,106,0.562,0.429,21,15,41,38,9,13,26.0,-26.0,1,1
0042000224,2021-06-14,la clippers,utah jazz,118,104,0.468,0.429,19,19,44,39,10,11,14.0,-14.0,1,1
0042000225,2021-06-16,la clippers,utah jazz,119,111,0.513,0.45,17,15,39,36,10,13,8.0,-8.0,0,1
0042000226,2021-06-18,la clippers,utah jazz,131,119,0.565,0.488,27,19,33,43,6,15,12.0,-12.0,1,1
0042000231,2021-06-07,denver nuggets,phoenix suns,105,122,0.467,0.541,26,30,41,44,11,10,-17.0,17.0,0,0
0042000232,2021-06-09,denver nuggets,phoenix suns,98,123,0.4,0.479,24,27,46,52,11,7,-25.0,25.0,0,0
0042000233,2021-06-11,denver nuggets,phoenix suns,102,116,0.411,0.531,21,26,46,38,14,12,-14.0,14.0,1,0
0042000234,2021-06-13,denver nuggets,phoenix suns,118,125,0.459,0.518,22,18,37,48,8,14,-7.0,7.0,1,0
0042000301,2021-06-23,atlanta hawks,milwaukee bucks,116,113,0.495,0.461,19,27,51,45,11,8,3.0,-3.0,0,1
0042000302,2021-06-25,atlanta hawks,milwaukee bucks,91,125,0.415,0.521,13,29,34,47,19,15,-34.0,34.0,0,0
0042000303,2021-06-27,atlanta hawks,milwaukee bucks,102,113,0.464,0.511,20,27,35,50,12,11,-11.0,11.0,1,0
0042000304,2021-06-29,atlanta hawks,milwaukee bucks,110,88,0.506,0.393,26,19,43,43,11,15,22.0,-22.0,1,1
0042000305,2021-07-01,atlanta hawks,milwaukee bucks,112,123,0.456,0.505,24,28,40,47,14,8,-11.0,11.0,0,0
0042000306,2021-07-03,atlanta hawks,milwaukee bucks,107,118,0.413,0.461,22,24,43,46,16,14,-11.0,11.0,1,0
0042000311,2021-06-20,la clippers,phoenix suns,114,120,0.455,0.551,23,31,39,43,9,7,-6.0,6.0,0,0
0042000312,2021-06-22,la clippers,phoenix suns,103,104,0.45,0.5,18,24,39,39,8,9,-1.0,1.0,0,0
0042000313,2021-06-24,la clippers,phoenix suns,106,92,0.451,0.389,20,24,51,43,11,10,14.0,-14.0,1,1
0042000314,2021-06-26,la clippers,phoenix suns,80,84,0.325,0.36,13,16,51,59,10,14,-4.0,4.0,1,0
0042000315,2021-06-28,la clippers,phoenix suns,116,102,0.548,0.452,20,22,40,41,9,14,14.0,-14.0,0,1
0042000316,2021-06-30,la clippers,phoenix suns,103,130,0.418,0.564,18,27,32,47,8,9,-27.0,27.0,1,0
0042000401,2021-07-06,milwaukee bucks,phoenix suns,105,118,0.455,0.466,21,18,47,43,13,9,-13.0,13.0,0,0
0042000402,2021-07-08,milwaukee bucks,phoenix suns,108,118,0.452,0.489,21,26,46,43,9,12,-10.0,10.0,0,0
0042000403,2021-07-11,milwaukee bucks,phoenix suns,120,100,0.478,0.482,28,21,47,36,9,14,20.0,-20.0,1,1
0042000404,2021-07-14,milwaukee bucks,phoenix suns,109,103,0.402,0.513,22,18,48,40,5,17,6.0,-6.0,1,1
0042000405,2021-07-17,milwaukee bucks,phoenix suns,123,119,0.575,0.552,26,23,37,35,11,8,4.0,-4.0,0,1
0042000406,2021-07-20,milwaukee bucks,phoenix suns,105,98,0.451,0.442,20,14,53,37,18,14,7.0,-7.0,1,1
0052000101,2021-05-18,boston celtics,washington wizards,118,100,0.396,0.435,20,17,49,49,10,15,18.0,-18.0,1,1
0052000111,2021-05-18,charlotte hornets,indiana pacers,117,144,0.457,0.552,26,35,36,54,14,16,-27.0,27.0,0,0
0052000121,2021-05-19,golden state warriors,los angeles lakers,100,103,0.446,0.407,19,27,46,49,20,11,-3.0,3.0,0,0
0052000131,2021-05-19,memphis grizzlies,san antonio spurs,100,96,0.444,0.351,18,20,56,55,9,8,4.0,-4.0,1,1
0052000201,2021-05-20,indiana pacers,washington wizards,115,142,0.41,0.581,30,34,40,52,14,15,-27.0,27.0,0,0
0052000211,2021-05-21,golden state warriors,memphis grizzlies,112,117,0.447,0.408,30,22,48,47,21,13,-5.0,5.0,1,0
