GAME_ID,DATE,Team1,Team2,Team1_PTS,Team2_PTS,Team1_FG_PCT,Team2_FG_PCT,Team1_AST,Team2_AST,Team1_REB,Team2_REB,Team1_TOV,Team2_TOV,Team1_PLUS_MINUS,Team2_PLUS_MINUS,Team1Home,Team1Win
0021900001,2019-10-22,new orleans pelicans,toronto raptors,122,130,0.422,0.408,30,23,53,57,19,16,-8.0,8.0,0,0
0021900002,2019-10-22,la clippers,los angeles lakers,112,102,0.519,0.435,24,20,45,41,14,14,10.0,-10.0,1,1
0021900003,2019-10-23,charlotte hornets,chicago bulls,126,125,0.511,0.467,28,25,41,49,19,10,1.0,-1.0,1,1
0021900004,2019-10-23,detroit pistons,indiana pacers,119,110,0.526,0.461,26,26,45,36,18,15,9.0,-9.0,0,1
0021900005,2019-10-23,cleveland cavaliers,orlando magic,85,94,0.375,0.43,20,24,54,46,16,13,-9.0,9.0,0,0
0021900006,2019-10-23,brooklyn nets,minnesota timberwolves,126,127,0.475,0.426,19,23,48,52,16,13,-1.0,1.0,1,0
0021900007,2019-10-23,memphis grizzlies,miami heat,101,120,0.427,0.471,22,18,40,51,24,21,-19.0,19.0,0,0
0021900008,2019-10-23,boston celtics,philadelphia 76ers,93,107,0.367,0.435,18,24,41,62,10,15,-14.0,14.0,0,0
0021900009,2019-10-23,dallas mavericks,washington wizards,108,100,0.461,0.398,17,26,46,47,19,17,8.0,-8.0,1,1
0021900010,2019-10-23,new york knicks,san antonio spurs,111,120,0.468,0.506,24,22,39,51,14,21,-9.0,9.0,0,0
0021900011,2019-10-23,oklahoma city thunder,utah jazz,95,100,0.386,0.444,15,15,48,49,13,11,-5.0,5.0,0,0
0021900012,2019-10-23,phoenix suns,sacramento kings,124,95,0.5,0.391,31,17,44,47,14,26,29.0,-29.0,1,1
0021900013,2019-10-23,denver nuggets,portland trail blazers,108,100,0.42,0.414,24,13,45,48,19,20,8.0,-8.0,0,1
0021900014,2019-10-24,atlanta hawks,detroit pistons,117,100,0.512,0.412,27,20,42,39,13,13,17.0,-17.0,0,1
0021900015,2019-10-24,houston rockets,milwaukee bucks,111,117,0.367,0.465,25,31,57,53,14,11,-6.0,6.0,1,0
0021900016,2019-10-24,golden state warriors,la clippers,122,141,0.394,0.625,27,33,42,39,13,17,-19.0,19.0,1,0
0021900017,2019-10-25,boston celtics,toronto raptors,112,106,0.385,0.474,21,22,56,46,9,23,6.0,-6.0,1,1
0021900018,2019-10-25,charlotte hornets,minnesota timberwolves,99,121,0.44,0.473,26,30,42,52,19,15,-22.0,22.0,1,0
0021900019,2019-10-25,brooklyn nets,new york knicks,113,109,0.474,0.469,21,17,46,39,26,26,4.0,-4.0,1,1
0021900020,2019-10-25,chicago bulls,memphis grizzlies,110,102,0.43,0.415,18,24,45,56,13,18,8.0,-8.0,0,1
0021900021,2019-10-25,dallas mavericks,new orleans pelicans,123,116,0.484,0.459,23,30,49,48,11,14,7.0,-7.0,0,1
0021900022,2019-10-25,oklahoma city thunder,washington wizards,85,97,0.398,0.402,14,21,49,47,18,15,-12.0,12.0,1,0
0021900023,2019-10-25,denver nuggets,phoenix suns,108,107,0.391,0.395,21,25,45,54,14,17,1.0,-1.0,1,1
0021900024,2019-10-25,portland trail blazers,sacramento kings,122,112,0.541,0.425,23,17,40,43,16,17,10.0,-10.0,0,1
0021900025,2019-10-25,los angeles lakers,utah jazz,95,86,0.395,0.414,19,19,42,40,14,22,9.0,-9.0,1,1
0021900026,2019-10-26,miami heat,milwaukee bucks,131,126,0.455,0.436,33,22,54,47,16,18,5.0,-5.0,0,1
0021900027,2019-10-26,detroit pistons,philadelphia 76ers,111,117,0.539,0.483,20,30,35,38,23,22,-6.0,6.0,1,0
0021900028,2019-10-26,atlanta hawks,orlando magic,103,99,0.512,0.354,22,15,52,46,18,10,4.0,-4.0,1,1
0021900029,2019-10-26,boston celtics,new york knicks,118,95,0.452,0.378,24,15,46,55,12,23,23.0,-23.0,0,1
0021900030,2019-10-26,cleveland cavaliers,indiana pacers,110,99,0.5,0.448,23,23,44,36,18,17,11.0,-11.0,1,1
0021900031,2019-10-26,chicago bulls,toronto raptors,84,108,0.299,0.463,18,27,45,59,15,22,-24.0,24.0,1,0
0021900032,2019-10-26,houston rockets,new orleans pelicans,126,123,0.457,0.46,27,27,45,42,19,17,3.0,-3.0,1,1
0021900033,2019-10-26,san antonio spurs,washington wizards,124,122,0.463,0.495,29,30,53,41,9,12,2.0,-2.0,1,1
0021900034,2019-10-26,sacramento kings,utah jazz,81,113,0.37,0.564,16,28,31,43,17,21,-32.0,32.0,0,0
0021900035,2019-10-26,la clippers,phoenix suns,122,130,0.46,0.5,20,32,41,49,12,16,-8.0,8.0,0,0
0021900036,2019-10-27,golden state warriors,oklahoma city thunder,92,120,0.326,0.564,17,24,39,50,14,23,-28.0,28.0,0,0
0021900037,2019-10-27,brooklyn nets,memphis grizzlies,133,134,0.436,0.485,28,33,53,49,17,12,-1.0,1.0,0,0
0021900038,2019-10-27,dallas mavericks,portland trail blazers,119,121,0.394,0.517,27,13,46,48,11,16,-2.0,2.0,1,0
0021900039,2019-10-27,miami heat,minnesota timberwolves,109,116,0.494,0.429,25,24,41,46,21,16,-7.0,7.0,0,0
0021900040,2019-10-27,charlotte hornets,los angeles lakers,101,120,0.385,0.527,19,30,45,47,14,13,-19.0,19.0,0,0
0021900041,2019-10-28,detroit pistons,indiana pacers,96,94,0.457,0.415,21,24,48,45,20,7,2.0,-2.0,1,1
0021900042,2019-10-28,chicago bulls,new york knicks,98,105,0.424,0.418,19,19,38,63,9,17,-7.0,7.0,0,0
0021900043,2019-10-28,atlanta hawks,philadelphia 76ers,103,105,0.429,0.42,23,22,45,49,21,21,2.0,-2.0,1,0
0021900044,2019-10-28,orlando magic,toronto raptors,95,104,0.382,0.388,22,19,47,52,16,16,-9.0,9.0,0,0
0021900045,2019-10-28,houston rockets,oklahoma city thunder,116,112,0.433,0.436,21,22,40,52,14,13,4.0,-4.0,1,1
0021900046,2019-10-28,cleveland cavaliers,milwaukee bucks,112,129,0.45,0.522,19,29,48,50,11,12,-17.0,17.0,0,0
0021900047,2019-10-28,golden state warriors,new orleans pelicans,134,123,0.49,0.466,37,36,61,41,18,15,11.0,-11.0,0,1
0021900048,2019-10-28,portland trail blazers,san antonio spurs,110,113,0.39,0.482,19,25,49,50,10,18,-3.0,3.0,0,0
0021900049,2019-10-28,phoenix suns,utah jazz,95,96,0.413,0.38,23,19,40,49,16,23,-1.0,1.0,1,0
0021900050,2019-10-28,denver nuggets,sacramento kings,101,94,0.367,0.396,19,25,54,48,10,12,7.0,-7.0,0,1
0021900051,2019-10-28,charlotte hornets,la clippers,96,111,0.434,0.482,24,23,38,44,21,21,-15.0,15.0,0,0
0021900052,2019-10-29,atlanta hawks,miami heat,97,112,0.422,0.452,28,19,33,49,20,26,-15.0,15.0,0,0
0021900053,2019-10-29,dallas mavericks,denver nuggets,109,106,0.488,0.473,29,24,42,50,8,10,3.0,-3.0,0,1
0021900054,2019-10-29,los angeles lakers,memphis grizzlies,120,91,0.465,0.326,25,20,54,46,18,21,29.0,-29.0,1,1
0021900055,2019-10-30,chicago bulls,cleveland cavaliers,111,117,0.433,0.526,25,25,32,47,6,17,-6.0,6.0,0,0
0021900056,2019-10-30,new york knicks,orlando magic,83,95,0.378,0.42,19,24,44,52,11,7,-12.0,12.0,0,0
0021900057,2019-10-30,minnesota timberwolves,philadelphia 76ers,95,117,0.395,0.467,12,24,34,56,21,22,-22.0,22.0,0,0
0021900058,2019-10-30,boston celtics,milwaukee bucks,116,105,0.446,0.463,25,21,45,45,9,15,11.0,-11.0,1,1
0021900059,2019-10-30,brooklyn nets,indiana pacers,108,118,0.441,0.469,21,25,54,41,19,9,-10.0,10.0,1,0
0021900060,2019-10-30,detroit pistons,toronto raptors,113,125,0.466,0.593,30,30,42,34,20,14,-12.0,12.0,0,0
0021900061,2019-10-30,houston rockets,washington wizards,159,158,0.534,0.626,34,31,44,40,13,19,1.0,-1.0,0,1
0021900062,2019-10-30,oklahoma city thunder,portland trail blazers,99,102,0.393,0.395,15,19,55,49,18,17,-3.0,3.0,1,0
0021900063,2019-10-30,la clippers,utah jazz,96,110,0.476,0.55,19,23,36,36,19,14,-14.0,14.0,0,0
0021900064,2019-10-30,charlotte hornets,sacramento kings,118,111,0.548,0.458,30,26,46,39,20,15,7.0,-7.0,0,1
0021900065,2019-10-30,golden state warriors,phoenix suns,110,121,0.439,0.458,24,33,43,45,18,16,-11.0,11.0,1,0
0021900066,2019-10-31,atlanta hawks,miami heat,97,106,0.409,0.476,20,29,50,41,16,13,-9.0,9.0,1,0
0021900067,2019-10-31,denver nuggets,new orleans pelicans,107,122,0.483,0.532,24,30,35,37,14,15,-15.0,15.0,0,0
0021900068,2019-10-31,la clippers,san antonio spurs,103,97,0.429,0.45,16,15,47,49,11,19,6.0,-6.0,1,1
0021900069,2019-11-01,brooklyn nets,houston rockets,123,116,0.494,0.414,26,21,55,40,20,12,7.0,-7.0,1,1
0021900070,2019-11-01,cleveland cavaliers,indiana pacers,95,102,0.368,0.406,20,20,45,58,16,13,-7.0,7.0,0,0
0021900071,2019-11-01,milwaukee bucks,orlando magic,123,91,0.505,0.374,24,21,58,40,13,16,32.0,-32.0,0,1
0021900072,2019-11-01,boston celtics,new york knicks,104,102,0.446,0.398,21,22,44,51,14,13,2.0,-2.0,1,1
0021900073,2019-11-01,chicago bulls,detroit pistons,112,106,0.438,0.482,29,21,42,47,17,16,6.0,-6.0,1,1
0021900074,2019-11-01,dallas mavericks,los angeles lakers,110,119,0.392,0.49,23,24,61,41,22,11,-9.0,9.0,1,0
0021900075,2019-11-01,sacramento kings,utah jazz,102,101,0.488,0.479,15,18,38,36,16,17,1.0,-1.0,1,1
0021900076,2019-11-01,golden state warriors,san antonio spurs,110,127,0.464,0.473,25,23,39,52,11,11,-17.0,17.0,1,0
0021900077,2019-11-02,new orleans pelicans,oklahoma city thunder,104,115,0.426,0.456,25,20,56,44,16,12,-11.0,11.0,0,0
0021900078,2019-11-02,brooklyn nets,detroit pistons,109,113,0.462,0.451,24,21,48,41,14,8,-4.0,4.0,0,0
0021900079,2019-11-02,denver nuggets,orlando magic,91,87,0.37,0.43,15,22,41,47,13,15,4.0,-4.0,0,1
0021900080,2019-11-02,minnesota timberwolves,washington wizards,131,109,0.543,0.389,33,21,47,39,21,17,22.0,-22.0,0,1
0021900081,2019-11-02,memphis grizzlies,phoenix suns,105,114,0.488,0.5,26,26,46,32,20,17,-9.0,9.0,1,0
0021900082,2019-11-02,milwaukee bucks,toronto raptors,115,105,0.461,0.405,30,24,51,42,11,13,10.0,-10.0,1,1
0021900083,2019-11-02,charlotte hornets,golden state warriors,93,87,0.424,0.442,18,23,48,40,12,18,6.0,-6.0,0,1
0021900084,2019-11-02,philadelphia 76ers,portland trail blazers,129,128,0.505,0.577,36,21,46,36,11,18,1.0,-1.0,0,1
0021900085,2019-11-03,chicago bulls,indiana pacers,95,108,0.429,0.471,27,28,42,49,18,16,-13.0,13.0,0,0
0021900086,2019-11-03,houston rockets,miami heat,100,129,0.392,0.528,19,38,38,46,22,15,-29.0,29.0,0,0
0021900087,2019-11-03,new york knicks,sacramento kings,92,113,0.4,0.482,18,25,38,50,13,14,-21.0,21.0,1,0
0021900088,2019-11-03,los angeles lakers,san antonio spurs,103,96,0.483,0.398,21,23,46,47,18,17,7.0,-7.0,0,1
0021900089,2019-11-03,cleveland cavaliers,dallas mavericks,111,131,0.406,0.532,24,34,41,51,9,13,-20.0,20.0,1,0
0021900090,2019-11-03,la clippers,utah jazz,105,94,0.391,0.397,15,16,54,37,9,14,11.0,-11.0,1,1
0021900091,2019-11-04,detroit pistons,washington wizards,99,115,0.415,0.462,21,27,42,41,19,11,-16.0,16.0,0,0
0021900092,2019-11-04,brooklyn nets,new orleans pelicans,135,125,0.533,0.495,32,18,45,39,23,21,10.0,-10.0,1,1
0021900093,2019-11-04,houston rockets,memphis grizzlies,107,100,0.376,0.426,20,19,51,51,18,14,7.0,-7.0,0,1
0021900094,2019-11-04,milwaukee bucks,minnesota timberwolves,134,106,0.538,0.359,24,20,57,47,17,15,28.0,-28.0,0,1
0021900095,2019-11-04,philadelphia 76ers,phoenix suns,109,114,0.472,0.532,21,24,38,40,20,19,-5.0,5.0,0,0
0021900096,2019-11-04,golden state warriors,portland trail blazers,127,118,0.488,0.448,28,16,47,44,10,6,9.0,-9.0,1,1
0021900097,2019-11-05,charlotte hornets,indiana pacers,122,120,0.477,0.543,22,27,37,43,13,18,2.0,-2.0,1,1
0021900098,2019-11-05,boston celtics,cleveland cavaliers,119,113,0.565,0.421,24,22,45,43,14,9,6.0,-6.0,0,1
0021900099,2019-11-05,atlanta hawks,san antonio spurs,108,100,0.478,0.418,22,18,48,41,18,15,8.0,-8.0,1,1
0021900100,2019-11-05,chicago bulls,los angeles lakers,112,118,0.506,0.489,22,26,42,49,16,15,-6.0,6.0,1,0
0021900101,2019-11-05,oklahoma city thunder,orlando magic,102,94,0.43,0.39,21,15,38,53,9,14,8.0,-8.0,1,1
0021900102,2019-11-05,denver nuggets,miami heat,109,89,0.523,0.364,35,23,47,44,19,13,20.0,-20.0,1,1
0021900103,2019-11-06,detroit pistons,new york knicks,122,102,0.557,0.488,37,24,43,30,16,13,20.0,-20.0,1,1
0021900104,2019-11-06,indiana pacers,washington wizards,121,106,0.468,0.389,35,24,48,48,13,16,15.0,-15.0,1,1
0021900105,2019-11-06,atlanta hawks,chicago bulls,93,113,0.405,0.5,18,26,41,43,24,17,-20.0,20.0,1,0
0021900106,2019-11-06,sacramento kings,toronto raptors,120,124,0.442,0.551,23,28,43,37,14,14,-4.0,4.0,0,0
0021900107,2019-11-06,golden state warriors,houston rockets,112,129,0.396,0.495,22,31,51,50,10,12,-17.0,17.0,0,0
0021900108,2019-11-06,memphis grizzlies,minnesota timberwolves,137,121,0.568,0.448,34,29,49,36,17,11,16.0,-16.0,1,1
0021900109,2019-11-06,dallas mavericks,orlando magic,107,106,0.429,0.488,20,25,43,44,17,18,1.0,-1.0,1,1
0021900110,2019-11-06,philadelphia 76ers,utah jazz,104,106,0.413,0.461,20,21,42,50,14,13,-2.0,2.0,0,0
0021900111,2019-11-06,la clippers,milwaukee bucks,124,129,0.418,0.429,21,18,54,54,19,15,-5.0,5.0,1,0
0021900112,2019-11-07,boston celtics,charlotte hornets,108,87,0.43,0.384,29,21,52,49,12,20,21.0,-21.0,0,1
0021900113,2019-11-07,oklahoma city thunder,san antonio spurs,112,121,0.525,0.543,26,32,31,47,13,13,-9.0,9.0,0,0
0021900114,2019-11-07,miami heat,phoenix suns,124,108,0.549,0.44,22,22,41,40,13,14,16.0,-16.0,0,1
0021900115,2019-11-07,la clippers,portland trail blazers,107,101,0.438,0.375,20,18,57,51,17,13,6.0,-6.0,1,1
0021900116,2019-11-08,detroit pistons,indiana pacers,106,112,0.453,0.518,27,23,40,44,15,12,-6.0,6.0,0,0
0021900117,2019-11-08,memphis grizzlies,orlando magic,86,118,0.372,0.473,23,24,36,57,18,9,-32.0,32.0,0,0
0021900118,2019-11-08,cleveland cavaliers,washington wizards,113,100,0.456,0.469,18,26,48,47,12,18,13.0,-13.0,0,1
0021900119,2019-11-08,atlanta hawks,sacramento kings,109,121,0.529,0.553,23,27,34,36,12,14,-12.0,12.0,1,0
0021900120,2019-11-08,golden state warriors,minnesota timberwolves,119,125,0.417,0.432,18,20,49,59,20,18,-6.0,6.0,0,0
0021900121,2019-11-08,new orleans pelicans,toronto raptors,104,122,0.404,0.441,21,27,53,53,18,17,-18.0,18.0,1,0
0021900122,2019-11-08,dallas mavericks,new york knicks,102,106,0.411,0.416,18,19,47,56,13,12,-4.0,4.0,1,0
0021900123,2019-11-08,denver nuggets,philadelphia 76ers,100,97,0.448,0.442,28,28,41,49,10,17,3.0,-3.0,1,1
0021900124,2019-11-08,milwaukee bucks,utah jazz,100,103,0.358,0.405,14,15,54,56,12,20,-3.0,3.0,0,0
0021900125,2019-11-08,brooklyn nets,portland trail blazers,119,115,0.414,0.412,18,11,51,48,9,10,4.0,-4.0,0,1
0021900126,2019-11-08,los angeles lakers,miami heat,95,80,0.449,0.35,30,18,48,37,18,12,15.0,-15.0,1,1
0021900127,2019-11-09,boston celtics,san antonio spurs,135,115,0.511,0.394,28,24,43,57,8,15,20.0,-20.0,0,1
0021900128,2019-11-09,charlotte hornets,new orleans pelicans,110,115,0.409,0.533,27,25,42,45,21,26,-5.0,5.0,1,0
0021900129,2019-11-09,chicago bulls,houston rockets,94,117,0.378,0.47,21,18,46,55,15,22,-23.0,23.0,1,0
0021900130,2019-11-09,dallas mavericks,memphis grizzlies,138,122,0.536,0.526,27,31,47,39,14,15,16.0,-16.0,0,1
0021900131,2019-11-09,golden state warriors,oklahoma city thunder,108,114,0.494,0.544,22,30,34,42,15,18,-6.0,6.0,0,0
0021900132,2019-11-10,denver nuggets,minnesota timberwolves,100,98,0.386,0.351,26,22,57,53,20,12,2.0,-2.0,0,1
0021900133,2019-11-10,indiana pacers,orlando magic,109,102,0.527,0.461,31,27,43,37,9,10,7.0,-7.0,0,1
0021900134,2019-11-10,charlotte hornets,philadelphia 76ers,106,114,0.452,0.548,22,29,31,49,13,20,-8.0,8.0,0,0
0021900135,2019-11-10,milwaukee bucks,oklahoma city thunder,121,119,0.566,0.495,27,31,48,35,22,15,2.0,-2.0,0,1
0021900136,2019-11-10,cleveland cavaliers,new york knicks,108,87,0.439,0.36,20,19,45,52,14,21,21.0,-21.0,0,1
0021900137,2019-11-10,brooklyn nets,phoenix suns,112,138,0.484,0.525,27,37,43,42,17,7,-26.0,26.0,0,0
0021900138,2019-11-10,atlanta hawks,portland trail blazers,113,124,0.404,0.433,21,19,48,61,16,17,-11.0,11.0,0,0
0021900139,2019-11-10,los angeles lakers,toronto raptors,104,113,0.436,0.483,31,26,51,43,12,13,-9.0,9.0,1,0
0021900140,2019-11-11,detroit pistons,minnesota timberwolves,114,120,0.448,0.506,25,25,39,45,17,16,-6.0,6.0,1,0
0021900141,2019-11-11,boston celtics,dallas mavericks,116,106,0.477,0.416,25,22,46,46,9,6,10.0,-10.0,1,1
0021900142,2019-11-11,houston rockets,new orleans pelicans,122,116,0.518,0.432,16,26,47,46,17,16,6.0,-6.0,0,1
0021900143,2019-11-11,memphis grizzlies,san antonio spurs,113,109,0.506,0.467,32,29,47,42,11,13,4.0,-4.0,0,1
0021900144,2019-11-11,golden state warriors,utah jazz,108,122,0.479,0.494,23,30,44,43,10,12,-14.0,14.0,1,0
0021900145,2019-11-11,la clippers,toronto raptors,98,88,0.37,0.4,25,25,66,38,19,15,10.0,-10.0,1,1
0021900146,2019-11-12,indiana pacers,oklahoma city thunder,111,85,0.489,0.354,21,19,50,40,14,15,26.0,-26.0,1,1
0021900147,2019-11-12,cleveland cavaliers,philadelphia 76ers,97,98,0.442,0.449,13,24,45,46,13,14,-1.0,1.0,0,0
0021900148,2019-11-12,detroit pistons,miami heat,108,117,0.436,0.532,27,34,32,42,16,19,-9.0,9.0,0,0
0021900149,2019-11-12,chicago bulls,new york knicks,120,102,0.506,0.409,22,27,46,38,19,18,18.0,-18.0,1,1
0021900150,2019-11-12,atlanta hawks,denver nuggets,125,121,0.53,0.442,30,31,45,40,14,3,4.0,-4.0,0,1
0021900151,2019-11-12,los angeles lakers,phoenix suns,123,115,0.537,0.473,39,32,44,39,9,11,8.0,-8.0,0,1
0021900152,2019-11-12,brooklyn nets,utah jazz,114,119,0.456,0.467,19,16,43,46,16,11,-5.0,5.0,0,0
0021900153,2019-11-12,portland trail blazers,sacramento kings,99,107,0.442,0.442,15,24,40,46,17,14,-8.0,8.0,0,0
0021900154,2019-11-13,charlotte hornets,memphis grizzlies,117,119,0.494,0.539,27,32,34,45,15,23,-2.0,2.0,1,0
0021900155,2019-11-13,orlando magic,philadelphia 76ers,112,97,0.442,0.44,27,25,48,47,13,15,15.0,-15.0,1,1
0021900156,2019-11-13,boston celtics,washington wizards,140,133,0.51,0.521,32,28,44,36,11,8,7.0,-7.0,1,1
0021900157,2019-11-13,houston rockets,la clippers,102,93,0.384,0.388,12,17,53,53,10,13,9.0,-9.0,1,1
0021900158,2019-11-13,minnesota timberwolves,san antonio spurs,129,114,0.495,0.489,25,24,50,44,10,11,15.0,-15.0,1,1
0021900159,2019-11-13,golden state warriors,los angeles lakers,94,120,0.404,0.539,29,31,33,51,17,19,-26.0,26.0,0,0
0021900160,2019-11-13,portland trail blazers,toronto raptors,106,114,0.396,0.457,24,20,43,50,12,12,-8.0,8.0,1,0
0021900161,2019-11-14,cleveland cavaliers,miami heat,97,108,0.424,0.544,18,31,41,41,18,18,-11.0,11.0,1,0
0021900162,2019-11-14,dallas mavericks,new york knicks,103,106,0.429,0.447,21,20,44,53,11,15,-3.0,3.0,0,0
0021900163,2019-11-14,chicago bulls,milwaukee bucks,115,124,0.409,0.477,25,24,45,58,20,22,-9.0,9.0,0,0
0021900164,2019-11-14,la clippers,new orleans pelicans,127,132,0.548,0.48,28,26,37,51,16,14,-5.0,5.0,0,0
0021900165,2019-11-14,atlanta hawks,phoenix suns,112,128,0.44,0.482,25,32,49,39,22,20,-16.0,16.0,0,0
0021900166,2019-11-14,brooklyn nets,denver nuggets,93,101,0.379,0.426,19,26,51,62,7,7,-8.0,8.0,0,0
0021900167,2019-11-15,charlotte hornets,detroit pistons,109,106,0.448,0.494,22,25,41,42,10,19,3.0,-3.0,1,1
0021900168,2019-11-15,orlando magic,san antonio spurs,111,109,0.414,0.506,22,23,48,41,10,11,2.0,-2.0,1,1
0021900169,2019-11-15,houston rockets,indiana pacers,111,102,0.404,0.451,12,24,44,42,8,16,9.0,-9.0,1,1
0021900170,2019-11-15,memphis grizzlies,utah jazz,107,106,0.448,0.402,25,17,46,45,11,14,1.0,-1.0,1,1
0021900171,2019-11-15,minnesota timberwolves,washington wizards,116,137,0.472,0.54,26,38,43,51,20,13,-21.0,21.0,1,0
0021900172,2019-11-15,oklahoma city thunder,philadelphia 76ers,127,119,0.539,0.5,22,24,36,43,13,14,8.0,-8.0,1,1
0021900173,2019-11-15,boston celtics,golden state warriors,105,100,0.407,0.415,24,17,47,55,14,19,5.0,-5.0,0,1
0021900174,2019-11-15,los angeles lakers,sacramento kings,99,97,0.42,0.439,22,24,41,43,13,17,2.0,-2.0,1,1
0021900175,2019-11-16,brooklyn nets,chicago bulls,117,111,0.455,0.352,30,15,40,56,15,19,6.0,-6.0,0,1
0021900176,2019-11-16,indiana pacers,milwaukee bucks,83,102,0.32,0.448,19,23,54,55,13,14,-19.0,19.0,1,0
0021900177,2019-11-16,charlotte hornets,new york knicks,103,102,0.414,0.453,22,22,42,48,10,11,1.0,-1.0,0,1
0021900178,2019-11-16,miami heat,new orleans pelicans,109,94,0.543,0.451,25,23,45,31,20,18,15.0,-15.0,1,1
0021900179,2019-11-16,houston rockets,minnesota timberwolves,125,105,0.457,0.452,15,23,42,46,12,18,20.0,-20.0,0,1
0021900180,2019-11-16,dallas mavericks,toronto raptors,110,102,0.42,0.416,24,21,55,42,12,14,8.0,-8.0,1,1
0021900181,2019-11-16,portland trail blazers,san antonio spurs,121,116,0.452,0.466,21,25,48,43,12,10,5.0,-5.0,0,1
0021900182,2019-11-16,atlanta hawks,la clippers,101,150,0.378,0.538,19,30,38,53,19,19,-49.0,49.0,0,0
0021900183,2019-11-17,cleveland cavaliers,philadelphia 76ers,95,114,0.378,0.548,14,33,42,44,14,13,-19.0,19.0,1,0
0021900184,2019-11-17,boston celtics,sacramento kings,99,100,0.415,0.427,26,22,46,45,14,12,-1.0,1.0,0,0
0021900185,2019-11-17,orlando magic,washington wizards,125,121,0.494,0.474,25,31,52,38,14,9,4.0,-4.0,1,1
0021900186,2019-11-17,denver nuggets,memphis grizzlies,131,114,0.551,0.464,36,29,39,45,12,16,17.0,-17.0,0,1
0021900187,2019-11-17,golden state warriors,new orleans pelicans,100,108,0.407,0.416,23,24,43,48,10,13,-8.0,8.0,0,0
0021900188,2019-11-17,atlanta hawks,los angeles lakers,101,122,0.43,0.528,16,26,37,42,18,16,-21.0,21.0,0,0
0021900189,2019-11-18,cleveland cavaliers,new york knicks,105,123,0.474,0.449,18,17,41,47,19,7,-18.0,18.0,0,0
0021900190,2019-11-18,brooklyn nets,indiana pacers,86,115,0.357,0.436,18,26,40,63,9,10,-29.0,29.0,1,0
0021900191,2019-11-18,charlotte hornets,toronto raptors,96,132,0.423,0.515,26,40,37,53,19,10,-36.0,36.0,0,0
0021900192,2019-11-18,chicago bulls,milwaukee bucks,101,115,0.402,0.463,25,24,50,48,14,15,-14.0,14.0,1,0
0021900193,2019-11-18,houston rockets,portland trail blazers,132,108,0.47,0.417,24,28,58,44,16,17,24.0,-24.0,1,1
0021900194,2019-11-18,dallas mavericks,san antonio spurs,117,110,0.5,0.458,28,18,41,48,13,9,7.0,-7.0,1,1
0021900195,2019-11-18,boston celtics,phoenix suns,99,85,0.416,0.402,22,22,52,45,17,19,14.0,-14.0,0,1
0021900196,2019-11-18,minnesota timberwolves,utah jazz,112,102,0.461,0.365,22,20,51,53,15,14,10.0,-10.0,0,1
0021900197,2019-11-18,la clippers,oklahoma city thunder,90,88,0.402,0.373,23,17,49,45,17,17,2.0,-2.0,1,1
0021900198,2019-11-19,golden state warriors,memphis grizzlies,114,95,0.478,0.409,33,26,51,37,14,12,19.0,-19.0,0,1
0021900199,2019-11-19,new orleans pelicans,portland trail blazers,115,104,0.441,0.435,24,20,53,48,13,17,11.0,-11.0,1,1
0021900200,2019-11-19,phoenix suns,sacramento kings,116,120,0.427,0.532,24,28,39,43,10,18,-4.0,4.0,0,0
0021900201,2019-11-19,los angeles lakers,oklahoma city thunder,112,107,0.483,0.475,29,22,46,39,16,15,5.0,-5.0,1,1
0021900202,2019-11-20,new york knicks,philadelphia 76ers,104,109,0.476,0.438,17,30,42,44,14,10,-5.0,5.0,0,0
0021900203,2019-11-20,san antonio spurs,washington wizards,132,138,0.527,0.587,32,37,41,38,12,17,-6.0,6.0,0,0
0021900204,2019-11-20,atlanta hawks,milwaukee bucks,127,135,0.458,0.529,27,25,43,46,13,19,-8.0,8.0,1,0
0021900205,2019-11-20,brooklyn nets,charlotte hornets,101,91,0.4,0.37,19,17,53,41,15,16,10.0,-10.0,1,1
0021900206,2019-11-20,cleveland cavaliers,miami heat,100,124,0.425,0.526,19,25,34,44,19,23,-24.0,24.0,0,0
0021900207,2019-11-20,orlando magic,toronto raptors,97,113,0.385,0.517,26,26,43,47,11,11,-16.0,16.0,0,0
0021900208,2019-11-20,dallas mavericks,golden state warriors,142,94,0.567,0.389,33,18,50,34,11,9,48.0,-48.0,1,1
0021900209,2019-11-20,chicago bulls,detroit pistons,109,89,0.429,0.337,25,23,55,46,14,16,20.0,-20.0,1,1
0021900210,2019-11-20,minnesota timberwolves,utah jazz,95,103,0.393,0.407,13,22,51,51,13,11,-8.0,8.0,1,0
0021900211,2019-11-20,denver nuggets,houston rockets,105,95,0.468,0.421,29,19,48,43,14,20,10.0,-10.0,1,1
0021900212,2019-11-20,boston celtics,la clippers,104,107,0.394,0.419,26,26,53,53,17,23,-3.0,3.0,0,0
0021900213,2019-11-21,milwaukee bucks,portland trail blazers,137,129,0.472,0.485,32,32,58,41,12,8,8.0,-8.0,1,1
0021900214,2019-11-21,new orleans pelicans,phoenix suns,124,121,0.534,0.465,28,28,44,38,17,14,3.0,-3.0,0,1
0021900215,2019-11-22,atlanta hawks,detroit pistons,103,128,0.432,0.598,26,30,34,42,19,18,-25.0,25.0,0,0
0021900216,2019-11-22,charlotte hornets,washington wizards,118,125,0.516,0.527,24,34,44,41,16,11,-7.0,7.0,0,0
0021900217,2019-11-22,brooklyn nets,sacramento kings,116,97,0.506,0.453,22,26,48,33,18,16,19.0,-19.0,1,1
0021900218,2019-11-22,philadelphia 76ers,san antonio spurs,115,104,0.517,0.506,32,21,51,32,15,11,11.0,-11.0,1,1
0021900219,2019-11-22,chicago bulls,miami heat,108,116,0.456,0.494,23,33,41,44,13,19,-8.0,8.0,1,0
0021900220,2019-11-22,los angeles lakers,oklahoma city thunder,130,127,0.511,0.527,32,28,45,37,15,11,3.0,-3.0,0,1
0021900221,2019-11-22,cleveland cavaliers,dallas mavericks,101,143,0.43,0.58,23,31,34,49,10,5,-42.0,42.0,0,0
0021900222,2019-11-22,boston celtics,denver nuggets,92,96,0.407,0.443,21,24,40,48,11,17,-4.0,4.0,0,0
0021900223,2019-11-22,golden state warriors,utah jazz,109,113,0.457,0.506,28,23,37,48,8,17,-4.0,4.0,0,0
0021900224,2019-11-22,houston rockets,la clippers,119,122,0.464,0.517,22,27,43,47,15,19,-3.0,3.0,0,0
0021900225,2019-11-23,minnesota timberwolves,phoenix suns,98,100,0.418,0.344,26,22,57,56,14,7,-2.0,2.0,1,0
0021900226,2019-11-23,charlotte hornets,chicago bulls,115,116,0.55,0.453,26,27,43,39,19,13,-1.0,1.0,1,0
0021900227,2019-11-23,indiana pacers,orlando magic,111,106,0.544,0.467,26,24,42,33,19,13,5.0,-5.0,1,1
0021900228,2019-11-23,atlanta hawks,toronto raptors,116,119,0.522,0.455,32,22,38,42,15,15,-3.0,3.0,1,0
0021900229,2019-11-23,new york knicks,san antonio spurs,104,111,0.43,0.533,30,26,37,47,11,22,-7.0,7.0,1,0
0021900230,2019-11-23,miami heat,philadelphia 76ers,86,113,0.4,0.506,12,28,38,44,17,14,-27.0,27.0,0,0
0021900231,2019-11-23,cleveland cavaliers,portland trail blazers,110,104,0.425,0.448,19,21,52,38,13,10,6.0,-6.0,1,1
0021900232,2019-11-23,los angeles lakers,memphis grizzlies,109,108,0.452,0.483,19,28,40,47,16,19,1.0,-1.0,0,1
0021900233,2019-11-23,detroit pistons,milwaukee bucks,90,104,0.407,0.488,22,25,40,49,15,21,-14.0,14.0,0,0
0021900234,2019-11-23,new orleans pelicans,utah jazz,120,128,0.416,0.512,21,29,38,49,10,17,-8.0,8.0,0,0
0021900235,2019-11-24,dallas mavericks,houston rockets,137,123,0.48,0.459,28,26,46,54,12,11,14.0,-14.0,0,1
0021900236,2019-11-24,brooklyn nets,new york knicks,103,101,0.403,0.463,18,22,35,43,11,16,2.0,-2.0,0,1
0021900237,2019-11-24,sacramento kings,washington wizards,113,106,0.481,0.457,22,29,39,45,13,16,7.0,-7.0,0,1
0021900238,2019-11-24,denver nuggets,phoenix suns,116,104,0.473,0.5,24,25,52,36,10,12,12.0,-12.0,1,1
0021900239,2019-11-24,la clippers,new orleans pelicans,134,109,0.469,0.439,27,26,56,45,6,9,25.0,-25.0,1,1
0021900240,2019-11-25,brooklyn nets,cleveland cavaliers,108,106,0.468,0.426,29,24,48,45,9,10,2.0,-2.0,0,1
0021900241,2019-11-25,detroit pistons,orlando magic,103,88,0.43,0.381,23,15,49,41,13,9,15.0,-15.0,1,1
0021900242,2019-11-25,indiana pacers,memphis grizzlies,126,114,0.543,0.479,29,30,47,40,13,8,12.0,-12.0,1,1
0021900243,2019-11-25,atlanta hawks,minnesota timberwolves,113,125,0.436,0.456,26,27,42,47,17,13,-12.0,12.0,1,0
0021900244,2019-11-25,boston celtics,sacramento kings,103,102,0.447,0.468,20,28,38,36,11,14,1.0,-1.0,1,1
0021900245,2019-11-25,charlotte hornets,miami heat,100,117,0.414,0.519,25,29,35,49,13,18,-17.0,17.0,0,0
0021900246,2019-11-25,philadelphia 76ers,toronto raptors,96,101,0.409,0.452,25,27,51,40,16,10,-5.0,5.0,0,0
0021900247,2019-11-25,chicago bulls,portland trail blazers,94,117,0.419,0.517,24,23,37,55,17,15,-23.0,23.0,1,0
0021900248,2019-11-25,milwaukee bucks,utah jazz,122,118,0.443,0.506,21,29,49,40,9,16,4.0,-4.0,1,1
0021900249,2019-11-25,los angeles lakers,san antonio spurs,114,104,0.494,0.466,28,23,40,41,9,13,10.0,-10.0,0,1
0021900250,2019-11-25,golden state warriors,oklahoma city thunder,97,100,0.416,0.471,27,26,41,43,12,15,-3.0,3.0,1,0
0021900251,2019-11-26,dallas mavericks,la clippers,99,114,0.38,0.423,16,22,46,56,20,14,-15.0,15.0,1,0
0021900252,2019-11-26,denver nuggets,washington wizards,117,104,0.522,0.421,31,26,58,36,20,12,13.0,-13.0,1,1
0021900253,2019-11-27,boston celtics,brooklyn nets,121,110,0.443,0.444,23,32,55,38,14,15,11.0,-11.0,1,1
0021900254,2019-11-27,charlotte hornets,detroit pistons,102,101,0.443,0.466,27,23,41,46,3,8,1.0,-1.0,1,1
0021900255,2019-11-27,cleveland cavaliers,orlando magic,104,116,0.457,0.484,20,23,49,34,25,11,-12.0,12.0,1,0
0021900256,2019-11-27,indiana pacers,utah jazz,121,102,0.521,0.434,23,19,42,40,12,16,19.0,-19.0,1,1
0021900257,2019-11-27,philadelphia 76ers,sacramento kings,97,91,0.468,0.411,20,22,49,42,17,11,6.0,-6.0,1,1
0021900258,2019-11-27,new york knicks,toronto raptors,98,126,0.375,0.489,19,26,45,52,18,12,-28.0,28.0,0,0
0021900259,2019-11-27,houston rockets,miami heat,117,108,0.458,0.463,19,22,43,41,15,18,9.0,-9.0,1,1
0021900260,2019-11-27,la clippers,memphis grizzlies,121,119,0.463,0.467,30,26,43,48,15,20,2.0,-2.0,0,1
0021900261,2019-11-27,atlanta hawks,milwaukee bucks,102,111,0.404,0.477,22,25,49,47,17,14,-9.0,9.0,0,0
0021900262,2019-11-27,minnesota timberwolves,san antonio spurs,113,101,0.435,0.423,28,25,53,46,11,6,12.0,-12.0,0,1
0021900263,2019-11-27,phoenix suns,washington wizards,132,140,0.516,0.573,29,32,40,34,15,14,-8.0,8.0,1,0
0021900264,2019-11-27,los angeles lakers,new orleans pelicans,114,110,0.518,0.405,25,20,37,42,15,19,4.0,-4.0,0,1
0021900265,2019-11-27,oklahoma city thunder,portland trail blazers,119,136,0.443,0.521,19,23,38,54,6,9,-17.0,17.0,0,0
0021900266,2019-11-27,chicago bulls,golden state warriors,90,104,0.382,0.457,20,31,42,54,17,20,-14.0,14.0,0,0
0021900267,2019-11-29,boston celtics,brooklyn nets,107,112,0.441,0.462,16,30,48,49,19,18,-5.0,5.0,0,0
0021900268,2019-11-29,charlotte hornets,detroit pistons,110,107,0.482,0.494,26,27,37,45,10,13,3.0,-3.0,0,1
0021900269,2019-11-29,orlando magic,toronto raptors,83,90,0.346,0.369,17,21,52,46,22,13,-7.0,7.0,1,0
0021900270,2019-11-29,cleveland cavaliers,milwaukee bucks,110,119,0.5,0.511,32,28,41,47,14,13,-9.0,9.0,1,0
0021900271,2019-11-29,new york knicks,philadelphia 76ers,95,101,0.436,0.431,14,22,37,46,14,16,-6.0,6.0,1,0
0021900272,2019-11-29,atlanta hawks,indiana pacers,104,105,0.433,0.424,14,19,48,42,24,15,-1.0,1.0,0,0
0021900273,2019-11-29,golden state warriors,miami heat,105,122,0.39,0.537,19,23,31,49,9,15,-17.0,17.0,0,0
0021900274,2019-11-29,memphis grizzlies,utah jazz,94,103,0.394,0.4,22,18,55,52,11,5,-9.0,9.0,1,0
0021900275,2019-11-29,new orleans pelicans,oklahoma city thunder,104,109,0.448,0.478,19,27,44,42,13,11,-5.0,5.0,0,0
0021900276,2019-11-29,la clippers,san antonio spurs,97,107,0.391,0.43,23,28,48,48,14,9,-10.0,10.0,0,0
0021900277,2019-11-29,dallas mavericks,phoenix suns,120,113,0.412,0.441,20,29,47,47,8,10,7.0,-7.0,0,1
0021900278,2019-11-29,chicago bulls,portland trail blazers,103,107,0.383,0.452,24,20,47,49,11,13,-4.0,4.0,0,0
0021900279,2019-11-29,los angeles lakers,washington wizards,125,103,0.517,0.396,29,25,47,45,18,17,22.0,-22.0,1,1
0021900280,2019-11-30,denver nuggets,sacramento kings,97,100,0.414,0.385,23,22,48,50,16,14,-3.0,3.0,0,0
0021900281,2019-11-30,indiana pacers,philadelphia 76ers,116,119,0.553,0.494,22,27,31,32,19,12,-3.0,3.0,0,0
0021900282,2019-11-30,atlanta hawks,houston rockets,111,158,0.427,0.584,26,30,29,52,13,15,-47.0,47.0,0,0
0021900283,2019-11-30,charlotte hornets,milwaukee bucks,96,137,0.366,0.563,21,41,53,53,12,7,-41.0,41.0,0,0
0021900284,2019-12-01,brooklyn nets,miami heat,106,109,0.44,0.389,24,16,48,51,12,9,-3.0,3.0,1,0
0021900285,2019-12-01,boston celtics,new york knicks,113,104,0.441,0.461,25,15,44,39,13,14,9.0,-9.0,0,1
0021900286,2019-12-01,memphis grizzlies,minnesota timberwolves,115,107,0.41,0.388,27,22,50,53,11,16,8.0,-8.0,0,1
0021900287,2019-12-01,dallas mavericks,los angeles lakers,114,100,0.433,0.46,24,25,51,45,13,17,14.0,-14.0,0,1
0021900288,2019-12-01,detroit pistons,san antonio spurs,132,98,0.591,0.409,33,20,50,31,15,8,34.0,-34.0,1,1
0021900289,2019-12-01,new orleans pelicans,oklahoma city thunder,104,107,0.448,0.469,22,19,41,47,11,11,-3.0,3.0,1,0
0021900290,2019-12-01,golden state warriors,orlando magic,96,100,0.396,0.425,21,21,46,48,10,12,-4.0,4.0,0,0
0021900291,2019-12-01,toronto raptors,utah jazz,130,110,0.522,0.422,36,21,43,51,14,18,20.0,-20.0,1,1
0021900292,2019-12-01,la clippers,washington wizards,150,125,0.553,0.461,22,32,52,43,16,14,25.0,-25.0,1,1
0021900293,2019-12-02,charlotte hornets,phoenix suns,104,109,0.452,0.443,27,30,53,37,19,7,-5.0,5.0,1,0
0021900294,2019-12-02,philadelphia 76ers,utah jazz,103,94,0.407,0.469,24,23,47,42,14,19,9.0,-9.0,1,1
0021900295,2019-12-02,atlanta hawks,golden state warriors,104,79,0.461,0.398,21,17,38,46,14,23,25.0,-25.0,1,1
0021900296,2019-12-02,indiana pacers,memphis grizzlies,117,104,0.5,0.427,31,23,44,38,15,11,13.0,-13.0,0,1
0021900297,2019-12-02,milwaukee bucks,new york knicks,132,88,0.558,0.308,30,13,57,42,13,10,44.0,-44.0,1,1
0021900298,2019-12-02,chicago bulls,sacramento kings,113,106,0.48,0.482,20,22,32,41,18,18,7.0,-7.0,0,1
0021900299,2019-12-03,cleveland cavaliers,detroit pistons,94,127,0.422,0.543,16,33,40,46,13,10,-33.0,33.0,1,0
0021900300,2019-12-03,orlando magic,washington wizards,127,120,0.511,0.506,26,22,48,38,13,10,7.0,-7.0,0,1
0021900301,2019-12-03,miami heat,toronto raptors,121,110,0.455,0.385,29,25,55,48,11,11,11.0,-11.0,0,1
0021900302,2019-12-03,dallas mavericks,new orleans pelicans,118,97,0.432,0.404,22,20,51,47,10,11,21.0,-21.0,0,1
0021900303,2019-12-03,houston rockets,san antonio spurs,133,135,0.378,0.472,22,35,60,56,17,20,-2.0,2.0,0,0
0021900304,2019-12-03,denver nuggets,los angeles lakers,96,105,0.407,0.464,26,24,35,56,11,16,-9.0,9.0,1,0
0021900305,2019-12-03,la clippers,portland trail blazers,117,97,0.457,0.429,25,20,49,49,10,13,20.0,-20.0,1,1
0021900306,2019-12-04,charlotte hornets,golden state warriors,106,91,0.46,0.462,30,18,44,37,13,16,15.0,-15.0,1,1
0021900307,2019-12-04,detroit pistons,milwaukee bucks,103,127,0.419,0.489,25,25,40,55,11,14,-24.0,24.0,1,0
0021900308,2019-12-04,orlando magic,phoenix suns,128,114,0.576,0.489,27,36,45,29,19,13,14.0,-14.0,1,1
0021900309,2019-12-04,atlanta hawks,brooklyn nets,118,130,0.533,0.495,24,26,35,53,16,15,-12.0,12.0,1,0
0021900310,2019-12-04,boston celtics,miami heat,112,93,0.443,0.442,21,20,46,40,10,18,19.0,-19.0,1,1
0021900311,2019-12-04,chicago bulls,memphis grizzlies,106,99,0.429,0.385,22,24,50,46,20,12,7.0,-7.0,1,1
0021900312,2019-12-04,indiana pacers,oklahoma city thunder,107,100,0.483,0.488,19,25,39,37,8,11,7.0,-7.0,0,1
0021900313,2019-12-04,dallas mavericks,minnesota timberwolves,121,114,0.5,0.416,24,23,45,44,8,12,7.0,-7.0,1,1
0021900314,2019-12-04,los angeles lakers,utah jazz,121,96,0.511,0.41,27,20,46,40,7,18,25.0,-25.0,0,1
0021900315,2019-12-04,portland trail blazers,sacramento kings,127,116,0.56,0.463,28,26,43,44,12,10,11.0,-11.0,1,1
0021900316,2019-12-05,philadelphia 76ers,washington wizards,113,119,0.532,0.456,25,25,44,41,21,11,-6.0,6.0,0,0
0021900317,2019-12-05,denver nuggets,new york knicks,129,92,0.563,0.41,38,23,48,33,13,14,37.0,-37.0,0,1
0021900318,2019-12-05,houston rockets,toronto raptors,119,109,0.408,0.432,29,27,54,45,22,17,10.0,-10.0,0,1
0021900319,2019-12-05,new orleans pelicans,phoenix suns,132,139,0.506,0.472,27,30,40,51,23,18,-7.0,7.0,1,0
0021900320,2019-12-06,brooklyn nets,charlotte hornets,111,104,0.477,0.434,35,23,49,34,16,19,7.0,-7.0,0,1
0021900321,2019-12-06,cleveland cavaliers,orlando magic,87,93,0.422,0.39,22,19,45,43,16,17,-6.0,6.0,1,0
0021900322,2019-12-06,detroit pistons,indiana pacers,108,101,0.448,0.458,21,24,51,33,17,11,7.0,-7.0,1,1
0021900323,2019-12-06,boston celtics,denver nuggets,108,95,0.537,0.415,21,18,37,41,15,12,13.0,-13.0,1,1
0021900324,2019-12-06,miami heat,washington wizards,112,103,0.488,0.429,28,29,50,39,12,11,9.0,-9.0,1,1
0021900325,2019-12-06,chicago bulls,golden state warriors,98,100,0.443,0.535,21,24,37,39,14,19,-2.0,2.0,1,0
0021900326,2019-12-06,minnesota timberwolves,oklahoma city thunder,127,139,0.521,0.557,25,19,36,39,13,10,-12.0,12.0,0,0
0021900327,2019-12-06,la clippers,milwaukee bucks,91,119,0.351,0.468,18,29,48,53,21,15,-28.0,28.0,0,0
0021900328,2019-12-06,sacramento kings,san antonio spurs,104,105,0.392,0.427,19,25,52,52,14,16,-1.0,1.0,0,0
0021900329,2019-12-06,los angeles lakers,portland trail blazers,136,113,0.541,0.453,26,20,45,34,16,15,23.0,-23.0,0,1
0021900330,2019-12-07,dallas mavericks,new orleans pelicans,130,84,0.535,0.36,25,17,55,34,12,14,46.0,-46.0,1,1
0021900331,2019-12-07,indiana pacers,new york knicks,104,103,0.482,0.406,26,24,42,52,16,11,1.0,-1.0,0,1
0021900332,2019-12-07,cleveland cavaliers,philadelphia 76ers,94,141,0.375,0.633,20,43,35,51,17,8,-47.0,47.0,0,0
0021900333,2019-12-07,houston rockets,phoenix suns,115,109,0.451,0.417,21,29,51,51,15,15,6.0,-6.0,1,1
0021900334,2019-12-07,memphis grizzlies,utah jazz,112,126,0.531,0.563,23,32,28,41,14,22,-14.0,14.0,0,0
0021900335,2019-12-08,brooklyn nets,denver nuggets,105,102,0.46,0.404,25,25,48,37,11,12,3.0,-3.0,1,1
0021900336,2019-12-08,atlanta hawks,charlotte hornets,122,107,0.484,0.4,28,22,48,44,13,11,15.0,-15.0,0,1
0021900337,2019-12-08,chicago bulls,miami heat,105,110,0.438,0.416,20,20,39,43,14,17,-5.0,5.0,0,0
0021900338,2019-12-08,philadelphia 76ers,toronto raptors,110,104,0.506,0.432,31,21,40,42,18,18,6.0,-6.0,1,1
0021900339,2019-12-08,la clippers,washington wizards,135,119,0.521,0.455,27,28,45,38,10,13,16.0,-16.0,0,1
0021900340,2019-12-08,dallas mavericks,sacramento kings,106,110,0.477,0.518,24,24,40,35,12,8,-4.0,4.0,1,0
0021900341,2019-12-08,oklahoma city thunder,portland trail blazers,108,96,0.412,0.36,12,16,54,51,10,8,12.0,-12.0,0,1
0021900342,2019-12-08,los angeles lakers,minnesota timberwolves,142,125,0.585,0.524,32,27,41,31,10,15,17.0,-17.0,1,1
0021900343,2019-12-09,indiana pacers,la clippers,99,110,0.351,0.412,16,19,56,56,13,10,-11.0,11.0,1,0
0021900344,2019-12-09,boston celtics,cleveland cavaliers,110,88,0.577,0.396,22,18,39,45,18,18,22.0,-22.0,1,1
0021900345,2019-12-09,chicago bulls,toronto raptors,92,93,0.393,0.378,30,19,45,54,14,15,-1.0,1.0,1,0
0021900346,2019-12-09,houston rockets,sacramento kings,118,119,0.488,0.455,25,24,51,37,19,9,-1.0,1.0,1,0
0021900347,2019-12-09,milwaukee bucks,orlando magic,110,101,0.467,0.38,30,24,54,44,14,12,9.0,-9.0,1,1
0021900348,2019-12-09,detroit pistons,new orleans pelicans,105,103,0.424,0.44,15,24,46,45,18,12,2.0,-2.0,0,1
0021900349,2019-12-09,minnesota timberwolves,phoenix suns,109,125,0.471,0.495,14,31,45,42,16,9,-16.0,16.0,0,0
0021900350,2019-12-09,oklahoma city thunder,utah jazz,104,90,0.471,0.404,21,19,46,48,10,14,14.0,-14.0,0,1
0021900351,2019-12-09,golden state warriors,memphis grizzlies,102,110,0.376,0.5,23,29,46,42,15,18,-8.0,8.0,1,0
0021900352,2019-12-10,charlotte hornets,washington wizards,114,107,0.447,0.422,22,27,48,45,13,10,7.0,-7.0,1,1
0021900353,2019-12-10,denver nuggets,philadelphia 76ers,92,97,0.435,0.416,29,24,38,49,13,15,-5.0,5.0,0,0
0021900354,2019-12-10,atlanta hawks,miami heat,121,135,0.474,0.515,30,35,37,53,11,11,-14.0,14.0,0,0
0021900355,2019-12-10,new york knicks,portland trail blazers,87,115,0.352,0.433,16,20,47,58,11,12,-28.0,28.0,0,0
0021900356,2019-12-11,cleveland cavaliers,houston rockets,110,116,0.517,0.494,29,18,36,36,15,13,-6.0,6.0,1,0
0021900357,2019-12-11,boston celtics,indiana pacers,117,122,0.494,0.482,25,27,44,36,15,10,-5.0,5.0,0,0
0021900358,2019-12-11,los angeles lakers,orlando magic,96,87,0.425,0.42,20,20,49,41,13,14,9.0,-9.0,0,1
0021900359,2019-12-11,la clippers,toronto raptors,112,92,0.442,0.352,29,21,50,47,18,18,20.0,-20.0,0,1
0021900360,2019-12-11,brooklyn nets,charlotte hornets,108,113,0.432,0.409,20,20,52,47,12,8,-5.0,5.0,1,0
0021900361,2019-12-11,atlanta hawks,chicago bulls,102,136,0.422,0.574,26,32,41,42,23,13,-34.0,34.0,0,0
0021900362,2019-12-11,minnesota timberwolves,utah jazz,116,127,0.44,0.566,18,23,42,45,11,15,-11.0,11.0,1,0
0021900363,2019-12-11,memphis grizzlies,phoenix suns,115,108,0.483,0.398,23,29,55,44,18,12,7.0,-7.0,0,1
0021900364,2019-12-11,milwaukee bucks,new orleans pelicans,127,112,0.538,0.443,27,29,43,42,14,21,15.0,-15.0,1,1
0021900365,2019-12-11,oklahoma city thunder,sacramento kings,93,94,0.43,0.443,24,12,43,41,15,15,-1.0,1.0,0,0
0021900366,2019-12-11,golden state warriors,new york knicks,122,124,0.433,0.478,27,25,46,58,8,18,-2.0,2.0,1,0
0021900367,2019-12-12,boston celtics,philadelphia 76ers,109,115,0.462,0.5,24,27,33,45,6,11,-6.0,6.0,1,0
0021900368,2019-12-12,cleveland cavaliers,san antonio spurs,117,109,0.458,0.488,22,19,50,36,18,12,8.0,-8.0,0,1
0021900369,2019-12-12,dallas mavericks,detroit pistons,122,111,0.511,0.449,25,23,52,34,11,7,11.0,-11.0,0,1
0021900370,2019-12-12,denver nuggets,portland trail blazers,114,99,0.477,0.477,25,22,48,35,10,8,15.0,-15.0,1,1
0021900371,2019-12-13,houston rockets,orlando magic,130,107,0.558,0.44,21,24,42,37,9,6,23.0,-23.0,0,1
0021900372,2019-12-13,new orleans pelicans,philadelphia 76ers,109,116,0.432,0.494,24,24,45,47,9,9,-7.0,7.0,0,0
0021900373,2019-12-13,atlanta hawks,indiana pacers,100,110,0.415,0.5,24,28,50,46,15,14,-10.0,10.0,1,0
0021900374,2019-12-13,los angeles lakers,miami heat,113,110,0.494,0.459,26,24,50,34,19,8,3.0,-3.0,0,1
0021900375,2019-12-13,charlotte hornets,chicago bulls,83,73,0.38,0.3,21,20,60,45,20,12,10.0,-10.0,0,1
0021900376,2019-12-13,memphis grizzlies,milwaukee bucks,114,127,0.388,0.506,27,22,45,55,13,17,-13.0,13.0,1,0
0021900377,2019-12-13,la clippers,minnesota timberwolves,124,117,0.494,0.447,16,17,45,39,19,18,7.0,-7.0,0,1
0021900378,2019-12-13,new york knicks,sacramento kings,103,101,0.463,0.47,24,19,48,41,8,13,2.0,-2.0,0,1
0021900379,2019-12-13,golden state warriors,utah jazz,106,114,0.451,0.468,19,22,48,43,12,13,-8.0,8.0,0,0
0021900380,2019-12-14,phoenix suns,san antonio spurs,119,121,0.437,0.415,29,23,59,62,10,11,-2.0,2.0,1,0
0021900381,2019-12-14,brooklyn nets,toronto raptors,102,110,0.386,0.388,24,21,59,51,20,11,-8.0,8.0,0,0
0021900382,2019-12-14,chicago bulls,la clippers,109,106,0.471,0.438,21,20,50,40,17,15,3.0,-3.0,1,1
0021900383,2019-12-14,memphis grizzlies,washington wizards,128,111,0.571,0.424,32,22,46,34,23,18,17.0,-17.0,1,1
0021900384,2019-12-14,dallas mavericks,miami heat,118,122,0.446,0.429,30,27,48,49,11,8,-4.0,4.0,1,0
0021900385,2019-12-14,cleveland cavaliers,milwaukee bucks,108,125,0.456,0.541,27,26,45,41,18,12,-17.0,17.0,0,0
0021900386,2019-12-14,detroit pistons,houston rockets,115,107,0.446,0.402,27,18,55,46,14,11,8.0,-8.0,0,1
0021900387,2019-12-14,denver nuggets,oklahoma city thunder,110,102,0.506,0.469,30,22,44,37,15,15,8.0,-8.0,1,1
0021900388,2019-12-15,new orleans pelicans,orlando magic,119,130,0.534,0.517,34,32,40,39,17,9,-11.0,11.0,1,0
0021900389,2019-12-15,charlotte hornets,indiana pacers,85,107,0.308,0.455,18,30,56,51,10,9,-22.0,22.0,0,0
0021900390,2019-12-15,atlanta hawks,los angeles lakers,96,101,0.36,0.429,18,21,42,56,19,22,-5.0,5.0,1,0
0021900391,2019-12-15,brooklyn nets,philadelphia 76ers,109,89,0.457,0.43,22,19,51,38,16,16,20.0,-20.0,1,1
0021900392,2019-12-15,denver nuggets,new york knicks,111,105,0.468,0.468,27,20,48,47,9,11,6.0,-6.0,1,1
0021900393,2019-12-15,golden state warriors,sacramento kings,79,100,0.395,0.603,24,27,25,38,20,27,-21.0,21.0,1,0
0021900394,2019-12-16,detroit pistons,washington wizards,119,133,0.477,0.557,29,31,36,35,14,15,-14.0,14.0,1,0
0021900395,2019-12-16,cleveland cavaliers,toronto raptors,113,133,0.489,0.584,30,31,39,41,10,7,-20.0,20.0,0,0
0021900396,2019-12-16,houston rockets,san antonio spurs,109,107,0.408,0.429,20,23,58,53,12,18,2.0,-2.0,1,1
0021900397,2019-12-16,memphis grizzlies,miami heat,118,111,0.488,0.457,28,22,45,35,15,14,7.0,-7.0,1,1
0021900398,2019-12-16,dallas mavericks,milwaukee bucks,120,116,0.466,0.419,27,29,52,52,14,8,4.0,-4.0,0,1
0021900399,2019-12-16,chicago bulls,oklahoma city thunder,106,109,0.494,0.507,27,21,31,42,13,26,-3.0,3.0,0,0
0021900400,2019-12-16,phoenix suns,portland trail blazers,110,111,0.456,0.476,31,21,44,41,20,20,-1.0,1.0,1,0
0021900401,2019-12-17,charlotte hornets,sacramento kings,110,102,0.481,0.418,26,23,51,33,16,10,8.0,-8.0,1,1
0021900402,2019-12-17,indiana pacers,los angeles lakers,105,102,0.482,0.473,22,28,43,42,12,13,3.0,-3.0,1,1
0021900403,2019-12-17,atlanta hawks,new york knicks,120,143,0.455,0.558,20,30,36,55,10,11,-23.0,23.0,0,0
0021900404,2019-12-17,brooklyn nets,new orleans pelicans,108,101,0.417,0.346,25,20,54,58,11,8,7.0,-7.0,0,1
0021900405,2019-12-17,orlando magic,utah jazz,102,109,0.452,0.467,21,27,41,58,3,14,-7.0,7.0,0,0
0021900406,2019-12-17,la clippers,phoenix suns,120,99,0.506,0.402,23,30,44,50,15,19,21.0,-21.0,1,1
0021900407,2019-12-18,charlotte hornets,cleveland cavaliers,98,100,0.407,0.541,25,25,35,48,9,23,-2.0,2.0,0,0
0021900408,2019-12-18,detroit pistons,toronto raptors,99,112,0.448,0.429,19,27,48,47,15,12,-13.0,13.0,1,0
0021900409,2019-12-18,chicago bulls,washington wizards,110,109,0.402,0.358,25,21,53,55,15,14,1.0,-1.0,0,1
0021900410,2019-12-18,miami heat,philadelphia 76ers,108,104,0.471,0.422,26,24,47,41,12,13,4.0,-4.0,0,1
0021900411,2019-12-18,minnesota timberwolves,new orleans pelicans,99,107,0.379,0.442,20,23,43,55,10,17,-8.0,8.0,1,0
0021900412,2019-12-18,memphis grizzlies,oklahoma city thunder,122,126,0.505,0.548,27,25,47,35,13,12,-4.0,4.0,0,0
0021900413,2019-12-18,boston celtics,dallas mavericks,109,103,0.407,0.391,13,23,54,42,15,7,6.0,-6.0,0,1
0021900414,2019-12-18,denver nuggets,orlando magic,113,104,0.476,0.425,28,25,52,35,17,12,9.0,-9.0,1,1
0021900415,2019-12-18,golden state warriors,portland trail blazers,112,122,0.398,0.454,24,19,50,57,8,10,-10.0,10.0,0,0
0021900416,2019-12-19,atlanta hawks,utah jazz,106,111,0.433,0.47,24,18,40,53,16,18,-5.0,5.0,1,0
0021900417,2019-12-19,los angeles lakers,milwaukee bucks,104,111,0.463,0.468,24,22,38,40,18,13,-7.0,7.0,0,0
0021900418,2019-12-19,brooklyn nets,san antonio spurs,105,118,0.422,0.448,16,26,47,47,18,11,-13.0,13.0,0,0
0021900419,2019-12-19,houston rockets,la clippers,122,117,0.5,0.5,23,23,43,38,18,18,5.0,-5.0,0,1
0021900420,2019-12-20,cleveland cavaliers,memphis grizzlies,114,107,0.435,0.431,26,31,60,46,14,7,7.0,-7.0,1,1
0021900421,2019-12-20,indiana pacers,sacramento kings,119,105,0.523,0.451,34,25,39,41,9,10,14.0,-14.0,1,1
0021900422,2019-12-20,boston celtics,detroit pistons,114,93,0.523,0.4,24,21,51,36,20,24,21.0,-21.0,1,1
0021900423,2019-12-20,toronto raptors,washington wizards,122,118,0.487,0.46,26,24,42,39,17,13,4.0,-4.0,1,1
0021900424,2019-12-20,miami heat,new york knicks,129,114,0.558,0.436,34,23,51,41,17,8,15.0,-15.0,1,1
0021900425,2019-12-20,dallas mavericks,philadelphia 76ers,117,98,0.518,0.422,23,25,49,46,16,15,19.0,-19.0,0,1
0021900426,2019-12-20,oklahoma city thunder,phoenix suns,126,108,0.563,0.437,23,26,41,37,15,15,18.0,-18.0,1,1
0021900427,2019-12-20,denver nuggets,minnesota timberwolves,109,100,0.494,0.414,27,20,44,46,15,14,9.0,-9.0,1,1
0021900428,2019-12-20,orlando magic,portland trail blazers,103,118,0.368,0.5,21,16,48,54,10,20,-15.0,15.0,0,0
0021900429,2019-12-20,golden state warriors,new orleans pelicans,106,102,0.434,0.419,25,23,47,48,17,17,4.0,-4.0,1,1
0021900430,2019-12-21,charlotte hornets,utah jazz,107,114,0.459,0.52,20,27,36,42,14,21,-7.0,7.0,1,0
0021900431,2019-12-21,atlanta hawks,brooklyn nets,112,122,0.371,0.46,17,23,52,61,10,15,-10.0,10.0,0,0
0021900432,2019-12-21,chicago bulls,detroit pistons,119,107,0.519,0.46,21,30,46,29,18,16,12.0,-12.0,0,1
0021900433,2019-12-21,philadelphia 76ers,washington wizards,125,108,0.521,0.409,28,18,53,38,14,11,17.0,-17.0,1,1
0021900434,2019-12-21,milwaukee bucks,new york knicks,123,102,0.482,0.402,26,23,52,47,19,14,21.0,-21.0,0,1
0021900435,2019-12-21,memphis grizzlies,sacramento kings,119,115,0.482,0.43,32,22,44,51,14,12,4.0,-4.0,1,1
0021900436,2019-12-21,la clippers,san antonio spurs,134,109,0.545,0.512,32,24,43,36,11,18,25.0,-25.0,0,1
0021900437,2019-12-21,houston rockets,phoenix suns,139,125,0.586,0.516,23,26,37,41,10,8,14.0,-14.0,0,1
0021900438,2019-12-21,minnesota timberwolves,portland trail blazers,106,113,0.437,0.426,16,19,39,45,16,14,-7.0,7.0,0,0
0021900439,2019-12-22,dallas mavericks,toronto raptors,107,110,0.389,0.394,27,21,53,51,17,10,-3.0,3.0,0,0
0021900440,2019-12-22,boston celtics,charlotte hornets,119,93,0.523,0.402,25,26,57,27,11,3,26.0,-26.0,1,1
0021900441,2019-12-22,indiana pacers,milwaukee bucks,89,117,0.37,0.423,27,31,48,61,13,9,-28.0,28.0,0,0
0021900442,2019-12-22,la clippers,oklahoma city thunder,112,118,0.465,0.474,22,24,42,49,15,12,-6.0,6.0,0,0
0021900443,2019-12-22,denver nuggets,los angeles lakers,128,104,0.489,0.47,31,18,44,45,8,19,24.0,-24.0,0,1
0021900444,2019-12-23,atlanta hawks,cleveland cavaliers,118,121,0.474,0.521,23,19,37,43,16,23,-3.0,3.0,0,0
0021900445,2019-12-23,detroit pistons,philadelphia 76ers,109,125,0.512,0.547,27,33,30,48,13,12,-16.0,16.0,1,0
0021900446,2019-12-23,indiana pacers,toronto raptors,120,115,0.474,0.457,34,30,45,50,12,16,5.0,-5.0,1,1
0021900447,2019-12-23,new york knicks,washington wizards,115,121,0.473,0.47,29,27,44,48,14,8,-6.0,6.0,1,0
0021900448,2019-12-23,chicago bulls,orlando magic,95,103,0.398,0.481,20,23,47,46,15,13,-8.0,8.0,0,0
0021900449,2019-12-23,miami heat,utah jazz,107,104,0.411,0.433,16,17,56,45,14,11,3.0,-3.0,1,1
0021900450,2019-12-23,memphis grizzlies,san antonio spurs,115,145,0.469,0.674,28,36,35,46,13,12,-30.0,30.0,1,0
0021900451,2019-12-23,denver nuggets,phoenix suns,113,111,0.551,0.483,31,29,39,38,21,17,2.0,-2.0,0,1
0021900452,2019-12-23,new orleans pelicans,portland trail blazers,102,94,0.409,0.407,23,17,55,48,12,11,8.0,-8.0,0,1
0021900453,2019-12-23,houston rockets,sacramento kings,113,104,0.448,0.471,18,20,39,49,11,17,9.0,-9.0,0,1
0021900454,2019-12-23,golden state warriors,minnesota timberwolves,113,104,0.437,0.402,27,16,55,40,19,16,9.0,-9.0,1,1
0021900455,2019-12-25,boston celtics,toronto raptors,118,102,0.5,0.475,26,17,45,34,19,17,16.0,-16.0,0,1
0021900456,2019-12-25,milwaukee bucks,philadelphia 76ers,109,121,0.474,0.436,23,29,47,49,10,7,-12.0,12.0,0,0
0021900457,2019-12-25,golden state warriors,houston rockets,116,104,0.471,0.37,27,19,54,49,16,12,12.0,-12.0,1,1
0021900458,2019-12-25,la clippers,los angeles lakers,111,106,0.459,0.406,24,24,50,42,16,13,5.0,-5.0,0,1
0021900459,2019-12-25,denver nuggets,new orleans pelicans,100,112,0.402,0.456,24,23,40,52,12,18,-12.0,12.0,1,0
0021900460,2019-12-26,detroit pistons,washington wizards,132,102,0.535,0.413,32,18,48,44,14,12,30.0,-30.0,1,1
0021900461,2019-12-26,brooklyn nets,new york knicks,82,94,0.269,0.402,17,16,50,60,13,13,-12.0,12.0,1,0
0021900462,2019-12-26,memphis grizzlies,oklahoma city thunder,110,97,0.548,0.413,26,23,50,34,15,9,13.0,-13.0,0,1
0021900463,2019-12-26,dallas mavericks,san antonio spurs,102,98,0.422,0.482,22,18,52,45,14,13,4.0,-4.0,1,1
0021900464,2019-12-26,minnesota timberwolves,sacramento kings,105,104,0.346,0.346,23,20,65,67,13,12,1.0,-1.0,0,1
0021900465,2019-12-26,portland trail blazers,utah jazz,115,121,0.483,0.568,14,22,43,41,12,10,-6.0,6.0,0,0
0021900466,2019-12-27,boston celtics,cleveland cavaliers,129,117,0.516,0.518,28,22,43,38,11,11,12.0,-12.0,1,1
0021900467,2019-12-27,charlotte hornets,oklahoma city thunder,102,104,0.416,0.449,26,19,54,49,15,14,-2.0,2.0,1,0
0021900468,2019-12-27,orlando magic,philadelphia 76ers,98,97,0.42,0.402,26,23,48,45,15,15,1.0,-1.0,1,1
0021900469,2019-12-27,atlanta hawks,milwaukee bucks,86,112,0.363,0.505,20,29,46,56,18,18,-26.0,26.0,1,0
0021900470,2019-12-27,indiana pacers,miami heat,112,113,0.489,0.449,27,29,34,56,4,13,-1.0,1.0,0,0
0021900471,2019-12-27,golden state warriors,phoenix suns,105,96,0.413,0.467,22,22,41,49,10,26,9.0,-9.0,1,1
0021900472,2019-12-28,denver nuggets,memphis grizzlies,119,110,0.484,0.488,28,32,43,45,10,17,9.0,-9.0,1,1
0021900473,2019-12-28,boston celtics,toronto raptors,97,113,0.397,0.524,18,27,31,53,14,22,-16.0,16.0,1,0
0021900474,2019-12-28,indiana pacers,new orleans pelicans,98,120,0.388,0.462,17,25,46,49,18,12,-22.0,22.0,0,0
0021900475,2019-12-28,miami heat,philadelphia 76ers,117,116,0.447,0.472,26,24,43,47,8,9,1.0,-1.0,1,1
0021900476,2019-12-28,new york knicks,washington wizards,107,100,0.447,0.344,25,16,56,49,21,11,7.0,-7.0,0,1
0021900477,2019-12-28,atlanta hawks,chicago bulls,81,116,0.372,0.494,24,22,39,51,19,17,-35.0,35.0,0,0
0021900478,2019-12-28,brooklyn nets,houston rockets,98,108,0.402,0.436,24,16,47,54,15,14,-10.0,10.0,0,0
0021900479,2019-12-28,cleveland cavaliers,minnesota timberwolves,94,88,0.416,0.355,13,17,60,40,28,18,6.0,-6.0,0,1
0021900480,2019-12-28,milwaukee bucks,orlando magic,111,100,0.512,0.402,30,21,58,34,23,11,11.0,-11.0,1,1
0021900481,2019-12-28,detroit pistons,san antonio spurs,109,136,0.444,0.57,20,30,40,51,11,11,-27.0,27.0,0,0
0021900482,2019-12-28,dallas mavericks,golden state warriors,141,121,0.522,0.484,35,28,46,42,13,13,20.0,-20.0,0,1
0021900483,2019-12-28,phoenix suns,sacramento kings,112,110,0.523,0.488,30,19,40,36,13,12,2.0,-2.0,0,1
0021900484,2019-12-28,los angeles lakers,portland trail blazers,128,120,0.516,0.477,32,18,44,39,9,16,8.0,-8.0,0,1
0021900485,2019-12-28,la clippers,utah jazz,107,120,0.368,0.523,22,25,46,47,7,12,-13.0,13.0,1,0
0021900486,2019-12-29,oklahoma city thunder,toronto raptors,98,97,0.436,0.422,15,21,43,42,17,14,1.0,-1.0,0,1
0021900487,2019-12-29,charlotte hornets,memphis grizzlies,104,117,0.43,0.484,23,30,42,51,14,14,-13.0,13.0,0,0
0021900488,2019-12-29,houston rockets,new orleans pelicans,112,127,0.519,0.49,29,32,41,46,17,9,-15.0,15.0,0,0
0021900489,2019-12-29,denver nuggets,sacramento kings,120,115,0.519,0.529,23,32,37,35,12,12,5.0,-5.0,1,1
0021900490,2019-12-29,dallas mavericks,los angeles lakers,95,108,0.36,0.487,17,28,45,39,18,16,-13.0,13.0,0,0
0021900491,2019-12-30,atlanta hawks,orlando magic,101,93,0.481,0.416,21,22,52,40,20,9,8.0,-8.0,0,1
0021900492,2019-12-30,miami heat,washington wizards,105,123,0.452,0.512,18,26,44,40,18,9,-18.0,18.0,0,0
0021900493,2019-12-30,chicago bulls,milwaukee bucks,102,123,0.374,0.548,26,29,43,59,10,16,-21.0,21.0,1,0
0021900494,2019-12-30,brooklyn nets,minnesota timberwolves,115,122,0.404,0.404,22,20,58,60,16,14,-7.0,7.0,0,0
0021900495,2019-12-30,detroit pistons,utah jazz,81,104,0.38,0.47,14,20,43,46,17,14,-23.0,23.0,0,0
0021900496,2019-12-30,phoenix suns,portland trail blazers,122,116,0.478,0.458,29,24,44,42,9,8,6.0,-6.0,0,1
0021900497,2019-12-31,boston celtics,charlotte hornets,109,92,0.454,0.395,25,25,54,41,10,17,17.0,-17.0,0,1
0021900498,2019-12-31,indiana pacers,philadelphia 76ers,115,97,0.488,0.407,35,24,38,47,6,12,18.0,-18.0,1,1
0021900499,2019-12-31,la clippers,sacramento kings,105,87,0.409,0.413,21,20,51,41,11,15,18.0,-18.0,0,1
0021900500,2019-12-31,cleveland cavaliers,toronto raptors,97,117,0.425,0.476,21,29,41,45,14,11,-20.0,20.0,0,0
0021900501,2019-12-31,denver nuggets,houston rockets,104,130,0.464,0.529,25,20,39,43,16,15,-26.0,26.0,0,0
0021900502,2019-12-31,golden state warriors,san antonio spurs,113,117,0.458,0.469,31,30,44,53,8,10,-4.0,4.0,0,0
0021900503,2019-12-31,dallas mavericks,oklahoma city thunder,101,106,0.355,0.429,19,18,49,56,10,11,-5.0,5.0,0,0
0021900504,2020-01-01,orlando magic,washington wizards,122,101,0.474,0.379,25,18,52,46,9,13,21.0,-21.0,0,1
0021900505,2020-01-01,new york knicks,portland trail blazers,117,93,0.48,0.394,29,17,55,47,7,8,24.0,-24.0,1,1
0021900506,2020-01-01,milwaukee bucks,minnesota timberwolves,106,104,0.426,0.374,24,18,60,48,17,11,2.0,-2.0,1,1
0021900507,2020-01-01,los angeles lakers,phoenix suns,117,107,0.478,0.488,25,32,45,47,12,14,10.0,-10.0,1,1
0021900508,2020-01-02,charlotte hornets,cleveland cavaliers,109,106,0.446,0.506,25,26,39,42,11,14,3.0,-3.0,0,1
0021900509,2020-01-02,denver nuggets,indiana pacers,124,116,0.529,0.524,27,32,47,34,10,9,8.0,-8.0,0,1
0021900510,2020-01-02,miami heat,toronto raptors,84,76,0.407,0.315,23,20,50,48,13,10,8.0,-8.0,1,1
0021900511,2020-01-02,chicago bulls,utah jazz,98,102,0.394,0.487,22,24,45,42,10,17,-4.0,4.0,1,0
0021900512,2020-01-02,golden state warriors,minnesota timberwolves,84,99,0.429,0.4,20,22,43,52,16,12,-15.0,15.0,0,0
0021900513,2020-01-02,brooklyn nets,dallas mavericks,111,123,0.462,0.506,29,22,44,46,11,13,-12.0,12.0,0,0
0021900514,2020-01-02,oklahoma city thunder,san antonio spurs,109,103,0.483,0.435,19,22,43,45,4,8,6.0,-6.0,0,1
0021900515,2020-01-02,memphis grizzlies,sacramento kings,123,128,0.484,0.489,31,26,42,41,17,12,-5.0,5.0,0,0
0021900516,2020-01-02,detroit pistons,la clippers,112,126,0.426,0.543,20,29,45,51,11,15,-14.0,14.0,0,0
0021900517,2020-01-03,atlanta hawks,boston celtics,106,109,0.419,0.441,26,23,42,54,14,12,-3.0,3.0,0,0
0021900518,2020-01-03,miami heat,orlando magic,85,105,0.375,0.407,16,25,49,44,18,10,-20.0,20.0,0,0
0021900519,2020-01-03,portland trail blazers,washington wizards,122,103,0.511,0.422,16,19,41,41,7,12,19.0,-19.0,0,1
0021900520,2020-01-03,houston rockets,philadelphia 76ers,118,108,0.477,0.457,22,32,46,44,11,11,10.0,-10.0,1,1
0021900521,2020-01-03,new york knicks,phoenix suns,112,120,0.446,0.467,19,28,52,48,15,10,-8.0,8.0,0,0
0021900522,2020-01-03,los angeles lakers,new orleans pelicans,123,113,0.5,0.471,29,24,47,40,12,11,10.0,-10.0,1,1
0021900523,2020-01-04,la clippers,memphis grizzlies,114,140,0.446,0.51,20,36,49,54,13,9,-26.0,26.0,1,0
0021900524,2020-01-04,brooklyn nets,toronto raptors,102,121,0.478,0.454,24,21,38,43,24,7,-19.0,19.0,1,0
0021900525,2020-01-04,orlando magic,utah jazz,96,109,0.447,0.452,21,22,46,51,10,8,-13.0,13.0,1,0
0021900526,2020-01-04,atlanta hawks,indiana pacers,116,111,0.512,0.414,22,24,40,39,13,11,5.0,-5.0,1,1
0021900527,2020-01-04,cleveland cavaliers,oklahoma city thunder,106,121,0.459,0.448,19,24,42,52,13,11,-15.0,15.0,1,0
0021900528,2020-01-04,denver nuggets,washington wizards,114,128,0.46,0.549,18,20,33,49,12,11,-14.0,14.0,0,0
0021900529,2020-01-04,boston celtics,chicago bulls,111,104,0.524,0.425,22,23,44,37,19,15,7.0,-7.0,0,1
0021900530,2020-01-04,charlotte hornets,dallas mavericks,123,120,0.494,0.47,27,28,53,41,17,10,3.0,-3.0,0,1
0021900531,2020-01-04,milwaukee bucks,san antonio spurs,127,118,0.494,0.413,23,20,49,50,9,8,9.0,-9.0,1,1
0021900532,2020-01-04,detroit pistons,golden state warriors,111,104,0.518,0.402,24,26,46,42,21,14,7.0,-7.0,0,1
0021900533,2020-01-04,new orleans pelicans,sacramento kings,117,115,0.437,0.447,28,20,44,51,15,20,2.0,-2.0,0,1
0021900534,2020-01-05,la clippers,new york knicks,135,132,0.542,0.571,25,22,42,37,19,16,3.0,-3.0,1,1
0021900535,2020-01-05,miami heat,portland trail blazers,122,111,0.522,0.46,34,21,47,40,10,10,11.0,-11.0,1,1
0021900536,2020-01-05,cleveland cavaliers,minnesota timberwolves,103,118,0.476,0.495,15,32,44,43,20,16,-15.0,15.0,1,0
0021900537,2020-01-05,memphis grizzlies,phoenix suns,121,114,0.542,0.453,31,25,42,46,16,10,7.0,-7.0,0,1
0021900538,2020-01-05,detroit pistons,los angeles lakers,99,106,0.372,0.457,21,23,43,50,16,13,-7.0,7.0,0,0
0021900539,2020-01-06,charlotte hornets,indiana pacers,104,115,0.457,0.528,21,31,38,43,11,10,-11.0,11.0,1,0
0021900540,2020-01-06,brooklyn nets,orlando magic,89,101,0.333,0.432,20,21,46,60,12,18,-12.0,12.0,0,0
0021900541,2020-01-06,oklahoma city thunder,philadelphia 76ers,113,120,0.449,0.511,17,31,47,42,12,10,-7.0,7.0,0,0
0021900542,2020-01-06,boston celtics,washington wizards,94,99,0.347,0.464,17,18,55,47,16,14,-5.0,5.0,0,0
0021900543,2020-01-06,atlanta hawks,denver nuggets,115,123,0.455,0.511,24,27,34,41,10,4,-8.0,8.0,1,0
0021900544,2020-01-06,new orleans pelicans,utah jazz,126,128,0.479,0.511,23,19,48,43,6,8,-2.0,2.0,1,0
0021900545,2020-01-06,chicago bulls,dallas mavericks,110,118,0.469,0.524,25,25,45,43,8,14,-8.0,8.0,0,0
0021900546,2020-01-06,milwaukee bucks,san antonio spurs,104,126,0.4,0.511,24,23,38,54,8,11,-22.0,22.0,0,0
0021900547,2020-01-06,golden state warriors,sacramento kings,98,111,0.395,0.481,19,27,44,43,17,22,-13.0,13.0,0,0
0021900548,2020-01-07,cleveland cavaliers,detroit pistons,113,115,0.494,0.462,29,26,46,40,16,9,-2.0,2.0,1,0
0021900549,2020-01-07,portland trail blazers,toronto raptors,101,99,0.432,0.365,23,21,45,57,10,13,2.0,-2.0,0,1
0021900550,2020-01-07,brooklyn nets,oklahoma city thunder,103,111,0.408,0.413,19,19,52,51,17,15,-8.0,8.0,1,0
0021900551,2020-01-07,memphis grizzlies,minnesota timberwolves,119,112,0.517,0.444,22,23,44,40,15,18,7.0,-7.0,1,1
0021900552,2020-01-07,phoenix suns,sacramento kings,103,114,0.481,0.44,24,18,41,41,17,15,-11.0,11.0,1,0
0021900553,2020-01-07,los angeles lakers,new york knicks,117,87,0.5,0.389,27,15,48,47,17,16,30.0,-30.0,1,1
0021900554,2020-01-08,boston celtics,san antonio spurs,114,129,0.416,0.552,26,28,39,49,15,14,-15.0,15.0,1,0
0021900555,2020-01-08,charlotte hornets,toronto raptors,110,112,0.442,0.447,30,34,50,46,17,10,-2.0,2.0,1,0
0021900556,2020-01-08,indiana pacers,miami heat,108,122,0.476,0.531,25,28,37,41,12,11,-14.0,14.0,1,0
0021900557,2020-01-08,orlando magic,washington wizards,123,89,0.494,0.429,24,24,51,40,16,23,34.0,-34.0,1,1
0021900558,2020-01-08,atlanta hawks,houston rockets,115,122,0.368,0.424,20,22,54,59,11,13,-7.0,7.0,1,0
0021900559,2020-01-08,dallas mavericks,denver nuggets,106,107,0.506,0.482,27,27,38,38,13,12,-1.0,1.0,1,0
0021900560,2020-01-08,chicago bulls,new orleans pelicans,108,123,0.446,0.471,22,31,39,50,12,14,-15.0,15.0,0,0
0021900561,2020-01-08,new york knicks,utah jazz,104,128,0.433,0.544,18,29,41,50,9,7,-24.0,24.0,0,0
0021900562,2020-01-08,golden state warriors,milwaukee bucks,98,107,0.379,0.402,29,22,52,47,18,9,-9.0,9.0,1,0
0021900563,2020-01-09,cleveland cavaliers,detroit pistons,115,112,0.527,0.49,24,20,39,46,14,15,3.0,-3.0,0,1
0021900564,2020-01-09,boston celtics,philadelphia 76ers,98,109,0.432,0.489,17,24,38,48,14,12,-11.0,11.0,0,0
0021900565,2020-01-09,minnesota timberwolves,portland trail blazers,116,102,0.494,0.365,25,14,56,41,14,10,14.0,-14.0,1,1
0021900566,2020-01-09,houston rockets,oklahoma city thunder,92,113,0.382,0.494,16,22,39,52,14,13,-21.0,21.0,0,0
0021900567,2020-01-10,atlanta hawks,washington wizards,101,111,0.461,0.375,19,26,56,57,18,9,-10.0,10.0,0,0
0021900568,2020-01-10,brooklyn nets,miami heat,117,113,0.484,0.518,31,26,51,40,9,7,4.0,-4.0,1,1
0021900569,2020-01-10,new orleans pelicans,new york knicks,123,111,0.558,0.46,35,26,43,46,19,13,12.0,-12.0,0,1
0021900570,2020-01-10,chicago bulls,indiana pacers,105,116,0.463,0.571,16,31,36,46,15,11,-11.0,11.0,1,0
0021900571,2020-01-10,memphis grizzlies,san antonio spurs,134,121,0.52,0.483,39,29,49,37,8,11,13.0,-13.0,1,1
0021900572,2020-01-10,dallas mavericks,los angeles lakers,114,129,0.406,0.528,19,18,47,49,9,7,-15.0,15.0,1,0
0021900573,2020-01-10,orlando magic,phoenix suns,94,98,0.371,0.418,15,19,49,44,14,14,-4.0,4.0,0,0
0021900574,2020-01-10,charlotte hornets,utah jazz,92,109,0.467,0.506,20,28,37,40,20,15,-17.0,17.0,0,0
0021900575,2020-01-10,milwaukee bucks,sacramento kings,127,106,0.495,0.458,29,26,52,45,11,16,21.0,-21.0,0,1
0021900576,2020-01-10,golden state warriors,la clippers,100,109,0.385,0.488,28,27,46,54,10,19,-9.0,9.0,0,0
0021900577,2020-01-11,houston rockets,minnesota timberwolves,139,109,0.516,0.379,29,28,58,44,18,18,30.0,-30.0,1,1
0021900578,2020-01-11,boston celtics,new orleans pelicans,140,105,0.55,0.4,29,29,53,43,10,16,35.0,-35.0,1,1
0021900579,2020-01-11,chicago bulls,detroit pistons,108,99,0.506,0.462,24,22,38,42,14,19,9.0,-9.0,0,1
0021900580,2020-01-11,los angeles lakers,oklahoma city thunder,125,110,0.515,0.467,21,23,54,37,12,7,15.0,-15.0,0,1
0021900581,2020-01-11,dallas mavericks,philadelphia 76ers,109,91,0.506,0.378,22,22,54,43,15,4,18.0,-18.0,1,1
0021900582,2020-01-11,cleveland cavaliers,denver nuggets,111,103,0.494,0.432,22,23,55,42,14,5,8.0,-8.0,0,1
0021900583,2020-01-11,milwaukee bucks,portland trail blazers,122,101,0.456,0.389,21,17,60,48,10,13,21.0,-21.0,0,1
0021900584,2020-01-12,miami heat,new york knicks,121,124,0.538,0.511,24,24,39,39,14,6,-3.0,3.0,0,0
0021900585,2020-01-12,utah jazz,washington wizards,127,116,0.533,0.505,24,28,44,37,11,9,11.0,-11.0,0,1
0021900586,2020-01-12,atlanta hawks,brooklyn nets,86,108,0.33,0.532,23,25,33,62,12,24,-22.0,22.0,0,0
0021900587,2020-01-12,san antonio spurs,toronto raptors,105,104,0.437,0.406,24,30,51,45,11,11,1.0,-1.0,0,1
0021900588,2020-01-12,golden state warriors,memphis grizzlies,102,122,0.38,0.45,23,33,47,60,22,16,-20.0,20.0,0,0
0021900589,2020-01-12,denver nuggets,la clippers,114,104,0.481,0.452,24,21,44,42,13,14,10.0,-10.0,1,1
0021900590,2020-01-12,charlotte hornets,phoenix suns,92,100,0.419,0.5,25,22,37,51,14,18,-8.0,8.0,0,0
0021900591,2020-01-13,detroit pistons,new orleans pelicans,110,117,0.404,0.417,27,23,43,61,9,19,-7.0,7.0,1,0
0021900592,2020-01-13,indiana pacers,philadelphia 76ers,101,95,0.384,0.416,24,17,50,52,9,11,6.0,-6.0,1,1
0021900593,2020-01-13,boston celtics,chicago bulls,113,101,0.47,0.457,28,16,43,38,12,14,12.0,-12.0,1,1
0021900594,2020-01-13,minnesota timberwolves,oklahoma city thunder,104,117,0.418,0.5,23,25,37,51,9,15,-13.0,13.0,1,0
0021900595,2020-01-13,charlotte hornets,portland trail blazers,112,115,0.444,0.506,24,26,42,47,8,13,-3.0,3.0,0,0
0021900596,2020-01-13,orlando magic,sacramento kings,114,112,0.435,0.517,17,25,46,44,8,12,2.0,-2.0,0,1
0021900597,2020-01-13,cleveland cavaliers,los angeles lakers,99,128,0.447,0.545,21,33,40,45,19,9,-29.0,29.0,0,0
0021900598,2020-01-14,atlanta hawks,phoenix suns,123,110,0.495,0.46,25,20,46,40,15,11,13.0,-13.0,1,1
0021900599,2020-01-14,brooklyn nets,utah jazz,107,118,0.5,0.5,22,19,43,41,12,8,-11.0,11.0,1,0
0021900600,2020-01-14,houston rockets,memphis grizzlies,110,121,0.43,0.505,18,29,41,42,15,7,-11.0,11.0,0,0
0021900601,2020-01-14,milwaukee bucks,new york knicks,128,102,0.489,0.353,27,26,59,49,14,11,26.0,-26.0,1,1
0021900602,2020-01-14,dallas mavericks,golden state warriors,124,97,0.51,0.448,23,27,53,36,7,14,27.0,-27.0,0,1
0021900603,2020-01-14,cleveland cavaliers,la clippers,103,128,0.418,0.521,25,29,40,53,13,11,-25.0,25.0,0,0
0021900604,2020-01-15,boston celtics,detroit pistons,103,116,0.494,0.603,21,30,44,34,15,11,-13.0,13.0,1,0
0021900605,2020-01-15,brooklyn nets,philadelphia 76ers,106,117,0.437,0.511,20,25,44,49,13,12,-11.0,11.0,0,0
0021900606,2020-01-15,miami heat,san antonio spurs,106,100,0.466,0.438,26,22,49,41,9,8,6.0,-6.0,1,1
0021900607,2020-01-15,chicago bulls,washington wizards,115,106,0.506,0.468,26,25,41,38,15,16,9.0,-9.0,1,1
0021900608,2020-01-15,indiana pacers,minnesota timberwolves,104,99,0.518,0.432,27,26,45,45,15,15,5.0,-5.0,0,1
0021900609,2020-01-15,oklahoma city thunder,toronto raptors,121,130,0.506,0.612,32,33,31,36,18,18,-9.0,9.0,1,0
0021900610,2020-01-15,charlotte hornets,denver nuggets,86,100,0.407,0.481,28,28,42,40,14,11,-14.0,14.0,0,0
0021900611,2020-01-15,houston rockets,portland trail blazers,107,117,0.396,0.432,24,22,50,58,12,7,-10.0,10.0,1,0
0021900612,2020-01-15,dallas mavericks,sacramento kings,127,123,0.511,0.521,24,28,47,42,11,8,4.0,-4.0,0,1
0021900613,2020-01-15,los angeles lakers,orlando magic,118,119,0.495,0.457,34,22,48,48,16,13,-1.0,1.0,1,0
0021900614,2020-01-16,new york knicks,phoenix suns,98,121,0.411,0.511,21,31,40,53,18,19,-23.0,23.0,1,0
0021900615,2020-01-16,boston celtics,milwaukee bucks,123,128,0.439,0.494,16,21,43,50,7,10,-5.0,5.0,0,0
0021900616,2020-01-16,new orleans pelicans,utah jazz,138,132,0.548,0.46,29,23,45,43,13,13,6.0,-6.0,1,1
0021900617,2020-01-16,denver nuggets,golden state warriors,134,131,0.47,0.442,31,36,56,42,20,18,3.0,-3.0,0,1
0021900618,2020-01-16,la clippers,orlando magic,122,95,0.495,0.391,29,24,59,42,9,9,27.0,-27.0,1,1
0021900619,2020-01-17,indiana pacers,minnesota timberwolves,116,114,0.561,0.455,24,22,41,36,13,13,2.0,-2.0,1,1
0021900620,2020-01-17,chicago bulls,philadelphia 76ers,89,100,0.432,0.488,21,30,37,44,16,11,-11.0,11.0,0,0
0021900621,2020-01-17,toronto raptors,washington wizards,140,111,0.571,0.449,35,19,41,43,19,26,29.0,-29.0,1,1
0021900622,2020-01-17,cleveland cavaliers,memphis grizzlies,109,113,0.446,0.506,18,32,50,44,15,12,-4.0,4.0,0,0
0021900623,2020-01-17,miami heat,oklahoma city thunder,115,108,0.488,0.44,26,29,45,35,11,10,7.0,-7.0,0,1
0021900624,2020-01-17,atlanta hawks,san antonio spurs,121,120,0.5,0.459,21,28,43,48,19,15,1.0,-1.0,0,1
0021900625,2020-01-17,dallas mavericks,portland trail blazers,120,112,0.438,0.518,19,25,43,40,13,12,8.0,-8.0,1,1
0021900626,2020-01-18,la clippers,new orleans pelicans,133,130,0.495,0.535,22,32,36,48,12,21,3.0,-3.0,0,1
0021900627,2020-01-18,brooklyn nets,milwaukee bucks,97,117,0.333,0.506,23,30,47,54,17,20,-20.0,20.0,1,0
0021900628,2020-01-18,boston celtics,phoenix suns,119,123,0.438,0.472,26,27,39,52,11,15,-4.0,4.0,1,0
0021900629,2020-01-18,atlanta hawks,detroit pistons,103,136,0.43,0.593,18,31,32,41,19,17,-33.0,33.0,1,0
0021900630,2020-01-18,new york knicks,philadelphia 76ers,87,90,0.398,0.436,20,26,48,41,14,13,-3.0,3.0,1,0
0021900631,2020-01-18,chicago bulls,cleveland cavaliers,118,116,0.552,0.548,25,27,26,36,12,27,2.0,-2.0,1,1
0021900632,2020-01-18,minnesota timberwolves,toronto raptors,112,122,0.404,0.516,34,25,49,42,17,14,-10.0,10.0,1,0
0021900633,2020-01-18,houston rockets,los angeles lakers,115,124,0.444,0.484,20,25,46,49,20,17,-9.0,9.0,1,0
0021900634,2020-01-18,golden state warriors,orlando magic,109,95,0.457,0.453,25,21,44,46,10,15,14.0,-14.0,1,1
0021900635,2020-01-18,oklahoma city thunder,portland trail blazers,119,106,0.518,0.429,25,11,48,40,12,12,13.0,-13.0,1,1
0021900636,2020-01-18,sacramento kings,utah jazz,101,123,0.488,0.506,20,24,37,47,10,8,-22.0,22.0,0,0
0021900637,2020-01-19,miami heat,san antonio spurs,102,107,0.43,0.424,23,27,47,43,9,11,-5.0,5.0,0,0
0021900638,2020-01-19,denver nuggets,indiana pacers,107,115,0.466,0.5,22,31,44,38,9,14,-8.0,8.0,1,0
0021900639,2020-01-20,detroit pistons,washington wizards,100,106,0.427,0.512,19,22,41,44,17,19,-6.0,6.0,0,0
0021900640,2020-01-20,atlanta hawks,toronto raptors,117,122,0.494,0.413,26,25,50,45,23,14,-5.0,5.0,1,0
0021900641,2020-01-20,brooklyn nets,philadelphia 76ers,111,117,0.481,0.447,22,30,47,43,22,12,-6.0,6.0,1,0
0021900642,2020-01-20,charlotte hornets,orlando magic,83,106,0.382,0.478,21,25,39,47,18,9,-23.0,23.0,1,0
0021900643,2020-01-20,cleveland cavaliers,new york knicks,86,106,0.34,0.482,15,17,53,49,10,10,-20.0,20.0,1,0
0021900644,2020-01-20,miami heat,sacramento kings,118,113,0.506,0.415,26,27,42,49,21,15,5.0,-5.0,1,1
0021900645,2020-01-20,houston rockets,oklahoma city thunder,107,112,0.443,0.435,21,14,43,47,11,12,-5.0,5.0,1,0
0021900646,2020-01-20,memphis grizzlies,new orleans pelicans,116,126,0.447,0.477,26,24,51,43,14,16,-10.0,10.0,1,0
0021900647,2020-01-20,chicago bulls,milwaukee bucks,98,111,0.37,0.584,18,34,39,48,16,23,-13.0,13.0,0,0
0021900648,2020-01-20,boston celtics,los angeles lakers,139,107,0.559,0.438,31,22,48,36,12,15,32.0,-32.0,1,1
0021900649,2020-01-20,denver nuggets,minnesota timberwolves,107,100,0.478,0.418,26,26,53,42,13,9,7.0,-7.0,0,1
0021900650,2020-01-20,phoenix suns,san antonio spurs,118,120,0.525,0.494,26,30,43,31,14,8,-2.0,2.0,1,0
0021900651,2020-01-20,indiana pacers,utah jazz,88,118,0.419,0.54,23,22,30,53,13,21,-30.0,30.0,0,0
0021900652,2020-01-20,golden state warriors,portland trail blazers,124,129,0.414,0.44,30,21,60,54,9,12,-5.0,5.0,0,0
0021900653,2020-01-21,dallas mavericks,la clippers,107,110,0.429,0.371,23,19,49,57,12,10,-3.0,3.0,1,0
0021900654,2020-01-22,detroit pistons,sacramento kings,127,106,0.534,0.429,19,23,48,45,17,10,21.0,-21.0,1,1
0021900655,2020-01-22,oklahoma city thunder,orlando magic,120,114,0.605,0.478,22,26,36,39,15,14,6.0,-6.0,0,1
0021900656,2020-01-22,atlanta hawks,la clippers,102,95,0.353,0.423,21,19,63,45,15,14,7.0,-7.0,1,1
0021900657,2020-01-22,boston celtics,memphis grizzlies,119,95,0.506,0.424,32,24,44,40,9,16,24.0,-24.0,1,1
0021900658,2020-01-22,miami heat,washington wizards,134,129,0.506,0.505,29,30,43,41,16,11,5.0,-5.0,1,1
0021900659,2020-01-22,los angeles lakers,new york knicks,100,92,0.439,0.409,18,24,43,47,10,17,8.0,-8.0,0,1
0021900660,2020-01-22,philadelphia 76ers,toronto raptors,95,107,0.381,0.465,25,27,45,53,13,12,-12.0,12.0,0,0
0021900661,2020-01-22,chicago bulls,minnesota timberwolves,117,110,0.464,0.477,21,27,50,43,12,18,7.0,-7.0,1,1
0021900662,2020-01-22,denver nuggets,houston rockets,105,121,0.457,0.472,25,26,40,53,15,17,-16.0,16.0,0,0
0021900663,2020-01-22,new orleans pelicans,san antonio spurs,117,121,0.464,0.506,26,17,41,44,14,11,-4.0,4.0,1,0
0021900664,2020-01-22,indiana pacers,phoenix suns,112,87,0.536,0.357,26,13,42,44,9,13,25.0,-25.0,0,1
0021900665,2020-01-22,golden state warriors,utah jazz,96,129,0.398,0.538,20,31,37,56,8,9,-33.0,33.0,1,0
0021900666,2020-01-23,cleveland cavaliers,washington wizards,112,124,0.458,0.553,24,28,36,41,8,10,-12.0,12.0,1,0
0021900667,2020-01-23,brooklyn nets,los angeles lakers,113,128,0.44,0.5,30,28,41,52,16,15,-15.0,15.0,1,0
0021900668,2020-01-23,dallas mavericks,portland trail blazers,133,125,0.516,0.505,27,20,41,43,8,12,8.0,-8.0,0,1
0021900669,2020-01-24,charlotte hornets,milwaukee bucks,103,116,0.372,0.506,24,26,39,53,13,15,-13.0,13.0,1,0
0021900670,2020-01-24,detroit pistons,memphis grizzlies,112,125,0.429,0.544,23,27,37,49,7,14,-13.0,13.0,1,0
0021900671,2020-01-24,boston celtics,orlando magic,109,98,0.465,0.4,27,18,44,46,13,14,11.0,-11.0,0,1
0021900672,2020-01-24,new york knicks,toronto raptors,112,118,0.494,0.506,26,25,46,31,14,7,-6.0,6.0,1,0
0021900673,2020-01-24,la clippers,miami heat,122,117,0.457,0.43,33,25,48,45,8,9,5.0,-5.0,0,1
0021900674,2020-01-24,chicago bulls,sacramento kings,81,98,0.392,0.432,23,24,43,42,19,13,-17.0,17.0,1,0
0021900675,2020-01-24,houston rockets,minnesota timberwolves,131,124,0.516,0.49,24,28,35,51,11,17,7.0,-7.0,0,1
0021900676,2020-01-24,denver nuggets,new orleans pelicans,113,106,0.377,0.463,26,24,56,45,11,17,7.0,-7.0,0,1
0021900677,2020-01-24,atlanta hawks,oklahoma city thunder,111,140,0.457,0.581,24,28,37,45,11,14,-29.0,29.0,0,0
0021900678,2020-01-24,phoenix suns,san antonio spurs,103,99,0.464,0.423,25,19,42,43,13,14,4.0,-4.0,0,1
0021900679,2020-01-24,golden state warriors,indiana pacers,118,129,0.488,0.575,31,35,38,36,20,10,-11.0,11.0,1,0
0021900680,2020-01-25,dallas mavericks,utah jazz,107,112,0.433,0.44,19,22,44,54,9,13,-5.0,5.0,0,0
0021900681,2020-01-25,brooklyn nets,detroit pistons,121,111,0.447,0.413,19,20,55,52,10,8,10.0,-10.0,0,1
0021900682,2020-01-25,chicago bulls,cleveland cavaliers,118,106,0.518,0.5,24,30,36,43,9,21,12.0,-12.0,0,1
0021900683,2020-01-25,minnesota timberwolves,oklahoma city thunder,104,113,0.444,0.488,33,20,41,43,13,11,-9.0,9.0,1,0
0021900684,2020-01-25,los angeles lakers,philadelphia 76ers,91,108,0.461,0.526,23,19,35,41,21,21,-17.0,17.0,0,0
0021900685,2020-01-26,denver nuggets,houston rockets,117,110,0.473,0.455,28,19,42,44,14,16,7.0,-7.0,1,1
0021900686,2020-01-26,san antonio spurs,toronto raptors,106,110,0.415,0.414,27,31,48,50,16,8,-4.0,4.0,1,0
0021900687,2020-01-26,atlanta hawks,washington wizards,152,133,0.581,0.477,30,20,48,34,14,11,19.0,-19.0,1,1
0021900688,2020-01-26,brooklyn nets,new york knicks,97,110,0.42,0.533,21,19,34,48,14,13,-13.0,13.0,0,0
0021900689,2020-01-26,la clippers,orlando magic,112,97,0.468,0.358,20,27,53,44,17,6,15.0,-15.0,0,1
0021900690,2020-01-26,memphis grizzlies,phoenix suns,114,109,0.524,0.38,25,23,46,42,25,17,5.0,-5.0,1,1
0021900691,2020-01-26,boston celtics,new orleans pelicans,108,123,0.461,0.478,21,31,37,54,16,18,-15.0,15.0,0,0
0021900692,2020-01-26,indiana pacers,portland trail blazers,129,139,0.516,0.544,31,27,31,43,6,15,-10.0,10.0,0,0
0021900693,2020-01-27,cleveland cavaliers,detroit pistons,115,100,0.5,0.452,25,18,45,37,13,17,15.0,-15.0,0,1
0021900694,2020-01-27,miami heat,orlando magic,113,92,0.532,0.371,31,23,41,41,10,5,21.0,-21.0,1,1
0021900695,2020-01-27,chicago bulls,san antonio spurs,110,109,0.452,0.463,28,21,50,47,9,11,1.0,-1.0,1,1
0021900696,2020-01-27,minnesota timberwolves,sacramento kings,129,133,0.483,0.5,29,27,45,44,20,15,-4.0,4.0,1,0
0021900697,2020-01-27,dallas mavericks,oklahoma city thunder,107,97,0.414,0.395,21,23,56,48,7,8,10.0,-10.0,0,1
0021900698,2020-01-27,houston rockets,utah jazz,126,117,0.469,0.506,14,24,40,38,15,17,9.0,-9.0,0,1
0021900699,2020-01-28,charlotte hornets,new york knicks,97,92,0.386,0.442,22,17,51,42,13,13,5.0,-5.0,1,1
0021900700,2020-01-28,cleveland cavaliers,new orleans pelicans,111,125,0.433,0.534,25,29,46,41,11,16,-14.0,14.0,1,0
0021900701,2020-01-28,boston celtics,miami heat,109,101,0.47,0.371,24,15,48,45,14,10,8.0,-8.0,0,1
0021900702,2020-01-28,golden state warriors,philadelphia 76ers,104,115,0.425,0.512,29,28,40,44,13,14,-11.0,11.0,0,0
0021900703,2020-01-28,atlanta hawks,toronto raptors,114,130,0.446,0.495,28,26,44,52,18,12,-16.0,16.0,0,0
0021900704,2020-01-28,denver nuggets,memphis grizzlies,96,104,0.372,0.561,23,32,44,41,19,16,-8.0,8.0,0,0
0021900705,2020-01-28,milwaukee bucks,washington wizards,151,131,0.556,0.468,31,28,46,35,14,10,20.0,-20.0,1,1
0021900706,2020-01-28,dallas mavericks,phoenix suns,104,133,0.446,0.593,19,34,33,39,15,11,-29.0,29.0,1,0
0021900708,2020-01-29,chicago bulls,indiana pacers,106,115,0.529,0.517,26,26,34,46,18,17,-9.0,9.0,0,0
0021900709,2020-01-29,brooklyn nets,detroit pistons,125,115,0.506,0.506,26,25,37,41,9,16,10.0,-10.0,1,1
0021900710,2020-01-29,memphis grizzlies,new york knicks,127,106,0.5,0.429,25,26,44,46,11,16,21.0,-21.0,0,1
0021900711,2020-01-29,san antonio spurs,utah jazz,127,120,0.561,0.44,23,18,35,43,9,13,7.0,-7.0,1,1
0021900712,2020-01-29,houston rockets,portland trail blazers,112,125,0.426,0.517,21,24,39,50,15,18,-13.0,13.0,0,0
0021900713,2020-01-29,oklahoma city thunder,sacramento kings,120,100,0.5,0.462,32,22,45,39,13,13,20.0,-20.0,0,1
0021900714,2020-01-30,cleveland cavaliers,toronto raptors,109,115,0.467,0.488,23,23,52,37,21,13,-6.0,6.0,1,0
0021900715,2020-01-30,charlotte hornets,washington wizards,107,121,0.434,0.477,32,24,38,57,7,18,-14.0,14.0,0,0
0021900716,2020-01-30,atlanta hawks,philadelphia 76ers,127,117,0.483,0.463,29,22,48,42,16,12,10.0,-10.0,1,1
0021900717,2020-01-30,boston celtics,golden state warriors,119,104,0.477,0.429,27,24,51,30,22,16,15.0,-15.0,1,1
0021900718,2020-01-30,denver nuggets,utah jazz,106,100,0.471,0.462,25,24,43,35,9,16,6.0,-6.0,1,1
0021900719,2020-01-30,la clippers,sacramento kings,103,124,0.38,0.5,26,27,39,47,15,10,-21.0,21.0,1,0
0021900720,2020-01-31,detroit pistons,toronto raptors,92,105,0.354,0.518,18,26,45,42,15,14,-13.0,13.0,1,0
0021900721,2020-01-31,brooklyn nets,chicago bulls,133,118,0.625,0.488,31,27,37,38,20,13,15.0,-15.0,1,1
0021900722,2020-01-31,dallas mavericks,houston rockets,121,128,0.478,0.459,29,25,52,37,17,6,-7.0,7.0,0,0
0021900723,2020-01-31,memphis grizzlies,new orleans pelicans,111,139,0.469,0.537,17,30,34,57,11,19,-28.0,28.0,0,0
0021900724,2020-01-31,denver nuggets,milwaukee bucks,127,115,0.48,0.453,29,29,50,46,12,13,12.0,-12.0,0,1
0021900725,2020-01-31,oklahoma city thunder,phoenix suns,111,107,0.433,0.474,26,20,41,40,12,19,4.0,-4.0,0,1
0021900726,2020-01-31,los angeles lakers,portland trail blazers,119,127,0.469,0.505,28,25,62,40,18,5,-8.0,8.0,1,0
0021900727,2020-02-01,la clippers,minnesota timberwolves,118,106,0.459,0.405,20,24,50,44,13,17,12.0,-12.0,1,1
0021900728,2020-02-01,indiana pacers,new york knicks,85,92,0.421,0.415,21,19,34,57,11,12,-7.0,7.0,1,0
0021900729,2020-02-01,miami heat,orlando magic,102,89,0.429,0.398,24,21,48,39,13,9,13.0,-13.0,0,1
0021900730,2020-02-01,cleveland cavaliers,golden state warriors,112,131,0.432,0.533,26,39,46,44,15,11,-19.0,19.0,1,0
0021900731,2020-02-01,brooklyn nets,washington wizards,107,113,0.415,0.44,25,21,53,51,15,9,-6.0,6.0,0,0
0021900732,2020-02-01,boston celtics,philadelphia 76ers,116,95,0.475,0.369,15,15,42,47,10,14,21.0,-21.0,1,1
0021900733,2020-02-01,atlanta hawks,dallas mavericks,100,123,0.407,0.468,19,26,50,53,11,9,-23.0,23.0,0,0
0021900734,2020-02-01,charlotte hornets,san antonio spurs,90,114,0.422,0.517,29,27,37,44,17,10,-24.0,24.0,0,0
0021900735,2020-02-01,portland trail blazers,utah jazz,124,107,0.511,0.426,20,19,51,37,12,9,17.0,-17.0,1,1
0021900736,2020-02-01,los angeles lakers,sacramento kings,129,113,0.512,0.429,33,21,46,44,14,16,16.0,-16.0,0,1
0021900737,2020-02-02,denver nuggets,detroit pistons,123,128,0.5,0.511,30,33,47,43,9,11,-5.0,5.0,0,0
0021900738,2020-02-02,houston rockets,new orleans pelicans,117,109,0.39,0.447,22,21,43,63,7,21,8.0,-8.0,1,1
0021900739,2020-02-02,milwaukee bucks,phoenix suns,129,108,0.495,0.394,30,20,60,49,16,10,21.0,-21.0,1,1
0021900740,2020-02-02,chicago bulls,toronto raptors,102,129,0.389,0.56,25,28,41,46,16,15,-27.0,27.0,0,0
0021900741,2020-02-03,charlotte hornets,orlando magic,100,112,0.461,0.538,24,35,46,37,12,9,-12.0,12.0,1,0
0021900742,2020-02-03,cleveland cavaliers,new york knicks,134,139,0.565,0.559,34,33,34,46,14,12,-5.0,5.0,1,0
0021900743,2020-02-03,dallas mavericks,indiana pacers,112,103,0.419,0.458,20,28,51,40,12,4,9.0,-9.0,0,1
0021900744,2020-02-03,golden state warriors,washington wizards,125,117,0.494,0.506,31,28,44,35,14,11,8.0,-8.0,0,1
0021900745,2020-02-03,atlanta hawks,boston celtics,115,123,0.5,0.533,22,21,32,44,17,15,-8.0,8.0,1,0
0021900746,2020-02-03,brooklyn nets,phoenix suns,119,97,0.483,0.433,28,23,44,43,17,16,22.0,-22.0,1,1
0021900747,2020-02-03,miami heat,philadelphia 76ers,137,106,0.565,0.434,27,24,35,44,3,14,31.0,-31.0,1,1
0021900748,2020-02-03,detroit pistons,memphis grizzlies,82,96,0.347,0.467,21,27,51,47,14,11,-14.0,14.0,0,0
0021900749,2020-02-03,minnesota timberwolves,sacramento kings,109,113,0.435,0.507,25,26,45,34,16,16,-4.0,4.0,0,0
0021900750,2020-02-03,la clippers,san antonio spurs,108,105,0.464,0.421,28,21,51,46,12,6,3.0,-3.0,1,1
0021900751,2020-02-04,milwaukee bucks,new orleans pelicans,120,108,0.471,0.384,34,26,53,49,17,17,12.0,-12.0,0,1
0021900752,2020-02-04,charlotte hornets,houston rockets,110,125,0.47,0.443,22,25,53,41,17,4,-15.0,15.0,0,0
0021900753,2020-02-04,denver nuggets,portland trail blazers,127,99,0.511,0.396,30,16,50,36,13,9,28.0,-28.0,1,1
0021900754,2020-02-04,los angeles lakers,san antonio spurs,129,102,0.588,0.44,28,21,58,28,14,6,27.0,-27.0,1,1
0021900755,2020-02-05,detroit pistons,phoenix suns,116,108,0.484,0.545,31,29,42,37,6,15,8.0,-8.0,1,1
0021900756,2020-02-05,boston celtics,orlando magic,116,100,0.535,0.427,23,20,41,39,12,17,16.0,-16.0,1,1
0021900757,2020-02-05,brooklyn nets,golden state warriors,129,88,0.51,0.365,29,20,65,34,13,7,41.0,-41.0,1,1
0021900758,2020-02-05,indiana pacers,toronto raptors,118,119,0.524,0.5,29,27,42,37,18,10,-1.0,1.0,0,0
0021900759,2020-02-05,atlanta hawks,minnesota timberwolves,127,120,0.524,0.495,23,18,44,33,19,16,7.0,-7.0,0,1
0021900760,2020-02-05,cleveland cavaliers,oklahoma city thunder,103,109,0.461,0.469,31,21,45,40,19,12,-6.0,6.0,0,0
0021900761,2020-02-05,dallas mavericks,memphis grizzlies,107,121,0.362,0.528,19,27,42,52,9,10,-14.0,14.0,1,0
0021900762,2020-02-05,denver nuggets,utah jazz,98,95,0.433,0.419,23,20,52,46,11,14,3.0,-3.0,0,1
0021900763,2020-02-05,la clippers,miami heat,128,111,0.506,0.43,35,29,51,46,11,8,17.0,-17.0,1,1
0021900764,2020-02-06,new york knicks,orlando magic,105,103,0.467,0.453,27,22,39,39,13,20,2.0,-2.0,1,1
0021900765,2020-02-06,chicago bulls,new orleans pelicans,119,125,0.495,0.563,25,38,40,45,15,21,-6.0,6.0,1,0
0021900766,2020-02-06,milwaukee bucks,philadelphia 76ers,112,101,0.468,0.374,19,24,60,50,14,11,11.0,-11.0,1,1
0021900767,2020-02-06,portland trail blazers,san antonio spurs,125,117,0.533,0.446,28,25,50,39,12,4,8.0,-8.0,1,1
0021900768,2020-02-06,houston rockets,los angeles lakers,121,111,0.506,0.495,20,33,37,38,16,15,10.0,-10.0,0,1
0021900769,2020-02-07,memphis grizzlies,philadelphia 76ers,107,119,0.409,0.533,25,34,40,50,14,20,-12.0,12.0,0,0
0021900770,2020-02-07,dallas mavericks,washington wizards,118,119,0.462,0.5,27,28,49,39,13,13,-1.0,1.0,0,0
0021900771,2020-02-07,atlanta hawks,boston celtics,107,112,0.407,0.43,21,23,46,47,14,13,-5.0,5.0,0,0
0021900772,2020-02-07,indiana pacers,toronto raptors,106,115,0.453,0.477,26,28,47,39,20,16,-9.0,9.0,1,0
0021900773,2020-02-07,detroit pistons,oklahoma city thunder,101,108,0.427,0.513,19,21,37,42,9,11,-7.0,7.0,0,0
0021900774,2020-02-07,houston rockets,phoenix suns,91,127,0.341,0.558,16,29,29,51,15,23,-36.0,36.0,0,0
0021900775,2020-02-07,miami heat,sacramento kings,97,105,0.442,0.488,21,29,42,36,20,14,-8.0,8.0,0,0
0021900776,2020-02-07,portland trail blazers,utah jazz,114,117,0.454,0.495,14,21,43,56,9,15,-3.0,3.0,0,0
0021900777,2020-02-08,milwaukee bucks,orlando magic,111,95,0.452,0.378,26,28,62,46,16,9,16.0,-16.0,0,1
0021900778,2020-02-08,charlotte hornets,dallas mavericks,100,116,0.437,0.506,15,29,39,46,10,10,-16.0,16.0,1,0
0021900779,2020-02-08,detroit pistons,new york knicks,92,95,0.493,0.447,21,24,28,47,16,15,-3.0,3.0,1,0
0021900780,2020-02-08,indiana pacers,new orleans pelicans,117,124,0.53,0.463,25,27,37,53,14,15,-7.0,7.0,1,0
0021900781,2020-02-08,brooklyn nets,toronto raptors,118,119,0.446,0.474,27,22,46,48,9,7,-1.0,1.0,0,0
0021900782,2020-02-08,la clippers,minnesota timberwolves,115,142,0.477,0.547,24,39,43,46,15,12,-27.0,27.0,0,0
0021900783,2020-02-08,golden state warriors,los angeles lakers,120,125,0.517,0.524,31,29,33,47,18,24,-5.0,5.0,1,0
0021900784,2020-02-08,denver nuggets,phoenix suns,117,108,0.549,0.437,23,25,40,41,14,13,9.0,-9.0,0,1
0021900785,2020-02-08,sacramento kings,san antonio spurs,122,102,0.523,0.506,25,23,39,41,10,14,20.0,-20.0,1,1
0021900786,2020-02-09,boston celtics,oklahoma city thunder,112,111,0.452,0.453,19,14,53,44,9,10,1.0,-1.0,0,1
0021900787,2020-02-09,atlanta hawks,new york knicks,140,135,0.454,0.473,29,30,50,56,14,17,5.0,-5.0,1,1
0021900788,2020-02-09,chicago bulls,philadelphia 76ers,111,118,0.489,0.5,23,29,42,44,18,16,-7.0,7.0,0,0
0021900789,2020-02-09,memphis grizzlies,washington wizards,106,99,0.422,0.35,19,25,62,50,13,7,7.0,-7.0,0,1
0021900790,2020-02-09,houston rockets,utah jazz,113,114,0.463,0.488,20,25,36,48,6,15,-1.0,1.0,1,0
0021900791,2020-02-09,cleveland cavaliers,la clippers,92,133,0.368,0.57,22,28,45,52,16,11,-41.0,41.0,1,0
0021900792,2020-02-09,miami heat,portland trail blazers,109,115,0.398,0.471,31,20,49,43,13,14,-6.0,6.0,0,0
0021900793,2020-02-10,charlotte hornets,detroit pistons,87,76,0.375,0.354,19,21,45,52,10,21,11.0,-11.0,0,1
0021900794,2020-02-10,brooklyn nets,indiana pacers,106,105,0.402,0.489,20,28,53,40,10,6,1.0,-1.0,0,1
0021900795,2020-02-10,atlanta hawks,orlando magic,126,135,0.534,0.526,33,33,31,45,12,10,-9.0,9.0,0,0
0021900796,2020-02-10,minnesota timberwolves,toronto raptors,126,137,0.453,0.573,24,29,38,41,23,18,-11.0,11.0,0,0
0021900797,2020-02-10,milwaukee bucks,sacramento kings,123,111,0.448,0.416,26,23,55,49,13,13,12.0,-12.0,1,1
0021900798,2020-02-10,dallas mavericks,utah jazz,119,123,0.47,0.59,24,27,26,45,7,21,-4.0,4.0,1,0
0021900799,2020-02-10,denver nuggets,san antonio spurs,127,120,0.563,0.482,34,33,37,36,10,10,7.0,-7.0,1,1
0021900800,2020-02-10,golden state warriors,miami heat,101,113,0.39,0.494,23,36,40,45,15,11,-12.0,12.0,1,0
0021900801,2020-02-10,los angeles lakers,phoenix suns,125,100,0.516,0.421,28,26,59,29,16,13,25.0,-25.0,1,1
0021900802,2020-02-11,la clippers,philadelphia 76ers,103,110,0.444,0.463,25,25,42,50,9,6,-7.0,7.0,0,0
0021900803,2020-02-11,chicago bulls,washington wizards,114,126,0.478,0.539,25,28,44,44,20,17,-12.0,12.0,0,0
0021900804,2020-02-11,new orleans pelicans,portland trail blazers,138,117,0.533,0.473,40,21,50,40,13,14,21.0,-21.0,1,1
0021900805,2020-02-11,oklahoma city thunder,san antonio spurs,106,114,0.459,0.488,19,20,35,46,13,11,-8.0,8.0,1,0
0021900806,2020-02-11,boston celtics,houston rockets,105,116,0.435,0.429,24,17,48,45,18,14,-11.0,11.0,0,0
0021900807,2020-02-12,atlanta hawks,cleveland cavaliers,105,127,0.429,0.511,24,25,38,55,17,17,-22.0,22.0,0,0
0021900808,2020-02-12,detroit pistons,orlando magic,112,116,0.435,0.458,28,34,47,46,20,12,-4.0,4.0,0,0
0021900809,2020-02-12,brooklyn nets,toronto raptors,101,91,0.409,0.378,27,21,55,42,12,13,10.0,-10.0,1,1
0021900810,2020-02-12,indiana pacers,milwaukee bucks,118,111,0.523,0.407,28,18,44,44,14,17,7.0,-7.0,1,1
0021900811,2020-02-12,new york knicks,washington wizards,96,114,0.409,0.476,19,25,52,40,20,13,-18.0,18.0,1,0
0021900812,2020-02-12,memphis grizzlies,portland trail blazers,111,104,0.474,0.371,26,21,57,51,12,11,7.0,-7.0,1,1
0021900813,2020-02-12,charlotte hornets,minnesota timberwolves,115,108,0.467,0.386,22,25,52,48,13,11,7.0,-7.0,0,1
0021900814,2020-02-12,dallas mavericks,sacramento kings,130,111,0.565,0.414,34,26,47,40,11,5,19.0,-19.0,1,1
0021900815,2020-02-12,golden state warriors,phoenix suns,106,112,0.506,0.462,27,25,38,40,22,14,-6.0,6.0,0,0
0021900816,2020-02-12,miami heat,utah jazz,101,116,0.432,0.482,19,23,37,53,11,14,-15.0,15.0,0,0
0021900817,2020-02-12,denver nuggets,los angeles lakers,116,120,0.5,0.505,32,29,42,49,10,12,-4.0,4.0,1,0
0021900818,2020-02-13,boston celtics,la clippers,141,133,0.437,0.418,22,19,51,55,14,15,8.0,-8.0,1,1
0021900819,2020-02-13,new orleans pelicans,oklahoma city thunder,118,123,0.488,0.5,31,28,46,40,17,7,-5.0,5.0,1,0
0021900820,2020-02-20,detroit pistons,milwaukee bucks,106,126,0.482,0.505,25,24,46,41,21,7,-20.0,20.0,1,0
0021900821,2020-02-20,atlanta hawks,miami heat,129,124,0.482,0.408,22,28,41,51,16,15,5.0,-5.0,1,1
0021900822,2020-02-20,brooklyn nets,philadelphia 76ers,104,112,0.353,0.442,22,19,49,48,16,13,-8.0,8.0,0,0
0021900823,2020-02-20,charlotte hornets,chicago bulls,103,93,0.473,0.425,22,24,44,38,17,13,10.0,-10.0,0,1
0021900824,2020-02-20,memphis grizzlies,sacramento kings,125,129,0.506,0.506,25,22,51,27,19,10,-4.0,4.0,0,0
0021900825,2020-02-20,golden state warriors,houston rockets,105,135,0.494,0.529,26,31,40,36,21,15,-30.0,30.0,1,0
0021900826,2020-02-21,dallas mavericks,orlando magic,122,106,0.512,0.394,26,21,50,48,15,7,16.0,-16.0,0,1
0021900827,2020-02-21,cleveland cavaliers,washington wizards,113,108,0.531,0.387,19,24,47,47,21,11,5.0,-5.0,0,1
0021900828,2020-02-21,indiana pacers,new york knicks,106,98,0.409,0.432,20,21,50,40,11,15,8.0,-8.0,0,1
0021900829,2020-02-21,phoenix suns,toronto raptors,101,118,0.413,0.525,29,24,34,48,17,22,-17.0,17.0,0,0
0021900830,2020-02-21,boston celtics,minnesota timberwolves,127,117,0.463,0.404,21,23,58,43,10,8,10.0,-10.0,0,1
0021900831,2020-02-21,denver nuggets,oklahoma city thunder,101,113,0.481,0.46,19,19,39,44,19,12,-12.0,12.0,0,0
0021900832,2020-02-21,san antonio spurs,utah jazz,113,104,0.44,0.427,22,25,48,47,6,17,9.0,-9.0,0,1
0021900833,2020-02-21,los angeles lakers,memphis grizzlies,117,105,0.477,0.457,25,22,49,50,14,16,12.0,-12.0,1,1
0021900834,2020-02-21,new orleans pelicans,portland trail blazers,128,115,0.536,0.457,36,20,46,46,17,14,13.0,-13.0,0,1
0021900835,2020-02-22,la clippers,sacramento kings,103,112,0.391,0.449,20,25,47,48,19,13,-9.0,9.0,1,0
0021900836,2020-02-22,brooklyn nets,charlotte hornets,115,86,0.483,0.352,26,22,54,45,10,12,29.0,-29.0,0,1
0021900837,2020-02-22,atlanta hawks,dallas mavericks,111,107,0.439,0.449,27,23,53,48,10,16,4.0,-4.0,1,1
0021900838,2020-02-22,cleveland cavaliers,miami heat,105,124,0.481,0.57,29,34,40,29,24,15,-19.0,19.0,0,0
0021900839,2020-02-22,chicago bulls,phoenix suns,104,112,0.434,0.442,18,26,38,47,25,19,-8.0,8.0,1,0
0021900840,2020-02-22,milwaukee bucks,philadelphia 76ers,119,98,0.527,0.354,35,17,57,43,17,10,21.0,-21.0,1,1
0021900841,2020-02-22,houston rockets,utah jazz,120,110,0.489,0.467,20,18,42,46,10,13,10.0,-10.0,0,1
0021900842,2020-02-23,boston celtics,los angeles lakers,112,114,0.458,0.453,20,20,44,46,17,13,-2.0,2.0,0,0
0021900843,2020-02-23,indiana pacers,toronto raptors,81,127,0.326,0.511,23,32,39,57,17,17,-46.0,46.0,0,0
0021900844,2020-02-23,denver nuggets,minnesota timberwolves,128,116,0.589,0.444,29,26,38,38,13,15,12.0,-12.0,1,1
0021900845,2020-02-23,chicago bulls,washington wizards,126,117,0.556,0.507,27,24,37,34,26,24,9.0,-9.0,1,1
0021900846,2020-02-23,oklahoma city thunder,san antonio spurs,131,103,0.575,0.369,28,27,54,43,12,9,28.0,-28.0,1,1
0021900847,2020-02-23,golden state warriors,new orleans pelicans,101,115,0.435,0.469,28,34,48,52,13,13,-14.0,14.0,1,0
0021900848,2020-02-23,detroit pistons,portland trail blazers,104,107,0.43,0.488,18,20,44,41,11,10,-3.0,3.0,0,0
0021900849,2020-02-24,cleveland cavaliers,miami heat,125,119,0.443,0.458,25,33,53,49,12,12,6.0,-6.0,1,1
0021900850,2020-02-24,atlanta hawks,philadelphia 76ers,112,129,0.412,0.511,19,27,44,48,13,11,-17.0,17.0,0,0
0021900851,2020-02-24,milwaukee bucks,washington wizards,137,134,0.57,0.48,26,27,45,41,21,17,3.0,-3.0,0,1
0021900852,2020-02-24,brooklyn nets,orlando magic,113,115,0.479,0.494,29,27,49,41,12,10,-2.0,2.0,1,0
0021900853,2020-02-24,houston rockets,new york knicks,123,112,0.5,0.44,20,20,38,54,13,17,11.0,-11.0,1,1
0021900854,2020-02-24,dallas mavericks,minnesota timberwolves,139,123,0.505,0.442,28,16,54,42,12,11,16.0,-16.0,1,1
0021900855,2020-02-24,phoenix suns,utah jazz,131,111,0.563,0.471,33,16,38,30,13,19,20.0,-20.0,0,1
0021900856,2020-02-24,la clippers,memphis grizzlies,124,97,0.5,0.416,33,20,50,45,12,13,27.0,-27.0,1,1
0021900857,2020-02-25,charlotte hornets,indiana pacers,80,119,0.333,0.57,22,35,39,56,11,14,-39.0,39.0,0,0
0021900858,2020-02-25,milwaukee bucks,toronto raptors,108,97,0.381,0.352,23,21,53,43,13,16,11.0,-11.0,0,1
0021900859,2020-02-25,chicago bulls,oklahoma city thunder,122,124,0.536,0.553,22,25,39,37,11,11,-2.0,2.0,1,0
0021900860,2020-02-25,denver nuggets,detroit pistons,115,98,0.579,0.407,33,24,41,33,18,16,17.0,-17.0,1,1
0021900861,2020-02-25,los angeles lakers,new orleans pelicans,118,109,0.441,0.453,27,31,51,45,16,20,9.0,-9.0,1,1
0021900862,2020-02-25,boston celtics,portland trail blazers,118,106,0.478,0.447,19,24,45,41,14,17,12.0,-12.0,0,1
0021900863,2020-02-25,golden state warriors,sacramento kings,94,112,0.443,0.526,21,25,34,40,16,10,-18.0,18.0,1,0
0021900864,2020-02-26,charlotte hornets,new york knicks,107,101,0.47,0.506,25,22,37,42,14,15,6.0,-6.0,1,1
0021900865,2020-02-26,cleveland cavaliers,philadelphia 76ers,108,94,0.526,0.404,24,22,48,31,18,8,14.0,-14.0,1,1
0021900866,2020-02-26,brooklyn nets,washington wizards,106,110,0.414,0.427,15,22,56,39,18,11,-4.0,4.0,0,0
0021900867,2020-02-26,atlanta hawks,orlando magic,120,130,0.447,0.49,30,30,42,52,9,8,-10.0,10.0,1,0
0021900868,2020-02-26,miami heat,minnesota timberwolves,126,129,0.526,0.516,30,28,43,33,21,16,-3.0,3.0,1,0
0021900869,2020-02-26,dallas mavericks,san antonio spurs,109,103,0.419,0.424,25,22,43,55,15,15,6.0,-6.0,0,1
0021900870,2020-02-26,houston rockets,memphis grizzlies,140,112,0.559,0.398,22,28,44,49,18,14,28.0,-28.0,1,1
0021900871,2020-02-26,la clippers,phoenix suns,102,92,0.44,0.391,22,29,46,48,15,16,10.0,-10.0,0,1
0021900872,2020-02-26,boston celtics,utah jazz,114,103,0.536,0.449,21,16,44,41,8,9,11.0,-11.0,0,1
0021900873,2020-02-27,new york knicks,philadelphia 76ers,106,115,0.506,0.495,28,32,39,44,8,6,-9.0,9.0,0,0
0021900874,2020-02-27,indiana pacers,portland trail blazers,106,100,0.444,0.461,21,14,48,45,11,14,6.0,-6.0,1,1
0021900875,2020-02-27,oklahoma city thunder,sacramento kings,112,108,0.488,0.451,20,30,37,45,9,15,4.0,-4.0,1,1
0021900876,2020-02-27,golden state warriors,los angeles lakers,86,116,0.425,0.511,27,24,37,44,26,16,-30.0,30.0,1,0
0021900877,2020-02-28,minnesota timberwolves,orlando magic,125,136,0.484,0.541,27,36,33,54,15,15,-11.0,11.0,0,0
0021900878,2020-02-28,atlanta hawks,brooklyn nets,141,118,0.515,0.457,32,30,52,38,8,11,23.0,-23.0,1,1
0021900879,2020-02-28,charlotte hornets,toronto raptors,99,96,0.436,0.347,23,19,58,45,17,5,3.0,-3.0,0,1
0021900880,2020-02-28,dallas mavericks,miami heat,118,126,0.476,0.519,25,30,35,40,11,9,-8.0,8.0,0,0
0021900881,2020-02-28,memphis grizzlies,sacramento kings,101,104,0.429,0.418,27,24,52,47,12,9,-3.0,3.0,1,0
0021900882,2020-02-28,milwaukee bucks,oklahoma city thunder,133,86,0.5,0.363,34,14,66,36,17,14,47.0,-47.0,1,1
0021900883,2020-02-28,cleveland cavaliers,new orleans pelicans,104,116,0.453,0.545,27,36,34,49,14,16,-12.0,12.0,0,0
0021900884,2020-02-28,detroit pistons,phoenix suns,113,111,0.489,0.6,27,31,31,38,10,18,2.0,-2.0,0,1
0021900885,2020-02-28,utah jazz,washington wizards,129,119,0.494,0.459,23,23,54,41,15,11,10.0,-10.0,1,1
0021900886,2020-02-28,denver nuggets,la clippers,103,132,0.451,0.539,19,35,39,46,14,10,-29.0,29.0,0,0
0021900887,2020-02-29,chicago bulls,new york knicks,115,125,0.461,0.553,26,29,33,50,8,16,-10.0,10.0,0,0
0021900888,2020-02-29,atlanta hawks,portland trail blazers,129,117,0.548,0.5,34,14,36,42,18,17,12.0,-12.0,1,1
0021900889,2020-02-29,brooklyn nets,miami heat,113,116,0.465,0.451,30,27,44,45,10,6,-3.0,3.0,0,0
0021900890,2020-02-29,cleveland cavaliers,indiana pacers,104,113,0.482,0.54,30,30,36,38,13,13,-9.0,9.0,1,0
0021900891,2020-02-29,los angeles lakers,memphis grizzlies,88,105,0.414,0.453,26,27,45,51,14,7,-17.0,17.0,0,0
0021900892,2020-02-29,boston celtics,houston rockets,110,111,0.39,0.418,22,17,54,53,14,16,-1.0,1.0,1,0
0021900893,2020-02-29,orlando magic,san antonio spurs,113,114,0.488,0.524,28,28,41,31,18,17,-1.0,1.0,0,0
0021900894,2020-02-29,golden state warriors,phoenix suns,115,99,0.471,0.41,30,24,49,40,10,19,16.0,-16.0,0,1
0021900895,2020-03-01,charlotte hornets,milwaukee bucks,85,93,0.354,0.402,22,20,47,61,10,16,-8.0,8.0,1,0
0021900896,2020-03-01,dallas mavericks,minnesota timberwolves,111,91,0.468,0.364,28,19,56,57,14,13,20.0,-20.0,0,1
0021900897,2020-03-01,la clippers,philadelphia 76ers,136,130,0.592,0.505,25,27,37,37,10,9,6.0,-6.0,1,1
0021900898,2020-03-01,denver nuggets,toronto raptors,133,118,0.566,0.461,38,24,41,36,16,11,15.0,-15.0,1,1
0021900899,2020-03-01,detroit pistons,sacramento kings,100,106,0.413,0.407,23,18,42,51,14,10,-6.0,6.0,0,0
0021900900,2020-03-01,los angeles lakers,new orleans pelicans,122,114,0.515,0.421,23,24,36,52,13,16,8.0,-8.0,0,1
0021900901,2020-03-01,golden state warriors,washington wizards,110,124,0.472,0.488,25,24,52,34,21,13,-14.0,14.0,1,0
0021900902,2020-03-02,cleveland cavaliers,utah jazz,113,126,0.462,0.566,28,30,36,47,6,15,-13.0,13.0,1,0
0021900903,2020-03-02,houston rockets,new york knicks,123,125,0.415,0.485,25,26,34,65,12,17,-2.0,2.0,0,0
0021900904,2020-03-02,orlando magic,portland trail blazers,107,130,0.385,0.557,29,27,39,49,6,11,-23.0,23.0,1,0
0021900905,2020-03-02,atlanta hawks,memphis grizzlies,88,127,0.323,0.5,20,30,43,60,17,14,-39.0,39.0,1,0
0021900906,2020-03-02,miami heat,milwaukee bucks,105,89,0.43,0.407,28,19,46,48,9,13,16.0,-16.0,1,1
0021900907,2020-03-02,chicago bulls,dallas mavericks,109,107,0.468,0.476,24,26,42,44,14,16,2.0,-2.0,1,1
0021900908,2020-03-02,indiana pacers,san antonio spurs,116,111,0.5,0.519,22,21,40,33,13,14,5.0,-5.0,0,1
0021900909,2020-03-03,charlotte hornets,san antonio spurs,103,104,0.476,0.475,25,25,46,33,17,10,-1.0,1.0,1,0
0021900910,2020-03-03,boston celtics,brooklyn nets,120,129,0.427,0.43,24,22,42,63,15,20,-9.0,9.0,1,0
0021900911,2020-03-03,minnesota timberwolves,new orleans pelicans,139,134,0.557,0.52,31,37,42,44,16,15,5.0,-5.0,0,1
0021900912,2020-03-03,la clippers,oklahoma city thunder,109,94,0.452,0.42,19,16,41,43,9,13,15.0,-15.0,0,1
0021900913,2020-03-03,denver nuggets,golden state warriors,100,116,0.448,0.512,22,31,53,35,15,11,-16.0,16.0,1,0
0021900914,2020-03-03,phoenix suns,toronto raptors,114,123,0.459,0.465,30,17,35,47,18,15,-9.0,9.0,1,0
0021900915,2020-03-03,los angeles lakers,philadelphia 76ers,120,107,0.535,0.447,25,24,43,42,13,15,13.0,-13.0,1,1
0021900916,2020-03-03,sacramento kings,washington wizards,133,126,0.562,0.513,23,28,42,31,15,14,7.0,-7.0,1,1
0021900917,2020-03-04,boston celtics,cleveland cavaliers,112,106,0.465,0.438,16,24,49,50,11,12,6.0,-6.0,0,1
0021900918,2020-03-04,detroit pistons,oklahoma city thunder,107,114,0.465,0.613,27,25,36,33,17,14,-7.0,7.0,1,0
0021900919,2020-03-04,miami heat,orlando magic,116,113,0.519,0.524,31,28,36,35,12,12,3.0,-3.0,1,1
0021900920,2020-03-04,brooklyn nets,memphis grizzlies,79,118,0.333,0.43,15,21,42,59,13,11,-39.0,39.0,1,0
0021900921,2020-03-04,new york knicks,utah jazz,104,112,0.482,0.506,23,26,42,37,13,11,-8.0,8.0,1,0
0021900922,2020-03-04,chicago bulls,minnesota timberwolves,108,115,0.479,0.494,24,27,40,43,10,17,-7.0,7.0,0,0
0021900923,2020-03-04,dallas mavericks,new orleans pelicans,127,123,0.463,0.439,30,28,49,52,16,14,4.0,-4.0,1,1
0021900924,2020-03-04,indiana pacers,milwaukee bucks,100,119,0.433,0.457,22,26,39,56,15,16,-19.0,19.0,0,0
0021900925,2020-03-04,portland trail blazers,washington wizards,125,104,0.519,0.388,24,27,47,48,15,10,21.0,-21.0,1,1
0021900926,2020-03-05,charlotte hornets,denver nuggets,112,114,0.494,0.53,24,29,34,38,13,12,-2.0,2.0,1,0
0021900927,2020-03-05,houston rockets,la clippers,105,120,0.361,0.464,19,22,51,57,10,14,-15.0,15.0,1,0
0021900928,2020-03-05,philadelphia 76ers,sacramento kings,125,108,0.49,0.532,24,23,45,37,12,17,17.0,-17.0,0,1
0021900929,2020-03-05,golden state warriors,toronto raptors,113,121,0.408,0.476,34,28,52,39,15,11,-8.0,8.0,1,0
0021900930,2020-03-06,atlanta hawks,washington wizards,112,118,0.535,0.474,25,24,36,38,17,16,-6.0,6.0,0,0
0021900931,2020-03-06,brooklyn nets,san antonio spurs,139,120,0.531,0.467,32,25,52,38,7,6,19.0,-19.0,1,1
0021900932,2020-03-06,new york knicks,oklahoma city thunder,103,126,0.451,0.49,19,26,48,38,12,4,-23.0,23.0,1,0
0021900933,2020-03-06,boston celtics,utah jazz,94,99,0.372,0.45,19,23,45,40,12,18,-5.0,5.0,1,0
0021900934,2020-03-06,chicago bulls,indiana pacers,102,108,0.412,0.507,27,24,45,46,17,21,-6.0,6.0,1,0
0021900935,2020-03-06,minnesota timberwolves,orlando magic,118,132,0.469,0.607,30,31,36,45,8,10,-14.0,14.0,1,0
0021900936,2020-03-06,miami heat,new orleans pelicans,104,110,0.43,0.418,27,28,45,53,15,17,-6.0,6.0,0,0
0021900937,2020-03-06,dallas mavericks,memphis grizzlies,121,96,0.474,0.464,30,29,48,47,10,19,25.0,-25.0,1,1
0021900938,2020-03-06,phoenix suns,portland trail blazers,127,117,0.495,0.494,29,26,47,39,12,16,10.0,-10.0,1,1
0021900939,2020-03-06,los angeles lakers,milwaukee bucks,113,103,0.418,0.416,19,22,52,45,16,19,10.0,-10.0,1,1
0021900940,2020-03-07,charlotte hornets,houston rockets,108,99,0.529,0.461,29,22,30,42,17,20,9.0,-9.0,1,1
0021900941,2020-03-07,detroit pistons,utah jazz,105,111,0.465,0.519,24,17,38,40,11,9,-6.0,6.0,1,0
0021900942,2020-03-07,cleveland cavaliers,denver nuggets,104,102,0.553,0.506,32,28,39,33,21,17,2.0,-2.0,1,1
0021900943,2020-03-07,atlanta hawks,memphis grizzlies,101,118,0.337,0.494,23,27,46,58,14,16,-17.0,17.0,0,0
0021900944,2020-03-07,golden state warriors,philadelphia 76ers,118,114,0.55,0.488,30,29,35,41,7,11,4.0,-4.0,1,1
0021900945,2020-03-07,portland trail blazers,sacramento kings,111,123,0.472,0.482,22,30,41,47,11,14,-12.0,12.0,1,0
0021900946,2020-03-08,brooklyn nets,chicago bulls,110,107,0.5,0.424,21,23,50,31,28,7,3.0,-3.0,1,1
0021900947,2020-03-08,minnesota timberwolves,new orleans pelicans,107,120,0.394,0.489,20,28,42,54,17,25,-13.0,13.0,1,0
0021900948,2020-03-08,la clippers,los angeles lakers,103,112,0.395,0.448,12,22,49,45,15,12,-9.0,9.0,1,0
0021900949,2020-03-08,boston celtics,oklahoma city thunder,104,105,0.413,0.443,22,16,46,39,13,16,-1.0,1.0,1,0
0021900950,2020-03-08,milwaukee bucks,phoenix suns,131,140,0.537,0.553,23,30,36,47,10,14,-9.0,9.0,0,0
0021900951,2020-03-08,miami heat,washington wizards,100,89,0.485,0.333,21,19,46,29,20,13,11.0,-11.0,0,1
0021900952,2020-03-08,dallas mavericks,indiana pacers,109,112,0.429,0.523,19,23,42,47,10,10,-3.0,3.0,1,0
0021900953,2020-03-08,houston rockets,orlando magic,106,126,0.443,0.484,21,21,38,49,18,14,-20.0,20.0,1,0
0021900954,2020-03-08,cleveland cavaliers,san antonio spurs,132,129,0.457,0.439,26,20,60,44,18,9,3.0,-3.0,1,1
0021900955,2020-03-08,detroit pistons,new york knicks,84,96,0.363,0.439,21,15,35,51,11,9,-12.0,12.0,0,0
0021900956,2020-03-08,sacramento kings,toronto raptors,113,118,0.467,0.476,24,27,50,36,11,9,-5.0,5.0,1,0
0021900957,2020-03-09,atlanta hawks,charlotte hornets,143,138,0.552,0.471,33,31,53,35,15,3,5.0,-5.0,1,1
0021900958,2020-03-09,denver nuggets,milwaukee bucks,109,95,0.436,0.378,28,23,48,48,12,17,14.0,-14.0,1,1
0021900959,2020-03-09,toronto raptors,utah jazz,101,92,0.434,0.398,22,24,53,34,18,11,9.0,-9.0,0,1
0021900960,2020-03-10,boston celtics,indiana pacers,114,111,0.441,0.495,19,23,46,43,8,12,3.0,-3.0,0,1
0021900961,2020-03-10,new york knicks,washington wizards,115,122,0.519,0.473,30,23,36,37,18,16,-7.0,7.0,0,0
0021900962,2020-03-10,chicago bulls,cleveland cavaliers,108,103,0.5,0.5,23,29,46,35,21,18,5.0,-5.0,1,1
0021900963,2020-03-10,houston rockets,minnesota timberwolves,117,111,0.513,0.482,24,21,33,41,16,18,6.0,-6.0,1,1
0021900964,2020-03-10,memphis grizzlies,orlando magic,115,120,0.5,0.467,24,31,39,41,20,15,-5.0,5.0,1,0
0021900965,2020-03-10,dallas mavericks,san antonio spurs,109,119,0.457,0.517,23,32,42,40,14,11,-10.0,10.0,0,0
0021900966,2020-03-10,phoenix suns,portland trail blazers,105,121,0.402,0.506,26,20,43,46,14,11,-16.0,16.0,0,0
0021900967,2020-03-10,golden state warriors,la clippers,107,131,0.468,0.5,25,28,35,47,9,10,-24.0,24.0,1,0
0021900968,2020-03-10,brooklyn nets,los angeles lakers,104,102,0.411,0.46,24,24,47,46,10,14,2.0,-2.0,0,1
0021900969,2020-03-11,atlanta hawks,new york knicks,131,136,0.453,0.532,26,32,53,47,17,12,-5.0,5.0,1,0
0021900970,2020-03-11,charlotte hornets,miami heat,109,98,0.451,0.464,20,32,50,36,14,14,11.0,-11.0,0,1
0021900971,2020-03-11,detroit pistons,philadelphia 76ers,106,124,0.464,0.506,25,28,32,50,8,13,-18.0,18.0,0,0
0021900973,2020-03-11,dallas mavericks,denver nuggets,113,97,0.457,0.47,23,23,52,40,10,15,16.0,-16.0,1,1
0021901231,2020-07-30,new orleans pelicans,utah jazz,104,106,0.426,0.44,22,17,45,43,20,20,-2.0,2.0,1,0
0021901232,2020-07-30,la clippers,los angeles lakers,101,103,0.432,0.39,17,21,36,45,20,16,-2.0,2.0,0,0
0021901233,2020-07-31,brooklyn nets,orlando magic,118,128,0.484,0.529,30,31,39,42,14,12,-10.0,10.0,1,0
0021901234,2020-07-31,memphis grizzlies,portland trail blazers,135,140,0.452,0.538,25,27,39,42,13,16,-5.0,5.0,0,0
0021901235,2020-07-31,phoenix suns,washington wizards,125,112,0.525,0.462,29,18,37,36,17,18,13.0,-13.0,0,1
0021901236,2020-07-31,boston celtics,milwaukee bucks,112,119,0.407,0.464,18,25,48,47,15,15,-7.0,7.0,0,0
0021901237,2020-07-31,sacramento kings,san antonio spurs,120,129,0.484,0.533,22,32,42,42,15,15,-9.0,9.0,0,0
0021901238,2020-07-31,dallas mavericks,houston rockets,149,153,0.476,0.515,30,26,55,43,20,9,-4.0,4.0,1,0
0021901239,2020-08-01,denver nuggets,miami heat,105,125,0.438,0.556,28,29,38,38,19,15,-20.0,20.0,1,0
0021901240,2020-08-01,oklahoma city thunder,utah jazz,110,94,0.532,0.391,19,17,47,35,21,14,16.0,-16.0,1,1
0021901241,2020-08-01,la clippers,new orleans pelicans,126,103,0.425,0.447,23,24,48,48,10,18,23.0,-23.0,1,1
0021901242,2020-08-01,indiana pacers,philadelphia 76ers,127,121,0.505,0.495,31,20,34,55,10,21,6.0,-6.0,1,1
0021901243,2020-08-01,los angeles lakers,toronto raptors,92,107,0.354,0.417,17,24,40,51,17,14,-15.0,15.0,0,0
0021901244,2020-08-02,brooklyn nets,washington wizards,118,110,0.422,0.455,23,26,48,46,11,12,8.0,-8.0,1,1
0021901245,2020-08-02,boston celtics,portland trail blazers,128,124,0.545,0.5,24,31,36,35,14,12,4.0,-4.0,1,1
0021901246,2020-08-02,memphis grizzlies,san antonio spurs,106,108,0.462,0.419,27,22,39,49,12,16,-2.0,2.0,1,0
0021901247,2020-08-02,orlando magic,sacramento kings,132,116,0.524,0.495,31,30,46,39,18,14,16.0,-16.0,1,1
0021901248,2020-08-02,houston rockets,milwaukee bucks,120,116,0.396,0.489,22,21,36,65,9,22,4.0,-4.0,1,1
0021901249,2020-08-02,dallas mavericks,phoenix suns,115,117,0.409,0.452,22,22,49,49,8,11,-2.0,2.0,0,0
0021901250,2020-08-03,miami heat,toronto raptors,103,107,0.425,0.433,29,19,41,39,14,21,-4.0,4.0,1,0
0021901251,2020-08-03,denver nuggets,oklahoma city thunder,121,113,0.483,0.425,23,20,46,42,12,15,8.0,-8.0,0,1
0021901252,2020-08-03,indiana pacers,washington wizards,111,100,0.478,0.436,20,30,45,45,10,13,11.0,-11.0,0,1
0021901253,2020-08-03,memphis grizzlies,new orleans pelicans,99,109,0.398,0.451,25,25,43,49,13,14,-10.0,10.0,0,0
0021901254,2020-08-03,philadelphia 76ers,san antonio spurs,132,130,0.529,0.495,26,21,35,44,13,14,2.0,-2.0,1,1
0021901255,2020-08-03,los angeles lakers,utah jazz,116,108,0.5,0.446,23,25,38,42,14,21,8.0,-8.0,0,1
0021901256,2020-08-04,brooklyn nets,milwaukee bucks,119,116,0.417,0.477,30,28,42,54,7,18,3.0,-3.0,0,1
0021901257,2020-08-04,dallas mavericks,sacramento kings,114,110,0.367,0.413,22,26,61,47,17,10,4.0,-4.0,0,1
0021901258,2020-08-04,la clippers,phoenix suns,115,117,0.494,0.469,21,25,48,44,10,8,-2.0,2.0,1,0
0021901259,2020-08-04,indiana pacers,orlando magic,120,109,0.548,0.476,29,21,32,43,7,18,11.0,-11.0,1,1
0021901260,2020-08-04,boston celtics,miami heat,106,112,0.435,0.442,15,22,45,42,16,12,-6.0,6.0,0,0
0021901261,2020-08-04,houston rockets,portland trail blazers,102,110,0.391,0.411,24,18,39,64,10,12,-8.0,8.0,0,0
0021901262,2020-08-05,memphis grizzlies,utah jazz,115,124,0.473,0.452,21,25,41,46,14,17,-9.0,9.0,0,0
0021901263,2020-08-05,philadelphia 76ers,washington wizards,107,98,0.463,0.424,27,17,41,48,14,15,9.0,-9.0,0,1
0021901264,2020-08-05,denver nuggets,san antonio spurs,132,126,0.549,0.495,31,29,46,35,14,7,6.0,-6.0,0,1
0021901265,2020-08-05,los angeles lakers,oklahoma city thunder,86,105,0.352,0.43,17,17,46,52,11,13,-19.0,19.0,1,0
0021901266,2020-08-05,orlando magic,toronto raptors,99,109,0.402,0.487,26,25,43,44,13,15,-10.0,10.0,1,0
0021901267,2020-08-05,boston celtics,brooklyn nets,149,115,0.568,0.474,29,23,43,34,14,17,34.0,-34.0,1,1
0021901268,2020-08-06,new orleans pelicans,sacramento kings,125,140,0.573,0.538,31,26,30,39,17,8,-15.0,15.0,0,0
0021901269,2020-08-06,miami heat,milwaukee bucks,116,130,0.422,0.526,28,27,39,44,19,14,-14.0,14.0,0,0
0021901270,2020-08-06,indiana pacers,phoenix suns,99,114,0.435,0.467,20,27,38,53,15,15,-15.0,15.0,0,0
0021901271,2020-08-06,dallas mavericks,la clippers,111,126,0.448,0.543,24,22,37,45,7,6,-15.0,15.0,1,0
0021901272,2020-08-06,denver nuggets,portland trail blazers,115,125,0.524,0.467,30,30,44,39,16,9,-10.0,10.0,1,0
0021901273,2020-08-06,houston rockets,los angeles lakers,113,97,0.429,0.455,26,18,34,48,19,24,16.0,-16.0,1,1
0021901274,2020-08-07,san antonio spurs,utah jazz,119,111,0.506,0.418,27,25,47,49,13,15,8.0,-8.0,1,1
0021901275,2020-08-07,memphis grizzlies,oklahoma city thunder,121,92,0.554,0.351,24,19,58,36,19,10,29.0,-29.0,1,1
0021901276,2020-08-07,brooklyn nets,sacramento kings,119,106,0.488,0.427,30,19,44,50,9,15,13.0,-13.0,1,1
0021901277,2020-08-07,orlando magic,philadelphia 76ers,101,108,0.42,0.409,17,19,47,51,9,9,-7.0,7.0,0,0
0021901278,2020-08-07,new orleans pelicans,washington wizards,118,107,0.477,0.422,25,22,45,40,18,13,11.0,-11.0,1,1
0021901279,2020-08-07,boston celtics,toronto raptors,122,100,0.49,0.427,27,20,52,48,14,17,22.0,-22.0,0,1
0021901280,2020-08-08,la clippers,portland trail blazers,122,117,0.494,0.489,24,24,45,41,14,11,5.0,-5.0,0,1
0021901281,2020-08-08,denver nuggets,utah jazz,134,132,0.472,0.448,29,34,52,51,11,22,2.0,-2.0,1,1
0021901282,2020-08-08,indiana pacers,los angeles lakers,116,111,0.524,0.42,25,20,42,44,20,15,5.0,-5.0,1,1
0021901283,2020-08-08,miami heat,phoenix suns,112,119,0.488,0.478,28,27,37,52,12,11,-7.0,7.0,1,0
0021901284,2020-08-08,dallas mavericks,milwaukee bucks,136,132,0.417,0.475,37,26,54,55,6,13,4.0,-4.0,1,1
0021901285,2020-08-09,oklahoma city thunder,washington wizards,121,103,0.512,0.413,25,23,43,44,12,15,18.0,-18.0,1,1
0021901286,2020-08-09,memphis grizzlies,toronto raptors,99,108,0.407,0.479,24,25,42,40,22,25,-9.0,9.0,0,0
0021901287,2020-08-09,new orleans pelicans,san antonio spurs,113,122,0.438,0.449,30,22,48,51,19,17,-9.0,9.0,1,0
0021901288,2020-08-09,boston celtics,orlando magic,122,119,0.441,0.402,32,24,54,52,12,13,3.0,-3.0,1,1
0021901289,2020-08-09,philadelphia 76ers,portland trail blazers,121,124,0.485,0.473,24,19,48,41,15,10,-3.0,3.0,0,0
0021901290,2020-08-09,houston rockets,sacramento kings,129,112,0.473,0.471,21,29,48,41,15,17,17.0,-17.0,0,1
0021901291,2020-08-09,brooklyn nets,la clippers,129,120,0.553,0.484,32,23,46,39,16,10,9.0,-9.0,0,1
0021901292,2020-08-10,oklahoma city thunder,phoenix suns,101,128,0.389,0.472,24,29,40,53,19,19,-27.0,27.0,0,0
0021901293,2020-08-10,dallas mavericks,utah jazz,122,114,0.565,0.476,29,28,34,38,8,12,8.0,-8.0,0,1
0021901294,2020-08-10,milwaukee bucks,toronto raptors,106,114,0.393,0.433,25,24,49,55,19,13,-8.0,8.0,1,0
0021901295,2020-08-10,indiana pacers,miami heat,92,114,0.393,0.449,20,29,45,59,17,13,-22.0,22.0,0,0
0021901296,2020-08-10,denver nuggets,los angeles lakers,121,124,0.584,0.543,27,28,35,32,14,10,-3.0,3.0,0,0
0021901297,2020-08-11,brooklyn nets,orlando magic,108,96,0.427,0.386,26,13,47,49,13,17,12.0,-12.0,0,1
0021901298,2020-08-11,houston rockets,san antonio spurs,105,123,0.404,0.495,18,28,37,59,18,22,-18.0,18.0,0,0
0021901299,2020-08-11,philadelphia 76ers,phoenix suns,117,130,0.495,0.551,28,28,34,44,8,7,-13.0,13.0,1,0
0021901300,2020-08-11,dallas mavericks,portland trail blazers,131,134,0.519,0.469,28,18,37,48,17,8,-3.0,3.0,1,0
0021901301,2020-08-11,boston celtics,memphis grizzlies,122,107,0.512,0.393,29,26,46,44,12,8,15.0,-15.0,0,1
0021901302,2020-08-11,new orleans pelicans,sacramento kings,106,112,0.512,0.489,25,27,34,45,19,20,-6.0,6.0,0,0
0021901303,2020-08-11,milwaukee bucks,washington wizards,126,113,0.506,0.411,25,22,53,44,14,11,13.0,-13.0,0,1
0021901304,2020-08-12,houston rockets,indiana pacers,104,108,0.372,0.4,20,25,49,54,20,14,-4.0,4.0,1,0
0021901305,2020-08-12,philadelphia 76ers,toronto raptors,121,125,0.464,0.444,27,28,47,47,17,12,-4.0,4.0,1,0
0021901306,2020-08-12,miami heat,oklahoma city thunder,115,116,0.488,0.438,24,20,40,50,12,16,-1.0,1.0,0,0
0021901307,2020-08-12,denver nuggets,la clippers,111,124,0.494,0.541,33,29,42,40,12,7,-13.0,13.0,1,0
0021901308,2020-08-13,boston celtics,washington wizards,90,96,0.398,0.386,22,22,51,56,18,18,-6.0,6.0,1,0
0021901309,2020-08-13,brooklyn nets,portland trail blazers,133,134,0.552,0.481,28,25,46,42,14,9,-1.0,1.0,1,0
0021901310,2020-08-13,los angeles lakers,sacramento kings,122,136,0.49,0.568,29,37,47,44,17,14,-14.0,14.0,1,0
0021901311,2020-08-13,memphis grizzlies,milwaukee bucks,119,106,0.5,0.398,36,27,55,45,18,15,13.0,-13.0,1,1
0021901312,2020-08-13,new orleans pelicans,orlando magic,127,133,0.552,0.571,22,25,40,33,13,12,-6.0,6.0,0,0
0021901313,2020-08-13,dallas mavericks,phoenix suns,102,128,0.438,0.551,17,34,43,45,11,5,-26.0,26.0,0,0
0021901314,2020-08-13,san antonio spurs,utah jazz,112,118,0.494,0.465,24,25,44,43,15,8,-6.0,6.0,0,0
0021901315,2020-08-14,houston rockets,philadelphia 76ers,96,134,0.438,0.563,25,31,27,51,17,16,-38.0,38.0,1,0
0021901316,2020-08-14,indiana pacers,miami heat,109,92,0.483,0.356,32,14,51,48,19,19,17.0,-17.0,1,1
0021901317,2020-08-14,la clippers,oklahoma city thunder,107,103,0.4,0.358,23,18,61,48,20,16,4.0,-4.0,1,1
0021901318,2020-08-14,denver nuggets,toronto raptors,109,117,0.414,0.5,27,27,41,51,15,19,-8.0,8.0,0,0
0041900101,2020-08-18,milwaukee bucks,orlando magic,110,122,0.433,0.494,28,29,47,48,16,15,-12.0,12.0,1,0
0041900102,2020-08-20,milwaukee bucks,orlando magic,111,96,0.472,0.348,26,18,57,42,20,11,15.0,-15.0,1,1
0041900103,2020-08-22,milwaukee bucks,orlando magic,121,107,0.561,0.452,27,24,43,35,18,18,14.0,-14.0,0,1
0041900104,2020-08-24,milwaukee bucks,orlando magic,121,106,0.495,0.414,29,26,49,43,12,16,15.0,-15.0,0,1
0041900105,2020-08-29,milwaukee bucks,orlando magic,118,104,0.455,0.394,27,22,56,47,14,11,14.0,-14.0,1,1
0041900111,2020-08-17,brooklyn nets,toronto raptors,110,134,0.467,0.471,33,26,45,47,14,11,-24.0,24.0,0,0
0041900112,2020-08-19,brooklyn nets,toronto raptors,99,104,0.388,0.437,25,22,46,44,17,8,-5.0,5.0,0,0
0041900113,2020-08-21,brooklyn nets,toronto raptors,92,117,0.333,0.505,24,35,42,56,13,14,-25.0,25.0,1,0
0041900114,2020-08-23,brooklyn nets,toronto raptors,122,150,0.398,0.554,21,39,44,57,14,10,-28.0,28.0,1,0
0041900121,2020-08-17,boston celtics,philadelphia 76ers,109,101,0.422,0.463,22,23,43,50,7,18,8.0,-8.0,1,1
0041900122,2020-08-19,boston celtics,philadelphia 76ers,128,101,0.512,0.418,20,21,43,38,6,9,27.0,-27.0,1,1
0041900123,2020-08-21,boston celtics,philadelphia 76ers,102,94,0.414,0.295,15,14,45,57,10,12,8.0,-8.0,0,1
0041900124,2020-08-23,boston celtics,philadelphia 76ers,110,106,0.463,0.427,19,12,42,39,14,8,4.0,-4.0,0,1
0041900131,2020-08-18,indiana pacers,miami heat,101,113,0.474,0.494,22,22,37,35,13,9,-12.0,12.0,1,0
0041900132,2020-08-20,indiana pacers,miami heat,100,109,0.444,0.474,25,27,38,41,16,16,-9.0,9.0,1,0
0041900133,2020-08-22,indiana pacers,miami heat,115,124,0.488,0.453,23,23,37,46,14,16,-9.0,9.0,0,0
0041900134,2020-08-24,indiana pacers,miami heat,87,99,0.413,0.44,20,24,34,60,15,13,-12.0,12.0,0,0
0041900141,2020-08-18,los angeles lakers,portland trail blazers,93,100,0.351,0.392,22,18,55,50,9,16,-7.0,7.0,1,0
0041900142,2020-08-20,los angeles lakers,portland trail blazers,111,88,0.478,0.4,26,14,50,41,14,17,23.0,-23.0,1,1
0041900143,2020-08-22,los angeles lakers,portland trail blazers,116,108,0.5,0.411,26,17,55,38,17,11,8.0,-8.0,0,1
0041900144,2020-08-24,los angeles lakers,portland trail blazers,135,115,0.563,0.449,29,20,41,42,14,17,20.0,-20.0,0,1
0041900145,2020-08-29,los angeles lakers,portland trail blazers,131,122,0.545,0.473,27,20,41,43,17,19,9.0,-9.0,1,1
0041900151,2020-08-17,dallas mavericks,la clippers,110,118,0.457,0.474,18,18,41,45,21,11,-8.0,8.0,0,0
0041900152,2020-08-19,dallas mavericks,la clippers,127,114,0.5,0.44,25,16,49,47,9,15,13.0,-13.0,0,1
0041900153,2020-08-21,dallas mavericks,la clippers,122,130,0.506,0.522,27,24,42,44,9,7,-8.0,8.0,1,0
0041900154,2020-08-23,dallas mavericks,la clippers,135,133,0.5,0.464,20,19,54,41,11,9,2.0,-2.0,1,1
0041900155,2020-08-25,dallas mavericks,la clippers,111,154,0.447,0.631,19,28,31,49,13,15,-43.0,43.0,0,0
0041900156,2020-08-30,dallas mavericks,la clippers,97,111,0.422,0.484,20,22,42,52,12,13,-14.0,14.0,1,0
0041900161,2020-08-17,denver nuggets,utah jazz,135,125,0.516,0.474,23,18,41,52,11,15,10.0,-10.0,1,1
0041900162,2020-08-19,denver nuggets,utah jazz,105,124,0.457,0.517,22,32,41,36,10,6,-19.0,19.0,1,0
0041900163,2020-08-21,denver nuggets,utah jazz,87,124,0.375,0.512,20,27,45,50,17,10,-37.0,37.0,0,0
0041900164,2020-08-23,denver nuggets,utah jazz,127,129,0.49,0.575,25,14,40,37,6,10,-2.0,2.0,0,0
0041900165,2020-08-25,denver nuggets,utah jazz,117,107,0.506,0.5,22,23,38,35,9,15,10.0,-10.0,1,1
0041900166,2020-08-30,denver nuggets,utah jazz,119,107,0.549,0.453,22,20,43,30,15,10,12.0,-12.0,0,1
0041900167,2020-09-01,denver nuggets,utah jazz,80,78,0.373,0.38,21,16,46,48,10,12,2.0,-2.0,1,1
0041900171,2020-08-18,houston rockets,oklahoma city thunder,123,108,0.483,0.44,25,22,36,46,7,12,15.0,-15.0,1,1
0041900172,2020-08-20,houston rockets,oklahoma city thunder,111,98,0.418,0.443,21,15,41,48,7,13,13.0,-13.0,1,1
0041900173,2020-08-22,houston rockets,oklahoma city thunder,107,119,0.413,0.446,14,20,46,54,16,15,-12.0,12.0,0,0
0041900174,2020-08-24,houston rockets,oklahoma city thunder,114,117,0.451,0.488,25,16,40,46,14,14,-3.0,3.0,0,0
0041900175,2020-08-29,houston rockets,oklahoma city thunder,114,80,0.43,0.315,28,11,55,58,11,18,33.8,-34.0,1,1
0041900176,2020-08-31,houston rockets,oklahoma city thunder,100,104,0.452,0.427,19,17,41,51,22,19,-4.0,4.0,0,0
0041900177,2020-09-02,houston rockets,oklahoma city thunder,104,102,0.398,0.461,18,24,44,46,12,21,2.0,-2.0,1,1
0041900201,2020-08-31,miami heat,milwaukee bucks,115,104,0.464,0.493,21,22,46,34,16,19,11.0,-11.0,0,1
0041900202,2020-09-02,miami heat,milwaukee bucks,116,114,0.457,0.435,22,16,38,50,10,14,2.0,-2.0,0,1
0041900203,2020-09-04,miami heat,milwaukee bucks,115,100,0.449,0.42,27,23,49,44,11,10,15.0,-15.0,1,1
0041900204,2020-09-06,miami heat,milwaukee bucks,115,118,0.444,0.489,33,25,41,46,15,12,-3.0,3.0,1,0
0041900205,2020-09-08,miami heat,milwaukee bucks,103,94,0.479,0.363,21,20,48,41,21,11,9.0,-9.0,0,1
0041900211,2020-08-30,boston celtics,toronto raptors,112,94,0.47,0.369,25,22,50,40,22,14,18.0,-18.0,0,1
0041900212,2020-09-01,boston celtics,toronto raptors,102,99,0.421,0.4,18,25,44,41,17,12,3.0,-3.0,0,1
0041900213,2020-09-03,boston celtics,toronto raptors,103,104,0.47,0.466,21,23,44,39,14,13,-1.0,1.0,1,0
0041900214,2020-09-05,boston celtics,toronto raptors,93,100,0.44,0.395,18,23,45,41,14,12,-7.0,7.0,1,0
0041900215,2020-09-07,boston celtics,toronto raptors,111,89,0.494,0.388,23,19,45,36,11,13,22.0,-22.0,0,1
0041900216,2020-09-09,boston celtics,toronto raptors,122,125,0.44,0.436,32,22,58,46,15,12,-3.0,3.0,1,0
0041900217,2020-09-11,boston celtics,toronto raptors,92,87,0.407,0.413,19,17,44,44,10,18,5.0,-5.0,0,1
0041900221,2020-09-04,houston rockets,los angeles lakers,112,97,0.481,0.422,19,18,41,41,14,15,15.0,-15.0,0,1
0041900222,2020-09-06,houston rockets,los angeles lakers,109,117,0.449,0.566,22,30,35,41,17,15,-8.0,8.0,0,0
0041900223,2020-09-08,houston rockets,los angeles lakers,102,112,0.469,0.551,23,25,30,43,9,13,-10.0,10.0,1,0
0041900224,2020-09-10,houston rockets,los angeles lakers,100,110,0.431,0.489,24,30,26,52,16,16,-10.0,10.0,1,0
0041900225,2020-09-12,houston rockets,los angeles lakers,96,119,0.371,0.527,18,25,31,50,12,19,-23.0,23.0,0,0
0041900231,2020-09-03,denver nuggets,la clippers,97,120,0.422,0.571,20,23,40,45,15,14,-23.0,23.0,0,0
0041900232,2020-09-05,denver nuggets,la clippers,110,101,0.451,0.409,18,20,45,52,12,17,9.0,-9.0,0,1
0041900233,2020-09-07,denver nuggets,la clippers,107,113,0.468,0.547,32,23,36,41,12,17,-6.0,6.0,1,0
0041900234,2020-09-09,denver nuggets,la clippers,85,96,0.397,0.418,19,19,38,41,14,9,-11.0,11.0,1,0
0041900235,2020-09-11,denver nuggets,la clippers,111,105,0.481,0.42,20,22,44,41,11,9,6.0,-6.0,0,1
0041900236,2020-09-13,denver nuggets,la clippers,111,98,0.541,0.41,26,20,41,37,14,13,13.0,-13.0,1,1
0041900237,2020-09-15,denver nuggets,la clippers,104,89,0.494,0.378,22,21,53,37,20,10,15.0,-15.0,0,1
0041900301,2020-09-15,boston celtics,miami heat,114,117,0.443,0.471,24,32,37,41,10,12,-3.2,3.0,1,0
0041900302,2020-09-17,boston celtics,miami heat,101,106,0.5,0.444,19,27,41,38,20,9,-5.0,5.0,1,0
0041900303,2020-09-19,boston celtics,miami heat,117,106,0.482,0.388,27,21,50,42,14,13,11.0,-11.0,0,1
0041900304,2020-09-23,boston celtics,miami heat,109,112,0.476,0.429,28,20,46,40,19,8,-3.0,3.0,0,0
0041900305,2020-09-25,boston celtics,miami heat,121,108,0.452,0.453,29,27,50,38,11,12,13.0,-13.0,1,1
0041900306,2020-09-27,boston celtics,miami heat,113,125,0.434,0.563,26,30,42,40,10,12,-12.0,12.0,0,0
0041900311,2020-09-18,denver nuggets,los angeles lakers,114,126,0.494,0.53,23,33,37,34,16,11,-12.0,12.0,0,0
0041900312,2020-09-20,denver nuggets,los angeles lakers,103,105,0.473,0.446,22,23,31,44,19,23,-2.0,2.0,0,0
0041900313,2020-09-22,denver nuggets,los angeles lakers,114,106,0.548,0.518,26,27,44,25,18,16,8.0,-8.0,1,1
0041900314,2020-09-24,denver nuggets,los angeles lakers,108,114,0.506,0.475,22,23,33,41,11,9,-6.0,6.0,1,0
0041900315,2020-09-26,denver nuggets,los angeles lakers,107,117,0.422,0.545,23,24,36,43,11,13,-10.0,10.0,0,0
0041900401,2020-09-30,los angeles lakers,miami heat,116,98,0.452,0.427,26,23,54,36,12,8,18.0,-18.0,1,1
0041900402,2020-10-02,los angeles lakers,miami heat,124,114,0.505,0.507,32,29,44,37,9,9,10.0,-10.0,1,1
0041900403,2020-10-04,los angeles lakers,miami heat,104,115,0.43,0.513,23,25,43,37,19,12,-11.0,11.0,0,0
0041900404,2020-10-06,los angeles lakers,miami heat,102,96,0.443,0.427,25,18,42,39,15,11,6.0,-6.0,0,1
0041900405,2020-10-09,los angeles lakers,miami heat,108,111,0.463,0.458,21,26,41,35,15,13,-3.0,3.0,1,0
0041900406,2020-10-11,los angeles lakers,miami heat,106,93,0.483,0.443,23,25,46,41,12,13,13.0,-13.0,0,1
0051900111,2020-08-15,memphis grizzlies,portland trail blazers,122,126,0.489,0.452,30,20,49,39,18,13,-4.0,4.0,0,0
