Team1,Team2,Team1Score,Team2Score,Team1Home,Team1Win,Team1_TEAM_NAME,Team1_GP,Team1_W,Team1_L,Team1_W_PCT,Team1_MIN,Team1_FGM,Team1_FGA,Team1_FG_PCT,Team1_FG3M,Team1_FG3A,Team1_FG3_PCT,Team1_FTM,Team1_FTA,Team1_FT_PCT,Team1_OREB,Team1_DREB,Team1_REB,Team1_AST,Team1_TOV,Team1_STL,Team1_BLK,Team1_BLKA,Team1_PF,Team1_PFD,Team1_PTS,Team1_PLUS_MINUS,Team1_GP_RANK,Team1_W_RANK,Team1_L_RANK,Team1_W_PCT_RANK,Team1_MIN_RANK,Team1_FGM_RANK,Team1_FGA_RANK,Team1_FG_PCT_RANK,Team1_FG3M_RANK,Team1_FG3A_RANK,Team1_FG3_PCT_RANK,Team1_FTM_RANK,Team1_FTA_RANK,Team1_FT_PCT_RANK,Team1_OREB_RANK,Team1_DREB_RANK,Team1_REB_RANK,Team1_AST_RANK,Team1_TOV_RANK,Team1_STL_RANK,Team1_BLK_RANK,Team1_BLKA_RANK,Team1_PF_RANK,Team1_PFD_RANK,Team1_PTS_RANK,Team1_PLUS_MINUS_RANK,Team2_TEAM_NAME,Team2_GP,Team2_W,Team2_L,Team2_W_PCT,Team2_MIN,Team2_FGM,Team2_FGA,Team2_FG_PCT,Team2_FG3M,Team2_FG3A,Team2_FG3_PCT,Team2_FTM,Team2_FTA,Team2_FT_PCT,Team2_OREB,Team2_DREB,Team2_REB,Team2_AST,Team2_TOV,Team2_STL,Team2_BLK,Team2_BLKA,Team2_PF,Team2_PFD,Team2_PTS,Team2_PLUS_MINUS,Team2_GP_RANK,Team2_W_RANK,Team2_L_RANK,Team2_W_PCT_RANK,Team2_MIN_RANK,Team2_FGM_RANK,Team2_FGA_RANK,Team2_FG_PCT_RANK,Team2_FG3M_RANK,Team2_FG3A_RANK,Team2_FG3_PCT_RANK,Team2_FTM_RANK,Team2_FTA_RANK,Team2_FT_PCT_RANK,Team2_OREB_RANK,Team2_DREB_RANK,Team2_REB_RANK,Team2_AST_RANK,Team2_TOV_RANK,Team2_STL_RANK,Team2_BLK_RANK,Team2_BLKA_RANK,Team2_PF_RANK,Team2_PFD_RANK,Team2_PTS_RANK,Team2_PLUS_MINUS_RANK
Washington Wizards,Orlando Magic,101,122,1,0,Washington Wizards,4,1,3,0.25,192.0,180,376,0.479,58,152,0.382,59,74,0.797,38,137,175,108,64.0,24,21,23,95,83,477,1.0,16,21,18,21,20,16,20,2,9,15,4,28,29,8,28,28,29,10,9,28,19,16,8,28,18,17,Orlando Magic,4,2,2,0.5,192.0,143,362,0.395,38,132,0.288,59,75,0.787,46,145,191,85,48.0,34,23,23,70,76,383,8.0,16,15,11,15,20,30,25,30,27,24,29,28,28,10,16,22,21,30,2,19,14,16,1,30,30,10
New York Knicks,Portland Trail Blazers,117,93,1,1,New York Knicks,5,1,4,0.2,240.0,182,430,0.423,50,142,0.352,89,132,0.674,65,175,240,94,92.0,41,25,27,123,109,503,-41.0,2,21,26,26,7,14,9,24,19,20,14,13,5,29,1,8,4,21,23,8,9,23,25,11,15,26,Portland Trail Blazers,5,3,2,0.6,240.0,200,445,0.449,54,148,0.365,101,122,0.828,43,191,234,87,81.0,36,29,20,135,111,555,4.0,2,6,11,12,7,6,6,19,13,16,11,6,10,5,22,5,6,28,17,14,3,10,28,7,6,14
Milwaukee Bucks,Minnesota Timberwolves,106,104,1,1,Milwaukee Bucks,4,2,2,0.5,197.0,173,367,0.471,64,183,0.35,67,101,0.663,24,171,195,103,56.0,27,25,16,95,97,477,7.0,16,15,11,15,17,17,23,6,6,4,15,25,21,30,30,11,19,15,5,26,9,3,8,22,18,13,Minnesota Timberwolves,4,3,1,0.75,197.0,160,371,0.431,48,161,0.298,91,120,0.758,45,139,184,89,68.0,45,17,29,81,109,459,8.0,16,6,2,5,17,22,22,22,20,12,26,12,12,16,18,25,26,25,13,6,28,26,5,11,20,10
Los Angeles Lakers,Phoenix Suns,117,107,1,1,Los Angeles Lakers,4,3,1,0.75,192.0,160,350,0.457,39,116,0.336,78,98,0.796,40,144,184,94,61.0,34,32,14,86,97,437,47.0,16,6,2,5,20,22,28,12,26,28,18,20,23,9,24,23,26,21,8,19,2,2,7,22,26,1,Phoenix Suns,5,3,2,0.6,245.0,203,446,0.455,64,174,0.368,107,128,0.836,44,188,232,144,81.0,46,20,32,147,130,577,46.0,2,6,11,12,2,3,5,16,6,9,9,4,6,3,20,6,7,2,17,1,22,28,29,2,4,3
Cleveland Cavaliers,Charlotte Hornets,106,109,1,0,Cleveland Cavaliers,4,2,2,0.5,192.0,159,346,0.46,42,128,0.328,64,87,0.736,42,151,193,87,66.0,22,19,19,78,84,424,-9.0,16,15,11,15,20,24,30,11,23,26,20,27,27,22,23,18,20,28,11,30,25,7,3,27,28,21,Charlotte Hornets,5,2,3,0.4,240.0,199,430,0.463,75,179,0.419,67,93,0.72,50,162,212,127,98.0,29,19,31,107,106,540,-48.0,2,15,18,18,7,7,9,10,2,6,1,25,26,25,7,14,12,4,28,23,25,27,15,16,7,28
Indiana Pacers,Denver Nuggets,116,124,1,0,Indiana Pacers,4,1,3,0.25,192.0,164,366,0.448,35,96,0.365,58,70,0.829,40,118,158,98,49.0,35,15,21,97,78,421,-12.0,16,21,18,21,20,21,24,20,29,29,12,30,30,4,24,30,30,19,3,17,29,12,12,29,29,22,Denver Nuggets,5,3,2,0.6,245.0,192,451,0.426,53,153,0.346,93,113,0.823,57,172,229,112,72.0,37,25,22,115,116,530,-2.0,2,6,11,12,2,11,4,23,14,14,16,9,17,6,3,9,8,9,14,12,9,15,20,5,9,18
Miami Heat,Toronto Raptors,84,76,1,1,Miami Heat,5,4,1,0.8,245.0,201,428,0.47,65,166,0.392,111,154,0.721,48,188,236,124,104.0,46,35,24,126,124,578,41.0,2,1,2,2,2,4,11,7,4,10,3,2,1,23,13,6,5,5,30,1,1,21,26,3,3,6,Toronto Raptors,5,4,1,0.8,245.0,201,434,0.463,70,184,0.38,101,115,0.878,40,208,248,121,96.0,39,25,26,119,111,573,47.0,2,1,2,2,2,4,8,9,3,3,6,6,15,1,24,1,3,6,27,9,9,22,23,7,5,1
Chicago Bulls,Utah Jazz,98,102,1,0,Chicago Bulls,5,1,4,0.2,240.0,193,470,0.411,53,181,0.293,89,115,0.774,58,151,209,105,58.0,46,23,35,109,104,528,-30.0,2,21,26,26,7,10,3,28,14,5,27,13,15,14,2,18,13,12,6,1,14,29,17,19,10,25,Utah Jazz,5,4,1,0.8,240.0,184,389,0.473,53,141,0.376,84,108,0.778,25,192,217,104,93.0,38,18,23,122,116,505,43.0,2,1,2,2,7,12,15,5,14,21,8,17,19,12,29,4,11,14,24,11,27,16,24,5,14,5
Minnesota Timberwolves,Golden State Warriors,99,84,1,1,Minnesota Timberwolves,4,3,1,0.75,197.0,160,371,0.431,48,161,0.298,91,120,0.758,45,139,184,89,68.0,45,17,29,81,109,459,8.0,16,6,2,5,17,22,22,22,20,12,26,12,12,16,18,25,26,25,13,6,28,26,5,11,20,10,Golden State Warriors,4,1,3,0.25,192.0,156,377,0.414,42,138,0.304,104,121,0.86,53,132,185,105,64.0,36,10,21,80,92,458,-47.0,16,21,18,21,20,29,18,26,23,22,25,5,11,2,5,29,25,12,9,14,30,12,4,26,22,27
Dallas Mavericks,Brooklyn Nets,123,111,1,1,Dallas Mavericks,4,3,1,0.75,192.0,158,347,0.455,51,163,0.313,92,124,0.742,39,144,183,96,52.0,27,20,11,77,108,459,16.0,16,6,2,5,20,26,29,15,18,11,23,11,7,20,27,23,28,20,4,26,22,1,2,15,20,9,Brooklyn Nets,4,1,3,0.25,202.0,170,373,0.456,56,147,0.381,84,123,0.683,50,151,201,89,79.0,31,21,20,97,106,480,-8.0,16,21,18,21,16,18,21,14,11,17,5,17,9,28,7,18,18,25,16,22,19,10,12,16,17,20
San Antonio Spurs,Oklahoma City Thunder,103,109,1,0,San Antonio Spurs,4,3,1,0.75,192.0,169,356,0.475,31,92,0.337,85,112,0.759,47,156,203,91,67.0,23,26,18,84,97,454,8.0,16,6,2,5,20,20,26,4,30,30,17,16,18,15,14,16,17,23,12,29,6,5,6,22,23,10,Oklahoma City Thunder,5,1,4,0.2,240.0,183,422,0.434,47,144,0.326,98,136,0.721,51,203,254,90,93.0,35,20,27,115,121,511,4.0,2,21,26,26,7,13,13,21,21,19,21,8,3,24,6,2,1,24,24,17,22,23,20,4,13,14
Sacramento Kings,Memphis Grizzlies,128,123,1,1,Sacramento Kings,5,0,5,0.0,240.0,181,442,0.41,58,175,0.331,73,98,0.745,56,152,208,101,90.0,37,23,23,109,105,493,-85.0,2,30,30,30,7,15,7,29,9,8,19,23,23,18,4,17,15,16,22,12,14,16,17,18,16,30,Memphis Grizzlies,4,1,3,0.25,197.0,158,381,0.415,36,128,0.281,76,98,0.776,45,146,191,99,75.0,36,26,28,108,95,428,-55.0,16,21,18,21,17,26,17,25,28,26,30,22,23,13,18,21,21,18,15,14,6,25,16,25,27,29
LA Clippers,Detroit Pistons,126,112,1,1,LA Clippers,6,4,2,0.667,288.0,250,504,0.496,65,177,0.367,120,153,0.784,50,202,252,135,100.0,46,27,23,150,148,685,28.0,1,1,11,11,1,1,1,1,4,7,10,1,2,11,7,3,2,3,29,1,4,16,30,1,1,7,Detroit Pistons,5,2,3,0.4,240.0,195,408,0.478,56,134,0.418,93,124,0.75,44,165,209,117,95.0,29,22,17,102,109,539,-24.0,2,15,18,18,7,8,14,3,11,23,2,9,7,17,20,13,13,8,26,23,18,4,14,11,8,24
Boston Celtics,Atlanta Hawks,109,106,1,1,Boston Celtics,4,3,1,0.75,192.0,158,384,0.411,52,146,0.356,71,100,0.71,49,139,188,88,44.0,32,23,21,95,109,439,26.0,16,6,2,5,20,26,16,27,17,18,13,24,22,26,12,25,23,27,1,21,14,12,8,11,25,8,Atlanta Hawks,5,2,3,0.4,240.0,194,425,0.456,47,161,0.292,82,118,0.695,50,172,222,120,88.0,45,26,38,110,104,517,-5.0,2,15,18,18,7,9,12,13,21,12,28,19,14,27,7,9,9,7,21,6,6,30,19,19,11,19
Orlando Magic,Miami Heat,105,85,1,1,Orlando Magic,4,2,2,0.5,192.0,143,362,0.395,38,132,0.288,59,75,0.787,46,145,191,85,48.0,34,23,23,70,76,383,8.0,16,15,11,15,20,30,25,30,27,24,29,28,28,10,16,22,21,30,2,19,14,16,1,30,30,10,Miami Heat,5,4,1,0.8,245.0,201,428,0.47,65,166,0.392,111,154,0.721,48,188,236,124,104.0,46,35,24,126,124,578,41.0,2,1,2,2,2,4,11,7,4,10,3,2,1,23,13,6,5,5,30,1,1,21,26,3,3,6
Washington Wizards,Portland Trail Blazers,103,122,1,0,Washington Wizards,4,1,3,0.25,192.0,180,376,0.479,58,152,0.382,59,74,0.797,38,137,175,108,64.0,24,21,23,95,83,477,1.0,16,21,18,21,20,16,20,2,9,15,4,28,29,8,28,28,29,10,9,28,19,16,8,28,18,17,Portland Trail Blazers,5,3,2,0.6,240.0,200,445,0.449,54,148,0.365,101,122,0.828,43,191,234,87,81.0,36,29,20,135,111,555,4.0,2,6,11,12,7,6,6,19,13,16,11,6,10,5,22,5,6,28,17,14,3,10,28,7,6,14
Houston Rockets,Philadelphia 76ers,118,108,1,1,Houston Rockets,4,3,1,0.75,192.0,170,377,0.451,62,191,0.325,110,135,0.815,47,139,186,107,60.0,29,21,19,95,111,512,2.0,16,6,2,5,20,18,18,18,8,2,22,3,4,7,14,25,24,11,7,23,19,7,8,7,12,16,Philadelphia 76ers,4,4,0,1.0,192.0,159,352,0.452,40,129,0.31,88,119,0.739,46,159,205,100,83.0,46,27,18,116,103,446,44.0,16,1,1,1,20,24,27,17,25,25,24,15,13,21,16,15,16,17,20,1,4,5,22,21,24,4
Phoenix Suns,New York Knicks,120,112,1,1,Phoenix Suns,5,3,2,0.6,245.0,203,446,0.455,64,174,0.368,107,128,0.836,44,188,232,144,81.0,46,20,32,147,130,577,46.0,2,6,11,12,2,3,5,16,6,9,9,4,6,3,20,6,7,2,17,1,22,28,29,2,4,3,New York Knicks,5,1,4,0.2,240.0,182,430,0.423,50,142,0.352,89,132,0.674,65,175,240,94,92.0,41,25,27,123,109,503,-41.0,2,21,26,26,7,14,9,24,19,20,14,13,5,29,1,8,4,21,23,8,9,23,25,11,15,26
Los Angeles Lakers,New Orleans Pelicans,123,113,1,1,Los Angeles Lakers,4,3,1,0.75,192.0,160,350,0.457,39,116,0.336,78,98,0.796,40,144,184,94,61.0,34,32,14,86,97,437,47.0,16,6,2,5,20,22,28,12,26,28,18,20,23,9,24,23,26,21,8,19,2,2,7,22,26,1,New Orleans Pelicans,5,1,4,0.2,245.0,223,480,0.465,82,216,0.38,78,105,0.743,50,171,221,153,81.0,39,25,19,127,111,606,-14.0,2,21,26,26,2,2,2,8,1,1,7,20,20,19,7,11,10,1,17,9,9,7,27,7,2,23
LA Clippers,Memphis Grizzlies,114,140,1,0,LA Clippers,6,4,2,0.667,288.0,250,504,0.496,65,177,0.367,120,153,0.784,50,202,252,135,100.0,46,27,23,150,148,685,28.0,1,1,11,11,1,1,1,1,4,7,10,1,2,11,7,3,2,3,29,1,4,16,30,1,1,7,Memphis Grizzlies,4,1,3,0.25,197.0,158,381,0.415,36,128,0.281,76,98,0.776,45,146,191,99,75.0,36,26,28,108,95,428,-55.0,16,21,18,21,17,26,17,25,28,26,30,22,23,13,18,21,21,18,15,14,6,25,16,25,27,29
Brooklyn Nets,Toronto Raptors,102,121,1,0,Brooklyn Nets,4,1,3,0.25,202.0,170,373,0.456,56,147,0.381,84,123,0.683,50,151,201,89,79.0,31,21,20,97,106,480,-8.0,16,21,18,21,16,18,21,14,11,17,5,17,9,28,7,18,18,25,16,22,19,10,12,16,17,20,Toronto Raptors,5,4,1,0.8,245.0,201,434,0.463,70,184,0.38,101,115,0.878,40,208,248,121,96.0,39,25,26,119,111,573,47.0,2,1,2,2,2,4,8,9,3,3,6,6,15,1,24,1,3,6,27,9,9,22,23,7,5,1
Orlando Magic,Utah Jazz,96,109,1,0,Orlando Magic,4,2,2,0.5,192.0,143,362,0.395,38,132,0.288,59,75,0.787,46,145,191,85,48.0,34,23,23,70,76,383,8.0,16,15,11,15,20,30,25,30,27,24,29,28,28,10,16,22,21,30,2,19,14,16,1,30,30,10,Utah Jazz,5,4,1,0.8,240.0,184,389,0.473,53,141,0.376,84,108,0.778,25,192,217,104,93.0,38,18,23,122,116,505,43.0,2,1,2,2,7,12,15,5,14,21,8,17,19,12,29,4,11,14,24,11,27,16,24,5,14,5
Atlanta Hawks,Indiana Pacers,116,111,1,1,Atlanta Hawks,5,2,3,0.4,240.0,194,425,0.456,47,161,0.292,82,118,0.695,50,172,222,120,88.0,45,26,38,110,104,517,-5.0,2,15,18,18,7,9,12,13,21,12,28,19,14,27,7,9,9,7,21,6,6,30,19,19,11,19,Indiana Pacers,4,1,3,0.25,192.0,164,366,0.448,35,96,0.365,58,70,0.829,40,118,158,98,49.0,35,15,21,97,78,421,-12.0,16,21,18,21,20,21,24,20,29,29,12,30,30,4,24,30,30,19,3,17,29,12,12,29,29,22
Cleveland Cavaliers,Oklahoma City Thunder,106,121,1,0,Cleveland Cavaliers,4,2,2,0.5,192.0,159,346,0.46,42,128,0.328,64,87,0.736,42,151,193,87,66.0,22,19,19,78,84,424,-9.0,16,15,11,15,20,24,30,11,23,26,20,27,27,22,23,18,20,28,11,30,25,7,3,27,28,21,Oklahoma City Thunder,5,1,4,0.2,240.0,183,422,0.434,47,144,0.326,98,136,0.721,51,203,254,90,93.0,35,20,27,115,121,511,4.0,2,21,26,26,7,13,13,21,21,19,21,8,3,24,6,2,1,24,24,17,22,23,20,4,13,14
Washington Wizards,Denver Nuggets,128,114,1,1,Washington Wizards,4,1,3,0.25,192.0,180,376,0.479,58,152,0.382,59,74,0.797,38,137,175,108,64.0,24,21,23,95,83,477,1.0,16,21,18,21,20,16,20,2,9,15,4,28,29,8,28,28,29,10,9,28,19,16,8,28,18,17,Denver Nuggets,5,3,2,0.6,245.0,192,451,0.426,53,153,0.346,93,113,0.823,57,172,229,112,72.0,37,25,22,115,116,530,-2.0,2,6,11,12,2,11,4,23,14,14,16,9,17,6,3,9,8,9,14,12,9,15,20,5,9,18
Chicago Bulls,Boston Celtics,104,111,1,0,Chicago Bulls,5,1,4,0.2,240.0,193,470,0.411,53,181,0.293,89,115,0.774,58,151,209,105,58.0,46,23,35,109,104,528,-30.0,2,21,26,26,7,10,3,28,14,5,27,13,15,14,2,18,13,12,6,1,14,29,17,19,10,25,Boston Celtics,4,3,1,0.75,192.0,158,384,0.411,52,146,0.356,71,100,0.71,49,139,188,88,44.0,32,23,21,95,109,439,26.0,16,6,2,5,20,26,16,27,17,18,13,24,22,26,12,25,23,27,1,21,14,12,8,11,25,8
Dallas Mavericks,Charlotte Hornets,120,123,1,0,Dallas Mavericks,4,3,1,0.75,192.0,158,347,0.455,51,163,0.313,92,124,0.742,39,144,183,96,52.0,27,20,11,77,108,459,16.0,16,6,2,5,20,26,29,15,18,11,23,11,7,20,27,23,28,20,4,26,22,1,2,15,20,9,Charlotte Hornets,5,2,3,0.4,240.0,199,430,0.463,75,179,0.419,67,93,0.72,50,162,212,127,98.0,29,19,31,107,106,540,-48.0,2,15,18,18,7,7,9,10,2,6,1,25,26,25,7,14,12,4,28,23,25,27,15,16,7,28
Milwaukee Bucks,San Antonio Spurs,127,118,1,1,Milwaukee Bucks,4,2,2,0.5,197.0,173,367,0.471,64,183,0.35,67,101,0.663,24,171,195,103,56.0,27,25,16,95,97,477,7.0,16,15,11,15,17,17,23,6,6,4,15,25,21,30,30,11,19,15,5,26,9,3,8,22,18,13,San Antonio Spurs,4,3,1,0.75,192.0,169,356,0.475,31,92,0.337,85,112,0.759,47,156,203,91,67.0,23,26,18,84,97,454,8.0,16,6,2,5,20,20,26,4,30,30,17,16,18,15,14,16,17,23,12,29,6,5,6,22,23,10
Golden State Warriors,Detroit Pistons,104,111,1,0,Golden State Warriors,4,1,3,0.25,192.0,156,377,0.414,42,138,0.304,104,121,0.86,53,132,185,105,64.0,36,10,21,80,92,458,-47.0,16,21,18,21,20,29,18,26,23,22,25,5,11,2,5,29,25,12,9,14,30,12,4,26,22,27,Detroit Pistons,5,2,3,0.4,240.0,195,408,0.478,56,134,0.418,93,124,0.75,44,165,209,117,95.0,29,22,17,102,109,539,-24.0,2,15,18,18,7,8,14,3,11,23,2,9,7,17,20,13,13,8,26,23,18,4,14,11,8,24
Sacramento Kings,New Orleans Pelicans,115,117,1,0,Sacramento Kings,5,0,5,0.0,240.0,181,442,0.41,58,175,0.331,73,98,0.745,56,152,208,101,90.0,37,23,23,109,105,493,-85.0,2,30,30,30,7,15,7,29,9,8,19,23,23,18,4,17,15,16,22,12,14,16,17,18,16,30,New Orleans Pelicans,5,1,4,0.2,245.0,223,480,0.465,82,216,0.38,78,105,0.743,50,171,221,153,81.0,39,25,19,127,111,606,-14.0,2,21,26,26,2,2,2,8,1,1,7,20,20,19,7,11,10,1,17,9,9,7,27,7,2,23
LA Clippers,New York Knicks,135,132,1,1,LA Clippers,6,4,2,0.667,288.0,250,504,0.496,65,177,0.367,120,153,0.784,50,202,252,135,100.0,46,27,23,150,148,685,28.0,1,1,11,11,1,1,1,1,4,7,10,1,2,11,7,3,2,3,29,1,4,16,30,1,1,7,New York Knicks,5,1,4,0.2,240.0,182,430,0.423,50,142,0.352,89,132,0.674,65,175,240,94,92.0,41,25,27,123,109,503,-41.0,2,21,26,26,7,14,9,24,19,20,14,13,5,29,1,8,4,21,23,8,9,23,25,11,15,26
Miami Heat,Portland Trail Blazers,122,111,1,1,Miami Heat,5,4,1,0.8,245.0,201,428,0.47,65,166,0.392,111,154,0.721,48,188,236,124,104.0,46,35,24,126,124,578,41.0,2,1,2,2,2,4,11,7,4,10,3,2,1,23,13,6,5,5,30,1,1,21,26,3,3,6,Portland Trail Blazers,5,3,2,0.6,240.0,200,445,0.449,54,148,0.365,101,122,0.828,43,191,234,87,81.0,36,29,20,135,111,555,4.0,2,6,11,12,7,6,6,19,13,16,11,6,10,5,22,5,6,28,17,14,3,10,28,7,6,14
Cleveland Cavaliers,Minnesota Timberwolves,103,118,1,0,Cleveland Cavaliers,4,2,2,0.5,192.0,159,346,0.46,42,128,0.328,64,87,0.736,42,151,193,87,66.0,22,19,19,78,84,424,-9.0,16,15,11,15,20,24,30,11,23,26,20,27,27,22,23,18,20,28,11,30,25,7,3,27,28,21,Minnesota Timberwolves,4,3,1,0.75,197.0,160,371,0.431,48,161,0.298,91,120,0.758,45,139,184,89,68.0,45,17,29,81,109,459,8.0,16,6,2,5,17,22,22,22,20,12,26,12,12,16,18,25,26,25,13,6,28,26,5,11,20,10
Phoenix Suns,Memphis Grizzlies,114,121,1,0,Phoenix Suns,5,3,2,0.6,245.0,203,446,0.455,64,174,0.368,107,128,0.836,44,188,232,144,81.0,46,20,32,147,130,577,46.0,2,6,11,12,2,3,5,16,6,9,9,4,6,3,20,6,7,2,17,1,22,28,29,2,4,3,Memphis Grizzlies,4,1,3,0.25,197.0,158,381,0.415,36,128,0.281,76,98,0.776,45,146,191,99,75.0,36,26,28,108,95,428,-55.0,16,21,18,21,17,26,17,25,28,26,30,22,23,13,18,21,21,18,15,14,6,25,16,25,27,29
Los Angeles Lakers,Detroit Pistons,106,99,1,1,Los Angeles Lakers,4,3,1,0.75,192.0,160,350,0.457,39,116,0.336,78,98,0.796,40,144,184,94,61.0,34,32,14,86,97,437,47.0,16,6,2,5,20,22,28,12,26,28,18,20,23,9,24,23,26,21,8,19,2,2,7,22,26,1,Detroit Pistons,5,2,3,0.4,240.0,195,408,0.478,56,134,0.418,93,124,0.75,44,165,209,117,95.0,29,22,17,102,109,539,-24.0,2,15,18,18,7,8,14,3,11,23,2,9,7,17,20,13,13,8,26,23,18,4,14,11,8,24
Charlotte Hornets,Indiana Pacers,104,115,1,0,Charlotte Hornets,5,2,3,0.4,240.0,199,430,0.463,75,179,0.419,67,93,0.72,50,162,212,127,98.0,29,19,31,107,106,540,-48.0,2,15,18,18,7,7,9,10,2,6,1,25,26,25,7,14,12,4,28,23,25,27,15,16,7,28,Indiana Pacers,4,1,3,0.25,192.0,164,366,0.448,35,96,0.365,58,70,0.829,40,118,158,98,49.0,35,15,21,97,78,421,-12.0,16,21,18,21,20,21,24,20,29,29,12,30,30,4,24,30,30,19,3,17,29,12,12,29,29,22
Orlando Magic,Brooklyn Nets,101,89,1,1,Orlando Magic,4,2,2,0.5,192.0,143,362,0.395,38,132,0.288,59,75,0.787,46,145,191,85,48.0,34,23,23,70,76,383,8.0,16,15,11,15,20,30,25,30,27,24,29,28,28,10,16,22,21,30,2,19,14,16,1,30,30,10,Brooklyn Nets,4,1,3,0.25,202.0,170,373,0.456,56,147,0.381,84,123,0.683,50,151,201,89,79.0,31,21,20,97,106,480,-8.0,16,21,18,21,16,18,21,14,11,17,5,17,9,28,7,18,18,25,16,22,19,10,12,16,17,20
Philadelphia 76ers,Oklahoma City Thunder,120,113,1,1,Philadelphia 76ers,4,4,0,1.0,192.0,159,352,0.452,40,129,0.31,88,119,0.739,46,159,205,100,83.0,46,27,18,116,103,446,44.0,16,1,1,1,20,24,27,17,25,25,24,15,13,21,16,15,16,17,20,1,4,5,22,21,24,4,Oklahoma City Thunder,5,1,4,0.2,240.0,183,422,0.434,47,144,0.326,98,136,0.721,51,203,254,90,93.0,35,20,27,115,121,511,4.0,2,21,26,26,7,13,13,21,21,19,21,8,3,24,6,2,1,24,24,17,22,23,20,4,13,14
Washington Wizards,Boston Celtics,99,94,1,1,Washington Wizards,4,1,3,0.25,192.0,180,376,0.479,58,152,0.382,59,74,0.797,38,137,175,108,64.0,24,21,23,95,83,477,1.0,16,21,18,21,20,16,20,2,9,15,4,28,29,8,28,28,29,10,9,28,19,16,8,28,18,17,Boston Celtics,4,3,1,0.75,192.0,158,384,0.411,52,146,0.356,71,100,0.71,49,139,188,88,44.0,32,23,21,95,109,439,26.0,16,6,2,5,20,26,16,27,17,18,13,24,22,26,12,25,23,27,1,21,14,12,8,11,25,8
Atlanta Hawks,Denver Nuggets,115,123,1,0,Atlanta Hawks,5,2,3,0.4,240.0,194,425,0.456,47,161,0.292,82,118,0.695,50,172,222,120,88.0,45,26,38,110,104,517,-5.0,2,15,18,18,7,9,12,13,21,12,28,19,14,27,7,9,9,7,21,6,6,30,19,19,11,19,Denver Nuggets,5,3,2,0.6,245.0,192,451,0.426,53,153,0.346,93,113,0.823,57,172,229,112,72.0,37,25,22,115,116,530,-2.0,2,6,11,12,2,11,4,23,14,14,16,9,17,6,3,9,8,9,14,12,9,15,20,5,9,18
New Orleans Pelicans,Utah Jazz,126,128,1,0,New Orleans Pelicans,5,1,4,0.2,245.0,223,480,0.465,82,216,0.38,78,105,0.743,50,171,221,153,81.0,39,25,19,127,111,606,-14.0,2,21,26,26,2,2,2,8,1,1,7,20,20,19,7,11,10,1,17,9,9,7,27,7,2,23,Utah Jazz,5,4,1,0.8,240.0,184,389,0.473,53,141,0.376,84,108,0.778,25,192,217,104,93.0,38,18,23,122,116,505,43.0,2,1,2,2,7,12,15,5,14,21,8,17,19,12,29,4,11,14,24,11,27,16,24,5,14,5
Dallas Mavericks,Chicago Bulls,118,110,1,1,Dallas Mavericks,4,3,1,0.75,192.0,158,347,0.455,51,163,0.313,92,124,0.742,39,144,183,96,52.0,27,20,11,77,108,459,16.0,16,6,2,5,20,26,29,15,18,11,23,11,7,20,27,23,28,20,4,26,22,1,2,15,20,9,Chicago Bulls,5,1,4,0.2,240.0,193,470,0.411,53,181,0.293,89,115,0.774,58,151,209,105,58.0,46,23,35,109,104,528,-30.0,2,21,26,26,7,10,3,28,14,5,27,13,15,14,2,18,13,12,6,1,14,29,17,19,10,25
San Antonio Spurs,Milwaukee Bucks,126,104,1,1,San Antonio Spurs,4,3,1,0.75,192.0,169,356,0.475,31,92,0.337,85,112,0.759,47,156,203,91,67.0,23,26,18,84,97,454,8.0,16,6,2,5,20,20,26,4,30,30,17,16,18,15,14,16,17,23,12,29,6,5,6,22,23,10,Milwaukee Bucks,4,2,2,0.5,197.0,173,367,0.471,64,183,0.35,67,101,0.663,24,171,195,103,56.0,27,25,16,95,97,477,7.0,16,15,11,15,17,17,23,6,6,4,15,25,21,30,30,11,19,15,5,26,9,3,8,22,18,13
Sacramento Kings,Golden State Warriors,111,98,1,1,Sacramento Kings,5,0,5,0.0,240.0,181,442,0.41,58,175,0.331,73,98,0.745,56,152,208,101,90.0,37,23,23,109,105,493,-85.0,2,30,30,30,7,15,7,29,9,8,19,23,23,18,4,17,15,16,22,12,14,16,17,18,16,30,Golden State Warriors,4,1,3,0.25,192.0,156,377,0.414,42,138,0.304,104,121,0.86,53,132,185,105,64.0,36,10,21,80,92,458,-47.0,16,21,18,21,20,29,18,26,23,22,25,5,11,2,5,29,25,12,9,14,30,12,4,26,22,27
Cleveland Cavaliers,Detroit Pistons,113,115,1,0,Cleveland Cavaliers,4,2,2,0.5,192.0,159,346,0.46,42,128,0.328,64,87,0.736,42,151,193,87,66.0,22,19,19,78,84,424,-9.0,16,15,11,15,20,24,30,11,23,26,20,27,27,22,23,18,20,28,11,30,25,7,3,27,28,21,Detroit Pistons,5,2,3,0.4,240.0,195,408,0.478,56,134,0.418,93,124,0.75,44,165,209,117,95.0,29,22,17,102,109,539,-24.0,2,15,18,18,7,8,14,3,11,23,2,9,7,17,20,13,13,8,26,23,18,4,14,11,8,24
Toronto Raptors,Portland Trail Blazers,99,101,1,0,Toronto Raptors,5,4,1,0.8,245.0,201,434,0.463,70,184,0.38,101,115,0.878,40,208,248,121,96.0,39,25,26,119,111,573,47.0,2,1,2,2,2,4,8,9,3,3,6,6,15,1,24,1,3,6,27,9,9,22,23,7,5,1,Portland Trail Blazers,5,3,2,0.6,240.0,200,445,0.449,54,148,0.365,101,122,0.828,43,191,234,87,81.0,36,29,20,135,111,555,4.0,2,6,11,12,7,6,6,19,13,16,11,6,10,5,22,5,6,28,17,14,3,10,28,7,6,14
Brooklyn Nets,Oklahoma City Thunder,103,111,1,0,Brooklyn Nets,4,1,3,0.25,202.0,170,373,0.456,56,147,0.381,84,123,0.683,50,151,201,89,79.0,31,21,20,97,106,480,-8.0,16,21,18,21,16,18,21,14,11,17,5,17,9,28,7,18,18,25,16,22,19,10,12,16,17,20,Oklahoma City Thunder,5,1,4,0.2,240.0,183,422,0.434,47,144,0.326,98,136,0.721,51,203,254,90,93.0,35,20,27,115,121,511,4.0,2,21,26,26,7,13,13,21,21,19,21,8,3,24,6,2,1,24,24,17,22,23,20,4,13,14
Memphis Grizzlies,Minnesota Timberwolves,119,112,1,1,Memphis Grizzlies,4,1,3,0.25,197.0,158,381,0.415,36,128,0.281,76,98,0.776,45,146,191,99,75.0,36,26,28,108,95,428,-55.0,16,21,18,21,17,26,17,25,28,26,30,22,23,13,18,21,21,18,15,14,6,25,16,25,27,29,Minnesota Timberwolves,4,3,1,0.75,197.0,160,371,0.431,48,161,0.298,91,120,0.758,45,139,184,89,68.0,45,17,29,81,109,459,8.0,16,6,2,5,17,22,22,22,20,12,26,12,12,16,18,25,26,25,13,6,28,26,5,11,20,10
Phoenix Suns,Sacramento Kings,103,114,1,0,Phoenix Suns,5,3,2,0.6,245.0,203,446,0.455,64,174,0.368,107,128,0.836,44,188,232,144,81.0,46,20,32,147,130,577,46.0,2,6,11,12,2,3,5,16,6,9,9,4,6,3,20,6,7,2,17,1,22,28,29,2,4,3,Sacramento Kings,5,0,5,0.0,240.0,181,442,0.41,58,175,0.331,73,98,0.745,56,152,208,101,90.0,37,23,23,109,105,493,-85.0,2,30,30,30,7,15,7,29,9,8,19,23,23,18,4,17,15,16,22,12,14,16,17,18,16,30
Los Angeles Lakers,New York Knicks,117,87,1,1,Los Angeles Lakers,4,3,1,0.75,192.0,160,350,0.457,39,116,0.336,78,98,0.796,40,144,184,94,61.0,34,32,14,86,97,437,47.0,16,6,2,5,20,22,28,12,26,28,18,20,23,9,24,23,26,21,8,19,2,2,7,22,26,1,New York Knicks,5,1,4,0.2,240.0,182,430,0.423,50,142,0.352,89,132,0.674,65,175,240,94,92.0,41,25,27,123,109,503,-41.0,2,21,26,26,7,14,9,24,19,20,14,13,5,29,1,8,4,21,23,8,9,23,25,11,15,26
Boston Celtics,San Antonio Spurs,114,129,1,0,Boston Celtics,4,3,1,0.75,192.0,158,384,0.411,52,146,0.356,71,100,0.71,49,139,188,88,44.0,32,23,21,95,109,439,26.0,16,6,2,5,20,26,16,27,17,18,13,24,22,26,12,25,23,27,1,21,14,12,8,11,25,8,San Antonio Spurs,4,3,1,0.75,192.0,169,356,0.475,31,92,0.337,85,112,0.759,47,156,203,91,67.0,23,26,18,84,97,454,8.0,16,6,2,5,20,20,26,4,30,30,17,16,18,15,14,16,17,23,12,29,6,5,6,22,23,10
Charlotte Hornets,Toronto Raptors,110,112,1,0,Charlotte Hornets,5,2,3,0.4,240.0,199,430,0.463,75,179,0.419,67,93,0.72,50,162,212,127,98.0,29,19,31,107,106,540,-48.0,2,15,18,18,7,7,9,10,2,6,1,25,26,25,7,14,12,4,28,23,25,27,15,16,7,28,Toronto Raptors,5,4,1,0.8,245.0,201,434,0.463,70,184,0.38,101,115,0.878,40,208,248,121,96.0,39,25,26,119,111,573,47.0,2,1,2,2,2,4,8,9,3,3,6,6,15,1,24,1,3,6,27,9,9,22,23,7,5,1
Indiana Pacers,Miami Heat,108,122,1,0,Indiana Pacers,4,1,3,0.25,192.0,164,366,0.448,35,96,0.365,58,70,0.829,40,118,158,98,49.0,35,15,21,97,78,421,-12.0,16,21,18,21,20,21,24,20,29,29,12,30,30,4,24,30,30,19,3,17,29,12,12,29,29,22,Miami Heat,5,4,1,0.8,245.0,201,428,0.47,65,166,0.392,111,154,0.721,48,188,236,124,104.0,46,35,24,126,124,578,41.0,2,1,2,2,2,4,11,7,4,10,3,2,1,23,13,6,5,5,30,1,1,21,26,3,3,6
Orlando Magic,Washington Wizards,123,89,1,1,Orlando Magic,4,2,2,0.5,192.0,143,362,0.395,38,132,0.288,59,75,0.787,46,145,191,85,48.0,34,23,23,70,76,383,8.0,16,15,11,15,20,30,25,30,27,24,29,28,28,10,16,22,21,30,2,19,14,16,1,30,30,10,Washington Wizards,4,1,3,0.25,192.0,180,376,0.479,58,152,0.382,59,74,0.797,38,137,175,108,64.0,24,21,23,95,83,477,1.0,16,21,18,21,20,16,20,2,9,15,4,28,29,8,28,28,29,10,9,28,19,16,8,28,18,17
Atlanta Hawks,Houston Rockets,115,122,1,0,Atlanta Hawks,5,2,3,0.4,240.0,194,425,0.456,47,161,0.292,82,118,0.695,50,172,222,120,88.0,45,26,38,110,104,517,-5.0,2,15,18,18,7,9,12,13,21,12,28,19,14,27,7,9,9,7,21,6,6,30,19,19,11,19,Houston Rockets,4,3,1,0.75,192.0,170,377,0.451,62,191,0.325,110,135,0.815,47,139,186,107,60.0,29,21,19,95,111,512,2.0,16,6,2,5,20,18,18,18,8,2,22,3,4,7,14,25,24,11,7,23,19,7,8,7,12,16
Dallas Mavericks,Denver Nuggets,106,107,1,0,Dallas Mavericks,4,3,1,0.75,192.0,158,347,0.455,51,163,0.313,92,124,0.742,39,144,183,96,52.0,27,20,11,77,108,459,16.0,16,6,2,5,20,26,29,15,18,11,23,11,7,20,27,23,28,20,4,26,22,1,2,15,20,9,Denver Nuggets,5,3,2,0.6,245.0,192,451,0.426,53,153,0.346,93,113,0.823,57,172,229,112,72.0,37,25,22,115,116,530,-2.0,2,6,11,12,2,11,4,23,14,14,16,9,17,6,3,9,8,9,14,12,9,15,20,5,9,18
New Orleans Pelicans,Chicago Bulls,123,108,1,1,New Orleans Pelicans,5,1,4,0.2,245.0,223,480,0.465,82,216,0.38,78,105,0.743,50,171,221,153,81.0,39,25,19,127,111,606,-14.0,2,21,26,26,2,2,2,8,1,1,7,20,20,19,7,11,10,1,17,9,9,7,27,7,2,23,Chicago Bulls,5,1,4,0.2,240.0,193,470,0.411,53,181,0.293,89,115,0.774,58,151,209,105,58.0,46,23,35,109,104,528,-30.0,2,21,26,26,7,10,3,28,14,5,27,13,15,14,2,18,13,12,6,1,14,29,17,19,10,25
Utah Jazz,New York Knicks,128,104,1,1,Utah Jazz,5,4,1,0.8,240.0,184,389,0.473,53,141,0.376,84,108,0.778,25,192,217,104,93.0,38,18,23,122,116,505,43.0,2,1,2,2,7,12,15,5,14,21,8,17,19,12,29,4,11,14,24,11,27,16,24,5,14,5,New York Knicks,5,1,4,0.2,240.0,182,430,0.423,50,142,0.352,89,132,0.674,65,175,240,94,92.0,41,25,27,123,109,503,-41.0,2,21,26,26,7,14,9,24,19,20,14,13,5,29,1,8,4,21,23,8,9,23,25,11,15,26
Golden State Warriors,Milwaukee Bucks,98,107,1,0,Golden State Warriors,4,1,3,0.25,192.0,156,377,0.414,42,138,0.304,104,121,0.86,53,132,185,105,64.0,36,10,21,80,92,458,-47.0,16,21,18,21,20,29,18,26,23,22,25,5,11,2,5,29,25,12,9,14,30,12,4,26,22,27,Milwaukee Bucks,4,2,2,0.5,197.0,173,367,0.471,64,183,0.35,67,101,0.663,24,171,195,103,56.0,27,25,16,95,97,477,7.0,16,15,11,15,17,17,23,6,6,4,15,25,21,30,30,11,19,15,5,26,9,3,8,22,18,13
Detroit Pistons,Cleveland Cavaliers,112,115,1,0,Detroit Pistons,5,2,3,0.4,240.0,195,408,0.478,56,134,0.418,93,124,0.75,44,165,209,117,95.0,29,22,17,102,109,539,-24.0,2,15,18,18,7,8,14,3,11,23,2,9,7,17,20,13,13,8,26,23,18,4,14,11,8,24,Cleveland Cavaliers,4,2,2,0.5,192.0,159,346,0.46,42,128,0.328,64,87,0.736,42,151,193,87,66.0,22,19,19,78,84,424,-9.0,16,15,11,15,20,24,30,11,23,26,20,27,27,22,23,18,20,28,11,30,25,7,3,27,28,21
Philadelphia 76ers,Boston Celtics,109,98,1,1,Philadelphia 76ers,4,4,0,1.0,192.0,159,352,0.452,40,129,0.31,88,119,0.739,46,159,205,100,83.0,46,27,18,116,103,446,44.0,16,1,1,1,20,24,27,17,25,25,24,15,13,21,16,15,16,17,20,1,4,5,22,21,24,4,Boston Celtics,4,3,1,0.75,192.0,158,384,0.411,52,146,0.356,71,100,0.71,49,139,188,88,44.0,32,23,21,95,109,439,26.0,16,6,2,5,20,26,16,27,17,18,13,24,22,26,12,25,23,27,1,21,14,12,8,11,25,8
Minnesota Timberwolves,Portland Trail Blazers,116,102,1,1,Minnesota Timberwolves,4,3,1,0.75,197.0,160,371,0.431,48,161,0.298,91,120,0.758,45,139,184,89,68.0,45,17,29,81,109,459,8.0,16,6,2,5,17,22,22,22,20,12,26,12,12,16,18,25,26,25,13,6,28,26,5,11,20,10,Portland Trail Blazers,5,3,2,0.6,240.0,200,445,0.449,54,148,0.365,101,122,0.828,43,191,234,87,81.0,36,29,20,135,111,555,4.0,2,6,11,12,7,6,6,19,13,16,11,6,10,5,22,5,6,28,17,14,3,10,28,7,6,14
Oklahoma City Thunder,Houston Rockets,113,92,1,1,Oklahoma City Thunder,5,1,4,0.2,240.0,183,422,0.434,47,144,0.326,98,136,0.721,51,203,254,90,93.0,35,20,27,115,121,511,4.0,2,21,26,26,7,13,13,21,21,19,21,8,3,24,6,2,1,24,24,17,22,23,20,4,13,14,Houston Rockets,4,3,1,0.75,192.0,170,377,0.451,62,191,0.325,110,135,0.815,47,139,186,107,60.0,29,21,19,95,111,512,2.0,16,6,2,5,20,18,18,18,8,2,22,3,4,7,14,25,24,11,7,23,19,7,8,7,12,16
Washington Wizards,Atlanta Hawks,111,101,1,1,Washington Wizards,4,1,3,0.25,192.0,180,376,0.479,58,152,0.382,59,74,0.797,38,137,175,108,64.0,24,21,23,95,83,477,1.0,16,21,18,21,20,16,20,2,9,15,4,28,29,8,28,28,29,10,9,28,19,16,8,28,18,17,Atlanta Hawks,5,2,3,0.4,240.0,194,425,0.456,47,161,0.292,82,118,0.695,50,172,222,120,88.0,45,26,38,110,104,517,-5.0,2,15,18,18,7,9,12,13,21,12,28,19,14,27,7,9,9,7,21,6,6,30,19,19,11,19
Brooklyn Nets,Miami Heat,117,113,1,1,Brooklyn Nets,4,1,3,0.25,202.0,170,373,0.456,56,147,0.381,84,123,0.683,50,151,201,89,79.0,31,21,20,97,106,480,-8.0,16,21,18,21,16,18,21,14,11,17,5,17,9,28,7,18,18,25,16,22,19,10,12,16,17,20,Miami Heat,5,4,1,0.8,245.0,201,428,0.47,65,166,0.392,111,154,0.721,48,188,236,124,104.0,46,35,24,126,124,578,41.0,2,1,2,2,2,4,11,7,4,10,3,2,1,23,13,6,5,5,30,1,1,21,26,3,3,6
New York Knicks,New Orleans Pelicans,111,123,1,0,New York Knicks,5,1,4,0.2,240.0,182,430,0.423,50,142,0.352,89,132,0.674,65,175,240,94,92.0,41,25,27,123,109,503,-41.0,2,21,26,26,7,14,9,24,19,20,14,13,5,29,1,8,4,21,23,8,9,23,25,11,15,26,New Orleans Pelicans,5,1,4,0.2,245.0,223,480,0.465,82,216,0.38,78,105,0.743,50,171,221,153,81.0,39,25,19,127,111,606,-14.0,2,21,26,26,2,2,2,8,1,1,7,20,20,19,7,11,10,1,17,9,9,7,27,7,2,23
Chicago Bulls,Indiana Pacers,105,116,1,0,Chicago Bulls,5,1,4,0.2,240.0,193,470,0.411,53,181,0.293,89,115,0.774,58,151,209,105,58.0,46,23,35,109,104,528,-30.0,2,21,26,26,7,10,3,28,14,5,27,13,15,14,2,18,13,12,6,1,14,29,17,19,10,25,Indiana Pacers,4,1,3,0.25,192.0,164,366,0.448,35,96,0.365,58,70,0.829,40,118,158,98,49.0,35,15,21,97,78,421,-12.0,16,21,18,21,20,21,24,20,29,29,12,30,30,4,24,30,30,19,3,17,29,12,12,29,29,22
Memphis Grizzlies,San Antonio Spurs,134,121,1,1,Memphis Grizzlies,4,1,3,0.25,197.0,158,381,0.415,36,128,0.281,76,98,0.776,45,146,191,99,75.0,36,26,28,108,95,428,-55.0,16,21,18,21,17,26,17,25,28,26,30,22,23,13,18,21,21,18,15,14,6,25,16,25,27,29,San Antonio Spurs,4,3,1,0.75,192.0,169,356,0.475,31,92,0.337,85,112,0.759,47,156,203,91,67.0,23,26,18,84,97,454,8.0,16,6,2,5,20,20,26,4,30,30,17,16,18,15,14,16,17,23,12,29,6,5,6,22,23,10
Dallas Mavericks,Los Angeles Lakers,114,129,1,0,Dallas Mavericks,4,3,1,0.75,192.0,158,347,0.455,51,163,0.313,92,124,0.742,39,144,183,96,52.0,27,20,11,77,108,459,16.0,16,6,2,5,20,26,29,15,18,11,23,11,7,20,27,23,28,20,4,26,22,1,2,15,20,9,Los Angeles Lakers,4,3,1,0.75,192.0,160,350,0.457,39,116,0.336,78,98,0.796,40,144,184,94,61.0,34,32,14,86,97,437,47.0,16,6,2,5,20,22,28,12,26,28,18,20,23,9,24,23,26,21,8,19,2,2,7,22,26,1
Phoenix Suns,Orlando Magic,98,94,1,1,Phoenix Suns,5,3,2,0.6,245.0,203,446,0.455,64,174,0.368,107,128,0.836,44,188,232,144,81.0,46,20,32,147,130,577,46.0,2,6,11,12,2,3,5,16,6,9,9,4,6,3,20,6,7,2,17,1,22,28,29,2,4,3,Orlando Magic,4,2,2,0.5,192.0,143,362,0.395,38,132,0.288,59,75,0.787,46,145,191,85,48.0,34,23,23,70,76,383,8.0,16,15,11,15,20,30,25,30,27,24,29,28,28,10,16,22,21,30,2,19,14,16,1,30,30,10
Utah Jazz,Charlotte Hornets,109,92,1,1,Utah Jazz,5,4,1,0.8,240.0,184,389,0.473,53,141,0.376,84,108,0.778,25,192,217,104,93.0,38,18,23,122,116,505,43.0,2,1,2,2,7,12,15,5,14,21,8,17,19,12,29,4,11,14,24,11,27,16,24,5,14,5,Charlotte Hornets,5,2,3,0.4,240.0,199,430,0.463,75,179,0.419,67,93,0.72,50,162,212,127,98.0,29,19,31,107,106,540,-48.0,2,15,18,18,7,7,9,10,2,6,1,25,26,25,7,14,12,4,28,23,25,27,15,16,7,28
Sacramento Kings,Milwaukee Bucks,106,127,1,0,Sacramento Kings,5,0,5,0.0,240.0,181,442,0.41,58,175,0.331,73,98,0.745,56,152,208,101,90.0,37,23,23,109,105,493,-85.0,2,30,30,30,7,15,7,29,9,8,19,23,23,18,4,17,15,16,22,12,14,16,17,18,16,30,Milwaukee Bucks,4,2,2,0.5,197.0,173,367,0.471,64,183,0.35,67,101,0.663,24,171,195,103,56.0,27,25,16,95,97,477,7.0,16,15,11,15,17,17,23,6,6,4,15,25,21,30,30,11,19,15,5,26,9,3,8,22,18,13
LA Clippers,Golden State Warriors,109,100,1,1,LA Clippers,6,4,2,0.667,288.0,250,504,0.496,65,177,0.367,120,153,0.784,50,202,252,135,100.0,46,27,23,150,148,685,28.0,1,1,11,11,1,1,1,1,4,7,10,1,2,11,7,3,2,3,29,1,4,16,30,1,1,7,Golden State Warriors,4,1,3,0.25,192.0,156,377,0.414,42,138,0.304,104,121,0.86,53,132,185,105,64.0,36,10,21,80,92,458,-47.0,16,21,18,21,20,29,18,26,23,22,25,5,11,2,5,29,25,12,9,14,30,12,4,26,22,27
Houston Rockets,Minnesota Timberwolves,139,109,1,1,Houston Rockets,4,3,1,0.75,192.0,170,377,0.451,62,191,0.325,110,135,0.815,47,139,186,107,60.0,29,21,19,95,111,512,2.0,16,6,2,5,20,18,18,18,8,2,22,3,4,7,14,25,24,11,7,23,19,7,8,7,12,16,Minnesota Timberwolves,4,3,1,0.75,197.0,160,371,0.431,48,161,0.298,91,120,0.758,45,139,184,89,68.0,45,17,29,81,109,459,8.0,16,6,2,5,17,22,22,22,20,12,26,12,12,16,18,25,26,25,13,6,28,26,5,11,20,10
Boston Celtics,New Orleans Pelicans,140,105,1,1,Boston Celtics,4,3,1,0.75,192.0,158,384,0.411,52,146,0.356,71,100,0.71,49,139,188,88,44.0,32,23,21,95,109,439,26.0,16,6,2,5,20,26,16,27,17,18,13,24,22,26,12,25,23,27,1,21,14,12,8,11,25,8,New Orleans Pelicans,5,1,4,0.2,245.0,223,480,0.465,82,216,0.38,78,105,0.743,50,171,221,153,81.0,39,25,19,127,111,606,-14.0,2,21,26,26,2,2,2,8,1,1,7,20,20,19,7,11,10,1,17,9,9,7,27,7,2,23
Detroit Pistons,Chicago Bulls,99,108,1,0,Detroit Pistons,5,2,3,0.4,240.0,195,408,0.478,56,134,0.418,93,124,0.75,44,165,209,117,95.0,29,22,17,102,109,539,-24.0,2,15,18,18,7,8,14,3,11,23,2,9,7,17,20,13,13,8,26,23,18,4,14,11,8,24,Chicago Bulls,5,1,4,0.2,240.0,193,470,0.411,53,181,0.293,89,115,0.774,58,151,209,105,58.0,46,23,35,109,104,528,-30.0,2,21,26,26,7,10,3,28,14,5,27,13,15,14,2,18,13,12,6,1,14,29,17,19,10,25
Oklahoma City Thunder,Los Angeles Lakers,110,125,1,0,Oklahoma City Thunder,5,1,4,0.2,240.0,183,422,0.434,47,144,0.326,98,136,0.721,51,203,254,90,93.0,35,20,27,115,121,511,4.0,2,21,26,26,7,13,13,21,21,19,21,8,3,24,6,2,1,24,24,17,22,23,20,4,13,14,Los Angeles Lakers,4,3,1,0.75,192.0,160,350,0.457,39,116,0.336,78,98,0.796,40,144,184,94,61.0,34,32,14,86,97,437,47.0,16,6,2,5,20,22,28,12,26,28,18,20,23,9,24,23,26,21,8,19,2,2,7,22,26,1
Dallas Mavericks,Philadelphia 76ers,109,91,1,1,Dallas Mavericks,4,3,1,0.75,192.0,158,347,0.455,51,163,0.313,92,124,0.742,39,144,183,96,52.0,27,20,11,77,108,459,16.0,16,6,2,5,20,26,29,15,18,11,23,11,7,20,27,23,28,20,4,26,22,1,2,15,20,9,Philadelphia 76ers,4,4,0,1.0,192.0,159,352,0.452,40,129,0.31,88,119,0.739,46,159,205,100,83.0,46,27,18,116,103,446,44.0,16,1,1,1,20,24,27,17,25,25,24,15,13,21,16,15,16,17,20,1,4,5,22,21,24,4
Denver Nuggets,Cleveland Cavaliers,103,111,1,0,Denver Nuggets,5,3,2,0.6,245.0,192,451,0.426,53,153,0.346,93,113,0.823,57,172,229,112,72.0,37,25,22,115,116,530,-2.0,2,6,11,12,2,11,4,23,14,14,16,9,17,6,3,9,8,9,14,12,9,15,20,5,9,18,Cleveland Cavaliers,4,2,2,0.5,192.0,159,346,0.46,42,128,0.328,64,87,0.736,42,151,193,87,66.0,22,19,19,78,84,424,-9.0,16,15,11,15,20,24,30,11,23,26,20,27,27,22,23,18,20,28,11,30,25,7,3,27,28,21
Portland Trail Blazers,Milwaukee Bucks,101,122,1,0,Portland Trail Blazers,5,3,2,0.6,240.0,200,445,0.449,54,148,0.365,101,122,0.828,43,191,234,87,81.0,36,29,20,135,111,555,4.0,2,6,11,12,7,6,6,19,13,16,11,6,10,5,22,5,6,28,17,14,3,10,28,7,6,14,Milwaukee Bucks,4,2,2,0.5,197.0,173,367,0.471,64,183,0.35,67,101,0.663,24,171,195,103,56.0,27,25,16,95,97,477,7.0,16,15,11,15,17,17,23,6,6,4,15,25,21,30,30,11,19,15,5,26,9,3,8,22,18,13
New York Knicks,Miami Heat,124,121,1,1,New York Knicks,5,1,4,0.2,240.0,182,430,0.423,50,142,0.352,89,132,0.674,65,175,240,94,92.0,41,25,27,123,109,503,-41.0,2,21,26,26,7,14,9,24,19,20,14,13,5,29,1,8,4,21,23,8,9,23,25,11,15,26,Miami Heat,5,4,1,0.8,245.0,201,428,0.47,65,166,0.392,111,154,0.721,48,188,236,124,104.0,46,35,24,126,124,578,41.0,2,1,2,2,2,4,11,7,4,10,3,2,1,23,13,6,5,5,30,1,1,21,26,3,3,6
Washington Wizards,Utah Jazz,116,127,1,0,Washington Wizards,4,1,3,0.25,192.0,180,376,0.479,58,152,0.382,59,74,0.797,38,137,175,108,64.0,24,21,23,95,83,477,1.0,16,21,18,21,20,16,20,2,9,15,4,28,29,8,28,28,29,10,9,28,19,16,8,28,18,17,Utah Jazz,5,4,1,0.8,240.0,184,389,0.473,53,141,0.376,84,108,0.778,25,192,217,104,93.0,38,18,23,122,116,505,43.0,2,1,2,2,7,12,15,5,14,21,8,17,19,12,29,4,11,14,24,11,27,16,24,5,14,5
Brooklyn Nets,Atlanta Hawks,108,86,1,1,Brooklyn Nets,4,1,3,0.25,202.0,170,373,0.456,56,147,0.381,84,123,0.683,50,151,201,89,79.0,31,21,20,97,106,480,-8.0,16,21,18,21,16,18,21,14,11,17,5,17,9,28,7,18,18,25,16,22,19,10,12,16,17,20,Atlanta Hawks,5,2,3,0.4,240.0,194,425,0.456,47,161,0.292,82,118,0.695,50,172,222,120,88.0,45,26,38,110,104,517,-5.0,2,15,18,18,7,9,12,13,21,12,28,19,14,27,7,9,9,7,21,6,6,30,19,19,11,19
Toronto Raptors,San Antonio Spurs,104,105,1,0,Toronto Raptors,5,4,1,0.8,245.0,201,434,0.463,70,184,0.38,101,115,0.878,40,208,248,121,96.0,39,25,26,119,111,573,47.0,2,1,2,2,2,4,8,9,3,3,6,6,15,1,24,1,3,6,27,9,9,22,23,7,5,1,San Antonio Spurs,4,3,1,0.75,192.0,169,356,0.475,31,92,0.337,85,112,0.759,47,156,203,91,67.0,23,26,18,84,97,454,8.0,16,6,2,5,20,20,26,4,30,30,17,16,18,15,14,16,17,23,12,29,6,5,6,22,23,10
Memphis Grizzlies,Golden State Warriors,122,102,1,1,Memphis Grizzlies,4,1,3,0.25,197.0,158,381,0.415,36,128,0.281,76,98,0.776,45,146,191,99,75.0,36,26,28,108,95,428,-55.0,16,21,18,21,17,26,17,25,28,26,30,22,23,13,18,21,21,18,15,14,6,25,16,25,27,29,Golden State Warriors,4,1,3,0.25,192.0,156,377,0.414,42,138,0.304,104,121,0.86,53,132,185,105,64.0,36,10,21,80,92,458,-47.0,16,21,18,21,20,29,18,26,23,22,25,5,11,2,5,29,25,12,9,14,30,12,4,26,22,27
Denver Nuggets,LA Clippers,114,104,1,1,Denver Nuggets,5,3,2,0.6,245.0,192,451,0.426,53,153,0.346,93,113,0.823,57,172,229,112,72.0,37,25,22,115,116,530,-2.0,2,6,11,12,2,11,4,23,14,14,16,9,17,6,3,9,8,9,14,12,9,15,20,5,9,18,LA Clippers,6,4,2,0.667,288.0,250,504,0.496,65,177,0.367,120,153,0.784,50,202,252,135,100.0,46,27,23,150,148,685,28.0,1,1,11,11,1,1,1,1,4,7,10,1,2,11,7,3,2,3,29,1,4,16,30,1,1,7
Phoenix Suns,Charlotte Hornets,100,92,1,1,Phoenix Suns,5,3,2,0.6,245.0,203,446,0.455,64,174,0.368,107,128,0.836,44,188,232,144,81.0,46,20,32,147,130,577,46.0,2,6,11,12,2,3,5,16,6,9,9,4,6,3,20,6,7,2,17,1,22,28,29,2,4,3,Charlotte Hornets,5,2,3,0.4,240.0,199,430,0.463,75,179,0.419,67,93,0.72,50,162,212,127,98.0,29,19,31,107,106,540,-48.0,2,15,18,18,7,7,9,10,2,6,1,25,26,25,7,14,12,4,28,23,25,27,15,16,7,28
Detroit Pistons,New Orleans Pelicans,110,117,1,0,Detroit Pistons,5,2,3,0.4,240.0,195,408,0.478,56,134,0.418,93,124,0.75,44,165,209,117,95.0,29,22,17,102,109,539,-24.0,2,15,18,18,7,8,14,3,11,23,2,9,7,17,20,13,13,8,26,23,18,4,14,11,8,24,New Orleans Pelicans,5,1,4,0.2,245.0,223,480,0.465,82,216,0.38,78,105,0.743,50,171,221,153,81.0,39,25,19,127,111,606,-14.0,2,21,26,26,2,2,2,8,1,1,7,20,20,19,7,11,10,1,17,9,9,7,27,7,2,23
Indiana Pacers,Philadelphia 76ers,101,95,1,1,Indiana Pacers,4,1,3,0.25,192.0,164,366,0.448,35,96,0.365,58,70,0.829,40,118,158,98,49.0,35,15,21,97,78,421,-12.0,16,21,18,21,20,21,24,20,29,29,12,30,30,4,24,30,30,19,3,17,29,12,12,29,29,22,Philadelphia 76ers,4,4,0,1.0,192.0,159,352,0.452,40,129,0.31,88,119,0.739,46,159,205,100,83.0,46,27,18,116,103,446,44.0,16,1,1,1,20,24,27,17,25,25,24,15,13,21,16,15,16,17,20,1,4,5,22,21,24,4
Boston Celtics,Chicago Bulls,113,101,1,1,Boston Celtics,4,3,1,0.75,192.0,158,384,0.411,52,146,0.356,71,100,0.71,49,139,188,88,44.0,32,23,21,95,109,439,26.0,16,6,2,5,20,26,16,27,17,18,13,24,22,26,12,25,23,27,1,21,14,12,8,11,25,8,Chicago Bulls,5,1,4,0.2,240.0,193,470,0.411,53,181,0.293,89,115,0.774,58,151,209,105,58.0,46,23,35,109,104,528,-30.0,2,21,26,26,7,10,3,28,14,5,27,13,15,14,2,18,13,12,6,1,14,29,17,19,10,25
Minnesota Timberwolves,Oklahoma City Thunder,104,117,1,0,Minnesota Timberwolves,4,3,1,0.75,197.0,160,371,0.431,48,161,0.298,91,120,0.758,45,139,184,89,68.0,45,17,29,81,109,459,8.0,16,6,2,5,17,22,22,22,20,12,26,12,12,16,18,25,26,25,13,6,28,26,5,11,20,10,Oklahoma City Thunder,5,1,4,0.2,240.0,183,422,0.434,47,144,0.326,98,136,0.721,51,203,254,90,93.0,35,20,27,115,121,511,4.0,2,21,26,26,7,13,13,21,21,19,21,8,3,24,6,2,1,24,24,17,22,23,20,4,13,14
Portland Trail Blazers,Charlotte Hornets,115,112,1,1,Portland Trail Blazers,5,3,2,0.6,240.0,200,445,0.449,54,148,0.365,101,122,0.828,43,191,234,87,81.0,36,29,20,135,111,555,4.0,2,6,11,12,7,6,6,19,13,16,11,6,10,5,22,5,6,28,17,14,3,10,28,7,6,14,Charlotte Hornets,5,2,3,0.4,240.0,199,430,0.463,75,179,0.419,67,93,0.72,50,162,212,127,98.0,29,19,31,107,106,540,-48.0,2,15,18,18,7,7,9,10,2,6,1,25,26,25,7,14,12,4,28,23,25,27,15,16,7,28
Sacramento Kings,Orlando Magic,112,114,1,0,Sacramento Kings,5,0,5,0.0,240.0,181,442,0.41,58,175,0.331,73,98,0.745,56,152,208,101,90.0,37,23,23,109,105,493,-85.0,2,30,30,30,7,15,7,29,9,8,19,23,23,18,4,17,15,16,22,12,14,16,17,18,16,30,Orlando Magic,4,2,2,0.5,192.0,143,362,0.395,38,132,0.288,59,75,0.787,46,145,191,85,48.0,34,23,23,70,76,383,8.0,16,15,11,15,20,30,25,30,27,24,29,28,28,10,16,22,21,30,2,19,14,16,1,30,30,10
Los Angeles Lakers,Cleveland Cavaliers,128,99,1,1,Los Angeles Lakers,4,3,1,0.75,192.0,160,350,0.457,39,116,0.336,78,98,0.796,40,144,184,94,61.0,34,32,14,86,97,437,47.0,16,6,2,5,20,22,28,12,26,28,18,20,23,9,24,23,26,21,8,19,2,2,7,22,26,1,Cleveland Cavaliers,4,2,2,0.5,192.0,159,346,0.46,42,128,0.328,64,87,0.736,42,151,193,87,66.0,22,19,19,78,84,424,-9.0,16,15,11,15,20,24,30,11,23,26,20,27,27,22,23,18,20,28,11,30,25,7,3,27,28,21
Atlanta Hawks,Phoenix Suns,123,110,1,1,Atlanta Hawks,5,2,3,0.4,240.0,194,425,0.456,47,161,0.292,82,118,0.695,50,172,222,120,88.0,45,26,38,110,104,517,-5.0,2,15,18,18,7,9,12,13,21,12,28,19,14,27,7,9,9,7,21,6,6,30,19,19,11,19,Phoenix Suns,5,3,2,0.6,245.0,203,446,0.455,64,174,0.368,107,128,0.836,44,188,232,144,81.0,46,20,32,147,130,577,46.0,2,6,11,12,2,3,5,16,6,9,9,4,6,3,20,6,7,2,17,1,22,28,29,2,4,3
Brooklyn Nets,Utah Jazz,107,118,1,0,Brooklyn Nets,4,1,3,0.25,202.0,170,373,0.456,56,147,0.381,84,123,0.683,50,151,201,89,79.0,31,21,20,97,106,480,-8.0,16,21,18,21,16,18,21,14,11,17,5,17,9,28,7,18,18,25,16,22,19,10,12,16,17,20,Utah Jazz,5,4,1,0.8,240.0,184,389,0.473,53,141,0.376,84,108,0.778,25,192,217,104,93.0,38,18,23,122,116,505,43.0,2,1,2,2,7,12,15,5,14,21,8,17,19,12,29,4,11,14,24,11,27,16,24,5,14,5
Memphis Grizzlies,Houston Rockets,121,110,1,1,Memphis Grizzlies,4,1,3,0.25,197.0,158,381,0.415,36,128,0.281,76,98,0.776,45,146,191,99,75.0,36,26,28,108,95,428,-55.0,16,21,18,21,17,26,17,25,28,26,30,22,23,13,18,21,21,18,15,14,6,25,16,25,27,29,Houston Rockets,4,3,1,0.75,192.0,170,377,0.451,62,191,0.325,110,135,0.815,47,139,186,107,60.0,29,21,19,95,111,512,2.0,16,6,2,5,20,18,18,18,8,2,22,3,4,7,14,25,24,11,7,23,19,7,8,7,12,16
Milwaukee Bucks,New York Knicks,128,102,1,1,Milwaukee Bucks,4,2,2,0.5,197.0,173,367,0.471,64,183,0.35,67,101,0.663,24,171,195,103,56.0,27,25,16,95,97,477,7.0,16,15,11,15,17,17,23,6,6,4,15,25,21,30,30,11,19,15,5,26,9,3,8,22,18,13,New York Knicks,5,1,4,0.2,240.0,182,430,0.423,50,142,0.352,89,132,0.674,65,175,240,94,92.0,41,25,27,123,109,503,-41.0,2,21,26,26,7,14,9,24,19,20,14,13,5,29,1,8,4,21,23,8,9,23,25,11,15,26
Golden State Warriors,Dallas Mavericks,97,124,1,0,Golden State Warriors,4,1,3,0.25,192.0,156,377,0.414,42,138,0.304,104,121,0.86,53,132,185,105,64.0,36,10,21,80,92,458,-47.0,16,21,18,21,20,29,18,26,23,22,25,5,11,2,5,29,25,12,9,14,30,12,4,26,22,27,Dallas Mavericks,4,3,1,0.75,192.0,158,347,0.455,51,163,0.313,92,124,0.742,39,144,183,96,52.0,27,20,11,77,108,459,16.0,16,6,2,5,20,26,29,15,18,11,23,11,7,20,27,23,28,20,4,26,22,1,2,15,20,9
LA Clippers,Cleveland Cavaliers,128,103,1,1,LA Clippers,6,4,2,0.667,288.0,250,504,0.496,65,177,0.367,120,153,0.784,50,202,252,135,100.0,46,27,23,150,148,685,28.0,1,1,11,11,1,1,1,1,4,7,10,1,2,11,7,3,2,3,29,1,4,16,30,1,1,7,Cleveland Cavaliers,4,2,2,0.5,192.0,159,346,0.46,42,128,0.328,64,87,0.736,42,151,193,87,66.0,22,19,19,78,84,424,-9.0,16,15,11,15,20,24,30,11,23,26,20,27,27,22,23,18,20,28,11,30,25,7,3,27,28,21
Boston Celtics,Detroit Pistons,103,116,1,0,Boston Celtics,4,3,1,0.75,192.0,158,384,0.411,52,146,0.356,71,100,0.71,49,139,188,88,44.0,32,23,21,95,109,439,26.0,16,6,2,5,20,26,16,27,17,18,13,24,22,26,12,25,23,27,1,21,14,12,8,11,25,8,Detroit Pistons,5,2,3,0.4,240.0,195,408,0.478,56,134,0.418,93,124,0.75,44,165,209,117,95.0,29,22,17,102,109,539,-24.0,2,15,18,18,7,8,14,3,11,23,2,9,7,17,20,13,13,8,26,23,18,4,14,11,8,24
Philadelphia 76ers,Brooklyn Nets,117,106,1,1,Philadelphia 76ers,4,4,0,1.0,192.0,159,352,0.452,40,129,0.31,88,119,0.739,46,159,205,100,83.0,46,27,18,116,103,446,44.0,16,1,1,1,20,24,27,17,25,25,24,15,13,21,16,15,16,17,20,1,4,5,22,21,24,4,Brooklyn Nets,4,1,3,0.25,202.0,170,373,0.456,56,147,0.381,84,123,0.683,50,151,201,89,79.0,31,21,20,97,106,480,-8.0,16,21,18,21,16,18,21,14,11,17,5,17,9,28,7,18,18,25,16,22,19,10,12,16,17,20
Miami Heat,San Antonio Spurs,106,100,1,1,Miami Heat,5,4,1,0.8,245.0,201,428,0.47,65,166,0.392,111,154,0.721,48,188,236,124,104.0,46,35,24,126,124,578,41.0,2,1,2,2,2,4,11,7,4,10,3,2,1,23,13,6,5,5,30,1,1,21,26,3,3,6,San Antonio Spurs,4,3,1,0.75,192.0,169,356,0.475,31,92,0.337,85,112,0.759,47,156,203,91,67.0,23,26,18,84,97,454,8.0,16,6,2,5,20,20,26,4,30,30,17,16,18,15,14,16,17,23,12,29,6,5,6,22,23,10
Chicago Bulls,Washington Wizards,115,106,1,1,Chicago Bulls,5,1,4,0.2,240.0,193,470,0.411,53,181,0.293,89,115,0.774,58,151,209,105,58.0,46,23,35,109,104,528,-30.0,2,21,26,26,7,10,3,28,14,5,27,13,15,14,2,18,13,12,6,1,14,29,17,19,10,25,Washington Wizards,4,1,3,0.25,192.0,180,376,0.479,58,152,0.382,59,74,0.797,38,137,175,108,64.0,24,21,23,95,83,477,1.0,16,21,18,21,20,16,20,2,9,15,4,28,29,8,28,28,29,10,9,28,19,16,8,28,18,17
Minnesota Timberwolves,Indiana Pacers,99,104,1,0,Minnesota Timberwolves,4,3,1,0.75,197.0,160,371,0.431,48,161,0.298,91,120,0.758,45,139,184,89,68.0,45,17,29,81,109,459,8.0,16,6,2,5,17,22,22,22,20,12,26,12,12,16,18,25,26,25,13,6,28,26,5,11,20,10,Indiana Pacers,4,1,3,0.25,192.0,164,366,0.448,35,96,0.365,58,70,0.829,40,118,158,98,49.0,35,15,21,97,78,421,-12.0,16,21,18,21,20,21,24,20,29,29,12,30,30,4,24,30,30,19,3,17,29,12,12,29,29,22
Oklahoma City Thunder,Toronto Raptors,121,130,1,0,Oklahoma City Thunder,5,1,4,0.2,240.0,183,422,0.434,47,144,0.326,98,136,0.721,51,203,254,90,93.0,35,20,27,115,121,511,4.0,2,21,26,26,7,13,13,21,21,19,21,8,3,24,6,2,1,24,24,17,22,23,20,4,13,14,Toronto Raptors,5,4,1,0.8,245.0,201,434,0.463,70,184,0.38,101,115,0.878,40,208,248,121,96.0,39,25,26,119,111,573,47.0,2,1,2,2,2,4,8,9,3,3,6,6,15,1,24,1,3,6,27,9,9,22,23,7,5,1
Denver Nuggets,Charlotte Hornets,100,86,1,1,Denver Nuggets,5,3,2,0.6,245.0,192,451,0.426,53,153,0.346,93,113,0.823,57,172,229,112,72.0,37,25,22,115,116,530,-2.0,2,6,11,12,2,11,4,23,14,14,16,9,17,6,3,9,8,9,14,12,9,15,20,5,9,18,Charlotte Hornets,5,2,3,0.4,240.0,199,430,0.463,75,179,0.419,67,93,0.72,50,162,212,127,98.0,29,19,31,107,106,540,-48.0,2,15,18,18,7,7,9,10,2,6,1,25,26,25,7,14,12,4,28,23,25,27,15,16,7,28
Houston Rockets,Portland Trail Blazers,107,117,1,0,Houston Rockets,4,3,1,0.75,192.0,170,377,0.451,62,191,0.325,110,135,0.815,47,139,186,107,60.0,29,21,19,95,111,512,2.0,16,6,2,5,20,18,18,18,8,2,22,3,4,7,14,25,24,11,7,23,19,7,8,7,12,16,Portland Trail Blazers,5,3,2,0.6,240.0,200,445,0.449,54,148,0.365,101,122,0.828,43,191,234,87,81.0,36,29,20,135,111,555,4.0,2,6,11,12,7,6,6,19,13,16,11,6,10,5,22,5,6,28,17,14,3,10,28,7,6,14
Sacramento Kings,Dallas Mavericks,123,127,1,0,Sacramento Kings,5,0,5,0.0,240.0,181,442,0.41,58,175,0.331,73,98,0.745,56,152,208,101,90.0,37,23,23,109,105,493,-85.0,2,30,30,30,7,15,7,29,9,8,19,23,23,18,4,17,15,16,22,12,14,16,17,18,16,30,Dallas Mavericks,4,3,1,0.75,192.0,158,347,0.455,51,163,0.313,92,124,0.742,39,144,183,96,52.0,27,20,11,77,108,459,16.0,16,6,2,5,20,26,29,15,18,11,23,11,7,20,27,23,28,20,4,26,22,1,2,15,20,9
Los Angeles Lakers,Orlando Magic,118,119,1,0,Los Angeles Lakers,4,3,1,0.75,192.0,160,350,0.457,39,116,0.336,78,98,0.796,40,144,184,94,61.0,34,32,14,86,97,437,47.0,16,6,2,5,20,22,28,12,26,28,18,20,23,9,24,23,26,21,8,19,2,2,7,22,26,1,Orlando Magic,4,2,2,0.5,192.0,143,362,0.395,38,132,0.288,59,75,0.787,46,145,191,85,48.0,34,23,23,70,76,383,8.0,16,15,11,15,20,30,25,30,27,24,29,28,28,10,16,22,21,30,2,19,14,16,1,30,30,10
New York Knicks,Phoenix Suns,98,121,1,0,New York Knicks,5,1,4,0.2,240.0,182,430,0.423,50,142,0.352,89,132,0.674,65,175,240,94,92.0,41,25,27,123,109,503,-41.0,2,21,26,26,7,14,9,24,19,20,14,13,5,29,1,8,4,21,23,8,9,23,25,11,15,26,Phoenix Suns,5,3,2,0.6,245.0,203,446,0.455,64,174,0.368,107,128,0.836,44,188,232,144,81.0,46,20,32,147,130,577,46.0,2,6,11,12,2,3,5,16,6,9,9,4,6,3,20,6,7,2,17,1,22,28,29,2,4,3
Milwaukee Bucks,Boston Celtics,128,123,1,1,Milwaukee Bucks,4,2,2,0.5,197.0,173,367,0.471,64,183,0.35,67,101,0.663,24,171,195,103,56.0,27,25,16,95,97,477,7.0,16,15,11,15,17,17,23,6,6,4,15,25,21,30,30,11,19,15,5,26,9,3,8,22,18,13,Boston Celtics,4,3,1,0.75,192.0,158,384,0.411,52,146,0.356,71,100,0.71,49,139,188,88,44.0,32,23,21,95,109,439,26.0,16,6,2,5,20,26,16,27,17,18,13,24,22,26,12,25,23,27,1,21,14,12,8,11,25,8
New Orleans Pelicans,Utah Jazz,138,132,1,1,New Orleans Pelicans,5,1,4,0.2,245.0,223,480,0.465,82,216,0.38,78,105,0.743,50,171,221,153,81.0,39,25,19,127,111,606,-14.0,2,21,26,26,2,2,2,8,1,1,7,20,20,19,7,11,10,1,17,9,9,7,27,7,2,23,Utah Jazz,5,4,1,0.8,240.0,184,389,0.473,53,141,0.376,84,108,0.778,25,192,217,104,93.0,38,18,23,122,116,505,43.0,2,1,2,2,7,12,15,5,14,21,8,17,19,12,29,4,11,14,24,11,27,16,24,5,14,5
Golden State Warriors,Denver Nuggets,131,134,1,0,Golden State Warriors,4,1,3,0.25,192.0,156,377,0.414,42,138,0.304,104,121,0.86,53,132,185,105,64.0,36,10,21,80,92,458,-47.0,16,21,18,21,20,29,18,26,23,22,25,5,11,2,5,29,25,12,9,14,30,12,4,26,22,27,Denver Nuggets,5,3,2,0.6,245.0,192,451,0.426,53,153,0.346,93,113,0.823,57,172,229,112,72.0,37,25,22,115,116,530,-2.0,2,6,11,12,2,11,4,23,14,14,16,9,17,6,3,9,8,9,14,12,9,15,20,5,9,18
LA Clippers,Orlando Magic,122,95,1,1,LA Clippers,6,4,2,0.667,288.0,250,504,0.496,65,177,0.367,120,153,0.784,50,202,252,135,100.0,46,27,23,150,148,685,28.0,1,1,11,11,1,1,1,1,4,7,10,1,2,11,7,3,2,3,29,1,4,16,30,1,1,7,Orlando Magic,4,2,2,0.5,192.0,143,362,0.395,38,132,0.288,59,75,0.787,46,145,191,85,48.0,34,23,23,70,76,383,8.0,16,15,11,15,20,30,25,30,27,24,29,28,28,10,16,22,21,30,2,19,14,16,1,30,30,10
Indiana Pacers,Minnesota Timberwolves,116,114,1,1,Indiana Pacers,4,1,3,0.25,192.0,164,366,0.448,35,96,0.365,58,70,0.829,40,118,158,98,49.0,35,15,21,97,78,421,-12.0,16,21,18,21,20,21,24,20,29,29,12,30,30,4,24,30,30,19,3,17,29,12,12,29,29,22,Minnesota Timberwolves,4,3,1,0.75,197.0,160,371,0.431,48,161,0.298,91,120,0.758,45,139,184,89,68.0,45,17,29,81,109,459,8.0,16,6,2,5,17,22,22,22,20,12,26,12,12,16,18,25,26,25,13,6,28,26,5,11,20,10
Philadelphia 76ers,Chicago Bulls,100,89,1,1,Philadelphia 76ers,4,4,0,1.0,192.0,159,352,0.452,40,129,0.31,88,119,0.739,46,159,205,100,83.0,46,27,18,116,103,446,44.0,16,1,1,1,20,24,27,17,25,25,24,15,13,21,16,15,16,17,20,1,4,5,22,21,24,4,Chicago Bulls,5,1,4,0.2,240.0,193,470,0.411,53,181,0.293,89,115,0.774,58,151,209,105,58.0,46,23,35,109,104,528,-30.0,2,21,26,26,7,10,3,28,14,5,27,13,15,14,2,18,13,12,6,1,14,29,17,19,10,25
Toronto Raptors,Washington Wizards,140,111,1,1,Toronto Raptors,5,4,1,0.8,245.0,201,434,0.463,70,184,0.38,101,115,0.878,40,208,248,121,96.0,39,25,26,119,111,573,47.0,2,1,2,2,2,4,8,9,3,3,6,6,15,1,24,1,3,6,27,9,9,22,23,7,5,1,Washington Wizards,4,1,3,0.25,192.0,180,376,0.479,58,152,0.382,59,74,0.797,38,137,175,108,64.0,24,21,23,95,83,477,1.0,16,21,18,21,20,16,20,2,9,15,4,28,29,8,28,28,29,10,9,28,19,16,8,28,18,17
Memphis Grizzlies,Cleveland Cavaliers,113,109,1,1,Memphis Grizzlies,4,1,3,0.25,197.0,158,381,0.415,36,128,0.281,76,98,0.776,45,146,191,99,75.0,36,26,28,108,95,428,-55.0,16,21,18,21,17,26,17,25,28,26,30,22,23,13,18,21,21,18,15,14,6,25,16,25,27,29,Cleveland Cavaliers,4,2,2,0.5,192.0,159,346,0.46,42,128,0.328,64,87,0.736,42,151,193,87,66.0,22,19,19,78,84,424,-9.0,16,15,11,15,20,24,30,11,23,26,20,27,27,22,23,18,20,28,11,30,25,7,3,27,28,21
Oklahoma City Thunder,Miami Heat,108,115,1,0,Oklahoma City Thunder,5,1,4,0.2,240.0,183,422,0.434,47,144,0.326,98,136,0.721,51,203,254,90,93.0,35,20,27,115,121,511,4.0,2,21,26,26,7,13,13,21,21,19,21,8,3,24,6,2,1,24,24,17,22,23,20,4,13,14,Miami Heat,5,4,1,0.8,245.0,201,428,0.47,65,166,0.392,111,154,0.721,48,188,236,124,104.0,46,35,24,126,124,578,41.0,2,1,2,2,2,4,11,7,4,10,3,2,1,23,13,6,5,5,30,1,1,21,26,3,3,6
San Antonio Spurs,Atlanta Hawks,120,121,1,0,San Antonio Spurs,4,3,1,0.75,192.0,169,356,0.475,31,92,0.337,85,112,0.759,47,156,203,91,67.0,23,26,18,84,97,454,8.0,16,6,2,5,20,20,26,4,30,30,17,16,18,15,14,16,17,23,12,29,6,5,6,22,23,10,Atlanta Hawks,5,2,3,0.4,240.0,194,425,0.456,47,161,0.292,82,118,0.695,50,172,222,120,88.0,45,26,38,110,104,517,-5.0,2,15,18,18,7,9,12,13,21,12,28,19,14,27,7,9,9,7,21,6,6,30,19,19,11,19
Dallas Mavericks,Portland Trail Blazers,120,112,1,1,Dallas Mavericks,4,3,1,0.75,192.0,158,347,0.455,51,163,0.313,92,124,0.742,39,144,183,96,52.0,27,20,11,77,108,459,16.0,16,6,2,5,20,26,29,15,18,11,23,11,7,20,27,23,28,20,4,26,22,1,2,15,20,9,Portland Trail Blazers,5,3,2,0.6,240.0,200,445,0.449,54,148,0.365,101,122,0.828,43,191,234,87,81.0,36,29,20,135,111,555,4.0,2,6,11,12,7,6,6,19,13,16,11,6,10,5,22,5,6,28,17,14,3,10,28,7,6,14
New Orleans Pelicans,LA Clippers,130,133,1,0,New Orleans Pelicans,5,1,4,0.2,245.0,223,480,0.465,82,216,0.38,78,105,0.743,50,171,221,153,81.0,39,25,19,127,111,606,-14.0,2,21,26,26,2,2,2,8,1,1,7,20,20,19,7,11,10,1,17,9,9,7,27,7,2,23,LA Clippers,6,4,2,0.667,288.0,250,504,0.496,65,177,0.367,120,153,0.784,50,202,252,135,100.0,46,27,23,150,148,685,28.0,1,1,11,11,1,1,1,1,4,7,10,1,2,11,7,3,2,3,29,1,4,16,30,1,1,7
Brooklyn Nets,Milwaukee Bucks,97,117,1,0,Brooklyn Nets,4,1,3,0.25,202.0,170,373,0.456,56,147,0.381,84,123,0.683,50,151,201,89,79.0,31,21,20,97,106,480,-8.0,16,21,18,21,16,18,21,14,11,17,5,17,9,28,7,18,18,25,16,22,19,10,12,16,17,20,Milwaukee Bucks,4,2,2,0.5,197.0,173,367,0.471,64,183,0.35,67,101,0.663,24,171,195,103,56.0,27,25,16,95,97,477,7.0,16,15,11,15,17,17,23,6,6,4,15,25,21,30,30,11,19,15,5,26,9,3,8,22,18,13
Boston Celtics,Phoenix Suns,119,123,1,0,Boston Celtics,4,3,1,0.75,192.0,158,384,0.411,52,146,0.356,71,100,0.71,49,139,188,88,44.0,32,23,21,95,109,439,26.0,16,6,2,5,20,26,16,27,17,18,13,24,22,26,12,25,23,27,1,21,14,12,8,11,25,8,Phoenix Suns,5,3,2,0.6,245.0,203,446,0.455,64,174,0.368,107,128,0.836,44,188,232,144,81.0,46,20,32,147,130,577,46.0,2,6,11,12,2,3,5,16,6,9,9,4,6,3,20,6,7,2,17,1,22,28,29,2,4,3
Atlanta Hawks,Detroit Pistons,103,136,1,0,Atlanta Hawks,5,2,3,0.4,240.0,194,425,0.456,47,161,0.292,82,118,0.695,50,172,222,120,88.0,45,26,38,110,104,517,-5.0,2,15,18,18,7,9,12,13,21,12,28,19,14,27,7,9,9,7,21,6,6,30,19,19,11,19,Detroit Pistons,5,2,3,0.4,240.0,195,408,0.478,56,134,0.418,93,124,0.75,44,165,209,117,95.0,29,22,17,102,109,539,-24.0,2,15,18,18,7,8,14,3,11,23,2,9,7,17,20,13,13,8,26,23,18,4,14,11,8,24
New York Knicks,Philadelphia 76ers,87,90,1,0,New York Knicks,5,1,4,0.2,240.0,182,430,0.423,50,142,0.352,89,132,0.674,65,175,240,94,92.0,41,25,27,123,109,503,-41.0,2,21,26,26,7,14,9,24,19,20,14,13,5,29,1,8,4,21,23,8,9,23,25,11,15,26,Philadelphia 76ers,4,4,0,1.0,192.0,159,352,0.452,40,129,0.31,88,119,0.739,46,159,205,100,83.0,46,27,18,116,103,446,44.0,16,1,1,1,20,24,27,17,25,25,24,15,13,21,16,15,16,17,20,1,4,5,22,21,24,4
Chicago Bulls,Cleveland Cavaliers,118,116,1,1,Chicago Bulls,5,1,4,0.2,240.0,193,470,0.411,53,181,0.293,89,115,0.774,58,151,209,105,58.0,46,23,35,109,104,528,-30.0,2,21,26,26,7,10,3,28,14,5,27,13,15,14,2,18,13,12,6,1,14,29,17,19,10,25,Cleveland Cavaliers,4,2,2,0.5,192.0,159,346,0.46,42,128,0.328,64,87,0.736,42,151,193,87,66.0,22,19,19,78,84,424,-9.0,16,15,11,15,20,24,30,11,23,26,20,27,27,22,23,18,20,28,11,30,25,7,3,27,28,21
Minnesota Timberwolves,Toronto Raptors,112,122,1,0,Minnesota Timberwolves,4,3,1,0.75,197.0,160,371,0.431,48,161,0.298,91,120,0.758,45,139,184,89,68.0,45,17,29,81,109,459,8.0,16,6,2,5,17,22,22,22,20,12,26,12,12,16,18,25,26,25,13,6,28,26,5,11,20,10,Toronto Raptors,5,4,1,0.8,245.0,201,434,0.463,70,184,0.38,101,115,0.878,40,208,248,121,96.0,39,25,26,119,111,573,47.0,2,1,2,2,2,4,8,9,3,3,6,6,15,1,24,1,3,6,27,9,9,22,23,7,5,1
Houston Rockets,Los Angeles Lakers,115,124,1,0,Houston Rockets,4,3,1,0.75,192.0,170,377,0.451,62,191,0.325,110,135,0.815,47,139,186,107,60.0,29,21,19,95,111,512,2.0,16,6,2,5,20,18,18,18,8,2,22,3,4,7,14,25,24,11,7,23,19,7,8,7,12,16,Los Angeles Lakers,4,3,1,0.75,192.0,160,350,0.457,39,116,0.336,78,98,0.796,40,144,184,94,61.0,34,32,14,86,97,437,47.0,16,6,2,5,20,22,28,12,26,28,18,20,23,9,24,23,26,21,8,19,2,2,7,22,26,1
Golden State Warriors,Orlando Magic,109,95,1,1,Golden State Warriors,4,1,3,0.25,192.0,156,377,0.414,42,138,0.304,104,121,0.86,53,132,185,105,64.0,36,10,21,80,92,458,-47.0,16,21,18,21,20,29,18,26,23,22,25,5,11,2,5,29,25,12,9,14,30,12,4,26,22,27,Orlando Magic,4,2,2,0.5,192.0,143,362,0.395,38,132,0.288,59,75,0.787,46,145,191,85,48.0,34,23,23,70,76,383,8.0,16,15,11,15,20,30,25,30,27,24,29,28,28,10,16,22,21,30,2,19,14,16,1,30,30,10
Oklahoma City Thunder,Portland Trail Blazers,119,106,1,1,Oklahoma City Thunder,5,1,4,0.2,240.0,183,422,0.434,47,144,0.326,98,136,0.721,51,203,254,90,93.0,35,20,27,115,121,511,4.0,2,21,26,26,7,13,13,21,21,19,21,8,3,24,6,2,1,24,24,17,22,23,20,4,13,14,Portland Trail Blazers,5,3,2,0.6,240.0,200,445,0.449,54,148,0.365,101,122,0.828,43,191,234,87,81.0,36,29,20,135,111,555,4.0,2,6,11,12,7,6,6,19,13,16,11,6,10,5,22,5,6,28,17,14,3,10,28,7,6,14
Utah Jazz,Sacramento Kings,123,101,1,1,Utah Jazz,5,4,1,0.8,240.0,184,389,0.473,53,141,0.376,84,108,0.778,25,192,217,104,93.0,38,18,23,122,116,505,43.0,2,1,2,2,7,12,15,5,14,21,8,17,19,12,29,4,11,14,24,11,27,16,24,5,14,5,Sacramento Kings,5,0,5,0.0,240.0,181,442,0.41,58,175,0.331,73,98,0.745,56,152,208,101,90.0,37,23,23,109,105,493,-85.0,2,30,30,30,7,15,7,29,9,8,19,23,23,18,4,17,15,16,22,12,14,16,17,18,16,30
San Antonio Spurs,Miami Heat,107,102,1,1,San Antonio Spurs,4,3,1,0.75,192.0,169,356,0.475,31,92,0.337,85,112,0.759,47,156,203,91,67.0,23,26,18,84,97,454,8.0,16,6,2,5,20,20,26,4,30,30,17,16,18,15,14,16,17,23,12,29,6,5,6,22,23,10,Miami Heat,5,4,1,0.8,245.0,201,428,0.47,65,166,0.392,111,154,0.721,48,188,236,124,104.0,46,35,24,126,124,578,41.0,2,1,2,2,2,4,11,7,4,10,3,2,1,23,13,6,5,5,30,1,1,21,26,3,3,6
Denver Nuggets,Indiana Pacers,107,115,1,0,Denver Nuggets,5,3,2,0.6,245.0,192,451,0.426,53,153,0.346,93,113,0.823,57,172,229,112,72.0,37,25,22,115,116,530,-2.0,2,6,11,12,2,11,4,23,14,14,16,9,17,6,3,9,8,9,14,12,9,15,20,5,9,18,Indiana Pacers,4,1,3,0.25,192.0,164,366,0.448,35,96,0.365,58,70,0.829,40,118,158,98,49.0,35,15,21,97,78,421,-12.0,16,21,18,21,20,21,24,20,29,29,12,30,30,4,24,30,30,19,3,17,29,12,12,29,29,22
Washington Wizards,Detroit Pistons,106,100,1,1,Washington Wizards,4,1,3,0.25,192.0,180,376,0.479,58,152,0.382,59,74,0.797,38,137,175,108,64.0,24,21,23,95,83,477,1.0,16,21,18,21,20,16,20,2,9,15,4,28,29,8,28,28,29,10,9,28,19,16,8,28,18,17,Detroit Pistons,5,2,3,0.4,240.0,195,408,0.478,56,134,0.418,93,124,0.75,44,165,209,117,95.0,29,22,17,102,109,539,-24.0,2,15,18,18,7,8,14,3,11,23,2,9,7,17,20,13,13,8,26,23,18,4,14,11,8,24
Atlanta Hawks,Toronto Raptors,117,122,1,0,Atlanta Hawks,5,2,3,0.4,240.0,194,425,0.456,47,161,0.292,82,118,0.695,50,172,222,120,88.0,45,26,38,110,104,517,-5.0,2,15,18,18,7,9,12,13,21,12,28,19,14,27,7,9,9,7,21,6,6,30,19,19,11,19,Toronto Raptors,5,4,1,0.8,245.0,201,434,0.463,70,184,0.38,101,115,0.878,40,208,248,121,96.0,39,25,26,119,111,573,47.0,2,1,2,2,2,4,8,9,3,3,6,6,15,1,24,1,3,6,27,9,9,22,23,7,5,1
Brooklyn Nets,Philadelphia 76ers,111,117,1,0,Brooklyn Nets,4,1,3,0.25,202.0,170,373,0.456,56,147,0.381,84,123,0.683,50,151,201,89,79.0,31,21,20,97,106,480,-8.0,16,21,18,21,16,18,21,14,11,17,5,17,9,28,7,18,18,25,16,22,19,10,12,16,17,20,Philadelphia 76ers,4,4,0,1.0,192.0,159,352,0.452,40,129,0.31,88,119,0.739,46,159,205,100,83.0,46,27,18,116,103,446,44.0,16,1,1,1,20,24,27,17,25,25,24,15,13,21,16,15,16,17,20,1,4,5,22,21,24,4
Charlotte Hornets,Orlando Magic,83,106,1,0,Charlotte Hornets,5,2,3,0.4,240.0,199,430,0.463,75,179,0.419,67,93,0.72,50,162,212,127,98.0,29,19,31,107,106,540,-48.0,2,15,18,18,7,7,9,10,2,6,1,25,26,25,7,14,12,4,28,23,25,27,15,16,7,28,Orlando Magic,4,2,2,0.5,192.0,143,362,0.395,38,132,0.288,59,75,0.787,46,145,191,85,48.0,34,23,23,70,76,383,8.0,16,15,11,15,20,30,25,30,27,24,29,28,28,10,16,22,21,30,2,19,14,16,1,30,30,10
Cleveland Cavaliers,New York Knicks,86,106,1,0,Cleveland Cavaliers,4,2,2,0.5,192.0,159,346,0.46,42,128,0.328,64,87,0.736,42,151,193,87,66.0,22,19,19,78,84,424,-9.0,16,15,11,15,20,24,30,11,23,26,20,27,27,22,23,18,20,28,11,30,25,7,3,27,28,21,New York Knicks,5,1,4,0.2,240.0,182,430,0.423,50,142,0.352,89,132,0.674,65,175,240,94,92.0,41,25,27,123,109,503,-41.0,2,21,26,26,7,14,9,24,19,20,14,13,5,29,1,8,4,21,23,8,9,23,25,11,15,26
Miami Heat,Sacramento Kings,118,113,1,1,Miami Heat,5,4,1,0.8,245.0,201,428,0.47,65,166,0.392,111,154,0.721,48,188,236,124,104.0,46,35,24,126,124,578,41.0,2,1,2,2,2,4,11,7,4,10,3,2,1,23,13,6,5,5,30,1,1,21,26,3,3,6,Sacramento Kings,5,0,5,0.0,240.0,181,442,0.41,58,175,0.331,73,98,0.745,56,152,208,101,90.0,37,23,23,109,105,493,-85.0,2,30,30,30,7,15,7,29,9,8,19,23,23,18,4,17,15,16,22,12,14,16,17,18,16,30
Houston Rockets,Oklahoma City Thunder,107,112,1,0,Houston Rockets,4,3,1,0.75,192.0,170,377,0.451,62,191,0.325,110,135,0.815,47,139,186,107,60.0,29,21,19,95,111,512,2.0,16,6,2,5,20,18,18,18,8,2,22,3,4,7,14,25,24,11,7,23,19,7,8,7,12,16,Oklahoma City Thunder,5,1,4,0.2,240.0,183,422,0.434,47,144,0.326,98,136,0.721,51,203,254,90,93.0,35,20,27,115,121,511,4.0,2,21,26,26,7,13,13,21,21,19,21,8,3,24,6,2,1,24,24,17,22,23,20,4,13,14
Memphis Grizzlies,New Orleans Pelicans,116,126,1,0,Memphis Grizzlies,4,1,3,0.25,197.0,158,381,0.415,36,128,0.281,76,98,0.776,45,146,191,99,75.0,36,26,28,108,95,428,-55.0,16,21,18,21,17,26,17,25,28,26,30,22,23,13,18,21,21,18,15,14,6,25,16,25,27,29,New Orleans Pelicans,5,1,4,0.2,245.0,223,480,0.465,82,216,0.38,78,105,0.743,50,171,221,153,81.0,39,25,19,127,111,606,-14.0,2,21,26,26,2,2,2,8,1,1,7,20,20,19,7,11,10,1,17,9,9,7,27,7,2,23
Milwaukee Bucks,Chicago Bulls,111,98,1,1,Milwaukee Bucks,4,2,2,0.5,197.0,173,367,0.471,64,183,0.35,67,101,0.663,24,171,195,103,56.0,27,25,16,95,97,477,7.0,16,15,11,15,17,17,23,6,6,4,15,25,21,30,30,11,19,15,5,26,9,3,8,22,18,13,Chicago Bulls,5,1,4,0.2,240.0,193,470,0.411,53,181,0.293,89,115,0.774,58,151,209,105,58.0,46,23,35,109,104,528,-30.0,2,21,26,26,7,10,3,28,14,5,27,13,15,14,2,18,13,12,6,1,14,29,17,19,10,25
Boston Celtics,Los Angeles Lakers,139,107,1,1,Boston Celtics,4,3,1,0.75,192.0,158,384,0.411,52,146,0.356,71,100,0.71,49,139,188,88,44.0,32,23,21,95,109,439,26.0,16,6,2,5,20,26,16,27,17,18,13,24,22,26,12,25,23,27,1,21,14,12,8,11,25,8,Los Angeles Lakers,4,3,1,0.75,192.0,160,350,0.457,39,116,0.336,78,98,0.796,40,144,184,94,61.0,34,32,14,86,97,437,47.0,16,6,2,5,20,22,28,12,26,28,18,20,23,9,24,23,26,21,8,19,2,2,7,22,26,1
Minnesota Timberwolves,Denver Nuggets,100,107,1,0,Minnesota Timberwolves,4,3,1,0.75,197.0,160,371,0.431,48,161,0.298,91,120,0.758,45,139,184,89,68.0,45,17,29,81,109,459,8.0,16,6,2,5,17,22,22,22,20,12,26,12,12,16,18,25,26,25,13,6,28,26,5,11,20,10,Denver Nuggets,5,3,2,0.6,245.0,192,451,0.426,53,153,0.346,93,113,0.823,57,172,229,112,72.0,37,25,22,115,116,530,-2.0,2,6,11,12,2,11,4,23,14,14,16,9,17,6,3,9,8,9,14,12,9,15,20,5,9,18
Phoenix Suns,San Antonio Spurs,118,120,1,0,Phoenix Suns,5,3,2,0.6,245.0,203,446,0.455,64,174,0.368,107,128,0.836,44,188,232,144,81.0,46,20,32,147,130,577,46.0,2,6,11,12,2,3,5,16,6,9,9,4,6,3,20,6,7,2,17,1,22,28,29,2,4,3,San Antonio Spurs,4,3,1,0.75,192.0,169,356,0.475,31,92,0.337,85,112,0.759,47,156,203,91,67.0,23,26,18,84,97,454,8.0,16,6,2,5,20,20,26,4,30,30,17,16,18,15,14,16,17,23,12,29,6,5,6,22,23,10
Utah Jazz,Indiana Pacers,118,88,1,1,Utah Jazz,5,4,1,0.8,240.0,184,389,0.473,53,141,0.376,84,108,0.778,25,192,217,104,93.0,38,18,23,122,116,505,43.0,2,1,2,2,7,12,15,5,14,21,8,17,19,12,29,4,11,14,24,11,27,16,24,5,14,5,Indiana Pacers,4,1,3,0.25,192.0,164,366,0.448,35,96,0.365,58,70,0.829,40,118,158,98,49.0,35,15,21,97,78,421,-12.0,16,21,18,21,20,21,24,20,29,29,12,30,30,4,24,30,30,19,3,17,29,12,12,29,29,22
Portland Trail Blazers,Golden State Warriors,129,124,1,1,Portland Trail Blazers,5,3,2,0.6,240.0,200,445,0.449,54,148,0.365,101,122,0.828,43,191,234,87,81.0,36,29,20,135,111,555,4.0,2,6,11,12,7,6,6,19,13,16,11,6,10,5,22,5,6,28,17,14,3,10,28,7,6,14,Golden State Warriors,4,1,3,0.25,192.0,156,377,0.414,42,138,0.304,104,121,0.86,53,132,185,105,64.0,36,10,21,80,92,458,-47.0,16,21,18,21,20,29,18,26,23,22,25,5,11,2,5,29,25,12,9,14,30,12,4,26,22,27
Dallas Mavericks,LA Clippers,107,110,1,0,Dallas Mavericks,4,3,1,0.75,192.0,158,347,0.455,51,163,0.313,92,124,0.742,39,144,183,96,52.0,27,20,11,77,108,459,16.0,16,6,2,5,20,26,29,15,18,11,23,11,7,20,27,23,28,20,4,26,22,1,2,15,20,9,LA Clippers,6,4,2,0.667,288.0,250,504,0.496,65,177,0.367,120,153,0.784,50,202,252,135,100.0,46,27,23,150,148,685,28.0,1,1,11,11,1,1,1,1,4,7,10,1,2,11,7,3,2,3,29,1,4,16,30,1,1,7
Detroit Pistons,Sacramento Kings,127,106,1,1,Detroit Pistons,5,2,3,0.4,240.0,195,408,0.478,56,134,0.418,93,124,0.75,44,165,209,117,95.0,29,22,17,102,109,539,-24.0,2,15,18,18,7,8,14,3,11,23,2,9,7,17,20,13,13,8,26,23,18,4,14,11,8,24,Sacramento Kings,5,0,5,0.0,240.0,181,442,0.41,58,175,0.331,73,98,0.745,56,152,208,101,90.0,37,23,23,109,105,493,-85.0,2,30,30,30,7,15,7,29,9,8,19,23,23,18,4,17,15,16,22,12,14,16,17,18,16,30
Orlando Magic,Oklahoma City Thunder,114,120,1,0,Orlando Magic,4,2,2,0.5,192.0,143,362,0.395,38,132,0.288,59,75,0.787,46,145,191,85,48.0,34,23,23,70,76,383,8.0,16,15,11,15,20,30,25,30,27,24,29,28,28,10,16,22,21,30,2,19,14,16,1,30,30,10,Oklahoma City Thunder,5,1,4,0.2,240.0,183,422,0.434,47,144,0.326,98,136,0.721,51,203,254,90,93.0,35,20,27,115,121,511,4.0,2,21,26,26,7,13,13,21,21,19,21,8,3,24,6,2,1,24,24,17,22,23,20,4,13,14
Atlanta Hawks,LA Clippers,102,95,1,1,Atlanta Hawks,5,2,3,0.4,240.0,194,425,0.456,47,161,0.292,82,118,0.695,50,172,222,120,88.0,45,26,38,110,104,517,-5.0,2,15,18,18,7,9,12,13,21,12,28,19,14,27,7,9,9,7,21,6,6,30,19,19,11,19,LA Clippers,6,4,2,0.667,288.0,250,504,0.496,65,177,0.367,120,153,0.784,50,202,252,135,100.0,46,27,23,150,148,685,28.0,1,1,11,11,1,1,1,1,4,7,10,1,2,11,7,3,2,3,29,1,4,16,30,1,1,7
Boston Celtics,Memphis Grizzlies,119,95,1,1,Boston Celtics,4,3,1,0.75,192.0,158,384,0.411,52,146,0.356,71,100,0.71,49,139,188,88,44.0,32,23,21,95,109,439,26.0,16,6,2,5,20,26,16,27,17,18,13,24,22,26,12,25,23,27,1,21,14,12,8,11,25,8,Memphis Grizzlies,4,1,3,0.25,197.0,158,381,0.415,36,128,0.281,76,98,0.776,45,146,191,99,75.0,36,26,28,108,95,428,-55.0,16,21,18,21,17,26,17,25,28,26,30,22,23,13,18,21,21,18,15,14,6,25,16,25,27,29
Miami Heat,Washington Wizards,134,129,1,1,Miami Heat,5,4,1,0.8,245.0,201,428,0.47,65,166,0.392,111,154,0.721,48,188,236,124,104.0,46,35,24,126,124,578,41.0,2,1,2,2,2,4,11,7,4,10,3,2,1,23,13,6,5,5,30,1,1,21,26,3,3,6,Washington Wizards,4,1,3,0.25,192.0,180,376,0.479,58,152,0.382,59,74,0.797,38,137,175,108,64.0,24,21,23,95,83,477,1.0,16,21,18,21,20,16,20,2,9,15,4,28,29,8,28,28,29,10,9,28,19,16,8,28,18,17
New York Knicks,Los Angeles Lakers,92,100,1,0,New York Knicks,5,1,4,0.2,240.0,182,430,0.423,50,142,0.352,89,132,0.674,65,175,240,94,92.0,41,25,27,123,109,503,-41.0,2,21,26,26,7,14,9,24,19,20,14,13,5,29,1,8,4,21,23,8,9,23,25,11,15,26,Los Angeles Lakers,4,3,1,0.75,192.0,160,350,0.457,39,116,0.336,78,98,0.796,40,144,184,94,61.0,34,32,14,86,97,437,47.0,16,6,2,5,20,22,28,12,26,28,18,20,23,9,24,23,26,21,8,19,2,2,7,22,26,1
Toronto Raptors,Philadelphia 76ers,107,95,1,1,Toronto Raptors,5,4,1,0.8,245.0,201,434,0.463,70,184,0.38,101,115,0.878,40,208,248,121,96.0,39,25,26,119,111,573,47.0,2,1,2,2,2,4,8,9,3,3,6,6,15,1,24,1,3,6,27,9,9,22,23,7,5,1,Philadelphia 76ers,4,4,0,1.0,192.0,159,352,0.452,40,129,0.31,88,119,0.739,46,159,205,100,83.0,46,27,18,116,103,446,44.0,16,1,1,1,20,24,27,17,25,25,24,15,13,21,16,15,16,17,20,1,4,5,22,21,24,4
Chicago Bulls,Minnesota Timberwolves,117,110,1,1,Chicago Bulls,5,1,4,0.2,240.0,193,470,0.411,53,181,0.293,89,115,0.774,58,151,209,105,58.0,46,23,35,109,104,528,-30.0,2,21,26,26,7,10,3,28,14,5,27,13,15,14,2,18,13,12,6,1,14,29,17,19,10,25,Minnesota Timberwolves,4,3,1,0.75,197.0,160,371,0.431,48,161,0.298,91,120,0.758,45,139,184,89,68.0,45,17,29,81,109,459,8.0,16,6,2,5,17,22,22,22,20,12,26,12,12,16,18,25,26,25,13,6,28,26,5,11,20,10
Houston Rockets,Denver Nuggets,121,105,1,1,Houston Rockets,4,3,1,0.75,192.0,170,377,0.451,62,191,0.325,110,135,0.815,47,139,186,107,60.0,29,21,19,95,111,512,2.0,16,6,2,5,20,18,18,18,8,2,22,3,4,7,14,25,24,11,7,23,19,7,8,7,12,16,Denver Nuggets,5,3,2,0.6,245.0,192,451,0.426,53,153,0.346,93,113,0.823,57,172,229,112,72.0,37,25,22,115,116,530,-2.0,2,6,11,12,2,11,4,23,14,14,16,9,17,6,3,9,8,9,14,12,9,15,20,5,9,18
New Orleans Pelicans,San Antonio Spurs,117,121,1,0,New Orleans Pelicans,5,1,4,0.2,245.0,223,480,0.465,82,216,0.38,78,105,0.743,50,171,221,153,81.0,39,25,19,127,111,606,-14.0,2,21,26,26,2,2,2,8,1,1,7,20,20,19,7,11,10,1,17,9,9,7,27,7,2,23,San Antonio Spurs,4,3,1,0.75,192.0,169,356,0.475,31,92,0.337,85,112,0.759,47,156,203,91,67.0,23,26,18,84,97,454,8.0,16,6,2,5,20,20,26,4,30,30,17,16,18,15,14,16,17,23,12,29,6,5,6,22,23,10
Phoenix Suns,Indiana Pacers,87,112,1,0,Phoenix Suns,5,3,2,0.6,245.0,203,446,0.455,64,174,0.368,107,128,0.836,44,188,232,144,81.0,46,20,32,147,130,577,46.0,2,6,11,12,2,3,5,16,6,9,9,4,6,3,20,6,7,2,17,1,22,28,29,2,4,3,Indiana Pacers,4,1,3,0.25,192.0,164,366,0.448,35,96,0.365,58,70,0.829,40,118,158,98,49.0,35,15,21,97,78,421,-12.0,16,21,18,21,20,21,24,20,29,29,12,30,30,4,24,30,30,19,3,17,29,12,12,29,29,22
Golden State Warriors,Utah Jazz,96,129,1,0,Golden State Warriors,4,1,3,0.25,192.0,156,377,0.414,42,138,0.304,104,121,0.86,53,132,185,105,64.0,36,10,21,80,92,458,-47.0,16,21,18,21,20,29,18,26,23,22,25,5,11,2,5,29,25,12,9,14,30,12,4,26,22,27,Utah Jazz,5,4,1,0.8,240.0,184,389,0.473,53,141,0.376,84,108,0.778,25,192,217,104,93.0,38,18,23,122,116,505,43.0,2,1,2,2,7,12,15,5,14,21,8,17,19,12,29,4,11,14,24,11,27,16,24,5,14,5
Cleveland Cavaliers,Washington Wizards,112,124,1,0,Cleveland Cavaliers,4,2,2,0.5,192.0,159,346,0.46,42,128,0.328,64,87,0.736,42,151,193,87,66.0,22,19,19,78,84,424,-9.0,16,15,11,15,20,24,30,11,23,26,20,27,27,22,23,18,20,28,11,30,25,7,3,27,28,21,Washington Wizards,4,1,3,0.25,192.0,180,376,0.479,58,152,0.382,59,74,0.797,38,137,175,108,64.0,24,21,23,95,83,477,1.0,16,21,18,21,20,16,20,2,9,15,4,28,29,8,28,28,29,10,9,28,19,16,8,28,18,17
Brooklyn Nets,Los Angeles Lakers,113,128,1,0,Brooklyn Nets,4,1,3,0.25,202.0,170,373,0.456,56,147,0.381,84,123,0.683,50,151,201,89,79.0,31,21,20,97,106,480,-8.0,16,21,18,21,16,18,21,14,11,17,5,17,9,28,7,18,18,25,16,22,19,10,12,16,17,20,Los Angeles Lakers,4,3,1,0.75,192.0,160,350,0.457,39,116,0.336,78,98,0.796,40,144,184,94,61.0,34,32,14,86,97,437,47.0,16,6,2,5,20,22,28,12,26,28,18,20,23,9,24,23,26,21,8,19,2,2,7,22,26,1
Portland Trail Blazers,Dallas Mavericks,125,133,1,0,Portland Trail Blazers,5,3,2,0.6,240.0,200,445,0.449,54,148,0.365,101,122,0.828,43,191,234,87,81.0,36,29,20,135,111,555,4.0,2,6,11,12,7,6,6,19,13,16,11,6,10,5,22,5,6,28,17,14,3,10,28,7,6,14,Dallas Mavericks,4,3,1,0.75,192.0,158,347,0.455,51,163,0.313,92,124,0.742,39,144,183,96,52.0,27,20,11,77,108,459,16.0,16,6,2,5,20,26,29,15,18,11,23,11,7,20,27,23,28,20,4,26,22,1,2,15,20,9
Charlotte Hornets,Milwaukee Bucks,103,116,1,0,Charlotte Hornets,5,2,3,0.4,240.0,199,430,0.463,75,179,0.419,67,93,0.72,50,162,212,127,98.0,29,19,31,107,106,540,-48.0,2,15,18,18,7,7,9,10,2,6,1,25,26,25,7,14,12,4,28,23,25,27,15,16,7,28,Milwaukee Bucks,4,2,2,0.5,197.0,173,367,0.471,64,183,0.35,67,101,0.663,24,171,195,103,56.0,27,25,16,95,97,477,7.0,16,15,11,15,17,17,23,6,6,4,15,25,21,30,30,11,19,15,5,26,9,3,8,22,18,13
Detroit Pistons,Memphis Grizzlies,112,125,1,0,Detroit Pistons,5,2,3,0.4,240.0,195,408,0.478,56,134,0.418,93,124,0.75,44,165,209,117,95.0,29,22,17,102,109,539,-24.0,2,15,18,18,7,8,14,3,11,23,2,9,7,17,20,13,13,8,26,23,18,4,14,11,8,24,Memphis Grizzlies,4,1,3,0.25,197.0,158,381,0.415,36,128,0.281,76,98,0.776,45,146,191,99,75.0,36,26,28,108,95,428,-55.0,16,21,18,21,17,26,17,25,28,26,30,22,23,13,18,21,21,18,15,14,6,25,16,25,27,29
Orlando Magic,Boston Celtics,98,109,1,0,Orlando Magic,4,2,2,0.5,192.0,143,362,0.395,38,132,0.288,59,75,0.787,46,145,191,85,48.0,34,23,23,70,76,383,8.0,16,15,11,15,20,30,25,30,27,24,29,28,28,10,16,22,21,30,2,19,14,16,1,30,30,10,Boston Celtics,4,3,1,0.75,192.0,158,384,0.411,52,146,0.356,71,100,0.71,49,139,188,88,44.0,32,23,21,95,109,439,26.0,16,6,2,5,20,26,16,27,17,18,13,24,22,26,12,25,23,27,1,21,14,12,8,11,25,8
New York Knicks,Toronto Raptors,112,118,1,0,New York Knicks,5,1,4,0.2,240.0,182,430,0.423,50,142,0.352,89,132,0.674,65,175,240,94,92.0,41,25,27,123,109,503,-41.0,2,21,26,26,7,14,9,24,19,20,14,13,5,29,1,8,4,21,23,8,9,23,25,11,15,26,Toronto Raptors,5,4,1,0.8,245.0,201,434,0.463,70,184,0.38,101,115,0.878,40,208,248,121,96.0,39,25,26,119,111,573,47.0,2,1,2,2,2,4,8,9,3,3,6,6,15,1,24,1,3,6,27,9,9,22,23,7,5,1
Miami Heat,LA Clippers,117,122,1,0,Miami Heat,5,4,1,0.8,245.0,201,428,0.47,65,166,0.392,111,154,0.721,48,188,236,124,104.0,46,35,24,126,124,578,41.0,2,1,2,2,2,4,11,7,4,10,3,2,1,23,13,6,5,5,30,1,1,21,26,3,3,6,LA Clippers,6,4,2,0.667,288.0,250,504,0.496,65,177,0.367,120,153,0.784,50,202,252,135,100.0,46,27,23,150,148,685,28.0,1,1,11,11,1,1,1,1,4,7,10,1,2,11,7,3,2,3,29,1,4,16,30,1,1,7
Chicago Bulls,Sacramento Kings,81,98,1,0,Chicago Bulls,5,1,4,0.2,240.0,193,470,0.411,53,181,0.293,89,115,0.774,58,151,209,105,58.0,46,23,35,109,104,528,-30.0,2,21,26,26,7,10,3,28,14,5,27,13,15,14,2,18,13,12,6,1,14,29,17,19,10,25,Sacramento Kings,5,0,5,0.0,240.0,181,442,0.41,58,175,0.331,73,98,0.745,56,152,208,101,90.0,37,23,23,109,105,493,-85.0,2,30,30,30,7,15,7,29,9,8,19,23,23,18,4,17,15,16,22,12,14,16,17,18,16,30
Minnesota Timberwolves,Houston Rockets,124,131,1,0,Minnesota Timberwolves,4,3,1,0.75,197.0,160,371,0.431,48,161,0.298,91,120,0.758,45,139,184,89,68.0,45,17,29,81,109,459,8.0,16,6,2,5,17,22,22,22,20,12,26,12,12,16,18,25,26,25,13,6,28,26,5,11,20,10,Houston Rockets,4,3,1,0.75,192.0,170,377,0.451,62,191,0.325,110,135,0.815,47,139,186,107,60.0,29,21,19,95,111,512,2.0,16,6,2,5,20,18,18,18,8,2,22,3,4,7,14,25,24,11,7,23,19,7,8,7,12,16
New Orleans Pelicans,Denver Nuggets,106,113,1,0,New Orleans Pelicans,5,1,4,0.2,245.0,223,480,0.465,82,216,0.38,78,105,0.743,50,171,221,153,81.0,39,25,19,127,111,606,-14.0,2,21,26,26,2,2,2,8,1,1,7,20,20,19,7,11,10,1,17,9,9,7,27,7,2,23,Denver Nuggets,5,3,2,0.6,245.0,192,451,0.426,53,153,0.346,93,113,0.823,57,172,229,112,72.0,37,25,22,115,116,530,-2.0,2,6,11,12,2,11,4,23,14,14,16,9,17,6,3,9,8,9,14,12,9,15,20,5,9,18
Oklahoma City Thunder,Atlanta Hawks,140,111,1,1,Oklahoma City Thunder,5,1,4,0.2,240.0,183,422,0.434,47,144,0.326,98,136,0.721,51,203,254,90,93.0,35,20,27,115,121,511,4.0,2,21,26,26,7,13,13,21,21,19,21,8,3,24,6,2,1,24,24,17,22,23,20,4,13,14,Atlanta Hawks,5,2,3,0.4,240.0,194,425,0.456,47,161,0.292,82,118,0.695,50,172,222,120,88.0,45,26,38,110,104,517,-5.0,2,15,18,18,7,9,12,13,21,12,28,19,14,27,7,9,9,7,21,6,6,30,19,19,11,19
San Antonio Spurs,Phoenix Suns,99,103,1,0,San Antonio Spurs,4,3,1,0.75,192.0,169,356,0.475,31,92,0.337,85,112,0.759,47,156,203,91,67.0,23,26,18,84,97,454,8.0,16,6,2,5,20,20,26,4,30,30,17,16,18,15,14,16,17,23,12,29,6,5,6,22,23,10,Phoenix Suns,5,3,2,0.6,245.0,203,446,0.455,64,174,0.368,107,128,0.836,44,188,232,144,81.0,46,20,32,147,130,577,46.0,2,6,11,12,2,3,5,16,6,9,9,4,6,3,20,6,7,2,17,1,22,28,29,2,4,3
Golden State Warriors,Indiana Pacers,118,129,1,0,Golden State Warriors,4,1,3,0.25,192.0,156,377,0.414,42,138,0.304,104,121,0.86,53,132,185,105,64.0,36,10,21,80,92,458,-47.0,16,21,18,21,20,29,18,26,23,22,25,5,11,2,5,29,25,12,9,14,30,12,4,26,22,27,Indiana Pacers,4,1,3,0.25,192.0,164,366,0.448,35,96,0.365,58,70,0.829,40,118,158,98,49.0,35,15,21,97,78,421,-12.0,16,21,18,21,20,21,24,20,29,29,12,30,30,4,24,30,30,19,3,17,29,12,12,29,29,22
Utah Jazz,Dallas Mavericks,112,107,1,1,Utah Jazz,5,4,1,0.8,240.0,184,389,0.473,53,141,0.376,84,108,0.778,25,192,217,104,93.0,38,18,23,122,116,505,43.0,2,1,2,2,7,12,15,5,14,21,8,17,19,12,29,4,11,14,24,11,27,16,24,5,14,5,Dallas Mavericks,4,3,1,0.75,192.0,158,347,0.455,51,163,0.313,92,124,0.742,39,144,183,96,52.0,27,20,11,77,108,459,16.0,16,6,2,5,20,26,29,15,18,11,23,11,7,20,27,23,28,20,4,26,22,1,2,15,20,9
Detroit Pistons,Brooklyn Nets,111,121,1,0,Detroit Pistons,5,2,3,0.4,240.0,195,408,0.478,56,134,0.418,93,124,0.75,44,165,209,117,95.0,29,22,17,102,109,539,-24.0,2,15,18,18,7,8,14,3,11,23,2,9,7,17,20,13,13,8,26,23,18,4,14,11,8,24,Brooklyn Nets,4,1,3,0.25,202.0,170,373,0.456,56,147,0.381,84,123,0.683,50,151,201,89,79.0,31,21,20,97,106,480,-8.0,16,21,18,21,16,18,21,14,11,17,5,17,9,28,7,18,18,25,16,22,19,10,12,16,17,20
Cleveland Cavaliers,Chicago Bulls,106,118,1,0,Cleveland Cavaliers,4,2,2,0.5,192.0,159,346,0.46,42,128,0.328,64,87,0.736,42,151,193,87,66.0,22,19,19,78,84,424,-9.0,16,15,11,15,20,24,30,11,23,26,20,27,27,22,23,18,20,28,11,30,25,7,3,27,28,21,Chicago Bulls,5,1,4,0.2,240.0,193,470,0.411,53,181,0.293,89,115,0.774,58,151,209,105,58.0,46,23,35,109,104,528,-30.0,2,21,26,26,7,10,3,28,14,5,27,13,15,14,2,18,13,12,6,1,14,29,17,19,10,25
Minnesota Timberwolves,Oklahoma City Thunder,104,113,1,0,Minnesota Timberwolves,4,3,1,0.75,197.0,160,371,0.431,48,161,0.298,91,120,0.758,45,139,184,89,68.0,45,17,29,81,109,459,8.0,16,6,2,5,17,22,22,22,20,12,26,12,12,16,18,25,26,25,13,6,28,26,5,11,20,10,Oklahoma City Thunder,5,1,4,0.2,240.0,183,422,0.434,47,144,0.326,98,136,0.721,51,203,254,90,93.0,35,20,27,115,121,511,4.0,2,21,26,26,7,13,13,21,21,19,21,8,3,24,6,2,1,24,24,17,22,23,20,4,13,14
Philadelphia 76ers,Los Angeles Lakers,108,91,1,1,Philadelphia 76ers,4,4,0,1.0,192.0,159,352,0.452,40,129,0.31,88,119,0.739,46,159,205,100,83.0,46,27,18,116,103,446,44.0,16,1,1,1,20,24,27,17,25,25,24,15,13,21,16,15,16,17,20,1,4,5,22,21,24,4,Los Angeles Lakers,4,3,1,0.75,192.0,160,350,0.457,39,116,0.336,78,98,0.796,40,144,184,94,61.0,34,32,14,86,97,437,47.0,16,6,2,5,20,22,28,12,26,28,18,20,23,9,24,23,26,21,8,19,2,2,7,22,26,1
Denver Nuggets,Houston Rockets,117,110,1,1,Denver Nuggets,5,3,2,0.6,245.0,192,451,0.426,53,153,0.346,93,113,0.823,57,172,229,112,72.0,37,25,22,115,116,530,-2.0,2,6,11,12,2,11,4,23,14,14,16,9,17,6,3,9,8,9,14,12,9,15,20,5,9,18,Houston Rockets,4,3,1,0.75,192.0,170,377,0.451,62,191,0.325,110,135,0.815,47,139,186,107,60.0,29,21,19,95,111,512,2.0,16,6,2,5,20,18,18,18,8,2,22,3,4,7,14,25,24,11,7,23,19,7,8,7,12,16
San Antonio Spurs,Toronto Raptors,106,110,1,0,San Antonio Spurs,4,3,1,0.75,192.0,169,356,0.475,31,92,0.337,85,112,0.759,47,156,203,91,67.0,23,26,18,84,97,454,8.0,16,6,2,5,20,20,26,4,30,30,17,16,18,15,14,16,17,23,12,29,6,5,6,22,23,10,Toronto Raptors,5,4,1,0.8,245.0,201,434,0.463,70,184,0.38,101,115,0.878,40,208,248,121,96.0,39,25,26,119,111,573,47.0,2,1,2,2,2,4,8,9,3,3,6,6,15,1,24,1,3,6,27,9,9,22,23,7,5,1
Atlanta Hawks,Washington Wizards,152,133,1,1,Atlanta Hawks,5,2,3,0.4,240.0,194,425,0.456,47,161,0.292,82,118,0.695,50,172,222,120,88.0,45,26,38,110,104,517,-5.0,2,15,18,18,7,9,12,13,21,12,28,19,14,27,7,9,9,7,21,6,6,30,19,19,11,19,Washington Wizards,4,1,3,0.25,192.0,180,376,0.479,58,152,0.382,59,74,0.797,38,137,175,108,64.0,24,21,23,95,83,477,1.0,16,21,18,21,20,16,20,2,9,15,4,28,29,8,28,28,29,10,9,28,19,16,8,28,18,17
New York Knicks,Brooklyn Nets,110,97,1,1,New York Knicks,5,1,4,0.2,240.0,182,430,0.423,50,142,0.352,89,132,0.674,65,175,240,94,92.0,41,25,27,123,109,503,-41.0,2,21,26,26,7,14,9,24,19,20,14,13,5,29,1,8,4,21,23,8,9,23,25,11,15,26,Brooklyn Nets,4,1,3,0.25,202.0,170,373,0.456,56,147,0.381,84,123,0.683,50,151,201,89,79.0,31,21,20,97,106,480,-8.0,16,21,18,21,16,18,21,14,11,17,5,17,9,28,7,18,18,25,16,22,19,10,12,16,17,20
Orlando Magic,LA Clippers,97,112,1,0,Orlando Magic,4,2,2,0.5,192.0,143,362,0.395,38,132,0.288,59,75,0.787,46,145,191,85,48.0,34,23,23,70,76,383,8.0,16,15,11,15,20,30,25,30,27,24,29,28,28,10,16,22,21,30,2,19,14,16,1,30,30,10,LA Clippers,6,4,2,0.667,288.0,250,504,0.496,65,177,0.367,120,153,0.784,50,202,252,135,100.0,46,27,23,150,148,685,28.0,1,1,11,11,1,1,1,1,4,7,10,1,2,11,7,3,2,3,29,1,4,16,30,1,1,7
Memphis Grizzlies,Phoenix Suns,114,109,1,1,Memphis Grizzlies,4,1,3,0.25,197.0,158,381,0.415,36,128,0.281,76,98,0.776,45,146,191,99,75.0,36,26,28,108,95,428,-55.0,16,21,18,21,17,26,17,25,28,26,30,22,23,13,18,21,21,18,15,14,6,25,16,25,27,29,Phoenix Suns,5,3,2,0.6,245.0,203,446,0.455,64,174,0.368,107,128,0.836,44,188,232,144,81.0,46,20,32,147,130,577,46.0,2,6,11,12,2,3,5,16,6,9,9,4,6,3,20,6,7,2,17,1,22,28,29,2,4,3
New Orleans Pelicans,Boston Celtics,123,108,1,1,New Orleans Pelicans,5,1,4,0.2,245.0,223,480,0.465,82,216,0.38,78,105,0.743,50,171,221,153,81.0,39,25,19,127,111,606,-14.0,2,21,26,26,2,2,2,8,1,1,7,20,20,19,7,11,10,1,17,9,9,7,27,7,2,23,Boston Celtics,4,3,1,0.75,192.0,158,384,0.411,52,146,0.356,71,100,0.71,49,139,188,88,44.0,32,23,21,95,109,439,26.0,16,6,2,5,20,26,16,27,17,18,13,24,22,26,12,25,23,27,1,21,14,12,8,11,25,8
Portland Trail Blazers,Indiana Pacers,139,129,1,1,Portland Trail Blazers,5,3,2,0.6,240.0,200,445,0.449,54,148,0.365,101,122,0.828,43,191,234,87,81.0,36,29,20,135,111,555,4.0,2,6,11,12,7,6,6,19,13,16,11,6,10,5,22,5,6,28,17,14,3,10,28,7,6,14,Indiana Pacers,4,1,3,0.25,192.0,164,366,0.448,35,96,0.365,58,70,0.829,40,118,158,98,49.0,35,15,21,97,78,421,-12.0,16,21,18,21,20,21,24,20,29,29,12,30,30,4,24,30,30,19,3,17,29,12,12,29,29,22
Detroit Pistons,Cleveland Cavaliers,100,115,1,0,Detroit Pistons,5,2,3,0.4,240.0,195,408,0.478,56,134,0.418,93,124,0.75,44,165,209,117,95.0,29,22,17,102,109,539,-24.0,2,15,18,18,7,8,14,3,11,23,2,9,7,17,20,13,13,8,26,23,18,4,14,11,8,24,Cleveland Cavaliers,4,2,2,0.5,192.0,159,346,0.46,42,128,0.328,64,87,0.736,42,151,193,87,66.0,22,19,19,78,84,424,-9.0,16,15,11,15,20,24,30,11,23,26,20,27,27,22,23,18,20,28,11,30,25,7,3,27,28,21
Miami Heat,Orlando Magic,113,92,1,1,Miami Heat,5,4,1,0.8,245.0,201,428,0.47,65,166,0.392,111,154,0.721,48,188,236,124,104.0,46,35,24,126,124,578,41.0,2,1,2,2,2,4,11,7,4,10,3,2,1,23,13,6,5,5,30,1,1,21,26,3,3,6,Orlando Magic,4,2,2,0.5,192.0,143,362,0.395,38,132,0.288,59,75,0.787,46,145,191,85,48.0,34,23,23,70,76,383,8.0,16,15,11,15,20,30,25,30,27,24,29,28,28,10,16,22,21,30,2,19,14,16,1,30,30,10
Chicago Bulls,San Antonio Spurs,110,109,1,1,Chicago Bulls,5,1,4,0.2,240.0,193,470,0.411,53,181,0.293,89,115,0.774,58,151,209,105,58.0,46,23,35,109,104,528,-30.0,2,21,26,26,7,10,3,28,14,5,27,13,15,14,2,18,13,12,6,1,14,29,17,19,10,25,San Antonio Spurs,4,3,1,0.75,192.0,169,356,0.475,31,92,0.337,85,112,0.759,47,156,203,91,67.0,23,26,18,84,97,454,8.0,16,6,2,5,20,20,26,4,30,30,17,16,18,15,14,16,17,23,12,29,6,5,6,22,23,10
Minnesota Timberwolves,Sacramento Kings,129,133,1,0,Minnesota Timberwolves,4,3,1,0.75,197.0,160,371,0.431,48,161,0.298,91,120,0.758,45,139,184,89,68.0,45,17,29,81,109,459,8.0,16,6,2,5,17,22,22,22,20,12,26,12,12,16,18,25,26,25,13,6,28,26,5,11,20,10,Sacramento Kings,5,0,5,0.0,240.0,181,442,0.41,58,175,0.331,73,98,0.745,56,152,208,101,90.0,37,23,23,109,105,493,-85.0,2,30,30,30,7,15,7,29,9,8,19,23,23,18,4,17,15,16,22,12,14,16,17,18,16,30
Oklahoma City Thunder,Dallas Mavericks,97,107,1,0,Oklahoma City Thunder,5,1,4,0.2,240.0,183,422,0.434,47,144,0.326,98,136,0.721,51,203,254,90,93.0,35,20,27,115,121,511,4.0,2,21,26,26,7,13,13,21,21,19,21,8,3,24,6,2,1,24,24,17,22,23,20,4,13,14,Dallas Mavericks,4,3,1,0.75,192.0,158,347,0.455,51,163,0.313,92,124,0.742,39,144,183,96,52.0,27,20,11,77,108,459,16.0,16,6,2,5,20,26,29,15,18,11,23,11,7,20,27,23,28,20,4,26,22,1,2,15,20,9
Utah Jazz,Houston Rockets,117,126,1,0,Utah Jazz,5,4,1,0.8,240.0,184,389,0.473,53,141,0.376,84,108,0.778,25,192,217,104,93.0,38,18,23,122,116,505,43.0,2,1,2,2,7,12,15,5,14,21,8,17,19,12,29,4,11,14,24,11,27,16,24,5,14,5,Houston Rockets,4,3,1,0.75,192.0,170,377,0.451,62,191,0.325,110,135,0.815,47,139,186,107,60.0,29,21,19,95,111,512,2.0,16,6,2,5,20,18,18,18,8,2,22,3,4,7,14,25,24,11,7,23,19,7,8,7,12,16
Charlotte Hornets,New York Knicks,97,92,1,1,Charlotte Hornets,5,2,3,0.4,240.0,199,430,0.463,75,179,0.419,67,93,0.72,50,162,212,127,98.0,29,19,31,107,106,540,-48.0,2,15,18,18,7,7,9,10,2,6,1,25,26,25,7,14,12,4,28,23,25,27,15,16,7,28,New York Knicks,5,1,4,0.2,240.0,182,430,0.423,50,142,0.352,89,132,0.674,65,175,240,94,92.0,41,25,27,123,109,503,-41.0,2,21,26,26,7,14,9,24,19,20,14,13,5,29,1,8,4,21,23,8,9,23,25,11,15,26
Cleveland Cavaliers,New Orleans Pelicans,111,125,1,0,Cleveland Cavaliers,4,2,2,0.5,192.0,159,346,0.46,42,128,0.328,64,87,0.736,42,151,193,87,66.0,22,19,19,78,84,424,-9.0,16,15,11,15,20,24,30,11,23,26,20,27,27,22,23,18,20,28,11,30,25,7,3,27,28,21,New Orleans Pelicans,5,1,4,0.2,245.0,223,480,0.465,82,216,0.38,78,105,0.743,50,171,221,153,81.0,39,25,19,127,111,606,-14.0,2,21,26,26,2,2,2,8,1,1,7,20,20,19,7,11,10,1,17,9,9,7,27,7,2,23
Miami Heat,Boston Celtics,101,109,1,0,Miami Heat,5,4,1,0.8,245.0,201,428,0.47,65,166,0.392,111,154,0.721,48,188,236,124,104.0,46,35,24,126,124,578,41.0,2,1,2,2,2,4,11,7,4,10,3,2,1,23,13,6,5,5,30,1,1,21,26,3,3,6,Boston Celtics,4,3,1,0.75,192.0,158,384,0.411,52,146,0.356,71,100,0.71,49,139,188,88,44.0,32,23,21,95,109,439,26.0,16,6,2,5,20,26,16,27,17,18,13,24,22,26,12,25,23,27,1,21,14,12,8,11,25,8
Philadelphia 76ers,Golden State Warriors,115,104,1,1,Philadelphia 76ers,4,4,0,1.0,192.0,159,352,0.452,40,129,0.31,88,119,0.739,46,159,205,100,83.0,46,27,18,116,103,446,44.0,16,1,1,1,20,24,27,17,25,25,24,15,13,21,16,15,16,17,20,1,4,5,22,21,24,4,Golden State Warriors,4,1,3,0.25,192.0,156,377,0.414,42,138,0.304,104,121,0.86,53,132,185,105,64.0,36,10,21,80,92,458,-47.0,16,21,18,21,20,29,18,26,23,22,25,5,11,2,5,29,25,12,9,14,30,12,4,26,22,27
Toronto Raptors,Atlanta Hawks,130,114,1,1,Toronto Raptors,5,4,1,0.8,245.0,201,434,0.463,70,184,0.38,101,115,0.878,40,208,248,121,96.0,39,25,26,119,111,573,47.0,2,1,2,2,2,4,8,9,3,3,6,6,15,1,24,1,3,6,27,9,9,22,23,7,5,1,Atlanta Hawks,5,2,3,0.4,240.0,194,425,0.456,47,161,0.292,82,118,0.695,50,172,222,120,88.0,45,26,38,110,104,517,-5.0,2,15,18,18,7,9,12,13,21,12,28,19,14,27,7,9,9,7,21,6,6,30,19,19,11,19
Memphis Grizzlies,Denver Nuggets,104,96,1,1,Memphis Grizzlies,4,1,3,0.25,197.0,158,381,0.415,36,128,0.281,76,98,0.776,45,146,191,99,75.0,36,26,28,108,95,428,-55.0,16,21,18,21,17,26,17,25,28,26,30,22,23,13,18,21,21,18,15,14,6,25,16,25,27,29,Denver Nuggets,5,3,2,0.6,245.0,192,451,0.426,53,153,0.346,93,113,0.823,57,172,229,112,72.0,37,25,22,115,116,530,-2.0,2,6,11,12,2,11,4,23,14,14,16,9,17,6,3,9,8,9,14,12,9,15,20,5,9,18
Milwaukee Bucks,Washington Wizards,151,131,1,1,Milwaukee Bucks,4,2,2,0.5,197.0,173,367,0.471,64,183,0.35,67,101,0.663,24,171,195,103,56.0,27,25,16,95,97,477,7.0,16,15,11,15,17,17,23,6,6,4,15,25,21,30,30,11,19,15,5,26,9,3,8,22,18,13,Washington Wizards,4,1,3,0.25,192.0,180,376,0.479,58,152,0.382,59,74,0.797,38,137,175,108,64.0,24,21,23,95,83,477,1.0,16,21,18,21,20,16,20,2,9,15,4,28,29,8,28,28,29,10,9,28,19,16,8,28,18,17
Dallas Mavericks,Phoenix Suns,104,133,1,0,Dallas Mavericks,4,3,1,0.75,192.0,158,347,0.455,51,163,0.313,92,124,0.742,39,144,183,96,52.0,27,20,11,77,108,459,16.0,16,6,2,5,20,26,29,15,18,11,23,11,7,20,27,23,28,20,4,26,22,1,2,15,20,9,Phoenix Suns,5,3,2,0.6,245.0,203,446,0.455,64,174,0.368,107,128,0.836,44,188,232,144,81.0,46,20,32,147,130,577,46.0,2,6,11,12,2,3,5,16,6,9,9,4,6,3,20,6,7,2,17,1,22,28,29,2,4,3
Indiana Pacers,Chicago Bulls,115,106,1,1,Indiana Pacers,4,1,3,0.25,192.0,164,366,0.448,35,96,0.365,58,70,0.829,40,118,158,98,49.0,35,15,21,97,78,421,-12.0,16,21,18,21,20,21,24,20,29,29,12,30,30,4,24,30,30,19,3,17,29,12,12,29,29,22,Chicago Bulls,5,1,4,0.2,240.0,193,470,0.411,53,181,0.293,89,115,0.774,58,151,209,105,58.0,46,23,35,109,104,528,-30.0,2,21,26,26,7,10,3,28,14,5,27,13,15,14,2,18,13,12,6,1,14,29,17,19,10,25
Brooklyn Nets,Detroit Pistons,125,115,1,1,Brooklyn Nets,4,1,3,0.25,202.0,170,373,0.456,56,147,0.381,84,123,0.683,50,151,201,89,79.0,31,21,20,97,106,480,-8.0,16,21,18,21,16,18,21,14,11,17,5,17,9,28,7,18,18,25,16,22,19,10,12,16,17,20,Detroit Pistons,5,2,3,0.4,240.0,195,408,0.478,56,134,0.418,93,124,0.75,44,165,209,117,95.0,29,22,17,102,109,539,-24.0,2,15,18,18,7,8,14,3,11,23,2,9,7,17,20,13,13,8,26,23,18,4,14,11,8,24
New York Knicks,Memphis Grizzlies,106,127,1,0,New York Knicks,5,1,4,0.2,240.0,182,430,0.423,50,142,0.352,89,132,0.674,65,175,240,94,92.0,41,25,27,123,109,503,-41.0,2,21,26,26,7,14,9,24,19,20,14,13,5,29,1,8,4,21,23,8,9,23,25,11,15,26,Memphis Grizzlies,4,1,3,0.25,197.0,158,381,0.415,36,128,0.281,76,98,0.776,45,146,191,99,75.0,36,26,28,108,95,428,-55.0,16,21,18,21,17,26,17,25,28,26,30,22,23,13,18,21,21,18,15,14,6,25,16,25,27,29
San Antonio Spurs,Utah Jazz,127,120,1,1,San Antonio Spurs,4,3,1,0.75,192.0,169,356,0.475,31,92,0.337,85,112,0.759,47,156,203,91,67.0,23,26,18,84,97,454,8.0,16,6,2,5,20,20,26,4,30,30,17,16,18,15,14,16,17,23,12,29,6,5,6,22,23,10,Utah Jazz,5,4,1,0.8,240.0,184,389,0.473,53,141,0.376,84,108,0.778,25,192,217,104,93.0,38,18,23,122,116,505,43.0,2,1,2,2,7,12,15,5,14,21,8,17,19,12,29,4,11,14,24,11,27,16,24,5,14,5
Portland Trail Blazers,Houston Rockets,125,112,1,1,Portland Trail Blazers,5,3,2,0.6,240.0,200,445,0.449,54,148,0.365,101,122,0.828,43,191,234,87,81.0,36,29,20,135,111,555,4.0,2,6,11,12,7,6,6,19,13,16,11,6,10,5,22,5,6,28,17,14,3,10,28,7,6,14,Houston Rockets,4,3,1,0.75,192.0,170,377,0.451,62,191,0.325,110,135,0.815,47,139,186,107,60.0,29,21,19,95,111,512,2.0,16,6,2,5,20,18,18,18,8,2,22,3,4,7,14,25,24,11,7,23,19,7,8,7,12,16
Sacramento Kings,Oklahoma City Thunder,100,120,1,0,Sacramento Kings,5,0,5,0.0,240.0,181,442,0.41,58,175,0.331,73,98,0.745,56,152,208,101,90.0,37,23,23,109,105,493,-85.0,2,30,30,30,7,15,7,29,9,8,19,23,23,18,4,17,15,16,22,12,14,16,17,18,16,30,Oklahoma City Thunder,5,1,4,0.2,240.0,183,422,0.434,47,144,0.326,98,136,0.721,51,203,254,90,93.0,35,20,27,115,121,511,4.0,2,21,26,26,7,13,13,21,21,19,21,8,3,24,6,2,1,24,24,17,22,23,20,4,13,14
Cleveland Cavaliers,Toronto Raptors,109,115,1,0,Cleveland Cavaliers,4,2,2,0.5,192.0,159,346,0.46,42,128,0.328,64,87,0.736,42,151,193,87,66.0,22,19,19,78,84,424,-9.0,16,15,11,15,20,24,30,11,23,26,20,27,27,22,23,18,20,28,11,30,25,7,3,27,28,21,Toronto Raptors,5,4,1,0.8,245.0,201,434,0.463,70,184,0.38,101,115,0.878,40,208,248,121,96.0,39,25,26,119,111,573,47.0,2,1,2,2,2,4,8,9,3,3,6,6,15,1,24,1,3,6,27,9,9,22,23,7,5,1
Washington Wizards,Charlotte Hornets,121,107,1,1,Washington Wizards,4,1,3,0.25,192.0,180,376,0.479,58,152,0.382,59,74,0.797,38,137,175,108,64.0,24,21,23,95,83,477,1.0,16,21,18,21,20,16,20,2,9,15,4,28,29,8,28,28,29,10,9,28,19,16,8,28,18,17,Charlotte Hornets,5,2,3,0.4,240.0,199,430,0.463,75,179,0.419,67,93,0.72,50,162,212,127,98.0,29,19,31,107,106,540,-48.0,2,15,18,18,7,7,9,10,2,6,1,25,26,25,7,14,12,4,28,23,25,27,15,16,7,28
Atlanta Hawks,Philadelphia 76ers,127,117,1,1,Atlanta Hawks,5,2,3,0.4,240.0,194,425,0.456,47,161,0.292,82,118,0.695,50,172,222,120,88.0,45,26,38,110,104,517,-5.0,2,15,18,18,7,9,12,13,21,12,28,19,14,27,7,9,9,7,21,6,6,30,19,19,11,19,Philadelphia 76ers,4,4,0,1.0,192.0,159,352,0.452,40,129,0.31,88,119,0.739,46,159,205,100,83.0,46,27,18,116,103,446,44.0,16,1,1,1,20,24,27,17,25,25,24,15,13,21,16,15,16,17,20,1,4,5,22,21,24,4
Boston Celtics,Golden State Warriors,119,104,1,1,Boston Celtics,4,3,1,0.75,192.0,158,384,0.411,52,146,0.356,71,100,0.71,49,139,188,88,44.0,32,23,21,95,109,439,26.0,16,6,2,5,20,26,16,27,17,18,13,24,22,26,12,25,23,27,1,21,14,12,8,11,25,8,Golden State Warriors,4,1,3,0.25,192.0,156,377,0.414,42,138,0.304,104,121,0.86,53,132,185,105,64.0,36,10,21,80,92,458,-47.0,16,21,18,21,20,29,18,26,23,22,25,5,11,2,5,29,25,12,9,14,30,12,4,26,22,27
Denver Nuggets,Utah Jazz,106,100,1,1,Denver Nuggets,5,3,2,0.6,245.0,192,451,0.426,53,153,0.346,93,113,0.823,57,172,229,112,72.0,37,25,22,115,116,530,-2.0,2,6,11,12,2,11,4,23,14,14,16,9,17,6,3,9,8,9,14,12,9,15,20,5,9,18,Utah Jazz,5,4,1,0.8,240.0,184,389,0.473,53,141,0.376,84,108,0.778,25,192,217,104,93.0,38,18,23,122,116,505,43.0,2,1,2,2,7,12,15,5,14,21,8,17,19,12,29,4,11,14,24,11,27,16,24,5,14,5
LA Clippers,Sacramento Kings,103,124,1,0,LA Clippers,6,4,2,0.667,288.0,250,504,0.496,65,177,0.367,120,153,0.784,50,202,252,135,100.0,46,27,23,150,148,685,28.0,1,1,11,11,1,1,1,1,4,7,10,1,2,11,7,3,2,3,29,1,4,16,30,1,1,7,Sacramento Kings,5,0,5,0.0,240.0,181,442,0.41,58,175,0.331,73,98,0.745,56,152,208,101,90.0,37,23,23,109,105,493,-85.0,2,30,30,30,7,15,7,29,9,8,19,23,23,18,4,17,15,16,22,12,14,16,17,18,16,30
Detroit Pistons,Toronto Raptors,92,105,1,0,Detroit Pistons,5,2,3,0.4,240.0,195,408,0.478,56,134,0.418,93,124,0.75,44,165,209,117,95.0,29,22,17,102,109,539,-24.0,2,15,18,18,7,8,14,3,11,23,2,9,7,17,20,13,13,8,26,23,18,4,14,11,8,24,Toronto Raptors,5,4,1,0.8,245.0,201,434,0.463,70,184,0.38,101,115,0.878,40,208,248,121,96.0,39,25,26,119,111,573,47.0,2,1,2,2,2,4,8,9,3,3,6,6,15,1,24,1,3,6,27,9,9,22,23,7,5,1
Brooklyn Nets,Chicago Bulls,133,118,1,1,Brooklyn Nets,4,1,3,0.25,202.0,170,373,0.456,56,147,0.381,84,123,0.683,50,151,201,89,79.0,31,21,20,97,106,480,-8.0,16,21,18,21,16,18,21,14,11,17,5,17,9,28,7,18,18,25,16,22,19,10,12,16,17,20,Chicago Bulls,5,1,4,0.2,240.0,193,470,0.411,53,181,0.293,89,115,0.774,58,151,209,105,58.0,46,23,35,109,104,528,-30.0,2,21,26,26,7,10,3,28,14,5,27,13,15,14,2,18,13,12,6,1,14,29,17,19,10,25
Houston Rockets,Dallas Mavericks,128,121,1,1,Houston Rockets,4,3,1,0.75,192.0,170,377,0.451,62,191,0.325,110,135,0.815,47,139,186,107,60.0,29,21,19,95,111,512,2.0,16,6,2,5,20,18,18,18,8,2,22,3,4,7,14,25,24,11,7,23,19,7,8,7,12,16,Dallas Mavericks,4,3,1,0.75,192.0,158,347,0.455,51,163,0.313,92,124,0.742,39,144,183,96,52.0,27,20,11,77,108,459,16.0,16,6,2,5,20,26,29,15,18,11,23,11,7,20,27,23,28,20,4,26,22,1,2,15,20,9
New Orleans Pelicans,Memphis Grizzlies,139,111,1,1,New Orleans Pelicans,5,1,4,0.2,245.0,223,480,0.465,82,216,0.38,78,105,0.743,50,171,221,153,81.0,39,25,19,127,111,606,-14.0,2,21,26,26,2,2,2,8,1,1,7,20,20,19,7,11,10,1,17,9,9,7,27,7,2,23,Memphis Grizzlies,4,1,3,0.25,197.0,158,381,0.415,36,128,0.281,76,98,0.776,45,146,191,99,75.0,36,26,28,108,95,428,-55.0,16,21,18,21,17,26,17,25,28,26,30,22,23,13,18,21,21,18,15,14,6,25,16,25,27,29
Milwaukee Bucks,Denver Nuggets,115,127,1,0,Milwaukee Bucks,4,2,2,0.5,197.0,173,367,0.471,64,183,0.35,67,101,0.663,24,171,195,103,56.0,27,25,16,95,97,477,7.0,16,15,11,15,17,17,23,6,6,4,15,25,21,30,30,11,19,15,5,26,9,3,8,22,18,13,Denver Nuggets,5,3,2,0.6,245.0,192,451,0.426,53,153,0.346,93,113,0.823,57,172,229,112,72.0,37,25,22,115,116,530,-2.0,2,6,11,12,2,11,4,23,14,14,16,9,17,6,3,9,8,9,14,12,9,15,20,5,9,18
Phoenix Suns,Oklahoma City Thunder,107,111,1,0,Phoenix Suns,5,3,2,0.6,245.0,203,446,0.455,64,174,0.368,107,128,0.836,44,188,232,144,81.0,46,20,32,147,130,577,46.0,2,6,11,12,2,3,5,16,6,9,9,4,6,3,20,6,7,2,17,1,22,28,29,2,4,3,Oklahoma City Thunder,5,1,4,0.2,240.0,183,422,0.434,47,144,0.326,98,136,0.721,51,203,254,90,93.0,35,20,27,115,121,511,4.0,2,21,26,26,7,13,13,21,21,19,21,8,3,24,6,2,1,24,24,17,22,23,20,4,13,14
Los Angeles Lakers,Portland Trail Blazers,119,127,1,0,Los Angeles Lakers,4,3,1,0.75,192.0,160,350,0.457,39,116,0.336,78,98,0.796,40,144,184,94,61.0,34,32,14,86,97,437,47.0,16,6,2,5,20,22,28,12,26,28,18,20,23,9,24,23,26,21,8,19,2,2,7,22,26,1,Portland Trail Blazers,5,3,2,0.6,240.0,200,445,0.449,54,148,0.365,101,122,0.828,43,191,234,87,81.0,36,29,20,135,111,555,4.0,2,6,11,12,7,6,6,19,13,16,11,6,10,5,22,5,6,28,17,14,3,10,28,7,6,14
LA Clippers,Minnesota Timberwolves,118,106,1,1,LA Clippers,14,10,4,0.714,677.0,570,1295,0.44,163,476,0.342,286,365,0.784,186,540,726,334,229.0,106,86,77,323,330,1589,97.0,14,4,5,6,15,18,15,25,19,12,24,4,6,13,1,6,2,19,21,16,8,19,23,3,15,7,Minnesota Timberwolves,14,7,7,0.5,682.0,575,1298,0.443,183,551,0.332,261,352,0.741,154,531,685,339,215.0,107,102,69,314,305,1594,-14.0,14,15,15,15,14,16,14,23,10,6,28,12,7,23,10,10,9,16,14,15,2,16,22,15,13,14
Indiana Pacers,New York Knicks,85,92,1,0,Indiana Pacers,15,11,4,0.733,730.0,649,1357,0.478,144,398,0.362,220,271,0.812,151,547,698,373,222.0,99,87,67,301,288,1662,107.0,6,3,5,5,6,5,7,4,28,29,16,25,26,5,14,5,7,8,16,21,7,14,18,20,10,5,New York Knicks,14,3,11,0.214,672.0,521,1217,0.428,159,419,0.379,223,332,0.672,171,446,617,290,200.0,112,59,54,338,275,1424,-106.0,14,27,26,27,18,26,22,29,22,26,5,24,15,30,3,25,22,30,11,14,25,3,27,25,27,26
Orlando Magic,Miami Heat,89,102,1,0,Orlando Magic,14,5,9,0.357,672.0,526,1219,0.432,135,425,0.318,249,317,0.785,149,480,629,313,194.0,118,96,56,266,277,1436,-30.0,14,18,19,20,18,24,21,27,29,23,30,18,18,12,16,19,20,23,8,11,4,4,4,24,25,20,Miami Heat,13,9,4,0.692,624.0,511,1047,0.488,162,411,0.394,245,315,0.778,108,453,561,335,236.0,121,51,41,269,293,1429,75.0,24,10,5,8,26,28,30,2,20,27,2,20,20,14,29,24,26,18,26,8,27,1,6,18,26,10
Cleveland Cavaliers,Golden State Warriors,112,131,1,0,Cleveland Cavaliers,15,3,12,0.2,720.0,564,1310,0.431,167,480,0.348,270,341,0.792,152,494,646,304,222.0,119,38,115,268,321,1565,-131.0,6,27,27,28,10,19,13,28,16,11,21,9,14,9,13,16,16,27,16,10,30,30,5,7,17,27,Golden State Warriors,16,3,13,0.188,773.0,615,1408,0.437,152,452,0.336,306,368,0.832,147,536,683,386,221.0,121,80,93,308,320,1688,-135.0,1,27,29,29,1,7,3,26,25,20,27,2,3,2,19,9,10,5,15,8,10,27,19,8,7,29
Washington Wizards,Brooklyn Nets,113,107,1,1,Washington Wizards,13,5,8,0.385,624.0,585,1227,0.477,164,443,0.37,203,248,0.819,131,408,539,378,189.0,97,48,78,278,255,1537,-45.0,24,18,17,17,26,14,20,5,18,22,9,27,29,3,24,30,28,7,6,24,29,21,8,27,19,21,Brooklyn Nets,15,9,6,0.6,720.0,601,1342,0.448,194,570,0.34,262,347,0.755,148,539,687,363,229.0,103,78,74,326,312,1658,-18.0,6,10,12,13,10,10,10,20,6,3,26,11,11,19,18,7,8,10,21,17,12,18,24,11,11,16
Boston Celtics,Philadelphia 76ers,116,95,1,1,Boston Celtics,14,10,4,0.714,677.0,563,1250,0.45,161,473,0.34,265,318,0.833,146,507,653,337,193.0,131,79,87,283,290,1552,84.0,14,4,5,6,15,20,19,18,21,13,25,10,17,1,20,15,15,17,7,3,11,25,11,19,18,9,Philadelphia 76ers,16,10,6,0.625,773.0,652,1375,0.474,169,466,0.363,258,342,0.754,150,571,721,424,248.0,129,89,63,341,330,1731,49.0,1,4,12,11,1,4,6,6,14,15,15,14,13,20,15,2,3,1,28,4,6,10,28,3,4,11
Dallas Mavericks,Atlanta Hawks,123,100,1,1,Dallas Mavericks,14,9,5,0.643,677.0,590,1268,0.465,209,556,0.376,276,351,0.786,154,519,673,345,185.0,90,62,57,282,312,1665,122.0,14,10,9,10,15,13,17,10,3,5,7,7,8,11,10,11,11,15,5,27,23,5,10,11,9,3,Atlanta Hawks,15,2,13,0.133,730.0,601,1346,0.447,157,492,0.319,279,366,0.762,153,470,623,347,270.0,127,69,114,360,332,1638,-222.0,6,30,29,30,6,10,8,21,24,10,29,6,5,18,12,21,21,14,30,5,15,29,30,2,12,30
San Antonio Spurs,Charlotte Hornets,114,90,1,1,San Antonio Spurs,16,4,12,0.25,768.0,675,1444,0.467,150,421,0.356,276,348,0.793,166,551,717,394,204.0,97,85,78,297,317,1776,-64.0,1,24,27,26,4,2,2,9,26,24,18,7,9,8,5,4,4,4,12,24,9,21,15,10,2,23,Charlotte Hornets,16,6,10,0.375,773.0,614,1392,0.441,195,564,0.346,252,344,0.733,167,488,655,373,230.0,113,65,58,298,329,1675,-132.0,1,16,21,19,1,8,5,24,5,4,22,17,12,25,4,18,14,8,24,13,19,7,17,5,8,28
Portland Trail Blazers,Utah Jazz,124,107,1,1,Portland Trail Blazers,15,5,10,0.333,725.0,632,1399,0.452,194,527,0.368,259,320,0.809,162,538,700,312,196.0,82,91,90,336,300,1717,-25.0,6,18,21,22,8,6,4,16,6,8,12,13,16,6,8,8,6,24,9,29,5,26,26,16,5,19,Utah Jazz,14,8,6,0.571,672.0,531,1196,0.444,173,456,0.379,285,368,0.774,127,519,646,293,207.0,80,64,77,284,308,1520,7.0,14,13,12,14,18,23,23,22,12,19,6,5,3,15,25,11,16,29,13,30,21,19,12,14,21,13
Sacramento Kings,Los Angeles Lakers,113,129,1,0,Sacramento Kings,13,8,5,0.615,629.0,511,1113,0.459,165,451,0.366,196,249,0.787,123,421,544,308,197.0,102,63,62,293,241,1383,25.0,24,13,9,12,24,28,27,13,17,21,14,28,28,10,27,28,27,25,10,19,22,9,14,30,29,12,Los Angeles Lakers,15,14,1,0.933,725.0,654,1334,0.49,169,458,0.369,230,316,0.728,149,519,668,412,226.0,127,110,51,297,298,1707,130.0,6,2,1,2,8,3,12,1,14,18,11,22,19,27,16,11,13,2,20,5,1,2,15,17,6,2
Detroit Pistons,Denver Nuggets,128,123,1,1,Detroit Pistons,14,4,10,0.286,672.0,542,1175,0.461,175,461,0.38,233,313,0.744,135,459,594,352,223.0,96,78,71,280,283,1492,-20.0,14,24,21,24,18,21,24,12,11,17,4,21,21,22,23,22,23,12,18,26,12,17,9,22,22,17,Denver Nuggets,12,10,2,0.833,586.0,497,1091,0.456,124,349,0.355,166,239,0.695,136,445,581,328,168.0,98,61,57,238,244,1284,86.0,30,4,3,3,30,30,29,15,30,30,19,30,30,29,22,26,25,21,1,23,24,5,1,29,30,8
Houston Rockets,New Orleans Pelicans,117,109,1,1,Houston Rockets,15,10,5,0.667,720.0,603,1335,0.452,236,678,0.348,331,431,0.768,161,552,713,304,231.0,132,68,63,328,329,1773,108.0,6,4,9,9,10,9,11,17,1,1,20,1,1,17,9,3,5,27,25,2,16,10,25,5,3,4,New Orleans Pelicans,14,5,9,0.357,672.0,576,1280,0.45,201,529,0.38,227,311,0.73,163,472,635,326,229.0,116,67,67,312,283,1580,-70.0,14,18,19,20,18,15,16,19,4,7,3,23,23,26,6,20,18,22,21,12,17,14,20,22,16,24
Milwaukee Bucks,Phoenix Suns,129,108,1,1,Milwaukee Bucks,16,15,1,0.938,768.0,705,1463,0.482,216,626,0.345,302,416,0.726,178,654,832,405,240.0,123,100,64,312,359,1928,209.0,1,1,1,1,4,1,1,3,2,2,23,3,2,28,2,1,1,3,27,7,3,12,20,1,1,1,Phoenix Suns,13,5,8,0.385,624.0,532,1145,0.465,171,462,0.37,253,313,0.808,110,423,533,352,179.0,87,50,64,269,311,1488,-14.0,24,18,17,17,26,22,25,11,13,16,10,16,21,7,28,27,29,12,3,28,28,12,6,13,23,14
Toronto Raptors,Chicago Bulls,129,102,1,1,Toronto Raptors,13,10,3,0.769,624.0,524,1144,0.458,187,467,0.4,214,278,0.77,126,459,585,333,181.0,100,65,86,265,258,1449,106.0,24,4,4,4,26,25,26,14,9,14,1,26,25,16,26,22,24,20,4,20,19,24,3,26,24,6,Chicago Bulls,15,5,10,0.333,720.0,575,1345,0.428,188,525,0.358,255,348,0.733,163,510,673,355,248.0,149,55,104,351,318,1593,-55.0,6,18,21,22,10,16,9,30,8,9,17,15,9,24,6,14,11,11,28,1,26,28,29,9,14,22
Charlotte Hornets,Orlando Magic,100,112,1,0,Charlotte Hornets,16,6,10,0.375,773.0,614,1392,0.441,195,564,0.346,252,344,0.733,167,488,655,373,230.0,113,65,58,298,329,1675,-132.0,1,16,21,19,1,8,5,24,5,4,22,17,12,25,4,18,14,8,24,13,19,7,17,5,8,28,Orlando Magic,14,5,9,0.357,672.0,526,1219,0.432,135,425,0.318,249,317,0.785,149,480,629,313,194.0,118,96,56,266,277,1436,-30.0,14,18,19,20,18,24,21,27,29,23,30,18,18,12,16,19,20,23,8,11,4,4,4,24,25,20
Cleveland Cavaliers,New York Knicks,134,139,1,0,Cleveland Cavaliers,15,3,12,0.2,720.0,564,1310,0.431,167,480,0.348,270,341,0.792,152,494,646,304,222.0,119,38,115,268,321,1565,-131.0,6,27,27,28,10,19,13,28,16,11,21,9,14,9,13,16,16,27,16,10,30,30,5,7,17,27,New York Knicks,14,3,11,0.214,672.0,521,1217,0.428,159,419,0.379,223,332,0.672,171,446,617,290,200.0,112,59,54,338,275,1424,-106.0,14,27,26,27,18,26,22,29,22,26,5,24,15,30,3,25,22,30,11,14,25,3,27,25,27,26
Indiana Pacers,Dallas Mavericks,103,112,1,0,Indiana Pacers,15,11,4,0.733,730.0,649,1357,0.478,144,398,0.362,220,271,0.812,151,547,698,373,222.0,99,87,67,301,288,1662,107.0,6,3,5,5,6,5,7,4,28,29,16,25,26,5,14,5,7,8,16,21,7,14,18,20,10,5,Dallas Mavericks,14,9,5,0.643,677.0,590,1268,0.465,209,556,0.376,276,351,0.786,154,519,673,345,185.0,90,62,57,282,312,1665,122.0,14,10,9,10,15,13,17,10,3,5,7,7,8,11,10,11,11,15,5,27,23,5,10,11,9,3
Washington Wizards,Golden State Warriors,117,125,1,0,Washington Wizards,13,5,8,0.385,624.0,585,1227,0.477,164,443,0.37,203,248,0.819,131,408,539,378,189.0,97,48,78,278,255,1537,-45.0,24,18,17,17,26,14,20,5,18,22,9,27,29,3,24,30,28,7,6,24,29,21,8,27,19,21,Golden State Warriors,16,3,13,0.188,773.0,615,1408,0.437,152,452,0.336,306,368,0.832,147,536,683,386,221.0,121,80,93,308,320,1688,-135.0,1,27,29,29,1,7,3,26,25,20,27,2,3,2,19,9,10,5,15,8,10,27,19,8,7,29
Atlanta Hawks,Boston Celtics,115,123,1,0,Atlanta Hawks,15,2,13,0.133,730.0,601,1346,0.447,157,492,0.319,279,366,0.762,153,470,623,347,270.0,127,69,114,360,332,1638,-222.0,6,30,29,30,6,10,8,21,24,10,29,6,5,18,12,21,21,14,30,5,15,29,30,2,12,30,Boston Celtics,14,10,4,0.714,677.0,563,1250,0.45,161,473,0.34,265,318,0.833,146,507,653,337,193.0,131,79,87,283,290,1552,84.0,14,4,5,6,15,20,19,18,21,13,25,10,17,1,20,15,15,17,7,3,11,25,11,19,18,9
Brooklyn Nets,Phoenix Suns,119,97,1,1,Brooklyn Nets,15,9,6,0.6,720.0,601,1342,0.448,194,570,0.34,262,347,0.755,148,539,687,363,229.0,103,78,74,326,312,1658,-18.0,6,10,12,13,10,10,10,20,6,3,26,11,11,19,18,7,8,10,21,17,12,18,24,11,11,16,Phoenix Suns,13,5,8,0.385,624.0,532,1145,0.465,171,462,0.37,253,313,0.808,110,423,533,352,179.0,87,50,64,269,311,1488,-14.0,24,18,17,17,26,22,25,11,13,16,10,16,21,7,28,27,29,12,3,28,28,12,6,13,23,14
Miami Heat,Philadelphia 76ers,137,106,1,1,Miami Heat,13,9,4,0.692,624.0,511,1047,0.488,162,411,0.394,245,315,0.778,108,453,561,335,236.0,121,51,41,269,293,1429,75.0,24,10,5,8,26,28,30,2,20,27,2,20,20,14,29,24,26,18,26,8,27,1,6,18,26,10,Philadelphia 76ers,16,10,6,0.625,773.0,652,1375,0.474,169,466,0.363,258,342,0.754,150,571,721,424,248.0,129,89,63,341,330,1731,49.0,1,4,12,11,1,4,6,6,14,15,15,14,13,20,15,2,3,1,28,4,6,10,28,3,4,11
Memphis Grizzlies,Detroit Pistons,96,82,1,1,Memphis Grizzlies,14,4,10,0.286,672.0,593,1264,0.469,158,421,0.375,189,251,0.753,141,490,631,383,225.0,99,70,85,288,251,1533,-101.0,14,24,21,24,18,12,18,8,23,24,8,29,27,21,21,17,19,6,19,21,14,23,13,28,20,25,Detroit Pistons,14,4,10,0.286,672.0,542,1175,0.461,175,461,0.38,233,313,0.744,135,459,594,352,223.0,96,78,71,280,283,1492,-20.0,14,24,21,24,18,21,24,12,11,17,4,21,21,22,23,22,23,12,18,26,12,17,9,22,22,17
Sacramento Kings,Minnesota Timberwolves,113,109,1,1,Sacramento Kings,13,8,5,0.615,629.0,511,1113,0.459,165,451,0.366,196,249,0.787,123,421,544,308,197.0,102,63,62,293,241,1383,25.0,24,13,9,12,24,28,27,13,17,21,14,28,28,10,27,28,27,25,10,19,22,9,14,30,29,12,Minnesota Timberwolves,14,7,7,0.5,682.0,575,1298,0.443,183,551,0.332,261,352,0.741,154,531,685,339,215.0,107,102,69,314,305,1594,-14.0,14,15,15,15,14,16,14,23,10,6,28,12,7,23,10,10,9,16,14,15,2,16,22,15,13,14
LA Clippers,San Antonio Spurs,108,105,1,1,LA Clippers,14,10,4,0.714,677.0,570,1295,0.44,163,476,0.342,286,365,0.784,186,540,726,334,229.0,106,86,77,323,330,1589,97.0,14,4,5,6,15,18,15,25,19,12,24,4,6,13,1,6,2,19,21,16,8,19,23,3,15,7,San Antonio Spurs,16,4,12,0.25,768.0,675,1444,0.467,150,421,0.356,276,348,0.793,166,551,717,394,204.0,97,85,78,297,317,1776,-64.0,1,24,27,26,4,2,2,9,26,24,18,7,9,8,5,4,4,4,12,24,9,21,15,10,2,23
New Orleans Pelicans,Milwaukee Bucks,108,120,1,0,New Orleans Pelicans,14,5,9,0.357,672.0,576,1280,0.45,201,529,0.38,227,311,0.73,163,472,635,326,229.0,116,67,67,312,283,1580,-70.0,14,18,19,20,18,15,16,19,4,7,3,23,23,26,6,20,18,22,21,12,17,14,20,22,16,24,Milwaukee Bucks,16,15,1,0.938,768.0,705,1463,0.482,216,626,0.345,302,416,0.726,178,654,832,405,240.0,123,100,64,312,359,1928,209.0,1,1,1,1,4,1,1,3,2,2,23,3,2,28,2,1,1,3,27,7,3,12,20,1,1,1
Houston Rockets,Charlotte Hornets,125,110,1,1,Houston Rockets,15,10,5,0.667,720.0,603,1335,0.452,236,678,0.348,331,431,0.768,161,552,713,304,231.0,132,68,63,328,329,1773,108.0,6,4,9,9,10,9,11,17,1,1,20,1,1,17,9,3,5,27,25,2,16,10,25,5,3,4,Charlotte Hornets,16,6,10,0.375,773.0,614,1392,0.441,195,564,0.346,252,344,0.733,167,488,655,373,230.0,113,65,58,298,329,1675,-132.0,1,16,21,19,1,8,5,24,5,4,22,17,12,25,4,18,14,8,24,13,19,7,17,5,8,28
Denver Nuggets,Portland Trail Blazers,127,99,1,1,Denver Nuggets,12,10,2,0.833,586.0,497,1091,0.456,124,349,0.355,166,239,0.695,136,445,581,328,168.0,98,61,57,238,244,1284,86.0,30,4,3,3,30,30,29,15,30,30,19,30,30,29,22,26,25,21,1,23,24,5,1,29,30,8,Portland Trail Blazers,15,5,10,0.333,725.0,632,1399,0.452,194,527,0.368,259,320,0.809,162,538,700,312,196.0,82,91,90,336,300,1717,-25.0,6,18,21,22,8,6,4,16,6,8,12,13,16,6,8,8,6,24,9,29,5,26,26,16,5,19
Los Angeles Lakers,San Antonio Spurs,129,102,1,1,Los Angeles Lakers,15,14,1,0.933,725.0,654,1334,0.49,169,458,0.369,230,316,0.728,149,519,668,412,226.0,127,110,51,297,298,1707,130.0,6,2,1,2,8,3,12,1,14,18,11,22,19,27,16,11,13,2,20,5,1,2,15,17,6,2,San Antonio Spurs,16,4,12,0.25,768.0,675,1444,0.467,150,421,0.356,276,348,0.793,166,551,717,394,204.0,97,85,78,297,317,1776,-64.0,1,24,27,26,4,2,2,9,26,24,18,7,9,8,5,4,4,4,12,24,9,21,15,10,2,23
Detroit Pistons,Phoenix Suns,116,108,1,1,Detroit Pistons,14,4,10,0.286,672.0,542,1175,0.461,175,461,0.38,233,313,0.744,135,459,594,352,223.0,96,78,71,280,283,1492,-20.0,14,24,21,24,18,21,24,12,11,17,4,21,21,22,23,22,23,12,18,26,12,17,9,22,22,17,Phoenix Suns,13,5,8,0.385,624.0,532,1145,0.465,171,462,0.37,253,313,0.808,110,423,533,352,179.0,87,50,64,269,311,1488,-14.0,24,18,17,17,26,22,25,11,13,16,10,16,21,7,28,27,29,12,3,28,28,12,6,13,23,14
Boston Celtics,Orlando Magic,116,100,1,1,Boston Celtics,14,10,4,0.714,677.0,563,1250,0.45,161,473,0.34,265,318,0.833,146,507,653,337,193.0,131,79,87,283,290,1552,84.0,14,4,5,6,15,20,19,18,21,13,25,10,17,1,20,15,15,17,7,3,11,25,11,19,18,9,Orlando Magic,14,5,9,0.357,672.0,526,1219,0.432,135,425,0.318,249,317,0.785,149,480,629,313,194.0,118,96,56,266,277,1436,-30.0,14,18,19,20,18,24,21,27,29,23,30,18,18,12,16,19,20,23,8,11,4,4,4,24,25,20
Brooklyn Nets,Golden State Warriors,129,88,1,1,Brooklyn Nets,15,9,6,0.6,720.0,601,1342,0.448,194,570,0.34,262,347,0.755,148,539,687,363,229.0,103,78,74,326,312,1658,-18.0,6,10,12,13,10,10,10,20,6,3,26,11,11,19,18,7,8,10,21,17,12,18,24,11,11,16,Golden State Warriors,16,3,13,0.188,773.0,615,1408,0.437,152,452,0.336,306,368,0.832,147,536,683,386,221.0,121,80,93,308,320,1688,-135.0,1,27,29,29,1,7,3,26,25,20,27,2,3,2,19,9,10,5,15,8,10,27,19,8,7,29
Toronto Raptors,Indiana Pacers,119,118,1,1,Toronto Raptors,13,10,3,0.769,624.0,524,1144,0.458,187,467,0.4,214,278,0.77,126,459,585,333,181.0,100,65,86,265,258,1449,106.0,24,4,4,4,26,25,26,14,9,14,1,26,25,16,26,22,24,20,4,20,19,24,3,26,24,6,Indiana Pacers,15,11,4,0.733,730.0,649,1357,0.478,144,398,0.362,220,271,0.812,151,547,698,373,222.0,99,87,67,301,288,1662,107.0,6,3,5,5,6,5,7,4,28,29,16,25,26,5,14,5,7,8,16,21,7,14,18,20,10,5
Minnesota Timberwolves,Atlanta Hawks,120,127,1,0,Minnesota Timberwolves,14,7,7,0.5,682.0,575,1298,0.443,183,551,0.332,261,352,0.741,154,531,685,339,215.0,107,102,69,314,305,1594,-14.0,14,15,15,15,14,16,14,23,10,6,28,12,7,23,10,10,9,16,14,15,2,16,22,15,13,14,Atlanta Hawks,15,2,13,0.133,730.0,601,1346,0.447,157,492,0.319,279,366,0.762,153,470,623,347,270.0,127,69,114,360,332,1638,-222.0,6,30,29,30,6,10,8,21,24,10,29,6,5,18,12,21,21,14,30,5,15,29,30,2,12,30
Oklahoma City Thunder,Cleveland Cavaliers,109,103,1,1,Oklahoma City Thunder,13,6,7,0.462,629.0,515,1095,0.47,146,399,0.366,248,304,0.816,92,418,510,308,174.0,103,66,60,251,287,1424,-23.0,24,16,15,16,24,27,28,7,27,28,13,19,24,4,30,29,30,25,2,17,18,8,2,21,27,18,Cleveland Cavaliers,15,3,12,0.2,720.0,564,1310,0.431,167,480,0.348,270,341,0.792,152,494,646,304,222.0,119,38,115,268,321,1565,-131.0,6,27,27,28,10,19,13,28,16,11,21,9,14,9,13,16,16,27,16,10,30,30,5,7,17,27
Dallas Mavericks,Memphis Grizzlies,107,121,1,0,Dallas Mavericks,14,9,5,0.643,677.0,590,1268,0.465,209,556,0.376,276,351,0.786,154,519,673,345,185.0,90,62,57,282,312,1665,122.0,14,10,9,10,15,13,17,10,3,5,7,7,8,11,10,11,11,15,5,27,23,5,10,11,9,3,Memphis Grizzlies,14,4,10,0.286,672.0,593,1264,0.469,158,421,0.375,189,251,0.753,141,490,631,383,225.0,99,70,85,288,251,1533,-101.0,14,24,21,24,18,12,18,8,23,24,8,29,27,21,21,17,19,6,19,21,14,23,13,28,20,25
Utah Jazz,Denver Nuggets,95,98,1,0,Utah Jazz,14,8,6,0.571,672.0,531,1196,0.444,173,456,0.379,285,368,0.774,127,519,646,293,207.0,80,64,77,284,308,1520,7.0,14,13,12,14,18,23,23,22,12,19,6,5,3,15,25,11,16,29,13,30,21,19,12,14,21,13,Denver Nuggets,12,10,2,0.833,586.0,497,1091,0.456,124,349,0.355,166,239,0.695,136,445,581,328,168.0,98,61,57,238,244,1284,86.0,30,4,3,3,30,30,29,15,30,30,19,30,30,29,22,26,25,21,1,23,24,5,1,29,30,8
LA Clippers,Miami Heat,128,111,1,1,LA Clippers,14,10,4,0.714,677.0,570,1295,0.44,163,476,0.342,286,365,0.784,186,540,726,334,229.0,106,86,77,323,330,1589,97.0,14,4,5,6,15,18,15,25,19,12,24,4,6,13,1,6,2,19,21,16,8,19,23,3,15,7,Miami Heat,13,9,4,0.692,624.0,511,1047,0.488,162,411,0.394,245,315,0.778,108,453,561,335,236.0,121,51,41,269,293,1429,75.0,24,10,5,8,26,28,30,2,20,27,2,20,20,14,29,24,26,18,26,8,27,1,6,18,26,10
New York Knicks,Orlando Magic,105,103,1,1,New York Knicks,14,3,11,0.214,672.0,521,1217,0.428,159,419,0.379,223,332,0.672,171,446,617,290,200.0,112,59,54,338,275,1424,-106.0,14,27,26,27,18,26,22,29,22,26,5,24,15,30,3,25,22,30,11,14,25,3,27,25,27,26,Orlando Magic,14,5,9,0.357,672.0,526,1219,0.432,135,425,0.318,249,317,0.785,149,480,629,313,194.0,118,96,56,266,277,1436,-30.0,14,18,19,20,18,24,21,27,29,23,30,18,18,12,16,19,20,23,8,11,4,4,4,24,25,20
Chicago Bulls,New Orleans Pelicans,119,125,1,0,Chicago Bulls,15,5,10,0.333,720.0,575,1345,0.428,188,525,0.358,255,348,0.733,163,510,673,355,248.0,149,55,104,351,318,1593,-55.0,6,18,21,22,10,16,9,30,8,9,17,15,9,24,6,14,11,11,28,1,26,28,29,9,14,22,New Orleans Pelicans,14,5,9,0.357,672.0,576,1280,0.45,201,529,0.38,227,311,0.73,163,472,635,326,229.0,116,67,67,312,283,1580,-70.0,14,18,19,20,18,15,16,19,4,7,3,23,23,26,6,20,18,22,21,12,17,14,20,22,16,24
Milwaukee Bucks,Philadelphia 76ers,112,101,1,1,Milwaukee Bucks,16,15,1,0.938,768.0,705,1463,0.482,216,626,0.345,302,416,0.726,178,654,832,405,240.0,123,100,64,312,359,1928,209.0,1,1,1,1,4,1,1,3,2,2,23,3,2,28,2,1,1,3,27,7,3,12,20,1,1,1,Philadelphia 76ers,16,10,6,0.625,773.0,652,1375,0.474,169,466,0.363,258,342,0.754,150,571,721,424,248.0,129,89,63,341,330,1731,49.0,1,4,12,11,1,4,6,6,14,15,15,14,13,20,15,2,3,1,28,4,6,10,28,3,4,11
Portland Trail Blazers,San Antonio Spurs,125,117,1,1,Portland Trail Blazers,15,5,10,0.333,725.0,632,1399,0.452,194,527,0.368,259,320,0.809,162,538,700,312,196.0,82,91,90,336,300,1717,-25.0,6,18,21,22,8,6,4,16,6,8,12,13,16,6,8,8,6,24,9,29,5,26,26,16,5,19,San Antonio Spurs,16,4,12,0.25,768.0,675,1444,0.467,150,421,0.356,276,348,0.793,166,551,717,394,204.0,97,85,78,297,317,1776,-64.0,1,24,27,26,4,2,2,9,26,24,18,7,9,8,5,4,4,4,12,24,9,21,15,10,2,23
Los Angeles Lakers,Houston Rockets,111,121,1,0,Los Angeles Lakers,15,14,1,0.933,725.0,654,1334,0.49,169,458,0.369,230,316,0.728,149,519,668,412,226.0,127,110,51,297,298,1707,130.0,6,2,1,2,8,3,12,1,14,18,11,22,19,27,16,11,13,2,20,5,1,2,15,17,6,2,Houston Rockets,15,10,5,0.667,720.0,603,1335,0.452,236,678,0.348,331,431,0.768,161,552,713,304,231.0,132,68,63,328,329,1773,108.0,6,4,9,9,10,9,11,17,1,1,20,1,1,17,9,3,5,27,25,2,16,10,25,5,3,4
Philadelphia 76ers,Memphis Grizzlies,119,107,1,1,Philadelphia 76ers,16,10,6,0.625,773.0,652,1375,0.474,169,466,0.363,258,342,0.754,150,571,721,424,248.0,129,89,63,341,330,1731,49.0,1,4,12,11,1,4,6,6,14,15,15,14,13,20,15,2,3,1,28,4,6,10,28,3,4,11,Memphis Grizzlies,14,4,10,0.286,672.0,593,1264,0.469,158,421,0.375,189,251,0.753,141,490,631,383,225.0,99,70,85,288,251,1533,-101.0,14,24,21,24,18,12,18,8,23,24,8,29,27,21,21,17,19,6,19,21,14,23,13,28,20,25
Washington Wizards,Dallas Mavericks,119,118,1,1,Washington Wizards,13,5,8,0.385,624.0,585,1227,0.477,164,443,0.37,203,248,0.819,131,408,539,378,189.0,97,48,78,278,255,1537,-45.0,24,18,17,17,26,14,20,5,18,22,9,27,29,3,24,30,28,7,6,24,29,21,8,27,19,21,Dallas Mavericks,14,9,5,0.643,677.0,590,1268,0.465,209,556,0.376,276,351,0.786,154,519,673,345,185.0,90,62,57,282,312,1665,122.0,14,10,9,10,15,13,17,10,3,5,7,7,8,11,10,11,11,15,5,27,23,5,10,11,9,3
Boston Celtics,Atlanta Hawks,112,107,1,1,Boston Celtics,14,10,4,0.714,677.0,563,1250,0.45,161,473,0.34,265,318,0.833,146,507,653,337,193.0,131,79,87,283,290,1552,84.0,14,4,5,6,15,20,19,18,21,13,25,10,17,1,20,15,15,17,7,3,11,25,11,19,18,9,Atlanta Hawks,15,2,13,0.133,730.0,601,1346,0.447,157,492,0.319,279,366,0.762,153,470,623,347,270.0,127,69,114,360,332,1638,-222.0,6,30,29,30,6,10,8,21,24,10,29,6,5,18,12,21,21,14,30,5,15,29,30,2,12,30
Indiana Pacers,Toronto Raptors,106,115,1,0,Indiana Pacers,15,11,4,0.733,730.0,649,1357,0.478,144,398,0.362,220,271,0.812,151,547,698,373,222.0,99,87,67,301,288,1662,107.0,6,3,5,5,6,5,7,4,28,29,16,25,26,5,14,5,7,8,16,21,7,14,18,20,10,5,Toronto Raptors,13,10,3,0.769,624.0,524,1144,0.458,187,467,0.4,214,278,0.77,126,459,585,333,181.0,100,65,86,265,258,1449,106.0,24,4,4,4,26,25,26,14,9,14,1,26,25,16,26,22,24,20,4,20,19,24,3,26,24,6
Oklahoma City Thunder,Detroit Pistons,108,101,1,1,Oklahoma City Thunder,13,6,7,0.462,629.0,515,1095,0.47,146,399,0.366,248,304,0.816,92,418,510,308,174.0,103,66,60,251,287,1424,-23.0,24,16,15,16,24,27,28,7,27,28,13,19,24,4,30,29,30,25,2,17,18,8,2,21,27,18,Detroit Pistons,14,4,10,0.286,672.0,542,1175,0.461,175,461,0.38,233,313,0.744,135,459,594,352,223.0,96,78,71,280,283,1492,-20.0,14,24,21,24,18,21,24,12,11,17,4,21,21,22,23,22,23,12,18,26,12,17,9,22,22,17
Phoenix Suns,Houston Rockets,127,91,1,1,Phoenix Suns,13,5,8,0.385,624.0,532,1145,0.465,171,462,0.37,253,313,0.808,110,423,533,352,179.0,87,50,64,269,311,1488,-14.0,24,18,17,17,26,22,25,11,13,16,10,16,21,7,28,27,29,12,3,28,28,12,6,13,23,14,Houston Rockets,15,10,5,0.667,720.0,603,1335,0.452,236,678,0.348,331,431,0.768,161,552,713,304,231.0,132,68,63,328,329,1773,108.0,6,4,9,9,10,9,11,17,1,1,20,1,1,17,9,3,5,27,25,2,16,10,25,5,3,4
Sacramento Kings,Miami Heat,105,97,1,1,Sacramento Kings,13,8,5,0.615,629.0,511,1113,0.459,165,451,0.366,196,249,0.787,123,421,544,308,197.0,102,63,62,293,241,1383,25.0,24,13,9,12,24,28,27,13,17,21,14,28,28,10,27,28,27,25,10,19,22,9,14,30,29,12,Miami Heat,13,9,4,0.692,624.0,511,1047,0.488,162,411,0.394,245,315,0.778,108,453,561,335,236.0,121,51,41,269,293,1429,75.0,24,10,5,8,26,28,30,2,20,27,2,20,20,14,29,24,26,18,26,8,27,1,6,18,26,10
Utah Jazz,Portland Trail Blazers,117,114,1,1,Utah Jazz,14,8,6,0.571,672.0,531,1196,0.444,173,456,0.379,285,368,0.774,127,519,646,293,207.0,80,64,77,284,308,1520,7.0,14,13,12,14,18,23,23,22,12,19,6,5,3,15,25,11,16,29,13,30,21,19,12,14,21,13,Portland Trail Blazers,15,5,10,0.333,725.0,632,1399,0.452,194,527,0.368,259,320,0.809,162,538,700,312,196.0,82,91,90,336,300,1717,-25.0,6,18,21,22,8,6,4,16,6,8,12,13,16,6,8,8,6,24,9,29,5,26,26,16,5,19
Orlando Magic,Milwaukee Bucks,95,111,1,0,Orlando Magic,14,5,9,0.357,672.0,526,1219,0.432,135,425,0.318,249,317,0.785,149,480,629,313,194.0,118,96,56,266,277,1436,-30.0,14,18,19,20,18,24,21,27,29,23,30,18,18,12,16,19,20,23,8,11,4,4,4,24,25,20,Milwaukee Bucks,16,15,1,0.938,768.0,705,1463,0.482,216,626,0.345,302,416,0.726,178,654,832,405,240.0,123,100,64,312,359,1928,209.0,1,1,1,1,4,1,1,3,2,2,23,3,2,28,2,1,1,3,27,7,3,12,20,1,1,1
Charlotte Hornets,Dallas Mavericks,100,116,1,0,Charlotte Hornets,16,6,10,0.375,773.0,614,1392,0.441,195,564,0.346,252,344,0.733,167,488,655,373,230.0,113,65,58,298,329,1675,-132.0,1,16,21,19,1,8,5,24,5,4,22,17,12,25,4,18,14,8,24,13,19,7,17,5,8,28,Dallas Mavericks,14,9,5,0.643,677.0,590,1268,0.465,209,556,0.376,276,351,0.786,154,519,673,345,185.0,90,62,57,282,312,1665,122.0,14,10,9,10,15,13,17,10,3,5,7,7,8,11,10,11,11,15,5,27,23,5,10,11,9,3
Detroit Pistons,New York Knicks,92,95,1,0,Detroit Pistons,14,4,10,0.286,672.0,542,1175,0.461,175,461,0.38,233,313,0.744,135,459,594,352,223.0,96,78,71,280,283,1492,-20.0,14,24,21,24,18,21,24,12,11,17,4,21,21,22,23,22,23,12,18,26,12,17,9,22,22,17,New York Knicks,14,3,11,0.214,672.0,521,1217,0.428,159,419,0.379,223,332,0.672,171,446,617,290,200.0,112,59,54,338,275,1424,-106.0,14,27,26,27,18,26,22,29,22,26,5,24,15,30,3,25,22,30,11,14,25,3,27,25,27,26
Indiana Pacers,New Orleans Pelicans,117,124,1,0,Indiana Pacers,15,11,4,0.733,730.0,649,1357,0.478,144,398,0.362,220,271,0.812,151,547,698,373,222.0,99,87,67,301,288,1662,107.0,6,3,5,5,6,5,7,4,28,29,16,25,26,5,14,5,7,8,16,21,7,14,18,20,10,5,New Orleans Pelicans,14,5,9,0.357,672.0,576,1280,0.45,201,529,0.38,227,311,0.73,163,472,635,326,229.0,116,67,67,312,283,1580,-70.0,14,18,19,20,18,15,16,19,4,7,3,23,23,26,6,20,18,22,21,12,17,14,20,22,16,24
Toronto Raptors,Brooklyn Nets,119,118,1,1,Toronto Raptors,13,10,3,0.769,624.0,524,1144,0.458,187,467,0.4,214,278,0.77,126,459,585,333,181.0,100,65,86,265,258,1449,106.0,24,4,4,4,26,25,26,14,9,14,1,26,25,16,26,22,24,20,4,20,19,24,3,26,24,6,Brooklyn Nets,15,9,6,0.6,720.0,601,1342,0.448,194,570,0.34,262,347,0.755,148,539,687,363,229.0,103,78,74,326,312,1658,-18.0,6,10,12,13,10,10,10,20,6,3,26,11,11,19,18,7,8,10,21,17,12,18,24,11,11,16
Minnesota Timberwolves,LA Clippers,142,115,1,1,Minnesota Timberwolves,14,7,7,0.5,682.0,575,1298,0.443,183,551,0.332,261,352,0.741,154,531,685,339,215.0,107,102,69,314,305,1594,-14.0,14,15,15,15,14,16,14,23,10,6,28,12,7,23,10,10,9,16,14,15,2,16,22,15,13,14,LA Clippers,14,10,4,0.714,677.0,570,1295,0.44,163,476,0.342,286,365,0.784,186,540,726,334,229.0,106,86,77,323,330,1589,97.0,14,4,5,6,15,18,15,25,19,12,24,4,6,13,1,6,2,19,21,16,8,19,23,3,15,7
Golden State Warriors,Los Angeles Lakers,120,125,1,0,Golden State Warriors,16,3,13,0.188,773.0,615,1408,0.437,152,452,0.336,306,368,0.832,147,536,683,386,221.0,121,80,93,308,320,1688,-135.0,1,27,29,29,1,7,3,26,25,20,27,2,3,2,19,9,10,5,15,8,10,27,19,8,7,29,Los Angeles Lakers,15,14,1,0.933,725.0,654,1334,0.49,169,458,0.369,230,316,0.728,149,519,668,412,226.0,127,110,51,297,298,1707,130.0,6,2,1,2,8,3,12,1,14,18,11,22,19,27,16,11,13,2,20,5,1,2,15,17,6,2
Phoenix Suns,Denver Nuggets,108,117,1,0,Phoenix Suns,13,5,8,0.385,624.0,532,1145,0.465,171,462,0.37,253,313,0.808,110,423,533,352,179.0,87,50,64,269,311,1488,-14.0,24,18,17,17,26,22,25,11,13,16,10,16,21,7,28,27,29,12,3,28,28,12,6,13,23,14,Denver Nuggets,12,10,2,0.833,586.0,497,1091,0.456,124,349,0.355,166,239,0.695,136,445,581,328,168.0,98,61,57,238,244,1284,86.0,30,4,3,3,30,30,29,15,30,30,19,30,30,29,22,26,25,21,1,23,24,5,1,29,30,8
Sacramento Kings,San Antonio Spurs,122,102,1,1,Sacramento Kings,13,8,5,0.615,629.0,511,1113,0.459,165,451,0.366,196,249,0.787,123,421,544,308,197.0,102,63,62,293,241,1383,25.0,24,13,9,12,24,28,27,13,17,21,14,28,28,10,27,28,27,25,10,19,22,9,14,30,29,12,San Antonio Spurs,16,4,12,0.25,768.0,675,1444,0.467,150,421,0.356,276,348,0.793,166,551,717,394,204.0,97,85,78,297,317,1776,-64.0,1,24,27,26,4,2,2,9,26,24,18,7,9,8,5,4,4,4,12,24,9,21,15,10,2,23
Oklahoma City Thunder,Boston Celtics,111,112,1,0,Oklahoma City Thunder,13,6,7,0.462,629.0,515,1095,0.47,146,399,0.366,248,304,0.816,92,418,510,308,174.0,103,66,60,251,287,1424,-23.0,24,16,15,16,24,27,28,7,27,28,13,19,24,4,30,29,30,25,2,17,18,8,2,21,27,18,Boston Celtics,14,10,4,0.714,677.0,563,1250,0.45,161,473,0.34,265,318,0.833,146,507,653,337,193.0,131,79,87,283,290,1552,84.0,14,4,5,6,15,20,19,18,21,13,25,10,17,1,20,15,15,17,7,3,11,25,11,19,18,9
Atlanta Hawks,New York Knicks,140,135,1,1,Atlanta Hawks,15,2,13,0.133,730.0,601,1346,0.447,157,492,0.319,279,366,0.762,153,470,623,347,270.0,127,69,114,360,332,1638,-222.0,6,30,29,30,6,10,8,21,24,10,29,6,5,18,12,21,21,14,30,5,15,29,30,2,12,30,New York Knicks,14,3,11,0.214,672.0,521,1217,0.428,159,419,0.379,223,332,0.672,171,446,617,290,200.0,112,59,54,338,275,1424,-106.0,14,27,26,27,18,26,22,29,22,26,5,24,15,30,3,25,22,30,11,14,25,3,27,25,27,26
Philadelphia 76ers,Chicago Bulls,118,111,1,1,Philadelphia 76ers,16,10,6,0.625,773.0,652,1375,0.474,169,466,0.363,258,342,0.754,150,571,721,424,248.0,129,89,63,341,330,1731,49.0,1,4,12,11,1,4,6,6,14,15,15,14,13,20,15,2,3,1,28,4,6,10,28,3,4,11,Chicago Bulls,15,5,10,0.333,720.0,575,1345,0.428,188,525,0.358,255,348,0.733,163,510,673,355,248.0,149,55,104,351,318,1593,-55.0,6,18,21,22,10,16,9,30,8,9,17,15,9,24,6,14,11,11,28,1,26,28,29,9,14,22
Washington Wizards,Memphis Grizzlies,99,106,1,0,Washington Wizards,13,5,8,0.385,624.0,585,1227,0.477,164,443,0.37,203,248,0.819,131,408,539,378,189.0,97,48,78,278,255,1537,-45.0,24,18,17,17,26,14,20,5,18,22,9,27,29,3,24,30,28,7,6,24,29,21,8,27,19,21,Memphis Grizzlies,14,4,10,0.286,672.0,593,1264,0.469,158,421,0.375,189,251,0.753,141,490,631,383,225.0,99,70,85,288,251,1533,-101.0,14,24,21,24,18,12,18,8,23,24,8,29,27,21,21,17,19,6,19,21,14,23,13,28,20,25
Houston Rockets,Utah Jazz,113,114,1,0,Houston Rockets,15,10,5,0.667,720.0,603,1335,0.452,236,678,0.348,331,431,0.768,161,552,713,304,231.0,132,68,63,328,329,1773,108.0,6,4,9,9,10,9,11,17,1,1,20,1,1,17,9,3,5,27,25,2,16,10,25,5,3,4,Utah Jazz,14,8,6,0.571,672.0,531,1196,0.444,173,456,0.379,285,368,0.774,127,519,646,293,207.0,80,64,77,284,308,1520,7.0,14,13,12,14,18,23,23,22,12,19,6,5,3,15,25,11,16,29,13,30,21,19,12,14,21,13
Cleveland Cavaliers,LA Clippers,92,133,1,0,Cleveland Cavaliers,15,3,12,0.2,720.0,564,1310,0.431,167,480,0.348,270,341,0.792,152,494,646,304,222.0,119,38,115,268,321,1565,-131.0,6,27,27,28,10,19,13,28,16,11,21,9,14,9,13,16,16,27,16,10,30,30,5,7,17,27,LA Clippers,14,10,4,0.714,677.0,570,1295,0.44,163,476,0.342,286,365,0.784,186,540,726,334,229.0,106,86,77,323,330,1589,97.0,14,4,5,6,15,18,15,25,19,12,24,4,6,13,1,6,2,19,21,16,8,19,23,3,15,7
Portland Trail Blazers,Miami Heat,115,109,1,1,Portland Trail Blazers,15,5,10,0.333,725.0,632,1399,0.452,194,527,0.368,259,320,0.809,162,538,700,312,196.0,82,91,90,336,300,1717,-25.0,6,18,21,22,8,6,4,16,6,8,12,13,16,6,8,8,6,24,9,29,5,26,26,16,5,19,Miami Heat,13,9,4,0.692,624.0,511,1047,0.488,162,411,0.394,245,315,0.778,108,453,561,335,236.0,121,51,41,269,293,1429,75.0,24,10,5,8,26,28,30,2,20,27,2,20,20,14,29,24,26,18,26,8,27,1,6,18,26,10
Detroit Pistons,Charlotte Hornets,76,87,1,0,Detroit Pistons,14,4,10,0.286,672.0,542,1175,0.461,175,461,0.38,233,313,0.744,135,459,594,352,223.0,96,78,71,280,283,1492,-20.0,14,24,21,24,18,21,24,12,11,17,4,21,21,22,23,22,23,12,18,26,12,17,9,22,22,17,Charlotte Hornets,16,6,10,0.375,773.0,614,1392,0.441,195,564,0.346,252,344,0.733,167,488,655,373,230.0,113,65,58,298,329,1675,-132.0,1,16,21,19,1,8,5,24,5,4,22,17,12,25,4,18,14,8,24,13,19,7,17,5,8,28
Indiana Pacers,Brooklyn Nets,105,106,1,0,Indiana Pacers,15,11,4,0.733,730.0,649,1357,0.478,144,398,0.362,220,271,0.812,151,547,698,373,222.0,99,87,67,301,288,1662,107.0,6,3,5,5,6,5,7,4,28,29,16,25,26,5,14,5,7,8,16,21,7,14,18,20,10,5,Brooklyn Nets,15,9,6,0.6,720.0,601,1342,0.448,194,570,0.34,262,347,0.755,148,539,687,363,229.0,103,78,74,326,312,1658,-18.0,6,10,12,13,10,10,10,20,6,3,26,11,11,19,18,7,8,10,21,17,12,18,24,11,11,16
Orlando Magic,Atlanta Hawks,135,126,1,1,Orlando Magic,14,5,9,0.357,672.0,526,1219,0.432,135,425,0.318,249,317,0.785,149,480,629,313,194.0,118,96,56,266,277,1436,-30.0,14,18,19,20,18,24,21,27,29,23,30,18,18,12,16,19,20,23,8,11,4,4,4,24,25,20,Atlanta Hawks,15,2,13,0.133,730.0,601,1346,0.447,157,492,0.319,279,366,0.762,153,470,623,347,270.0,127,69,114,360,332,1638,-222.0,6,30,29,30,6,10,8,21,24,10,29,6,5,18,12,21,21,14,30,5,15,29,30,2,12,30
Toronto Raptors,Minnesota Timberwolves,137,126,1,1,Toronto Raptors,13,10,3,0.769,624.0,524,1144,0.458,187,467,0.4,214,278,0.77,126,459,585,333,181.0,100,65,86,265,258,1449,106.0,24,4,4,4,26,25,26,14,9,14,1,26,25,16,26,22,24,20,4,20,19,24,3,26,24,6,Minnesota Timberwolves,14,7,7,0.5,682.0,575,1298,0.443,183,551,0.332,261,352,0.741,154,531,685,339,215.0,107,102,69,314,305,1594,-14.0,14,15,15,15,14,16,14,23,10,6,28,12,7,23,10,10,9,16,14,15,2,16,22,15,13,14
Milwaukee Bucks,Sacramento Kings,123,111,1,1,Milwaukee Bucks,16,15,1,0.938,768.0,705,1463,0.482,216,626,0.345,302,416,0.726,178,654,832,405,240.0,123,100,64,312,359,1928,209.0,1,1,1,1,4,1,1,3,2,2,23,3,2,28,2,1,1,3,27,7,3,12,20,1,1,1,Sacramento Kings,13,8,5,0.615,629.0,511,1113,0.459,165,451,0.366,196,249,0.787,123,421,544,308,197.0,102,63,62,293,241,1383,25.0,24,13,9,12,24,28,27,13,17,21,14,28,28,10,27,28,27,25,10,19,22,9,14,30,29,12
Dallas Mavericks,Utah Jazz,119,123,1,0,Dallas Mavericks,14,9,5,0.643,677.0,590,1268,0.465,209,556,0.376,276,351,0.786,154,519,673,345,185.0,90,62,57,282,312,1665,122.0,14,10,9,10,15,13,17,10,3,5,7,7,8,11,10,11,11,15,5,27,23,5,10,11,9,3,Utah Jazz,14,8,6,0.571,672.0,531,1196,0.444,173,456,0.379,285,368,0.774,127,519,646,293,207.0,80,64,77,284,308,1520,7.0,14,13,12,14,18,23,23,22,12,19,6,5,3,15,25,11,16,29,13,30,21,19,12,14,21,13
Denver Nuggets,San Antonio Spurs,127,120,1,1,Denver Nuggets,12,10,2,0.833,586.0,497,1091,0.456,124,349,0.355,166,239,0.695,136,445,581,328,168.0,98,61,57,238,244,1284,86.0,30,4,3,3,30,30,29,15,30,30,19,30,30,29,22,26,25,21,1,23,24,5,1,29,30,8,San Antonio Spurs,16,4,12,0.25,768.0,675,1444,0.467,150,421,0.356,276,348,0.793,166,551,717,394,204.0,97,85,78,297,317,1776,-64.0,1,24,27,26,4,2,2,9,26,24,18,7,9,8,5,4,4,4,12,24,9,21,15,10,2,23
Golden State Warriors,Miami Heat,101,113,1,0,Golden State Warriors,16,3,13,0.188,773.0,615,1408,0.437,152,452,0.336,306,368,0.832,147,536,683,386,221.0,121,80,93,308,320,1688,-135.0,1,27,29,29,1,7,3,26,25,20,27,2,3,2,19,9,10,5,15,8,10,27,19,8,7,29,Miami Heat,13,9,4,0.692,624.0,511,1047,0.488,162,411,0.394,245,315,0.778,108,453,561,335,236.0,121,51,41,269,293,1429,75.0,24,10,5,8,26,28,30,2,20,27,2,20,20,14,29,24,26,18,26,8,27,1,6,18,26,10
Los Angeles Lakers,Phoenix Suns,125,100,1,1,Los Angeles Lakers,15,14,1,0.933,725.0,654,1334,0.49,169,458,0.369,230,316,0.728,149,519,668,412,226.0,127,110,51,297,298,1707,130.0,6,2,1,2,8,3,12,1,14,18,11,22,19,27,16,11,13,2,20,5,1,2,15,17,6,2,Phoenix Suns,13,5,8,0.385,624.0,532,1145,0.465,171,462,0.37,253,313,0.808,110,423,533,352,179.0,87,50,64,269,311,1488,-14.0,24,18,17,17,26,22,25,11,13,16,10,16,21,7,28,27,29,12,3,28,28,12,6,13,23,14
Philadelphia 76ers,LA Clippers,110,103,1,1,Philadelphia 76ers,16,10,6,0.625,773.0,652,1375,0.474,169,466,0.363,258,342,0.754,150,571,721,424,248.0,129,89,63,341,330,1731,49.0,1,4,12,11,1,4,6,6,14,15,15,14,13,20,15,2,3,1,28,4,6,10,28,3,4,11,LA Clippers,14,10,4,0.714,677.0,570,1295,0.44,163,476,0.342,286,365,0.784,186,540,726,334,229.0,106,86,77,323,330,1589,97.0,14,4,5,6,15,18,15,25,19,12,24,4,6,13,1,6,2,19,21,16,8,19,23,3,15,7
Washington Wizards,Chicago Bulls,126,114,1,1,Washington Wizards,13,5,8,0.385,624.0,585,1227,0.477,164,443,0.37,203,248,0.819,131,408,539,378,189.0,97,48,78,278,255,1537,-45.0,24,18,17,17,26,14,20,5,18,22,9,27,29,3,24,30,28,7,6,24,29,21,8,27,19,21,Chicago Bulls,15,5,10,0.333,720.0,575,1345,0.428,188,525,0.358,255,348,0.733,163,510,673,355,248.0,149,55,104,351,318,1593,-55.0,6,18,21,22,10,16,9,30,8,9,17,15,9,24,6,14,11,11,28,1,26,28,29,9,14,22
New Orleans Pelicans,Portland Trail Blazers,138,117,1,1,New Orleans Pelicans,14,5,9,0.357,672.0,576,1280,0.45,201,529,0.38,227,311,0.73,163,472,635,326,229.0,116,67,67,312,283,1580,-70.0,14,18,19,20,18,15,16,19,4,7,3,23,23,26,6,20,18,22,21,12,17,14,20,22,16,24,Portland Trail Blazers,15,5,10,0.333,725.0,632,1399,0.452,194,527,0.368,259,320,0.809,162,538,700,312,196.0,82,91,90,336,300,1717,-25.0,6,18,21,22,8,6,4,16,6,8,12,13,16,6,8,8,6,24,9,29,5,26,26,16,5,19
Oklahoma City Thunder,San Antonio Spurs,106,114,1,0,Oklahoma City Thunder,13,6,7,0.462,629.0,515,1095,0.47,146,399,0.366,248,304,0.816,92,418,510,308,174.0,103,66,60,251,287,1424,-23.0,24,16,15,16,24,27,28,7,27,28,13,19,24,4,30,29,30,25,2,17,18,8,2,21,27,18,San Antonio Spurs,16,4,12,0.25,768.0,675,1444,0.467,150,421,0.356,276,348,0.793,166,551,717,394,204.0,97,85,78,297,317,1776,-64.0,1,24,27,26,4,2,2,9,26,24,18,7,9,8,5,4,4,4,12,24,9,21,15,10,2,23
Houston Rockets,Boston Celtics,116,105,1,1,Houston Rockets,15,10,5,0.667,720.0,603,1335,0.452,236,678,0.348,331,431,0.768,161,552,713,304,231.0,132,68,63,328,329,1773,108.0,6,4,9,9,10,9,11,17,1,1,20,1,1,17,9,3,5,27,25,2,16,10,25,5,3,4,Boston Celtics,14,10,4,0.714,677.0,563,1250,0.45,161,473,0.34,265,318,0.833,146,507,653,337,193.0,131,79,87,283,290,1552,84.0,14,4,5,6,15,20,19,18,21,13,25,10,17,1,20,15,15,17,7,3,11,25,11,19,18,9
Cleveland Cavaliers,Atlanta Hawks,127,105,1,1,Cleveland Cavaliers,15,3,12,0.2,720.0,564,1310,0.431,167,480,0.348,270,341,0.792,152,494,646,304,222.0,119,38,115,268,321,1565,-131.0,6,27,27,28,10,19,13,28,16,11,21,9,14,9,13,16,16,27,16,10,30,30,5,7,17,27,Atlanta Hawks,15,2,13,0.133,730.0,601,1346,0.447,157,492,0.319,279,366,0.762,153,470,623,347,270.0,127,69,114,360,332,1638,-222.0,6,30,29,30,6,10,8,21,24,10,29,6,5,18,12,21,21,14,30,5,15,29,30,2,12,30
Orlando Magic,Detroit Pistons,116,112,1,1,Orlando Magic,14,5,9,0.357,672.0,526,1219,0.432,135,425,0.318,249,317,0.785,149,480,629,313,194.0,118,96,56,266,277,1436,-30.0,14,18,19,20,18,24,21,27,29,23,30,18,18,12,16,19,20,23,8,11,4,4,4,24,25,20,Detroit Pistons,14,4,10,0.286,672.0,542,1175,0.461,175,461,0.38,233,313,0.744,135,459,594,352,223.0,96,78,71,280,283,1492,-20.0,14,24,21,24,18,21,24,12,11,17,4,21,21,22,23,22,23,12,18,26,12,17,9,22,22,17
Brooklyn Nets,Toronto Raptors,101,91,1,1,Brooklyn Nets,15,9,6,0.6,720.0,601,1342,0.448,194,570,0.34,262,347,0.755,148,539,687,363,229.0,103,78,74,326,312,1658,-18.0,6,10,12,13,10,10,10,20,6,3,26,11,11,19,18,7,8,10,21,17,12,18,24,11,11,16,Toronto Raptors,13,10,3,0.769,624.0,524,1144,0.458,187,467,0.4,214,278,0.77,126,459,585,333,181.0,100,65,86,265,258,1449,106.0,24,4,4,4,26,25,26,14,9,14,1,26,25,16,26,22,24,20,4,20,19,24,3,26,24,6
Indiana Pacers,Milwaukee Bucks,118,111,1,1,Indiana Pacers,15,11,4,0.733,730.0,649,1357,0.478,144,398,0.362,220,271,0.812,151,547,698,373,222.0,99,87,67,301,288,1662,107.0,6,3,5,5,6,5,7,4,28,29,16,25,26,5,14,5,7,8,16,21,7,14,18,20,10,5,Milwaukee Bucks,16,15,1,0.938,768.0,705,1463,0.482,216,626,0.345,302,416,0.726,178,654,832,405,240.0,123,100,64,312,359,1928,209.0,1,1,1,1,4,1,1,3,2,2,23,3,2,28,2,1,1,3,27,7,3,12,20,1,1,1
New York Knicks,Washington Wizards,96,114,1,0,New York Knicks,14,3,11,0.214,672.0,521,1217,0.428,159,419,0.379,223,332,0.672,171,446,617,290,200.0,112,59,54,338,275,1424,-106.0,14,27,26,27,18,26,22,29,22,26,5,24,15,30,3,25,22,30,11,14,25,3,27,25,27,26,Washington Wizards,13,5,8,0.385,624.0,585,1227,0.477,164,443,0.37,203,248,0.819,131,408,539,378,189.0,97,48,78,278,255,1537,-45.0,24,18,17,17,26,14,20,5,18,22,9,27,29,3,24,30,28,7,6,24,29,21,8,27,19,21
Memphis Grizzlies,Portland Trail Blazers,111,104,1,1,Memphis Grizzlies,14,4,10,0.286,672.0,593,1264,0.469,158,421,0.375,189,251,0.753,141,490,631,383,225.0,99,70,85,288,251,1533,-101.0,14,24,21,24,18,12,18,8,23,24,8,29,27,21,21,17,19,6,19,21,14,23,13,28,20,25,Portland Trail Blazers,15,5,10,0.333,725.0,632,1399,0.452,194,527,0.368,259,320,0.809,162,538,700,312,196.0,82,91,90,336,300,1717,-25.0,6,18,21,22,8,6,4,16,6,8,12,13,16,6,8,8,6,24,9,29,5,26,26,16,5,19
Minnesota Timberwolves,Charlotte Hornets,108,115,1,0,Minnesota Timberwolves,14,7,7,0.5,682.0,575,1298,0.443,183,551,0.332,261,352,0.741,154,531,685,339,215.0,107,102,69,314,305,1594,-14.0,14,15,15,15,14,16,14,23,10,6,28,12,7,23,10,10,9,16,14,15,2,16,22,15,13,14,Charlotte Hornets,16,6,10,0.375,773.0,614,1392,0.441,195,564,0.346,252,344,0.733,167,488,655,373,230.0,113,65,58,298,329,1675,-132.0,1,16,21,19,1,8,5,24,5,4,22,17,12,25,4,18,14,8,24,13,19,7,17,5,8,28
Dallas Mavericks,Sacramento Kings,130,111,1,1,Dallas Mavericks,14,9,5,0.643,677.0,590,1268,0.465,209,556,0.376,276,351,0.786,154,519,673,345,185.0,90,62,57,282,312,1665,122.0,14,10,9,10,15,13,17,10,3,5,7,7,8,11,10,11,11,15,5,27,23,5,10,11,9,3,Sacramento Kings,13,8,5,0.615,629.0,511,1113,0.459,165,451,0.366,196,249,0.787,123,421,544,308,197.0,102,63,62,293,241,1383,25.0,24,13,9,12,24,28,27,13,17,21,14,28,28,10,27,28,27,25,10,19,22,9,14,30,29,12
Phoenix Suns,Golden State Warriors,112,106,1,1,Phoenix Suns,13,5,8,0.385,624.0,532,1145,0.465,171,462,0.37,253,313,0.808,110,423,533,352,179.0,87,50,64,269,311,1488,-14.0,24,18,17,17,26,22,25,11,13,16,10,16,21,7,28,27,29,12,3,28,28,12,6,13,23,14,Golden State Warriors,16,3,13,0.188,773.0,615,1408,0.437,152,452,0.336,306,368,0.832,147,536,683,386,221.0,121,80,93,308,320,1688,-135.0,1,27,29,29,1,7,3,26,25,20,27,2,3,2,19,9,10,5,15,8,10,27,19,8,7,29
Utah Jazz,Miami Heat,116,101,1,1,Utah Jazz,14,8,6,0.571,672.0,531,1196,0.444,173,456,0.379,285,368,0.774,127,519,646,293,207.0,80,64,77,284,308,1520,7.0,14,13,12,14,18,23,23,22,12,19,6,5,3,15,25,11,16,29,13,30,21,19,12,14,21,13,Miami Heat,13,9,4,0.692,624.0,511,1047,0.488,162,411,0.394,245,315,0.778,108,453,561,335,236.0,121,51,41,269,293,1429,75.0,24,10,5,8,26,28,30,2,20,27,2,20,20,14,29,24,26,18,26,8,27,1,6,18,26,10
Denver Nuggets,Los Angeles Lakers,116,120,1,0,Denver Nuggets,12,10,2,0.833,586.0,497,1091,0.456,124,349,0.355,166,239,0.695,136,445,581,328,168.0,98,61,57,238,244,1284,86.0,30,4,3,3,30,30,29,15,30,30,19,30,30,29,22,26,25,21,1,23,24,5,1,29,30,8,Los Angeles Lakers,15,14,1,0.933,725.0,654,1334,0.49,169,458,0.369,230,316,0.728,149,519,668,412,226.0,127,110,51,297,298,1707,130.0,6,2,1,2,8,3,12,1,14,18,11,22,19,27,16,11,13,2,20,5,1,2,15,17,6,2
Boston Celtics,LA Clippers,141,133,1,1,Boston Celtics,14,10,4,0.714,677.0,563,1250,0.45,161,473,0.34,265,318,0.833,146,507,653,337,193.0,131,79,87,283,290,1552,84.0,14,4,5,6,15,20,19,18,21,13,25,10,17,1,20,15,15,17,7,3,11,25,11,19,18,9,LA Clippers,14,10,4,0.714,677.0,570,1295,0.44,163,476,0.342,286,365,0.784,186,540,726,334,229.0,106,86,77,323,330,1589,97.0,14,4,5,6,15,18,15,25,19,12,24,4,6,13,1,6,2,19,21,16,8,19,23,3,15,7
New Orleans Pelicans,Oklahoma City Thunder,118,123,1,0,New Orleans Pelicans,14,5,9,0.357,672.0,576,1280,0.45,201,529,0.38,227,311,0.73,163,472,635,326,229.0,116,67,67,312,283,1580,-70.0,14,18,19,20,18,15,16,19,4,7,3,23,23,26,6,20,18,22,21,12,17,14,20,22,16,24,Oklahoma City Thunder,13,6,7,0.462,629.0,515,1095,0.47,146,399,0.366,248,304,0.816,92,418,510,308,174.0,103,66,60,251,287,1424,-23.0,24,16,15,16,24,27,28,7,27,28,13,19,24,4,30,29,30,25,2,17,18,8,2,21,27,18
Detroit Pistons,Milwaukee Bucks,106,126,1,0,Detroit Pistons,14,4,10,0.286,672.0,542,1175,0.461,175,461,0.38,233,313,0.744,135,459,594,352,223.0,96,78,71,280,283,1492,-20.0,14,24,21,24,18,21,24,12,11,17,4,21,21,22,23,22,23,12,18,26,12,17,9,22,22,17,Milwaukee Bucks,16,15,1,0.938,768.0,705,1463,0.482,216,626,0.345,302,416,0.726,178,654,832,405,240.0,123,100,64,312,359,1928,209.0,1,1,1,1,4,1,1,3,2,2,23,3,2,28,2,1,1,3,27,7,3,12,20,1,1,1
Atlanta Hawks,Miami Heat,129,124,1,1,Atlanta Hawks,15,2,13,0.133,730.0,601,1346,0.447,157,492,0.319,279,366,0.762,153,470,623,347,270.0,127,69,114,360,332,1638,-222.0,6,30,29,30,6,10,8,21,24,10,29,6,5,18,12,21,21,14,30,5,15,29,30,2,12,30,Miami Heat,13,9,4,0.692,624.0,511,1047,0.488,162,411,0.394,245,315,0.778,108,453,561,335,236.0,121,51,41,269,293,1429,75.0,24,10,5,8,26,28,30,2,20,27,2,20,20,14,29,24,26,18,26,8,27,1,6,18,26,10
Philadelphia 76ers,Brooklyn Nets,112,104,1,1,Philadelphia 76ers,16,10,6,0.625,773.0,652,1375,0.474,169,466,0.363,258,342,0.754,150,571,721,424,248.0,129,89,63,341,330,1731,49.0,1,4,12,11,1,4,6,6,14,15,15,14,13,20,15,2,3,1,28,4,6,10,28,3,4,11,Brooklyn Nets,15,9,6,0.6,720.0,601,1342,0.448,194,570,0.34,262,347,0.755,148,539,687,363,229.0,103,78,74,326,312,1658,-18.0,6,10,12,13,10,10,10,20,6,3,26,11,11,19,18,7,8,10,21,17,12,18,24,11,11,16
Chicago Bulls,Charlotte Hornets,93,103,1,0,Chicago Bulls,15,5,10,0.333,720.0,575,1345,0.428,188,525,0.358,255,348,0.733,163,510,673,355,248.0,149,55,104,351,318,1593,-55.0,6,18,21,22,10,16,9,30,8,9,17,15,9,24,6,14,11,11,28,1,26,28,29,9,14,22,Charlotte Hornets,16,6,10,0.375,773.0,614,1392,0.441,195,564,0.346,252,344,0.733,167,488,655,373,230.0,113,65,58,298,329,1675,-132.0,1,16,21,19,1,8,5,24,5,4,22,17,12,25,4,18,14,8,24,13,19,7,17,5,8,28
Sacramento Kings,Memphis Grizzlies,129,125,1,1,Sacramento Kings,13,8,5,0.615,629.0,511,1113,0.459,165,451,0.366,196,249,0.787,123,421,544,308,197.0,102,63,62,293,241,1383,25.0,24,13,9,12,24,28,27,13,17,21,14,28,28,10,27,28,27,25,10,19,22,9,14,30,29,12,Memphis Grizzlies,14,4,10,0.286,672.0,593,1264,0.469,158,421,0.375,189,251,0.753,141,490,631,383,225.0,99,70,85,288,251,1533,-101.0,14,24,21,24,18,12,18,8,23,24,8,29,27,21,21,17,19,6,19,21,14,23,13,28,20,25
Golden State Warriors,Houston Rockets,105,135,1,0,Golden State Warriors,16,3,13,0.188,773.0,615,1408,0.437,152,452,0.336,306,368,0.832,147,536,683,386,221.0,121,80,93,308,320,1688,-135.0,1,27,29,29,1,7,3,26,25,20,27,2,3,2,19,9,10,5,15,8,10,27,19,8,7,29,Houston Rockets,15,10,5,0.667,720.0,603,1335,0.452,236,678,0.348,331,431,0.768,161,552,713,304,231.0,132,68,63,328,329,1773,108.0,6,4,9,9,10,9,11,17,1,1,20,1,1,17,9,3,5,27,25,2,16,10,25,5,3,4
Orlando Magic,Dallas Mavericks,106,122,1,0,Orlando Magic,14,5,9,0.357,672.0,526,1219,0.432,135,425,0.318,249,317,0.785,149,480,629,313,194.0,118,96,56,266,277,1436,-30.0,14,18,19,20,18,24,21,27,29,23,30,18,18,12,16,19,20,23,8,11,4,4,4,24,25,20,Dallas Mavericks,14,9,5,0.643,677.0,590,1268,0.465,209,556,0.376,276,351,0.786,154,519,673,345,185.0,90,62,57,282,312,1665,122.0,14,10,9,10,15,13,17,10,3,5,7,7,8,11,10,11,11,15,5,27,23,5,10,11,9,3
Washington Wizards,Cleveland Cavaliers,108,113,1,0,Washington Wizards,13,5,8,0.385,624.0,585,1227,0.477,164,443,0.37,203,248,0.819,131,408,539,378,189.0,97,48,78,278,255,1537,-45.0,24,18,17,17,26,14,20,5,18,22,9,27,29,3,24,30,28,7,6,24,29,21,8,27,19,21,Cleveland Cavaliers,15,3,12,0.2,720.0,564,1310,0.431,167,480,0.348,270,341,0.792,152,494,646,304,222.0,119,38,115,268,321,1565,-131.0,6,27,27,28,10,19,13,28,16,11,21,9,14,9,13,16,16,27,16,10,30,30,5,7,17,27
New York Knicks,Indiana Pacers,98,106,1,0,New York Knicks,14,3,11,0.214,672.0,521,1217,0.428,159,419,0.379,223,332,0.672,171,446,617,290,200.0,112,59,54,338,275,1424,-106.0,14,27,26,27,18,26,22,29,22,26,5,24,15,30,3,25,22,30,11,14,25,3,27,25,27,26,Indiana Pacers,15,11,4,0.733,730.0,649,1357,0.478,144,398,0.362,220,271,0.812,151,547,698,373,222.0,99,87,67,301,288,1662,107.0,6,3,5,5,6,5,7,4,28,29,16,25,26,5,14,5,7,8,16,21,7,14,18,20,10,5
Toronto Raptors,Phoenix Suns,118,101,1,1,Toronto Raptors,13,10,3,0.769,624.0,524,1144,0.458,187,467,0.4,214,278,0.77,126,459,585,333,181.0,100,65,86,265,258,1449,106.0,24,4,4,4,26,25,26,14,9,14,1,26,25,16,26,22,24,20,4,20,19,24,3,26,24,6,Phoenix Suns,13,5,8,0.385,624.0,532,1145,0.465,171,462,0.37,253,313,0.808,110,423,533,352,179.0,87,50,64,269,311,1488,-14.0,24,18,17,17,26,22,25,11,13,16,10,16,21,7,28,27,29,12,3,28,28,12,6,13,23,14
Minnesota Timberwolves,Boston Celtics,117,127,1,0,Minnesota Timberwolves,14,7,7,0.5,682.0,575,1298,0.443,183,551,0.332,261,352,0.741,154,531,685,339,215.0,107,102,69,314,305,1594,-14.0,14,15,15,15,14,16,14,23,10,6,28,12,7,23,10,10,9,16,14,15,2,16,22,15,13,14,Boston Celtics,14,10,4,0.714,677.0,563,1250,0.45,161,473,0.34,265,318,0.833,146,507,653,337,193.0,131,79,87,283,290,1552,84.0,14,4,5,6,15,20,19,18,21,13,25,10,17,1,20,15,15,17,7,3,11,25,11,19,18,9
Oklahoma City Thunder,Denver Nuggets,113,101,1,1,Oklahoma City Thunder,13,6,7,0.462,629.0,515,1095,0.47,146,399,0.366,248,304,0.816,92,418,510,308,174.0,103,66,60,251,287,1424,-23.0,24,16,15,16,24,27,28,7,27,28,13,19,24,4,30,29,30,25,2,17,18,8,2,21,27,18,Denver Nuggets,12,10,2,0.833,586.0,497,1091,0.456,124,349,0.355,166,239,0.695,136,445,581,328,168.0,98,61,57,238,244,1284,86.0,30,4,3,3,30,30,29,15,30,30,19,30,30,29,22,26,25,21,1,23,24,5,1,29,30,8
Utah Jazz,San Antonio Spurs,104,113,1,0,Utah Jazz,14,8,6,0.571,672.0,531,1196,0.444,173,456,0.379,285,368,0.774,127,519,646,293,207.0,80,64,77,284,308,1520,7.0,14,13,12,14,18,23,23,22,12,19,6,5,3,15,25,11,16,29,13,30,21,19,12,14,21,13,San Antonio Spurs,16,4,12,0.25,768.0,675,1444,0.467,150,421,0.356,276,348,0.793,166,551,717,394,204.0,97,85,78,297,317,1776,-64.0,1,24,27,26,4,2,2,9,26,24,18,7,9,8,5,4,4,4,12,24,9,21,15,10,2,23
Los Angeles Lakers,Memphis Grizzlies,117,105,1,1,Los Angeles Lakers,15,14,1,0.933,725.0,654,1334,0.49,169,458,0.369,230,316,0.728,149,519,668,412,226.0,127,110,51,297,298,1707,130.0,6,2,1,2,8,3,12,1,14,18,11,22,19,27,16,11,13,2,20,5,1,2,15,17,6,2,Memphis Grizzlies,14,4,10,0.286,672.0,593,1264,0.469,158,421,0.375,189,251,0.753,141,490,631,383,225.0,99,70,85,288,251,1533,-101.0,14,24,21,24,18,12,18,8,23,24,8,29,27,21,21,17,19,6,19,21,14,23,13,28,20,25
Portland Trail Blazers,New Orleans Pelicans,115,128,1,0,Portland Trail Blazers,15,5,10,0.333,725.0,632,1399,0.452,194,527,0.368,259,320,0.809,162,538,700,312,196.0,82,91,90,336,300,1717,-25.0,6,18,21,22,8,6,4,16,6,8,12,13,16,6,8,8,6,24,9,29,5,26,26,16,5,19,New Orleans Pelicans,14,5,9,0.357,672.0,576,1280,0.45,201,529,0.38,227,311,0.73,163,472,635,326,229.0,116,67,67,312,283,1580,-70.0,14,18,19,20,18,15,16,19,4,7,3,23,23,26,6,20,18,22,21,12,17,14,20,22,16,24
LA Clippers,Sacramento Kings,103,112,1,0,LA Clippers,14,10,4,0.714,677.0,570,1295,0.44,163,476,0.342,286,365,0.784,186,540,726,334,229.0,106,86,77,323,330,1589,97.0,14,4,5,6,15,18,15,25,19,12,24,4,6,13,1,6,2,19,21,16,8,19,23,3,15,7,Sacramento Kings,13,8,5,0.615,629.0,511,1113,0.459,165,451,0.366,196,249,0.787,123,421,544,308,197.0,102,63,62,293,241,1383,25.0,24,13,9,12,24,28,27,13,17,21,14,28,28,10,27,28,27,25,10,19,22,9,14,30,29,12
Charlotte Hornets,Brooklyn Nets,86,115,1,0,Charlotte Hornets,16,6,10,0.375,773.0,614,1392,0.441,195,564,0.346,252,344,0.733,167,488,655,373,230.0,113,65,58,298,329,1675,-132.0,1,16,21,19,1,8,5,24,5,4,22,17,12,25,4,18,14,8,24,13,19,7,17,5,8,28,Brooklyn Nets,15,9,6,0.6,720.0,601,1342,0.448,194,570,0.34,262,347,0.755,148,539,687,363,229.0,103,78,74,326,312,1658,-18.0,6,10,12,13,10,10,10,20,6,3,26,11,11,19,18,7,8,10,21,17,12,18,24,11,11,16
Atlanta Hawks,Dallas Mavericks,111,107,1,1,Atlanta Hawks,15,2,13,0.133,730.0,601,1346,0.447,157,492,0.319,279,366,0.762,153,470,623,347,270.0,127,69,114,360,332,1638,-222.0,6,30,29,30,6,10,8,21,24,10,29,6,5,18,12,21,21,14,30,5,15,29,30,2,12,30,Dallas Mavericks,14,9,5,0.643,677.0,590,1268,0.465,209,556,0.376,276,351,0.786,154,519,673,345,185.0,90,62,57,282,312,1665,122.0,14,10,9,10,15,13,17,10,3,5,7,7,8,11,10,11,11,15,5,27,23,5,10,11,9,3
Miami Heat,Cleveland Cavaliers,124,105,1,1,Miami Heat,13,9,4,0.692,624.0,511,1047,0.488,162,411,0.394,245,315,0.778,108,453,561,335,236.0,121,51,41,269,293,1429,75.0,24,10,5,8,26,28,30,2,20,27,2,20,20,14,29,24,26,18,26,8,27,1,6,18,26,10,Cleveland Cavaliers,15,3,12,0.2,720.0,564,1310,0.431,167,480,0.348,270,341,0.792,152,494,646,304,222.0,119,38,115,268,321,1565,-131.0,6,27,27,28,10,19,13,28,16,11,21,9,14,9,13,16,16,27,16,10,30,30,5,7,17,27
Chicago Bulls,Phoenix Suns,104,112,1,0,Chicago Bulls,15,5,10,0.333,720.0,575,1345,0.428,188,525,0.358,255,348,0.733,163,510,673,355,248.0,149,55,104,351,318,1593,-55.0,6,18,21,22,10,16,9,30,8,9,17,15,9,24,6,14,11,11,28,1,26,28,29,9,14,22,Phoenix Suns,13,5,8,0.385,624.0,532,1145,0.465,171,462,0.37,253,313,0.808,110,423,533,352,179.0,87,50,64,269,311,1488,-14.0,24,18,17,17,26,22,25,11,13,16,10,16,21,7,28,27,29,12,3,28,28,12,6,13,23,14
Milwaukee Bucks,Philadelphia 76ers,119,98,1,1,Milwaukee Bucks,16,15,1,0.938,768.0,705,1463,0.482,216,626,0.345,302,416,0.726,178,654,832,405,240.0,123,100,64,312,359,1928,209.0,1,1,1,1,4,1,1,3,2,2,23,3,2,28,2,1,1,3,27,7,3,12,20,1,1,1,Philadelphia 76ers,16,10,6,0.625,773.0,652,1375,0.474,169,466,0.363,258,342,0.754,150,571,721,424,248.0,129,89,63,341,330,1731,49.0,1,4,12,11,1,4,6,6,14,15,15,14,13,20,15,2,3,1,28,4,6,10,28,3,4,11
Utah Jazz,Houston Rockets,110,120,1,0,Utah Jazz,14,8,6,0.571,672.0,531,1196,0.444,173,456,0.379,285,368,0.774,127,519,646,293,207.0,80,64,77,284,308,1520,7.0,14,13,12,14,18,23,23,22,12,19,6,5,3,15,25,11,16,29,13,30,21,19,12,14,21,13,Houston Rockets,15,10,5,0.667,720.0,603,1335,0.452,236,678,0.348,331,431,0.768,161,552,713,304,231.0,132,68,63,328,329,1773,108.0,6,4,9,9,10,9,11,17,1,1,20,1,1,17,9,3,5,27,25,2,16,10,25,5,3,4
Los Angeles Lakers,Boston Celtics,114,112,1,1,Los Angeles Lakers,15,14,1,0.933,725.0,654,1334,0.49,169,458,0.369,230,316,0.728,149,519,668,412,226.0,127,110,51,297,298,1707,130.0,6,2,1,2,8,3,12,1,14,18,11,22,19,27,16,11,13,2,20,5,1,2,15,17,6,2,Boston Celtics,14,10,4,0.714,677.0,563,1250,0.45,161,473,0.34,265,318,0.833,146,507,653,337,193.0,131,79,87,283,290,1552,84.0,14,4,5,6,15,20,19,18,21,13,25,10,17,1,20,15,15,17,7,3,11,25,11,19,18,9
Toronto Raptors,Indiana Pacers,127,81,1,1,Toronto Raptors,13,10,3,0.769,624.0,524,1144,0.458,187,467,0.4,214,278,0.77,126,459,585,333,181.0,100,65,86,265,258,1449,106.0,24,4,4,4,26,25,26,14,9,14,1,26,25,16,26,22,24,20,4,20,19,24,3,26,24,6,Indiana Pacers,15,11,4,0.733,730.0,649,1357,0.478,144,398,0.362,220,271,0.812,151,547,698,373,222.0,99,87,67,301,288,1662,107.0,6,3,5,5,6,5,7,4,28,29,16,25,26,5,14,5,7,8,16,21,7,14,18,20,10,5
Denver Nuggets,Minnesota Timberwolves,128,116,1,1,Denver Nuggets,12,10,2,0.833,586.0,497,1091,0.456,124,349,0.355,166,239,0.695,136,445,581,328,168.0,98,61,57,238,244,1284,86.0,30,4,3,3,30,30,29,15,30,30,19,30,30,29,22,26,25,21,1,23,24,5,1,29,30,8,Minnesota Timberwolves,14,7,7,0.5,682.0,575,1298,0.443,183,551,0.332,261,352,0.741,154,531,685,339,215.0,107,102,69,314,305,1594,-14.0,14,15,15,15,14,16,14,23,10,6,28,12,7,23,10,10,9,16,14,15,2,16,22,15,13,14
Chicago Bulls,Washington Wizards,126,117,1,1,Chicago Bulls,15,5,10,0.333,720.0,575,1345,0.428,188,525,0.358,255,348,0.733,163,510,673,355,248.0,149,55,104,351,318,1593,-55.0,6,18,21,22,10,16,9,30,8,9,17,15,9,24,6,14,11,11,28,1,26,28,29,9,14,22,Washington Wizards,13,5,8,0.385,624.0,585,1227,0.477,164,443,0.37,203,248,0.819,131,408,539,378,189.0,97,48,78,278,255,1537,-45.0,24,18,17,17,26,14,20,5,18,22,9,27,29,3,24,30,28,7,6,24,29,21,8,27,19,21
Oklahoma City Thunder,San Antonio Spurs,131,103,1,1,Oklahoma City Thunder,13,6,7,0.462,629.0,515,1095,0.47,146,399,0.366,248,304,0.816,92,418,510,308,174.0,103,66,60,251,287,1424,-23.0,24,16,15,16,24,27,28,7,27,28,13,19,24,4,30,29,30,25,2,17,18,8,2,21,27,18,San Antonio Spurs,16,4,12,0.25,768.0,675,1444,0.467,150,421,0.356,276,348,0.793,166,551,717,394,204.0,97,85,78,297,317,1776,-64.0,1,24,27,26,4,2,2,9,26,24,18,7,9,8,5,4,4,4,12,24,9,21,15,10,2,23
Golden State Warriors,New Orleans Pelicans,101,115,1,0,Golden State Warriors,16,3,13,0.188,773.0,615,1408,0.437,152,452,0.336,306,368,0.832,147,536,683,386,221.0,121,80,93,308,320,1688,-135.0,1,27,29,29,1,7,3,26,25,20,27,2,3,2,19,9,10,5,15,8,10,27,19,8,7,29,New Orleans Pelicans,14,5,9,0.357,672.0,576,1280,0.45,201,529,0.38,227,311,0.73,163,472,635,326,229.0,116,67,67,312,283,1580,-70.0,14,18,19,20,18,15,16,19,4,7,3,23,23,26,6,20,18,22,21,12,17,14,20,22,16,24
Portland Trail Blazers,Detroit Pistons,107,104,1,1,Portland Trail Blazers,15,5,10,0.333,725.0,632,1399,0.452,194,527,0.368,259,320,0.809,162,538,700,312,196.0,82,91,90,336,300,1717,-25.0,6,18,21,22,8,6,4,16,6,8,12,13,16,6,8,8,6,24,9,29,5,26,26,16,5,19,Detroit Pistons,14,4,10,0.286,672.0,542,1175,0.461,175,461,0.38,233,313,0.744,135,459,594,352,223.0,96,78,71,280,283,1492,-20.0,14,24,21,24,18,21,24,12,11,17,4,21,21,22,23,22,23,12,18,26,12,17,9,22,22,17
Cleveland Cavaliers,Miami Heat,125,119,1,1,Cleveland Cavaliers,15,3,12,0.2,720.0,564,1310,0.431,167,480,0.348,270,341,0.792,152,494,646,304,222.0,119,38,115,268,321,1565,-131.0,6,27,27,28,10,19,13,28,16,11,21,9,14,9,13,16,16,27,16,10,30,30,5,7,17,27,Miami Heat,13,9,4,0.692,624.0,511,1047,0.488,162,411,0.394,245,315,0.778,108,453,561,335,236.0,121,51,41,269,293,1429,75.0,24,10,5,8,26,28,30,2,20,27,2,20,20,14,29,24,26,18,26,8,27,1,6,18,26,10
Philadelphia 76ers,Atlanta Hawks,129,112,1,1,Philadelphia 76ers,16,10,6,0.625,773.0,652,1375,0.474,169,466,0.363,258,342,0.754,150,571,721,424,248.0,129,89,63,341,330,1731,49.0,1,4,12,11,1,4,6,6,14,15,15,14,13,20,15,2,3,1,28,4,6,10,28,3,4,11,Atlanta Hawks,15,2,13,0.133,730.0,601,1346,0.447,157,492,0.319,279,366,0.762,153,470,623,347,270.0,127,69,114,360,332,1638,-222.0,6,30,29,30,6,10,8,21,24,10,29,6,5,18,12,21,21,14,30,5,15,29,30,2,12,30
Washington Wizards,Milwaukee Bucks,134,137,1,0,Washington Wizards,13,5,8,0.385,624.0,585,1227,0.477,164,443,0.37,203,248,0.819,131,408,539,378,189.0,97,48,78,278,255,1537,-45.0,24,18,17,17,26,14,20,5,18,22,9,27,29,3,24,30,28,7,6,24,29,21,8,27,19,21,Milwaukee Bucks,16,15,1,0.938,768.0,705,1463,0.482,216,626,0.345,302,416,0.726,178,654,832,405,240.0,123,100,64,312,359,1928,209.0,1,1,1,1,4,1,1,3,2,2,23,3,2,28,2,1,1,3,27,7,3,12,20,1,1,1
Brooklyn Nets,Orlando Magic,113,115,1,0,Brooklyn Nets,15,9,6,0.6,720.0,601,1342,0.448,194,570,0.34,262,347,0.755,148,539,687,363,229.0,103,78,74,326,312,1658,-18.0,6,10,12,13,10,10,10,20,6,3,26,11,11,19,18,7,8,10,21,17,12,18,24,11,11,16,Orlando Magic,14,5,9,0.357,672.0,526,1219,0.432,135,425,0.318,249,317,0.785,149,480,629,313,194.0,118,96,56,266,277,1436,-30.0,14,18,19,20,18,24,21,27,29,23,30,18,18,12,16,19,20,23,8,11,4,4,4,24,25,20
Houston Rockets,New York Knicks,123,112,1,1,Houston Rockets,15,10,5,0.667,720.0,603,1335,0.452,236,678,0.348,331,431,0.768,161,552,713,304,231.0,132,68,63,328,329,1773,108.0,6,4,9,9,10,9,11,17,1,1,20,1,1,17,9,3,5,27,25,2,16,10,25,5,3,4,New York Knicks,14,3,11,0.214,672.0,521,1217,0.428,159,419,0.379,223,332,0.672,171,446,617,290,200.0,112,59,54,338,275,1424,-106.0,14,27,26,27,18,26,22,29,22,26,5,24,15,30,3,25,22,30,11,14,25,3,27,25,27,26
Dallas Mavericks,Minnesota Timberwolves,139,123,1,1,Dallas Mavericks,14,9,5,0.643,677.0,590,1268,0.465,209,556,0.376,276,351,0.786,154,519,673,345,185.0,90,62,57,282,312,1665,122.0,14,10,9,10,15,13,17,10,3,5,7,7,8,11,10,11,11,15,5,27,23,5,10,11,9,3,Minnesota Timberwolves,14,7,7,0.5,682.0,575,1298,0.443,183,551,0.332,261,352,0.741,154,531,685,339,215.0,107,102,69,314,305,1594,-14.0,14,15,15,15,14,16,14,23,10,6,28,12,7,23,10,10,9,16,14,15,2,16,22,15,13,14
Utah Jazz,Phoenix Suns,111,131,1,0,Utah Jazz,14,8,6,0.571,672.0,531,1196,0.444,173,456,0.379,285,368,0.774,127,519,646,293,207.0,80,64,77,284,308,1520,7.0,14,13,12,14,18,23,23,22,12,19,6,5,3,15,25,11,16,29,13,30,21,19,12,14,21,13,Phoenix Suns,13,5,8,0.385,624.0,532,1145,0.465,171,462,0.37,253,313,0.808,110,423,533,352,179.0,87,50,64,269,311,1488,-14.0,24,18,17,17,26,22,25,11,13,16,10,16,21,7,28,27,29,12,3,28,28,12,6,13,23,14
LA Clippers,Memphis Grizzlies,124,97,1,1,LA Clippers,14,10,4,0.714,677.0,570,1295,0.44,163,476,0.342,286,365,0.784,186,540,726,334,229.0,106,86,77,323,330,1589,97.0,14,4,5,6,15,18,15,25,19,12,24,4,6,13,1,6,2,19,21,16,8,19,23,3,15,7,Memphis Grizzlies,14,4,10,0.286,672.0,593,1264,0.469,158,421,0.375,189,251,0.753,141,490,631,383,225.0,99,70,85,288,251,1533,-101.0,14,24,21,24,18,12,18,8,23,24,8,29,27,21,21,17,19,6,19,21,14,23,13,28,20,25
Indiana Pacers,Charlotte Hornets,119,80,1,1,Indiana Pacers,15,11,4,0.733,730.0,649,1357,0.478,144,398,0.362,220,271,0.812,151,547,698,373,222.0,99,87,67,301,288,1662,107.0,6,3,5,5,6,5,7,4,28,29,16,25,26,5,14,5,7,8,16,21,7,14,18,20,10,5,Charlotte Hornets,16,6,10,0.375,773.0,614,1392,0.441,195,564,0.346,252,344,0.733,167,488,655,373,230.0,113,65,58,298,329,1675,-132.0,1,16,21,19,1,8,5,24,5,4,22,17,12,25,4,18,14,8,24,13,19,7,17,5,8,28
Toronto Raptors,Milwaukee Bucks,97,108,1,0,Toronto Raptors,13,10,3,0.769,624.0,524,1144,0.458,187,467,0.4,214,278,0.77,126,459,585,333,181.0,100,65,86,265,258,1449,106.0,24,4,4,4,26,25,26,14,9,14,1,26,25,16,26,22,24,20,4,20,19,24,3,26,24,6,Milwaukee Bucks,16,15,1,0.938,768.0,705,1463,0.482,216,626,0.345,302,416,0.726,178,654,832,405,240.0,123,100,64,312,359,1928,209.0,1,1,1,1,4,1,1,3,2,2,23,3,2,28,2,1,1,3,27,7,3,12,20,1,1,1
Chicago Bulls,Oklahoma City Thunder,122,124,1,0,Chicago Bulls,15,5,10,0.333,720.0,575,1345,0.428,188,525,0.358,255,348,0.733,163,510,673,355,248.0,149,55,104,351,318,1593,-55.0,6,18,21,22,10,16,9,30,8,9,17,15,9,24,6,14,11,11,28,1,26,28,29,9,14,22,Oklahoma City Thunder,13,6,7,0.462,629.0,515,1095,0.47,146,399,0.366,248,304,0.816,92,418,510,308,174.0,103,66,60,251,287,1424,-23.0,24,16,15,16,24,27,28,7,27,28,13,19,24,4,30,29,30,25,2,17,18,8,2,21,27,18
Denver Nuggets,Detroit Pistons,115,98,1,1,Denver Nuggets,12,10,2,0.833,586.0,497,1091,0.456,124,349,0.355,166,239,0.695,136,445,581,328,168.0,98,61,57,238,244,1284,86.0,30,4,3,3,30,30,29,15,30,30,19,30,30,29,22,26,25,21,1,23,24,5,1,29,30,8,Detroit Pistons,14,4,10,0.286,672.0,542,1175,0.461,175,461,0.38,233,313,0.744,135,459,594,352,223.0,96,78,71,280,283,1492,-20.0,14,24,21,24,18,21,24,12,11,17,4,21,21,22,23,22,23,12,18,26,12,17,9,22,22,17
Los Angeles Lakers,New Orleans Pelicans,118,109,1,1,Los Angeles Lakers,15,14,1,0.933,725.0,654,1334,0.49,169,458,0.369,230,316,0.728,149,519,668,412,226.0,127,110,51,297,298,1707,130.0,6,2,1,2,8,3,12,1,14,18,11,22,19,27,16,11,13,2,20,5,1,2,15,17,6,2,New Orleans Pelicans,14,5,9,0.357,672.0,576,1280,0.45,201,529,0.38,227,311,0.73,163,472,635,326,229.0,116,67,67,312,283,1580,-70.0,14,18,19,20,18,15,16,19,4,7,3,23,23,26,6,20,18,22,21,12,17,14,20,22,16,24
Portland Trail Blazers,Boston Celtics,106,118,1,0,Portland Trail Blazers,15,5,10,0.333,725.0,632,1399,0.452,194,527,0.368,259,320,0.809,162,538,700,312,196.0,82,91,90,336,300,1717,-25.0,6,18,21,22,8,6,4,16,6,8,12,13,16,6,8,8,6,24,9,29,5,26,26,16,5,19,Boston Celtics,14,10,4,0.714,677.0,563,1250,0.45,161,473,0.34,265,318,0.833,146,507,653,337,193.0,131,79,87,283,290,1552,84.0,14,4,5,6,15,20,19,18,21,13,25,10,17,1,20,15,15,17,7,3,11,25,11,19,18,9
Golden State Warriors,Sacramento Kings,94,112,1,0,Golden State Warriors,16,3,13,0.188,773.0,615,1408,0.437,152,452,0.336,306,368,0.832,147,536,683,386,221.0,121,80,93,308,320,1688,-135.0,1,27,29,29,1,7,3,26,25,20,27,2,3,2,19,9,10,5,15,8,10,27,19,8,7,29,Sacramento Kings,13,8,5,0.615,629.0,511,1113,0.459,165,451,0.366,196,249,0.787,123,421,544,308,197.0,102,63,62,293,241,1383,25.0,24,13,9,12,24,28,27,13,17,21,14,28,28,10,27,28,27,25,10,19,22,9,14,30,29,12
Charlotte Hornets,New York Knicks,107,101,1,1,Charlotte Hornets,16,6,10,0.375,773.0,614,1392,0.441,195,564,0.346,252,344,0.733,167,488,655,373,230.0,113,65,58,298,329,1675,-132.0,1,16,21,19,1,8,5,24,5,4,22,17,12,25,4,18,14,8,24,13,19,7,17,5,8,28,New York Knicks,14,3,11,0.214,672.0,521,1217,0.428,159,419,0.379,223,332,0.672,171,446,617,290,200.0,112,59,54,338,275,1424,-106.0,14,27,26,27,18,26,22,29,22,26,5,24,15,30,3,25,22,30,11,14,25,3,27,25,27,26
Cleveland Cavaliers,Philadelphia 76ers,108,94,1,1,Cleveland Cavaliers,15,3,12,0.2,720.0,564,1310,0.431,167,480,0.348,270,341,0.792,152,494,646,304,222.0,119,38,115,268,321,1565,-131.0,6,27,27,28,10,19,13,28,16,11,21,9,14,9,13,16,16,27,16,10,30,30,5,7,17,27,Philadelphia 76ers,16,10,6,0.625,773.0,652,1375,0.474,169,466,0.363,258,342,0.754,150,571,721,424,248.0,129,89,63,341,330,1731,49.0,1,4,12,11,1,4,6,6,14,15,15,14,13,20,15,2,3,1,28,4,6,10,28,3,4,11
Washington Wizards,Brooklyn Nets,110,106,1,1,Washington Wizards,13,5,8,0.385,624.0,585,1227,0.477,164,443,0.37,203,248,0.819,131,408,539,378,189.0,97,48,78,278,255,1537,-45.0,24,18,17,17,26,14,20,5,18,22,9,27,29,3,24,30,28,7,6,24,29,21,8,27,19,21,Brooklyn Nets,15,9,6,0.6,720.0,601,1342,0.448,194,570,0.34,262,347,0.755,148,539,687,363,229.0,103,78,74,326,312,1658,-18.0,6,10,12,13,10,10,10,20,6,3,26,11,11,19,18,7,8,10,21,17,12,18,24,11,11,16
Atlanta Hawks,Orlando Magic,120,130,1,0,Atlanta Hawks,15,2,13,0.133,730.0,601,1346,0.447,157,492,0.319,279,366,0.762,153,470,623,347,270.0,127,69,114,360,332,1638,-222.0,6,30,29,30,6,10,8,21,24,10,29,6,5,18,12,21,21,14,30,5,15,29,30,2,12,30,Orlando Magic,14,5,9,0.357,672.0,526,1219,0.432,135,425,0.318,249,317,0.785,149,480,629,313,194.0,118,96,56,266,277,1436,-30.0,14,18,19,20,18,24,21,27,29,23,30,18,18,12,16,19,20,23,8,11,4,4,4,24,25,20
Miami Heat,Minnesota Timberwolves,126,129,1,0,Miami Heat,13,9,4,0.692,624.0,511,1047,0.488,162,411,0.394,245,315,0.778,108,453,561,335,236.0,121,51,41,269,293,1429,75.0,24,10,5,8,26,28,30,2,20,27,2,20,20,14,29,24,26,18,26,8,27,1,6,18,26,10,Minnesota Timberwolves,14,7,7,0.5,682.0,575,1298,0.443,183,551,0.332,261,352,0.741,154,531,685,339,215.0,107,102,69,314,305,1594,-14.0,14,15,15,15,14,16,14,23,10,6,28,12,7,23,10,10,9,16,14,15,2,16,22,15,13,14
San Antonio Spurs,Dallas Mavericks,103,109,1,0,San Antonio Spurs,16,4,12,0.25,768.0,675,1444,0.467,150,421,0.356,276,348,0.793,166,551,717,394,204.0,97,85,78,297,317,1776,-64.0,1,24,27,26,4,2,2,9,26,24,18,7,9,8,5,4,4,4,12,24,9,21,15,10,2,23,Dallas Mavericks,14,9,5,0.643,677.0,590,1268,0.465,209,556,0.376,276,351,0.786,154,519,673,345,185.0,90,62,57,282,312,1665,122.0,14,10,9,10,15,13,17,10,3,5,7,7,8,11,10,11,11,15,5,27,23,5,10,11,9,3
Houston Rockets,Memphis Grizzlies,140,112,1,1,Houston Rockets,15,10,5,0.667,720.0,603,1335,0.452,236,678,0.348,331,431,0.768,161,552,713,304,231.0,132,68,63,328,329,1773,108.0,6,4,9,9,10,9,11,17,1,1,20,1,1,17,9,3,5,27,25,2,16,10,25,5,3,4,Memphis Grizzlies,14,4,10,0.286,672.0,593,1264,0.469,158,421,0.375,189,251,0.753,141,490,631,383,225.0,99,70,85,288,251,1533,-101.0,14,24,21,24,18,12,18,8,23,24,8,29,27,21,21,17,19,6,19,21,14,23,13,28,20,25
Phoenix Suns,LA Clippers,92,102,1,0,Phoenix Suns,13,5,8,0.385,624.0,532,1145,0.465,171,462,0.37,253,313,0.808,110,423,533,352,179.0,87,50,64,269,311,1488,-14.0,24,18,17,17,26,22,25,11,13,16,10,16,21,7,28,27,29,12,3,28,28,12,6,13,23,14,LA Clippers,14,10,4,0.714,677.0,570,1295,0.44,163,476,0.342,286,365,0.784,186,540,726,334,229.0,106,86,77,323,330,1589,97.0,14,4,5,6,15,18,15,25,19,12,24,4,6,13,1,6,2,19,21,16,8,19,23,3,15,7
Utah Jazz,Boston Celtics,103,114,1,0,Utah Jazz,14,8,6,0.571,672.0,531,1196,0.444,173,456,0.379,285,368,0.774,127,519,646,293,207.0,80,64,77,284,308,1520,7.0,14,13,12,14,18,23,23,22,12,19,6,5,3,15,25,11,16,29,13,30,21,19,12,14,21,13,Boston Celtics,14,10,4,0.714,677.0,563,1250,0.45,161,473,0.34,265,318,0.833,146,507,653,337,193.0,131,79,87,283,290,1552,84.0,14,4,5,6,15,20,19,18,21,13,25,10,17,1,20,15,15,17,7,3,11,25,11,19,18,9
Philadelphia 76ers,New York Knicks,115,106,1,1,Philadelphia 76ers,16,10,6,0.625,773.0,652,1375,0.474,169,466,0.363,258,342,0.754,150,571,721,424,248.0,129,89,63,341,330,1731,49.0,1,4,12,11,1,4,6,6,14,15,15,14,13,20,15,2,3,1,28,4,6,10,28,3,4,11,New York Knicks,14,3,11,0.214,672.0,521,1217,0.428,159,419,0.379,223,332,0.672,171,446,617,290,200.0,112,59,54,338,275,1424,-106.0,14,27,26,27,18,26,22,29,22,26,5,24,15,30,3,25,22,30,11,14,25,3,27,25,27,26
Indiana Pacers,Portland Trail Blazers,106,100,1,1,Indiana Pacers,15,11,4,0.733,730.0,649,1357,0.478,144,398,0.362,220,271,0.812,151,547,698,373,222.0,99,87,67,301,288,1662,107.0,6,3,5,5,6,5,7,4,28,29,16,25,26,5,14,5,7,8,16,21,7,14,18,20,10,5,Portland Trail Blazers,15,5,10,0.333,725.0,632,1399,0.452,194,527,0.368,259,320,0.809,162,538,700,312,196.0,82,91,90,336,300,1717,-25.0,6,18,21,22,8,6,4,16,6,8,12,13,16,6,8,8,6,24,9,29,5,26,26,16,5,19
Oklahoma City Thunder,Sacramento Kings,112,108,1,1,Oklahoma City Thunder,13,6,7,0.462,629.0,515,1095,0.47,146,399,0.366,248,304,0.816,92,418,510,308,174.0,103,66,60,251,287,1424,-23.0,24,16,15,16,24,27,28,7,27,28,13,19,24,4,30,29,30,25,2,17,18,8,2,21,27,18,Sacramento Kings,13,8,5,0.615,629.0,511,1113,0.459,165,451,0.366,196,249,0.787,123,421,544,308,197.0,102,63,62,293,241,1383,25.0,24,13,9,12,24,28,27,13,17,21,14,28,28,10,27,28,27,25,10,19,22,9,14,30,29,12
Golden State Warriors,Los Angeles Lakers,86,116,1,0,Golden State Warriors,16,3,13,0.188,773.0,615,1408,0.437,152,452,0.336,306,368,0.832,147,536,683,386,221.0,121,80,93,308,320,1688,-135.0,1,27,29,29,1,7,3,26,25,20,27,2,3,2,19,9,10,5,15,8,10,27,19,8,7,29,Los Angeles Lakers,15,14,1,0.933,725.0,654,1334,0.49,169,458,0.369,230,316,0.728,149,519,668,412,226.0,127,110,51,297,298,1707,130.0,6,2,1,2,8,3,12,1,14,18,11,22,19,27,16,11,13,2,20,5,1,2,15,17,6,2
Orlando Magic,Minnesota Timberwolves,136,125,1,1,Orlando Magic,14,5,9,0.357,672.0,526,1219,0.432,135,425,0.318,249,317,0.785,149,480,629,313,194.0,118,96,56,266,277,1436,-30.0,14,18,19,20,18,24,21,27,29,23,30,18,18,12,16,19,20,23,8,11,4,4,4,24,25,20,Minnesota Timberwolves,14,7,7,0.5,682.0,575,1298,0.443,183,551,0.332,261,352,0.741,154,531,685,339,215.0,107,102,69,314,305,1594,-14.0,14,15,15,15,14,16,14,23,10,6,28,12,7,23,10,10,9,16,14,15,2,16,22,15,13,14
Atlanta Hawks,Brooklyn Nets,141,118,1,1,Atlanta Hawks,15,2,13,0.133,730.0,601,1346,0.447,157,492,0.319,279,366,0.762,153,470,623,347,270.0,127,69,114,360,332,1638,-222.0,6,30,29,30,6,10,8,21,24,10,29,6,5,18,12,21,21,14,30,5,15,29,30,2,12,30,Brooklyn Nets,15,9,6,0.6,720.0,601,1342,0.448,194,570,0.34,262,347,0.755,148,539,687,363,229.0,103,78,74,326,312,1658,-18.0,6,10,12,13,10,10,10,20,6,3,26,11,11,19,18,7,8,10,21,17,12,18,24,11,11,16
Toronto Raptors,Charlotte Hornets,96,99,1,0,Toronto Raptors,13,10,3,0.769,624.0,524,1144,0.458,187,467,0.4,214,278,0.77,126,459,585,333,181.0,100,65,86,265,258,1449,106.0,24,4,4,4,26,25,26,14,9,14,1,26,25,16,26,22,24,20,4,20,19,24,3,26,24,6,Charlotte Hornets,16,6,10,0.375,773.0,614,1392,0.441,195,564,0.346,252,344,0.733,167,488,655,373,230.0,113,65,58,298,329,1675,-132.0,1,16,21,19,1,8,5,24,5,4,22,17,12,25,4,18,14,8,24,13,19,7,17,5,8,28
Miami Heat,Dallas Mavericks,126,118,1,1,Miami Heat,13,9,4,0.692,624.0,511,1047,0.488,162,411,0.394,245,315,0.778,108,453,561,335,236.0,121,51,41,269,293,1429,75.0,24,10,5,8,26,28,30,2,20,27,2,20,20,14,29,24,26,18,26,8,27,1,6,18,26,10,Dallas Mavericks,14,9,5,0.643,677.0,590,1268,0.465,209,556,0.376,276,351,0.786,154,519,673,345,185.0,90,62,57,282,312,1665,122.0,14,10,9,10,15,13,17,10,3,5,7,7,8,11,10,11,11,15,5,27,23,5,10,11,9,3
Memphis Grizzlies,Sacramento Kings,101,104,1,0,Memphis Grizzlies,14,4,10,0.286,672.0,593,1264,0.469,158,421,0.375,189,251,0.753,141,490,631,383,225.0,99,70,85,288,251,1533,-101.0,14,24,21,24,18,12,18,8,23,24,8,29,27,21,21,17,19,6,19,21,14,23,13,28,20,25,Sacramento Kings,13,8,5,0.615,629.0,511,1113,0.459,165,451,0.366,196,249,0.787,123,421,544,308,197.0,102,63,62,293,241,1383,25.0,24,13,9,12,24,28,27,13,17,21,14,28,28,10,27,28,27,25,10,19,22,9,14,30,29,12
Milwaukee Bucks,Oklahoma City Thunder,133,86,1,1,Milwaukee Bucks,16,15,1,0.938,768.0,705,1463,0.482,216,626,0.345,302,416,0.726,178,654,832,405,240.0,123,100,64,312,359,1928,209.0,1,1,1,1,4,1,1,3,2,2,23,3,2,28,2,1,1,3,27,7,3,12,20,1,1,1,Oklahoma City Thunder,13,6,7,0.462,629.0,515,1095,0.47,146,399,0.366,248,304,0.816,92,418,510,308,174.0,103,66,60,251,287,1424,-23.0,24,16,15,16,24,27,28,7,27,28,13,19,24,4,30,29,30,25,2,17,18,8,2,21,27,18
New Orleans Pelicans,Cleveland Cavaliers,116,104,1,1,New Orleans Pelicans,14,5,9,0.357,672.0,576,1280,0.45,201,529,0.38,227,311,0.73,163,472,635,326,229.0,116,67,67,312,283,1580,-70.0,14,18,19,20,18,15,16,19,4,7,3,23,23,26,6,20,18,22,21,12,17,14,20,22,16,24,Cleveland Cavaliers,15,3,12,0.2,720.0,564,1310,0.431,167,480,0.348,270,341,0.792,152,494,646,304,222.0,119,38,115,268,321,1565,-131.0,6,27,27,28,10,19,13,28,16,11,21,9,14,9,13,16,16,27,16,10,30,30,5,7,17,27
Phoenix Suns,Detroit Pistons,111,113,1,0,Phoenix Suns,13,5,8,0.385,624.0,532,1145,0.465,171,462,0.37,253,313,0.808,110,423,533,352,179.0,87,50,64,269,311,1488,-14.0,24,18,17,17,26,22,25,11,13,16,10,16,21,7,28,27,29,12,3,28,28,12,6,13,23,14,Detroit Pistons,14,4,10,0.286,672.0,542,1175,0.461,175,461,0.38,233,313,0.744,135,459,594,352,223.0,96,78,71,280,283,1492,-20.0,14,24,21,24,18,21,24,12,11,17,4,21,21,22,23,22,23,12,18,26,12,17,9,22,22,17
Utah Jazz,Washington Wizards,129,119,1,1,Utah Jazz,14,8,6,0.571,672.0,531,1196,0.444,173,456,0.379,285,368,0.774,127,519,646,293,207.0,80,64,77,284,308,1520,7.0,14,13,12,14,18,23,23,22,12,19,6,5,3,15,25,11,16,29,13,30,21,19,12,14,21,13,Washington Wizards,13,5,8,0.385,624.0,585,1227,0.477,164,443,0.37,203,248,0.819,131,408,539,378,189.0,97,48,78,278,255,1537,-45.0,24,18,17,17,26,14,20,5,18,22,9,27,29,3,24,30,28,7,6,24,29,21,8,27,19,21
LA Clippers,Denver Nuggets,132,103,1,1,LA Clippers,14,10,4,0.714,677.0,570,1295,0.44,163,476,0.342,286,365,0.784,186,540,726,334,229.0,106,86,77,323,330,1589,97.0,14,4,5,6,15,18,15,25,19,12,24,4,6,13,1,6,2,19,21,16,8,19,23,3,15,7,Denver Nuggets,12,10,2,0.833,586.0,497,1091,0.456,124,349,0.355,166,239,0.695,136,445,581,328,168.0,98,61,57,238,244,1284,86.0,30,4,3,3,30,30,29,15,30,30,19,30,30,29,22,26,25,21,1,23,24,5,1,29,30,8
New York Knicks,Chicago Bulls,125,115,1,1,New York Knicks,14,3,11,0.214,672.0,521,1217,0.428,159,419,0.379,223,332,0.672,171,446,617,290,200.0,112,59,54,338,275,1424,-106.0,14,27,26,27,18,26,22,29,22,26,5,24,15,30,3,25,22,30,11,14,25,3,27,25,27,26,Chicago Bulls,15,5,10,0.333,720.0,575,1345,0.428,188,525,0.358,255,348,0.733,163,510,673,355,248.0,149,55,104,351,318,1593,-55.0,6,18,21,22,10,16,9,30,8,9,17,15,9,24,6,14,11,11,28,1,26,28,29,9,14,22
Atlanta Hawks,Portland Trail Blazers,129,117,1,1,Atlanta Hawks,15,2,13,0.133,730.0,601,1346,0.447,157,492,0.319,279,366,0.762,153,470,623,347,270.0,127,69,114,360,332,1638,-222.0,6,30,29,30,6,10,8,21,24,10,29,6,5,18,12,21,21,14,30,5,15,29,30,2,12,30,Portland Trail Blazers,15,5,10,0.333,725.0,632,1399,0.452,194,527,0.368,259,320,0.809,162,538,700,312,196.0,82,91,90,336,300,1717,-25.0,6,18,21,22,8,6,4,16,6,8,12,13,16,6,8,8,6,24,9,29,5,26,26,16,5,19
Miami Heat,Brooklyn Nets,116,113,1,1,Miami Heat,13,9,4,0.692,624.0,511,1047,0.488,162,411,0.394,245,315,0.778,108,453,561,335,236.0,121,51,41,269,293,1429,75.0,24,10,5,8,26,28,30,2,20,27,2,20,20,14,29,24,26,18,26,8,27,1,6,18,26,10,Brooklyn Nets,15,9,6,0.6,720.0,601,1342,0.448,194,570,0.34,262,347,0.755,148,539,687,363,229.0,103,78,74,326,312,1658,-18.0,6,10,12,13,10,10,10,20,6,3,26,11,11,19,18,7,8,10,21,17,12,18,24,11,11,16
Cleveland Cavaliers,Indiana Pacers,104,113,1,0,Cleveland Cavaliers,15,3,12,0.2,720.0,564,1310,0.431,167,480,0.348,270,341,0.792,152,494,646,304,222.0,119,38,115,268,321,1565,-131.0,6,27,27,28,10,19,13,28,16,11,21,9,14,9,13,16,16,27,16,10,30,30,5,7,17,27,Indiana Pacers,15,11,4,0.733,730.0,649,1357,0.478,144,398,0.362,220,271,0.812,151,547,698,373,222.0,99,87,67,301,288,1662,107.0,6,3,5,5,6,5,7,4,28,29,16,25,26,5,14,5,7,8,16,21,7,14,18,20,10,5
Memphis Grizzlies,Los Angeles Lakers,105,88,1,1,Memphis Grizzlies,14,4,10,0.286,672.0,593,1264,0.469,158,421,0.375,189,251,0.753,141,490,631,383,225.0,99,70,85,288,251,1533,-101.0,14,24,21,24,18,12,18,8,23,24,8,29,27,21,21,17,19,6,19,21,14,23,13,28,20,25,Los Angeles Lakers,15,14,1,0.933,725.0,654,1334,0.49,169,458,0.369,230,316,0.728,149,519,668,412,226.0,127,110,51,297,298,1707,130.0,6,2,1,2,8,3,12,1,14,18,11,22,19,27,16,11,13,2,20,5,1,2,15,17,6,2
Boston Celtics,Houston Rockets,110,111,1,0,Boston Celtics,14,10,4,0.714,677.0,563,1250,0.45,161,473,0.34,265,318,0.833,146,507,653,337,193.0,131,79,87,283,290,1552,84.0,14,4,5,6,15,20,19,18,21,13,25,10,17,1,20,15,15,17,7,3,11,25,11,19,18,9,Houston Rockets,15,10,5,0.667,720.0,603,1335,0.452,236,678,0.348,331,431,0.768,161,552,713,304,231.0,132,68,63,328,329,1773,108.0,6,4,9,9,10,9,11,17,1,1,20,1,1,17,9,3,5,27,25,2,16,10,25,5,3,4
San Antonio Spurs,Orlando Magic,114,113,1,1,San Antonio Spurs,16,4,12,0.25,768.0,675,1444,0.467,150,421,0.356,276,348,0.793,166,551,717,394,204.0,97,85,78,297,317,1776,-64.0,1,24,27,26,4,2,2,9,26,24,18,7,9,8,5,4,4,4,12,24,9,21,15,10,2,23,Orlando Magic,14,5,9,0.357,672.0,526,1219,0.432,135,425,0.318,249,317,0.785,149,480,629,313,194.0,118,96,56,266,277,1436,-30.0,14,18,19,20,18,24,21,27,29,23,30,18,18,12,16,19,20,23,8,11,4,4,4,24,25,20
Phoenix Suns,Golden State Warriors,99,115,1,0,Phoenix Suns,13,5,8,0.385,624.0,532,1145,0.465,171,462,0.37,253,313,0.808,110,423,533,352,179.0,87,50,64,269,311,1488,-14.0,24,18,17,17,26,22,25,11,13,16,10,16,21,7,28,27,29,12,3,28,28,12,6,13,23,14,Golden State Warriors,16,3,13,0.188,773.0,615,1408,0.437,152,452,0.336,306,368,0.832,147,536,683,386,221.0,121,80,93,308,320,1688,-135.0,1,27,29,29,1,7,3,26,25,20,27,2,3,2,19,9,10,5,15,8,10,27,19,8,7,29
Charlotte Hornets,Milwaukee Bucks,85,93,1,0,Charlotte Hornets,15,5,10,0.333,725.0,543,1299,0.418,174,517,0.337,262,352,0.744,182,490,672,354,212.0,104,75,88,304,321,1522,-71.0,6,21,23,23,12,26,18,30,16,10,23,10,7,23,1,21,13,15,13,19,14,26,21,7,23,24,Milwaukee Bucks,15,13,2,0.867,720.0,664,1352,0.491,212,550,0.385,249,334,0.746,150,633,783,408,228.0,129,95,84,267,295,1789,248.0,6,1,1,1,16,4,10,1,3,5,3,13,13,22,18,1,1,5,24,6,4,24,6,14,2,1
Minnesota Timberwolves,Dallas Mavericks,91,111,1,0,Minnesota Timberwolves,14,2,12,0.143,692.0,538,1272,0.423,168,532,0.316,295,375,0.787,157,466,623,278,210.0,120,81,78,297,314,1539,-109.0,20,30,29,30,20,28,20,29,18,8,28,6,5,11,14,27,26,29,12,14,8,20,15,10,22,27,Dallas Mavericks,15,9,6,0.6,725.0,607,1350,0.45,238,649,0.367,263,331,0.795,168,562,730,367,194.0,102,69,59,283,287,1715,111.0,6,9,11,11,12,12,11,19,1,1,10,8,16,9,7,4,4,10,8,20,20,3,8,18,9,4
LA Clippers,Philadelphia 76ers,136,130,1,1,LA Clippers,15,10,5,0.667,720.0,622,1348,0.461,183,490,0.373,324,405,0.8,160,539,699,343,223.0,127,61,75,302,342,1751,113.0,6,4,5,5,16,9,12,11,11,17,7,2,3,5,12,7,8,18,18,8,24,14,19,2,7,3,Philadelphia 76ers,16,9,7,0.563,773.0,668,1418,0.471,184,490,0.376,247,334,0.74,170,567,737,427,225.0,129,93,65,318,315,1767,56.0,1,9,13,13,3,2,3,8,9,17,4,14,13,25,4,2,2,4,20,6,5,6,25,9,5,7
Denver Nuggets,Toronto Raptors,133,118,1,1,Denver Nuggets,16,10,6,0.625,768.0,668,1419,0.471,176,493,0.357,243,304,0.799,176,501,677,435,218.0,127,66,76,298,309,1755,56.0,1,4,11,10,4,2,2,9,15,16,16,17,20,7,2,16,11,3,15,8,22,17,16,11,6,7,Toronto Raptors,16,9,7,0.563,778.0,627,1410,0.445,198,563,0.352,317,393,0.807,170,565,735,399,240.0,147,91,70,333,323,1769,36.0,1,9,13,13,2,8,5,20,5,4,19,4,4,4,4,3,3,6,29,1,6,10,28,6,4,11
Sacramento Kings,Detroit Pistons,106,100,1,1,Sacramento Kings,16,4,12,0.25,783.0,643,1412,0.455,183,541,0.338,223,288,0.774,168,514,682,354,231.0,114,69,71,327,283,1692,-55.0,1,27,29,28,1,5,4,17,11,7,22,24,25,16,7,14,10,15,27,16,20,11,26,20,12,21,Detroit Pistons,15,6,9,0.4,720.0,611,1312,0.466,184,509,0.361,244,336,0.726,146,486,632,369,226.0,121,63,93,261,290,1650,-47.0,6,18,20,20,16,11,16,10,9,11,14,16,11,28,19,23,23,9,23,13,23,29,4,17,13,20
New Orleans Pelicans,Los Angeles Lakers,114,122,1,0,New Orleans Pelicans,15,5,10,0.333,730.0,603,1376,0.438,203,573,0.354,222,301,0.738,158,539,697,366,223.0,102,72,68,307,278,1631,-58.0,6,21,23,23,7,14,8,24,4,3,18,25,22,26,13,7,9,11,18,20,17,8,23,21,15,22,Los Angeles Lakers,14,9,5,0.643,672.0,585,1217,0.481,150,441,0.34,246,338,0.728,151,487,638,355,217.0,123,96,63,299,304,1566,59.0,20,9,5,8,25,17,26,5,24,27,21,15,9,27,17,22,21,14,14,12,3,5,17,12,18,6
Golden State Warriors,Washington Wizards,110,124,1,0,Golden State Warriors,15,5,10,0.333,730.0,577,1328,0.434,149,427,0.349,258,333,0.775,170,496,666,357,225.0,130,79,77,299,296,1561,-81.0,6,21,23,23,7,19,14,26,25,29,20,11,15,15,4,18,15,13,20,5,11,18,17,13,19,25,Washington Wizards,15,4,11,0.267,725.0,606,1365,0.444,182,502,0.363,324,420,0.771,164,462,626,366,190.0,132,60,75,342,345,1718,-96.0,6,27,27,27,12,13,9,21,13,13,13,2,1,18,9,29,24,11,7,3,25,14,29,1,8,26
Cleveland Cavaliers,Utah Jazz,113,126,1,0,Cleveland Cavaliers,14,5,9,0.357,677.0,563,1236,0.456,147,447,0.329,181,253,0.715,153,472,625,310,252.0,97,56,97,235,259,1454,-157.0,20,21,20,21,22,22,24,15,27,25,24,30,29,29,16,26,25,23,30,25,27,30,2,28,28,30,Utah Jazz,14,9,5,0.643,672.0,564,1173,0.481,182,453,0.402,230,302,0.762,125,517,642,316,229.0,80,52,66,290,292,1540,23.0,20,9,5,8,25,21,28,4,13,21,1,22,21,20,28,12,18,22,26,29,28,7,12,16,21,13
New York Knicks,Houston Rockets,125,123,1,1,New York Knicks,14,5,9,0.357,677.0,551,1272,0.433,140,447,0.313,239,335,0.713,163,506,669,306,186.0,100,72,80,305,272,1481,-121.0,20,21,20,21,22,24,20,27,28,25,29,20,12,30,10,15,14,26,5,22,17,21,22,22,25,28,Houston Rockets,15,10,5,0.667,730.0,638,1386,0.46,236,648,0.364,263,337,0.78,174,530,704,322,218.0,118,80,75,312,295,1775,73.0,6,4,5,5,7,6,6,12,2,2,11,8,10,14,3,10,7,20,15,15,9,14,24,14,3,5
Orlando Magic,Portland Trail Blazers,107,130,1,0,Orlando Magic,15,7,8,0.467,720.0,585,1328,0.441,163,451,0.361,243,328,0.741,141,496,637,352,183.0,126,97,71,258,285,1576,-40.0,6,15,17,17,16,17,14,23,23,23,15,17,17,24,23,18,22,17,3,10,2,11,3,19,17,19,Portland Trail Blazers,14,6,8,0.429,672.0,572,1258,0.455,169,465,0.363,243,292,0.832,142,497,639,274,184.0,84,102,68,302,265,1556,-26.0,20,18,17,19,25,20,23,18,17,20,12,17,24,1,22,17,20,30,4,28,1,8,19,24,20,18
Atlanta Hawks,Memphis Grizzlies,88,127,1,0,Atlanta Hawks,14,3,11,0.214,677.0,555,1275,0.435,168,528,0.318,209,270,0.774,127,466,593,320,228.0,113,74,77,289,261,1487,-129.0,20,29,27,29,22,23,19,25,18,9,26,27,26,17,27,27,28,21,24,17,16,18,11,27,24,29,Memphis Grizzlies,16,8,8,0.5,768.0,681,1444,0.472,195,548,0.356,258,326,0.791,157,556,713,442,239.0,132,80,80,346,318,1815,-20.0,1,14,17,15,4,1,1,7,6,6,17,11,18,10,14,6,5,1,28,3,9,21,30,8,1,17
Miami Heat,Milwaukee Bucks,105,89,1,1,Miami Heat,15,11,4,0.733,745.0,593,1302,0.455,188,502,0.375,328,417,0.787,146,561,707,370,205.0,93,52,73,294,335,1702,23.0,6,2,3,3,6,16,17,16,7,13,5,1,2,12,19,5,6,8,10,26,28,13,14,5,11,13,Milwaukee Bucks,15,13,2,0.867,720.0,664,1352,0.491,212,550,0.385,249,334,0.746,150,633,783,408,228.0,129,95,84,267,295,1789,248.0,6,1,1,1,16,4,10,1,3,5,3,13,13,22,18,1,1,5,24,6,4,24,6,14,2,1
Chicago Bulls,Dallas Mavericks,109,107,1,1,Chicago Bulls,14,7,7,0.5,682.0,539,1221,0.441,186,497,0.374,216,267,0.809,133,478,611,327,225.0,142,71,84,293,264,1480,49.0,20,15,13,15,21,27,25,22,8,15,6,26,27,2,25,24,27,19,20,2,19,24,13,26,26,10,Dallas Mavericks,15,9,6,0.6,725.0,607,1350,0.45,238,649,0.367,263,331,0.795,168,562,730,367,194.0,102,69,59,283,287,1715,111.0,6,9,11,11,12,12,11,19,1,1,10,8,16,9,7,4,4,10,8,20,20,3,8,18,9,4
San Antonio Spurs,Indiana Pacers,111,116,1,0,San Antonio Spurs,12,7,5,0.583,606.0,535,1112,0.481,134,347,0.386,194,253,0.767,95,473,568,309,161.0,100,79,48,230,228,1398,6.0,30,15,5,12,30,29,30,3,30,30,2,29,29,19,30,25,30,25,1,22,11,1,1,30,30,15,Indiana Pacers,15,10,5,0.667,725.0,613,1332,0.46,168,453,0.371,231,294,0.786,124,516,640,397,177.0,100,75,81,284,269,1625,29.0,6,4,5,5,12,10,13,13,18,21,9,21,23,13,29,13,19,7,2,22,14,23,9,23,16,12
Charlotte Hornets,San Antonio Spurs,103,104,1,0,Charlotte Hornets,15,5,10,0.333,725.0,543,1299,0.418,174,517,0.337,262,352,0.744,182,490,672,354,212.0,104,75,88,304,321,1522,-71.0,6,21,23,23,12,26,18,30,16,10,23,10,7,23,1,21,13,15,13,19,14,26,21,7,23,24,San Antonio Spurs,12,7,5,0.583,606.0,535,1112,0.481,134,347,0.386,194,253,0.767,95,473,568,309,161.0,100,79,48,230,228,1398,6.0,30,15,5,12,30,29,30,3,30,30,2,29,29,19,30,25,30,25,1,22,11,1,1,30,30,15
Boston Celtics,Brooklyn Nets,120,129,1,0,Boston Celtics,13,10,3,0.769,624.0,546,1132,0.482,168,451,0.373,204,255,0.8,136,442,578,297,187.0,88,88,60,284,244,1464,134.0,28,4,2,2,29,25,29,2,18,23,8,28,28,5,24,30,29,28,6,27,7,4,9,29,27,2,Brooklyn Nets,13,6,7,0.462,634.0,511,1198,0.427,149,482,0.309,230,305,0.754,143,534,677,303,198.0,80,59,89,261,265,1401,1.0,28,18,13,18,28,30,27,28,25,19,30,22,19,21,21,9,11,27,9,29,26,27,4,24,29,16
New Orleans Pelicans,Minnesota Timberwolves,134,139,1,0,New Orleans Pelicans,15,5,10,0.333,730.0,603,1376,0.438,203,573,0.354,222,301,0.738,158,539,697,366,223.0,102,72,68,307,278,1631,-58.0,6,21,23,23,7,14,8,24,4,3,18,25,22,26,13,7,9,11,18,20,17,8,23,21,15,22,Minnesota Timberwolves,14,2,12,0.143,692.0,538,1272,0.423,168,532,0.316,295,375,0.787,157,466,623,278,210.0,120,81,78,297,314,1539,-109.0,20,30,29,30,20,28,20,29,18,8,28,6,5,11,14,27,26,29,12,14,8,20,15,10,22,27
Oklahoma City Thunder,LA Clippers,94,109,1,0,Oklahoma City Thunder,15,11,4,0.733,730.0,602,1270,0.474,136,428,0.318,297,368,0.807,133,519,652,310,205.0,112,79,56,280,341,1637,51.0,6,2,3,3,7,15,22,6,29,28,27,5,6,3,25,11,17,23,10,18,11,2,7,3,14,9,LA Clippers,15,10,5,0.667,720.0,622,1348,0.461,183,490,0.373,324,405,0.8,160,539,699,343,223.0,127,61,75,302,342,1751,113.0,6,4,5,5,16,9,12,11,11,17,7,2,3,5,12,7,8,18,18,8,24,14,19,2,7,3
Denver Nuggets,Golden State Warriors,100,116,1,0,Denver Nuggets,16,10,6,0.625,768.0,668,1419,0.471,176,493,0.357,243,304,0.799,176,501,677,435,218.0,127,66,76,298,309,1755,56.0,1,4,11,10,4,2,2,9,15,16,16,17,20,7,2,16,11,3,15,8,22,17,16,11,6,7,Golden State Warriors,15,5,10,0.333,730.0,577,1328,0.434,149,427,0.349,258,333,0.775,170,496,666,357,225.0,130,79,77,299,296,1561,-81.0,6,21,23,23,7,19,14,26,25,29,20,11,15,15,4,18,15,13,20,5,11,18,17,13,19,25
Phoenix Suns,Toronto Raptors,114,123,1,0,Phoenix Suns,15,5,10,0.333,730.0,634,1379,0.46,167,508,0.329,271,341,0.795,161,495,656,437,222.0,126,50,89,331,336,1706,-58.0,6,21,23,23,7,7,7,14,22,12,25,7,8,8,11,20,16,2,17,10,30,27,27,4,10,22,Toronto Raptors,16,9,7,0.563,778.0,627,1410,0.445,198,563,0.352,317,393,0.807,170,565,735,399,240.0,147,91,70,333,323,1769,36.0,1,9,13,13,2,8,5,20,5,4,19,4,4,4,4,3,3,6,29,1,6,10,28,6,4,11
Los Angeles Lakers,Philadelphia 76ers,120,107,1,1,Los Angeles Lakers,14,9,5,0.643,672.0,585,1217,0.481,150,441,0.34,246,338,0.728,151,487,638,355,217.0,123,96,63,299,304,1566,59.0,20,9,5,8,25,17,26,5,24,27,21,15,9,27,17,22,21,14,14,12,3,5,17,12,18,6,Philadelphia 76ers,16,9,7,0.563,773.0,668,1418,0.471,184,490,0.376,247,334,0.74,170,567,737,427,225.0,129,93,65,318,315,1767,56.0,1,9,13,13,3,2,3,8,9,17,4,14,13,25,4,2,2,4,20,6,5,6,25,9,5,7
Sacramento Kings,Washington Wizards,133,126,1,1,Sacramento Kings,16,4,12,0.25,783.0,643,1412,0.455,183,541,0.338,223,288,0.774,168,514,682,354,231.0,114,69,71,327,283,1692,-55.0,1,27,29,28,1,5,4,17,11,7,22,24,25,16,7,14,10,15,27,16,20,11,26,20,12,21,Washington Wizards,15,4,11,0.267,725.0,606,1365,0.444,182,502,0.363,324,420,0.771,164,462,626,366,190.0,132,60,75,342,345,1718,-96.0,6,27,27,27,12,13,9,21,13,13,13,2,1,18,9,29,24,11,7,3,25,14,29,1,8,26
Cleveland Cavaliers,Boston Celtics,106,112,1,0,Cleveland Cavaliers,14,5,9,0.357,677.0,563,1236,0.456,147,447,0.329,181,253,0.715,153,472,625,310,252.0,97,56,97,235,259,1454,-157.0,20,21,20,21,22,22,24,15,27,25,24,30,29,29,16,26,25,23,30,25,27,30,2,28,28,30,Boston Celtics,13,10,3,0.769,624.0,546,1132,0.482,168,451,0.373,204,255,0.8,136,442,578,297,187.0,88,88,60,284,244,1464,134.0,28,4,2,2,29,25,29,2,18,23,8,28,28,5,24,30,29,28,6,27,7,4,9,29,27,2
Detroit Pistons,Oklahoma City Thunder,107,114,1,0,Detroit Pistons,15,6,9,0.4,720.0,611,1312,0.466,184,509,0.361,244,336,0.726,146,486,632,369,226.0,121,63,93,261,290,1650,-47.0,6,18,20,20,16,11,16,10,9,11,14,16,11,28,19,23,23,9,23,13,23,29,4,17,13,20,Oklahoma City Thunder,15,11,4,0.733,730.0,602,1270,0.474,136,428,0.318,297,368,0.807,133,519,652,310,205.0,112,79,56,280,341,1637,51.0,6,2,3,3,7,15,22,6,29,28,27,5,6,3,25,11,17,23,10,18,11,2,7,3,14,9
Miami Heat,Orlando Magic,116,113,1,1,Miami Heat,15,11,4,0.733,745.0,593,1302,0.455,188,502,0.375,328,417,0.787,146,561,707,370,205.0,93,52,73,294,335,1702,23.0,6,2,3,3,6,16,17,16,7,13,5,1,2,12,19,5,6,8,10,26,28,13,14,5,11,13,Orlando Magic,15,7,8,0.467,720.0,585,1328,0.441,163,451,0.361,243,328,0.741,141,496,637,352,183.0,126,97,71,258,285,1576,-40.0,6,15,17,17,16,17,14,23,23,23,15,17,17,24,23,18,22,17,3,10,2,11,3,19,17,19
Brooklyn Nets,Memphis Grizzlies,79,118,1,0,Brooklyn Nets,13,6,7,0.462,634.0,511,1198,0.427,149,482,0.309,230,305,0.754,143,534,677,303,198.0,80,59,89,261,265,1401,1.0,28,18,13,18,28,30,27,28,25,19,30,22,19,21,21,9,11,27,9,29,26,27,4,24,29,16,Memphis Grizzlies,16,8,8,0.5,768.0,681,1444,0.472,195,548,0.356,258,326,0.791,157,556,713,442,239.0,132,80,80,346,318,1815,-20.0,1,14,17,15,4,1,1,7,6,6,17,11,18,10,14,6,5,1,28,3,9,21,30,8,1,17
New York Knicks,Utah Jazz,104,112,1,0,New York Knicks,14,5,9,0.357,677.0,551,1272,0.433,140,447,0.313,239,335,0.713,163,506,669,306,186.0,100,72,80,305,272,1481,-121.0,20,21,20,21,22,24,20,27,28,25,29,20,12,30,10,15,14,26,5,22,17,21,22,22,25,28,Utah Jazz,14,9,5,0.643,672.0,564,1173,0.481,182,453,0.402,230,302,0.762,125,517,642,316,229.0,80,52,66,290,292,1540,23.0,20,9,5,8,25,21,28,4,13,21,1,22,21,20,28,12,18,22,26,29,28,7,12,16,21,13
Minnesota Timberwolves,Chicago Bulls,115,108,1,1,Minnesota Timberwolves,14,2,12,0.143,692.0,538,1272,0.423,168,532,0.316,295,375,0.787,157,466,623,278,210.0,120,81,78,297,314,1539,-109.0,20,30,29,30,20,28,20,29,18,8,28,6,5,11,14,27,26,29,12,14,8,20,15,10,22,27,Chicago Bulls,14,7,7,0.5,682.0,539,1221,0.441,186,497,0.374,216,267,0.809,133,478,611,327,225.0,142,71,84,293,264,1480,49.0,20,15,13,15,21,27,25,22,8,15,6,26,27,2,25,24,27,19,20,2,19,24,13,26,26,10
Dallas Mavericks,New Orleans Pelicans,127,123,1,1,Dallas Mavericks,15,9,6,0.6,725.0,607,1350,0.45,238,649,0.367,263,331,0.795,168,562,730,367,194.0,102,69,59,283,287,1715,111.0,6,9,11,11,12,12,11,19,1,1,10,8,16,9,7,4,4,10,8,20,20,3,8,18,9,4,New Orleans Pelicans,15,5,10,0.333,730.0,603,1376,0.438,203,573,0.354,222,301,0.738,158,539,697,366,223.0,102,72,68,307,278,1631,-58.0,6,21,23,23,7,14,8,24,4,3,18,25,22,26,13,7,9,11,18,20,17,8,23,21,15,22
Milwaukee Bucks,Indiana Pacers,119,100,1,1,Milwaukee Bucks,15,13,2,0.867,720.0,664,1352,0.491,212,550,0.385,249,334,0.746,150,633,783,408,228.0,129,95,84,267,295,1789,248.0,6,1,1,1,16,4,10,1,3,5,3,13,13,22,18,1,1,5,24,6,4,24,6,14,2,1,Indiana Pacers,15,10,5,0.667,725.0,613,1332,0.46,168,453,0.371,231,294,0.786,124,516,640,397,177.0,100,75,81,284,269,1625,29.0,6,4,5,5,12,10,13,13,18,21,9,21,23,13,29,13,19,7,2,22,14,23,9,23,16,12
Portland Trail Blazers,Washington Wizards,125,104,1,1,Portland Trail Blazers,14,6,8,0.429,672.0,572,1258,0.455,169,465,0.363,243,292,0.832,142,497,639,274,184.0,84,102,68,302,265,1556,-26.0,20,18,17,19,25,20,23,18,17,20,12,17,24,1,22,17,20,30,4,28,1,8,19,24,20,18,Washington Wizards,15,4,11,0.267,725.0,606,1365,0.444,182,502,0.363,324,420,0.771,164,462,626,366,190.0,132,60,75,342,345,1718,-96.0,6,27,27,27,12,13,9,21,13,13,13,2,1,18,9,29,24,11,7,3,25,14,29,1,8,26
Charlotte Hornets,Denver Nuggets,112,114,1,0,Charlotte Hornets,15,5,10,0.333,725.0,543,1299,0.418,174,517,0.337,262,352,0.744,182,490,672,354,212.0,104,75,88,304,321,1522,-71.0,6,21,23,23,12,26,18,30,16,10,23,10,7,23,1,21,13,15,13,19,14,26,21,7,23,24,Denver Nuggets,16,10,6,0.625,768.0,668,1419,0.471,176,493,0.357,243,304,0.799,176,501,677,435,218.0,127,66,76,298,309,1755,56.0,1,4,11,10,4,2,2,9,15,16,16,17,20,7,2,16,11,3,15,8,22,17,16,11,6,7
Houston Rockets,LA Clippers,105,120,1,0,Houston Rockets,15,10,5,0.667,730.0,638,1386,0.46,236,648,0.364,263,337,0.78,174,530,704,322,218.0,118,80,75,312,295,1775,73.0,6,4,5,5,7,6,6,12,2,2,11,8,10,14,3,10,7,20,15,15,9,14,24,14,3,5,LA Clippers,15,10,5,0.667,720.0,622,1348,0.461,183,490,0.373,324,405,0.8,160,539,699,343,223.0,127,61,75,302,342,1751,113.0,6,4,5,5,16,9,12,11,11,17,7,2,3,5,12,7,8,18,18,8,24,14,19,2,7,3
Sacramento Kings,Philadelphia 76ers,108,125,1,0,Sacramento Kings,16,4,12,0.25,783.0,643,1412,0.455,183,541,0.338,223,288,0.774,168,514,682,354,231.0,114,69,71,327,283,1692,-55.0,1,27,29,28,1,5,4,17,11,7,22,24,25,16,7,14,10,15,27,16,20,11,26,20,12,21,Philadelphia 76ers,16,9,7,0.563,773.0,668,1418,0.471,184,490,0.376,247,334,0.74,170,567,737,427,225.0,129,93,65,318,315,1767,56.0,1,9,13,13,3,2,3,8,9,17,4,14,13,25,4,2,2,4,20,6,5,6,25,9,5,7
Golden State Warriors,Toronto Raptors,113,121,1,0,Golden State Warriors,15,5,10,0.333,730.0,577,1328,0.434,149,427,0.349,258,333,0.775,170,496,666,357,225.0,130,79,77,299,296,1561,-81.0,6,21,23,23,7,19,14,26,25,29,20,11,15,15,4,18,15,13,20,5,11,18,17,13,19,25,Toronto Raptors,16,9,7,0.563,778.0,627,1410,0.445,198,563,0.352,317,393,0.807,170,565,735,399,240.0,147,91,70,333,323,1769,36.0,1,9,13,13,2,8,5,20,5,4,19,4,4,4,4,3,3,6,29,1,6,10,28,6,4,11
Washington Wizards,Atlanta Hawks,118,112,1,1,Washington Wizards,15,4,11,0.267,725.0,606,1365,0.444,182,502,0.363,324,420,0.771,164,462,626,366,190.0,132,60,75,342,345,1718,-96.0,6,27,27,27,12,13,9,21,13,13,13,2,1,18,9,29,24,11,7,3,25,14,29,1,8,26,Atlanta Hawks,14,3,11,0.214,677.0,555,1275,0.435,168,528,0.318,209,270,0.774,127,466,593,320,228.0,113,74,77,289,261,1487,-129.0,20,29,27,29,22,23,19,25,18,9,26,27,26,17,27,27,28,21,24,17,16,18,11,27,24,29
Brooklyn Nets,San Antonio Spurs,139,120,1,1,Brooklyn Nets,13,6,7,0.462,634.0,511,1198,0.427,149,482,0.309,230,305,0.754,143,534,677,303,198.0,80,59,89,261,265,1401,1.0,28,18,13,18,28,30,27,28,25,19,30,22,19,21,21,9,11,27,9,29,26,27,4,24,29,16,San Antonio Spurs,12,7,5,0.583,606.0,535,1112,0.481,134,347,0.386,194,253,0.767,95,473,568,309,161.0,100,79,48,230,228,1398,6.0,30,15,5,12,30,29,30,3,30,30,2,29,29,19,30,25,30,25,1,22,11,1,1,30,30,15
New York Knicks,Oklahoma City Thunder,103,126,1,0,New York Knicks,14,5,9,0.357,677.0,551,1272,0.433,140,447,0.313,239,335,0.713,163,506,669,306,186.0,100,72,80,305,272,1481,-121.0,20,21,20,21,22,24,20,27,28,25,29,20,12,30,10,15,14,26,5,22,17,21,22,22,25,28,Oklahoma City Thunder,15,11,4,0.733,730.0,602,1270,0.474,136,428,0.318,297,368,0.807,133,519,652,310,205.0,112,79,56,280,341,1637,51.0,6,2,3,3,7,15,22,6,29,28,27,5,6,3,25,11,17,23,10,18,11,2,7,3,14,9
Boston Celtics,Utah Jazz,94,99,1,0,Boston Celtics,13,10,3,0.769,624.0,546,1132,0.482,168,451,0.373,204,255,0.8,136,442,578,297,187.0,88,88,60,284,244,1464,134.0,28,4,2,2,29,25,29,2,18,23,8,28,28,5,24,30,29,28,6,27,7,4,9,29,27,2,Utah Jazz,14,9,5,0.643,672.0,564,1173,0.481,182,453,0.402,230,302,0.762,125,517,642,316,229.0,80,52,66,290,292,1540,23.0,20,9,5,8,25,21,28,4,13,21,1,22,21,20,28,12,18,22,26,29,28,7,12,16,21,13
Chicago Bulls,Indiana Pacers,102,108,1,0,Chicago Bulls,14,7,7,0.5,682.0,539,1221,0.441,186,497,0.374,216,267,0.809,133,478,611,327,225.0,142,71,84,293,264,1480,49.0,20,15,13,15,21,27,25,22,8,15,6,26,27,2,25,24,27,19,20,2,19,24,13,26,26,10,Indiana Pacers,15,10,5,0.667,725.0,613,1332,0.46,168,453,0.371,231,294,0.786,124,516,640,397,177.0,100,75,81,284,269,1625,29.0,6,4,5,5,12,10,13,13,18,21,9,21,23,13,29,13,19,7,2,22,14,23,9,23,16,12
Minnesota Timberwolves,Orlando Magic,118,132,1,0,Minnesota Timberwolves,14,2,12,0.143,692.0,538,1272,0.423,168,532,0.316,295,375,0.787,157,466,623,278,210.0,120,81,78,297,314,1539,-109.0,20,30,29,30,20,28,20,29,18,8,28,6,5,11,14,27,26,29,12,14,8,20,15,10,22,27,Orlando Magic,15,7,8,0.467,720.0,585,1328,0.441,163,451,0.361,243,328,0.741,141,496,637,352,183.0,126,97,71,258,285,1576,-40.0,6,15,17,17,16,17,14,23,23,23,15,17,17,24,23,18,22,17,3,10,2,11,3,19,17,19
New Orleans Pelicans,Miami Heat,110,104,1,1,New Orleans Pelicans,15,5,10,0.333,730.0,603,1376,0.438,203,573,0.354,222,301,0.738,158,539,697,366,223.0,102,72,68,307,278,1631,-58.0,6,21,23,23,7,14,8,24,4,3,18,25,22,26,13,7,9,11,18,20,17,8,23,21,15,22,Miami Heat,15,11,4,0.733,745.0,593,1302,0.455,188,502,0.375,328,417,0.787,146,561,707,370,205.0,93,52,73,294,335,1702,23.0,6,2,3,3,6,16,17,16,7,13,5,1,2,12,19,5,6,8,10,26,28,13,14,5,11,13
Dallas Mavericks,Memphis Grizzlies,121,96,1,1,Dallas Mavericks,15,9,6,0.6,725.0,607,1350,0.45,238,649,0.367,263,331,0.795,168,562,730,367,194.0,102,69,59,283,287,1715,111.0,6,9,11,11,12,12,11,19,1,1,10,8,16,9,7,4,4,10,8,20,20,3,8,18,9,4,Memphis Grizzlies,16,8,8,0.5,768.0,681,1444,0.472,195,548,0.356,258,326,0.791,157,556,713,442,239.0,132,80,80,346,318,1815,-20.0,1,14,17,15,4,1,1,7,6,6,17,11,18,10,14,6,5,1,28,3,9,21,30,8,1,17
Phoenix Suns,Portland Trail Blazers,127,117,1,1,Phoenix Suns,15,5,10,0.333,730.0,634,1379,0.46,167,508,0.329,271,341,0.795,161,495,656,437,222.0,126,50,89,331,336,1706,-58.0,6,21,23,23,7,7,7,14,22,12,25,7,8,8,11,20,16,2,17,10,30,27,27,4,10,22,Portland Trail Blazers,14,6,8,0.429,672.0,572,1258,0.455,169,465,0.363,243,292,0.832,142,497,639,274,184.0,84,102,68,302,265,1556,-26.0,20,18,17,19,25,20,23,18,17,20,12,17,24,1,22,17,20,30,4,28,1,8,19,24,20,18
Los Angeles Lakers,Milwaukee Bucks,113,103,1,1,Los Angeles Lakers,14,9,5,0.643,672.0,585,1217,0.481,150,441,0.34,246,338,0.728,151,487,638,355,217.0,123,96,63,299,304,1566,59.0,20,9,5,8,25,17,26,5,24,27,21,15,9,27,17,22,21,14,14,12,3,5,17,12,18,6,Milwaukee Bucks,15,13,2,0.867,720.0,664,1352,0.491,212,550,0.385,249,334,0.746,150,633,783,408,228.0,129,95,84,267,295,1789,248.0,6,1,1,1,16,4,10,1,3,5,3,13,13,22,18,1,1,5,24,6,4,24,6,14,2,1
Charlotte Hornets,Houston Rockets,108,99,1,1,Charlotte Hornets,15,5,10,0.333,725.0,543,1299,0.418,174,517,0.337,262,352,0.744,182,490,672,354,212.0,104,75,88,304,321,1522,-71.0,6,21,23,23,12,26,18,30,16,10,23,10,7,23,1,21,13,15,13,19,14,26,21,7,23,24,Houston Rockets,15,10,5,0.667,730.0,638,1386,0.46,236,648,0.364,263,337,0.78,174,530,704,322,218.0,118,80,75,312,295,1775,73.0,6,4,5,5,7,6,6,12,2,2,11,8,10,14,3,10,7,20,15,15,9,14,24,14,3,5
Detroit Pistons,Utah Jazz,105,111,1,0,Detroit Pistons,15,6,9,0.4,720.0,611,1312,0.466,184,509,0.361,244,336,0.726,146,486,632,369,226.0,121,63,93,261,290,1650,-47.0,6,18,20,20,16,11,16,10,9,11,14,16,11,28,19,23,23,9,23,13,23,29,4,17,13,20,Utah Jazz,14,9,5,0.643,672.0,564,1173,0.481,182,453,0.402,230,302,0.762,125,517,642,316,229.0,80,52,66,290,292,1540,23.0,20,9,5,8,25,21,28,4,13,21,1,22,21,20,28,12,18,22,26,29,28,7,12,16,21,13
Cleveland Cavaliers,Denver Nuggets,104,102,1,1,Cleveland Cavaliers,14,5,9,0.357,677.0,563,1236,0.456,147,447,0.329,181,253,0.715,153,472,625,310,252.0,97,56,97,235,259,1454,-157.0,20,21,20,21,22,22,24,15,27,25,24,30,29,29,16,26,25,23,30,25,27,30,2,28,28,30,Denver Nuggets,16,10,6,0.625,768.0,668,1419,0.471,176,493,0.357,243,304,0.799,176,501,677,435,218.0,127,66,76,298,309,1755,56.0,1,4,11,10,4,2,2,9,15,16,16,17,20,7,2,16,11,3,15,8,22,17,16,11,6,7
Memphis Grizzlies,Atlanta Hawks,118,101,1,1,Memphis Grizzlies,16,8,8,0.5,768.0,681,1444,0.472,195,548,0.356,258,326,0.791,157,556,713,442,239.0,132,80,80,346,318,1815,-20.0,1,14,17,15,4,1,1,7,6,6,17,11,18,10,14,6,5,1,28,3,9,21,30,8,1,17,Atlanta Hawks,14,3,11,0.214,677.0,555,1275,0.435,168,528,0.318,209,270,0.774,127,466,593,320,228.0,113,74,77,289,261,1487,-129.0,20,29,27,29,22,23,19,25,18,9,26,27,26,17,27,27,28,21,24,17,16,18,11,27,24,29
Golden State Warriors,Philadelphia 76ers,118,114,1,1,Golden State Warriors,15,5,10,0.333,730.0,577,1328,0.434,149,427,0.349,258,333,0.775,170,496,666,357,225.0,130,79,77,299,296,1561,-81.0,6,21,23,23,7,19,14,26,25,29,20,11,15,15,4,18,15,13,20,5,11,18,17,13,19,25,Philadelphia 76ers,16,9,7,0.563,773.0,668,1418,0.471,184,490,0.376,247,334,0.74,170,567,737,427,225.0,129,93,65,318,315,1767,56.0,1,9,13,13,3,2,3,8,9,17,4,14,13,25,4,2,2,4,20,6,5,6,25,9,5,7
Portland Trail Blazers,Sacramento Kings,111,123,1,0,Portland Trail Blazers,14,6,8,0.429,672.0,572,1258,0.455,169,465,0.363,243,292,0.832,142,497,639,274,184.0,84,102,68,302,265,1556,-26.0,20,18,17,19,25,20,23,18,17,20,12,17,24,1,22,17,20,30,4,28,1,8,19,24,20,18,Sacramento Kings,16,4,12,0.25,783.0,643,1412,0.455,183,541,0.338,223,288,0.774,168,514,682,354,231.0,114,69,71,327,283,1692,-55.0,1,27,29,28,1,5,4,17,11,7,22,24,25,16,7,14,10,15,27,16,20,11,26,20,12,21
Brooklyn Nets,Chicago Bulls,110,107,1,1,Brooklyn Nets,13,6,7,0.462,634.0,511,1198,0.427,149,482,0.309,230,305,0.754,143,534,677,303,198.0,80,59,89,261,265,1401,1.0,28,18,13,18,28,30,27,28,25,19,30,22,19,21,21,9,11,27,9,29,26,27,4,24,29,16,Chicago Bulls,14,7,7,0.5,682.0,539,1221,0.441,186,497,0.374,216,267,0.809,133,478,611,327,225.0,142,71,84,293,264,1480,49.0,20,15,13,15,21,27,25,22,8,15,6,26,27,2,25,24,27,19,20,2,19,24,13,26,26,10
Minnesota Timberwolves,New Orleans Pelicans,107,120,1,0,Minnesota Timberwolves,14,2,12,0.143,692.0,538,1272,0.423,168,532,0.316,295,375,0.787,157,466,623,278,210.0,120,81,78,297,314,1539,-109.0,20,30,29,30,20,28,20,29,18,8,28,6,5,11,14,27,26,29,12,14,8,20,15,10,22,27,New Orleans Pelicans,15,5,10,0.333,730.0,603,1376,0.438,203,573,0.354,222,301,0.738,158,539,697,366,223.0,102,72,68,307,278,1631,-58.0,6,21,23,23,7,14,8,24,4,3,18,25,22,26,13,7,9,11,18,20,17,8,23,21,15,22
LA Clippers,Los Angeles Lakers,103,112,1,0,LA Clippers,15,10,5,0.667,720.0,622,1348,0.461,183,490,0.373,324,405,0.8,160,539,699,343,223.0,127,61,75,302,342,1751,113.0,6,4,5,5,16,9,12,11,11,17,7,2,3,5,12,7,8,18,18,8,24,14,19,2,7,3,Los Angeles Lakers,14,9,5,0.643,672.0,585,1217,0.481,150,441,0.34,246,338,0.728,151,487,638,355,217.0,123,96,63,299,304,1566,59.0,20,9,5,8,25,17,26,5,24,27,21,15,9,27,17,22,21,14,14,12,3,5,17,12,18,6
Boston Celtics,Oklahoma City Thunder,104,105,1,0,Boston Celtics,13,10,3,0.769,624.0,546,1132,0.482,168,451,0.373,204,255,0.8,136,442,578,297,187.0,88,88,60,284,244,1464,134.0,28,4,2,2,29,25,29,2,18,23,8,28,28,5,24,30,29,28,6,27,7,4,9,29,27,2,Oklahoma City Thunder,15,11,4,0.733,730.0,602,1270,0.474,136,428,0.318,297,368,0.807,133,519,652,310,205.0,112,79,56,280,341,1637,51.0,6,2,3,3,7,15,22,6,29,28,27,5,6,3,25,11,17,23,10,18,11,2,7,3,14,9
Phoenix Suns,Milwaukee Bucks,140,131,1,1,Phoenix Suns,15,5,10,0.333,730.0,634,1379,0.46,167,508,0.329,271,341,0.795,161,495,656,437,222.0,126,50,89,331,336,1706,-58.0,6,21,23,23,7,7,7,14,22,12,25,7,8,8,11,20,16,2,17,10,30,27,27,4,10,22,Milwaukee Bucks,15,13,2,0.867,720.0,664,1352,0.491,212,550,0.385,249,334,0.746,150,633,783,408,228.0,129,95,84,267,295,1789,248.0,6,1,1,1,16,4,10,1,3,5,3,13,13,22,18,1,1,5,24,6,4,24,6,14,2,1
Washington Wizards,Miami Heat,89,100,1,0,Washington Wizards,15,4,11,0.267,725.0,606,1365,0.444,182,502,0.363,324,420,0.771,164,462,626,366,190.0,132,60,75,342,345,1718,-96.0,6,27,27,27,12,13,9,21,13,13,13,2,1,18,9,29,24,11,7,3,25,14,29,1,8,26,Miami Heat,15,11,4,0.733,745.0,593,1302,0.455,188,502,0.375,328,417,0.787,146,561,707,370,205.0,93,52,73,294,335,1702,23.0,6,2,3,3,6,16,17,16,7,13,5,1,2,12,19,5,6,8,10,26,28,13,14,5,11,13
Dallas Mavericks,Indiana Pacers,109,112,1,0,Dallas Mavericks,15,9,6,0.6,725.0,607,1350,0.45,238,649,0.367,263,331,0.795,168,562,730,367,194.0,102,69,59,283,287,1715,111.0,6,9,11,11,12,12,11,19,1,1,10,8,16,9,7,4,4,10,8,20,20,3,8,18,9,4,Indiana Pacers,15,10,5,0.667,725.0,613,1332,0.46,168,453,0.371,231,294,0.786,124,516,640,397,177.0,100,75,81,284,269,1625,29.0,6,4,5,5,12,10,13,13,18,21,9,21,23,13,29,13,19,7,2,22,14,23,9,23,16,12
Houston Rockets,Orlando Magic,106,126,1,0,Houston Rockets,15,10,5,0.667,730.0,638,1386,0.46,236,648,0.364,263,337,0.78,174,530,704,322,218.0,118,80,75,312,295,1775,73.0,6,4,5,5,7,6,6,12,2,2,11,8,10,14,3,10,7,20,15,15,9,14,24,14,3,5,Orlando Magic,15,7,8,0.467,720.0,585,1328,0.441,163,451,0.361,243,328,0.741,141,496,637,352,183.0,126,97,71,258,285,1576,-40.0,6,15,17,17,16,17,14,23,23,23,15,17,17,24,23,18,22,17,3,10,2,11,3,19,17,19
Cleveland Cavaliers,San Antonio Spurs,132,129,1,1,Cleveland Cavaliers,14,5,9,0.357,677.0,563,1236,0.456,147,447,0.329,181,253,0.715,153,472,625,310,252.0,97,56,97,235,259,1454,-157.0,20,21,20,21,22,22,24,15,27,25,24,30,29,29,16,26,25,23,30,25,27,30,2,28,28,30,San Antonio Spurs,12,7,5,0.583,606.0,535,1112,0.481,134,347,0.386,194,253,0.767,95,473,568,309,161.0,100,79,48,230,228,1398,6.0,30,15,5,12,30,29,30,3,30,30,2,29,29,19,30,25,30,25,1,22,11,1,1,30,30,15
New York Knicks,Detroit Pistons,96,84,1,1,New York Knicks,14,5,9,0.357,677.0,551,1272,0.433,140,447,0.313,239,335,0.713,163,506,669,306,186.0,100,72,80,305,272,1481,-121.0,20,21,20,21,22,24,20,27,28,25,29,20,12,30,10,15,14,26,5,22,17,21,22,22,25,28,Detroit Pistons,15,6,9,0.4,720.0,611,1312,0.466,184,509,0.361,244,336,0.726,146,486,632,369,226.0,121,63,93,261,290,1650,-47.0,6,18,20,20,16,11,16,10,9,11,14,16,11,28,19,23,23,9,23,13,23,29,4,17,13,20
Sacramento Kings,Toronto Raptors,113,118,1,0,Sacramento Kings,16,4,12,0.25,783.0,643,1412,0.455,183,541,0.338,223,288,0.774,168,514,682,354,231.0,114,69,71,327,283,1692,-55.0,1,27,29,28,1,5,4,17,11,7,22,24,25,16,7,14,10,15,27,16,20,11,26,20,12,21,Toronto Raptors,16,9,7,0.563,778.0,627,1410,0.445,198,563,0.352,317,393,0.807,170,565,735,399,240.0,147,91,70,333,323,1769,36.0,1,9,13,13,2,8,5,20,5,4,19,4,4,4,4,3,3,6,29,1,6,10,28,6,4,11
Atlanta Hawks,Charlotte Hornets,143,138,1,1,Atlanta Hawks,14,3,11,0.214,677.0,555,1275,0.435,168,528,0.318,209,270,0.774,127,466,593,320,228.0,113,74,77,289,261,1487,-129.0,20,29,27,29,22,23,19,25,18,9,26,27,26,17,27,27,28,21,24,17,16,18,11,27,24,29,Charlotte Hornets,15,5,10,0.333,725.0,543,1299,0.418,174,517,0.337,262,352,0.744,182,490,672,354,212.0,104,75,88,304,321,1522,-71.0,6,21,23,23,12,26,18,30,16,10,23,10,7,23,1,21,13,15,13,19,14,26,21,7,23,24
Denver Nuggets,Milwaukee Bucks,109,95,1,1,Denver Nuggets,16,10,6,0.625,768.0,668,1419,0.471,176,493,0.357,243,304,0.799,176,501,677,435,218.0,127,66,76,298,309,1755,56.0,1,4,11,10,4,2,2,9,15,16,16,17,20,7,2,16,11,3,15,8,22,17,16,11,6,7,Milwaukee Bucks,15,13,2,0.867,720.0,664,1352,0.491,212,550,0.385,249,334,0.746,150,633,783,408,228.0,129,95,84,267,295,1789,248.0,6,1,1,1,16,4,10,1,3,5,3,13,13,22,18,1,1,5,24,6,4,24,6,14,2,1
Utah Jazz,Toronto Raptors,92,101,1,0,Utah Jazz,14,9,5,0.643,672.0,564,1173,0.481,182,453,0.402,230,302,0.762,125,517,642,316,229.0,80,52,66,290,292,1540,23.0,20,9,5,8,25,21,28,4,13,21,1,22,21,20,28,12,18,22,26,29,28,7,12,16,21,13,Toronto Raptors,16,9,7,0.563,778.0,627,1410,0.445,198,563,0.352,317,393,0.807,170,565,735,399,240.0,147,91,70,333,323,1769,36.0,1,9,13,13,2,8,5,20,5,4,19,4,4,4,4,3,3,6,29,1,6,10,28,6,4,11
Indiana Pacers,Boston Celtics,111,114,1,0,Indiana Pacers,15,10,5,0.667,725.0,613,1332,0.46,168,453,0.371,231,294,0.786,124,516,640,397,177.0,100,75,81,284,269,1625,29.0,6,4,5,5,12,10,13,13,18,21,9,21,23,13,29,13,19,7,2,22,14,23,9,23,16,12,Boston Celtics,13,10,3,0.769,624.0,546,1132,0.482,168,451,0.373,204,255,0.8,136,442,578,297,187.0,88,88,60,284,244,1464,134.0,28,4,2,2,29,25,29,2,18,23,8,28,28,5,24,30,29,28,6,27,7,4,9,29,27,2
Washington Wizards,New York Knicks,122,115,1,1,Washington Wizards,15,4,11,0.267,725.0,606,1365,0.444,182,502,0.363,324,420,0.771,164,462,626,366,190.0,132,60,75,342,345,1718,-96.0,6,27,27,27,12,13,9,21,13,13,13,2,1,18,9,29,24,11,7,3,25,14,29,1,8,26,New York Knicks,14,5,9,0.357,677.0,551,1272,0.433,140,447,0.313,239,335,0.713,163,506,669,306,186.0,100,72,80,305,272,1481,-121.0,20,21,20,21,22,24,20,27,28,25,29,20,12,30,10,15,14,26,5,22,17,21,22,22,25,28
Chicago Bulls,Cleveland Cavaliers,108,103,1,1,Chicago Bulls,14,7,7,0.5,682.0,539,1221,0.441,186,497,0.374,216,267,0.809,133,478,611,327,225.0,142,71,84,293,264,1480,49.0,20,15,13,15,21,27,25,22,8,15,6,26,27,2,25,24,27,19,20,2,19,24,13,26,26,10,Cleveland Cavaliers,14,5,9,0.357,677.0,563,1236,0.456,147,447,0.329,181,253,0.715,153,472,625,310,252.0,97,56,97,235,259,1454,-157.0,20,21,20,21,22,22,24,15,27,25,24,30,29,29,16,26,25,23,30,25,27,30,2,28,28,30
Houston Rockets,Minnesota Timberwolves,117,111,1,1,Houston Rockets,15,10,5,0.667,730.0,638,1386,0.46,236,648,0.364,263,337,0.78,174,530,704,322,218.0,118,80,75,312,295,1775,73.0,6,4,5,5,7,6,6,12,2,2,11,8,10,14,3,10,7,20,15,15,9,14,24,14,3,5,Minnesota Timberwolves,14,2,12,0.143,692.0,538,1272,0.423,168,532,0.316,295,375,0.787,157,466,623,278,210.0,120,81,78,297,314,1539,-109.0,20,30,29,30,20,28,20,29,18,8,28,6,5,11,14,27,26,29,12,14,8,20,15,10,22,27
Memphis Grizzlies,Orlando Magic,115,120,1,0,Memphis Grizzlies,16,8,8,0.5,768.0,681,1444,0.472,195,548,0.356,258,326,0.791,157,556,713,442,239.0,132,80,80,346,318,1815,-20.0,1,14,17,15,4,1,1,7,6,6,17,11,18,10,14,6,5,1,28,3,9,21,30,8,1,17,Orlando Magic,15,7,8,0.467,720.0,585,1328,0.441,163,451,0.361,243,328,0.741,141,496,637,352,183.0,126,97,71,258,285,1576,-40.0,6,15,17,17,16,17,14,23,23,23,15,17,17,24,23,18,22,17,3,10,2,11,3,19,17,19
San Antonio Spurs,Dallas Mavericks,119,109,1,1,San Antonio Spurs,12,7,5,0.583,606.0,535,1112,0.481,134,347,0.386,194,253,0.767,95,473,568,309,161.0,100,79,48,230,228,1398,6.0,30,15,5,12,30,29,30,3,30,30,2,29,29,19,30,25,30,25,1,22,11,1,1,30,30,15,Dallas Mavericks,15,9,6,0.6,725.0,607,1350,0.45,238,649,0.367,263,331,0.795,168,562,730,367,194.0,102,69,59,283,287,1715,111.0,6,9,11,11,12,12,11,19,1,1,10,8,16,9,7,4,4,10,8,20,20,3,8,18,9,4
Portland Trail Blazers,Phoenix Suns,121,105,1,1,Portland Trail Blazers,14,6,8,0.429,672.0,572,1258,0.455,169,465,0.363,243,292,0.832,142,497,639,274,184.0,84,102,68,302,265,1556,-26.0,20,18,17,19,25,20,23,18,17,20,12,17,24,1,22,17,20,30,4,28,1,8,19,24,20,18,Phoenix Suns,15,5,10,0.333,730.0,634,1379,0.46,167,508,0.329,271,341,0.795,161,495,656,437,222.0,126,50,89,331,336,1706,-58.0,6,21,23,23,7,7,7,14,22,12,25,7,8,8,11,20,16,2,17,10,30,27,27,4,10,22
Golden State Warriors,LA Clippers,107,131,1,0,Golden State Warriors,15,5,10,0.333,730.0,577,1328,0.434,149,427,0.349,258,333,0.775,170,496,666,357,225.0,130,79,77,299,296,1561,-81.0,6,21,23,23,7,19,14,26,25,29,20,11,15,15,4,18,15,13,20,5,11,18,17,13,19,25,LA Clippers,15,10,5,0.667,720.0,622,1348,0.461,183,490,0.373,324,405,0.8,160,539,699,343,223.0,127,61,75,302,342,1751,113.0,6,4,5,5,16,9,12,11,11,17,7,2,3,5,12,7,8,18,18,8,24,14,19,2,7,3
Los Angeles Lakers,Brooklyn Nets,102,104,1,0,Los Angeles Lakers,14,9,5,0.643,672.0,585,1217,0.481,150,441,0.34,246,338,0.728,151,487,638,355,217.0,123,96,63,299,304,1566,59.0,20,9,5,8,25,17,26,5,24,27,21,15,9,27,17,22,21,14,14,12,3,5,17,12,18,6,Brooklyn Nets,13,6,7,0.462,634.0,511,1198,0.427,149,482,0.309,230,305,0.754,143,534,677,303,198.0,80,59,89,261,265,1401,1.0,28,18,13,18,28,30,27,28,25,19,30,22,19,21,21,9,11,27,9,29,26,27,4,24,29,16
Atlanta Hawks,New York Knicks,131,136,1,0,Atlanta Hawks,14,3,11,0.214,677.0,555,1275,0.435,168,528,0.318,209,270,0.774,127,466,593,320,228.0,113,74,77,289,261,1487,-129.0,20,29,27,29,22,23,19,25,18,9,26,27,26,17,27,27,28,21,24,17,16,18,11,27,24,29,New York Knicks,14,5,9,0.357,677.0,551,1272,0.433,140,447,0.313,239,335,0.713,163,506,669,306,186.0,100,72,80,305,272,1481,-121.0,20,21,20,21,22,24,20,27,28,25,29,20,12,30,10,15,14,26,5,22,17,21,22,22,25,28
Miami Heat,Charlotte Hornets,98,109,1,0,Miami Heat,15,11,4,0.733,745.0,593,1302,0.455,188,502,0.375,328,417,0.787,146,561,707,370,205.0,93,52,73,294,335,1702,23.0,6,2,3,3,6,16,17,16,7,13,5,1,2,12,19,5,6,8,10,26,28,13,14,5,11,13,Charlotte Hornets,15,5,10,0.333,725.0,543,1299,0.418,174,517,0.337,262,352,0.744,182,490,672,354,212.0,104,75,88,304,321,1522,-71.0,6,21,23,23,12,26,18,30,16,10,23,10,7,23,1,21,13,15,13,19,14,26,21,7,23,24
Philadelphia 76ers,Detroit Pistons,124,106,1,1,Philadelphia 76ers,16,9,7,0.563,773.0,668,1418,0.471,184,490,0.376,247,334,0.74,170,567,737,427,225.0,129,93,65,318,315,1767,56.0,1,9,13,13,3,2,3,8,9,17,4,14,13,25,4,2,2,4,20,6,5,6,25,9,5,7,Detroit Pistons,15,6,9,0.4,720.0,611,1312,0.466,184,509,0.361,244,336,0.726,146,486,632,369,226.0,121,63,93,261,290,1650,-47.0,6,18,20,20,16,11,16,10,9,11,14,16,11,28,19,23,23,9,23,13,23,29,4,17,13,20
Dallas Mavericks,Denver Nuggets,113,97,1,1,Dallas Mavericks,15,9,6,0.6,725.0,607,1350,0.45,238,649,0.367,263,331,0.795,168,562,730,367,194.0,102,69,59,283,287,1715,111.0,6,9,11,11,12,12,11,19,1,1,10,8,16,9,7,4,4,10,8,20,20,3,8,18,9,4,Denver Nuggets,16,10,6,0.625,768.0,668,1419,0.471,176,493,0.357,243,304,0.799,176,501,677,435,218.0,127,66,76,298,309,1755,56.0,1,4,11,10,4,2,2,9,15,16,16,17,20,7,2,16,11,3,15,8,22,17,16,11,6,7
