TEAM_NAME,Season,Month,TEAM_ID_base,GP_base,W_base,L_base,W_PCT_base,MIN_base,FGM,FGA,FG_PCT,FG3M,FG3A,FG3_PCT,FTM,FTA,FT_PCT,OREB,DREB,REB,AST,TOV,STL,BLK,BLKA,PF,PFD,PTS,PLUS_MINUS,GP_RANK_base,W_RANK_base,L_RANK_base,W_PCT_RANK_base,MIN_RANK_base,FGM_RANK,FGA_RANK,FG_PCT_RANK,FG3M_RANK,FG3A_RANK,FG3_PCT_RANK,FTM_RANK,FTA_RANK,FT_PCT_RANK,OREB_RANK,DREB_RANK,REB_RANK,AST_RANK,TOV_RANK,STL_RANK,BLK_RANK,BLKA_RANK,PF_RANK,PFD_RANK,PTS_RANK,PLUS_MINUS_RANK,SeasonType_base,TEAM_ID_adv,GP_adv,W_adv,L_adv,W_PCT_adv,MIN_adv,E_OFF_RATING,OFF_RATING,E_DEF_RATING,DEF_RATING,E_NET_RATING,NET_RATING,AST_PCT,AST_TO,AST_RATIO,OREB_PCT,DREB_PCT,REB_PCT,TM_TOV_PCT,EFG_PCT,TS_PCT,E_PACE,PACE,PACE_PER40,POSS,PIE,GP_RANK_adv,W_RANK_adv,L_RANK_adv,W_PCT_RANK_adv,MIN_RANK_adv,OFF_RATING_RANK,DEF_RATING_RANK,NET_RATING_RANK,AST_PCT_RANK,AST_TO_RANK,AST_RATIO_RANK,OREB_PCT_RANK,DREB_PCT_RANK,REB_PCT_RANK,TM_TOV_PCT_RANK,EFG_PCT_RANK,TS_PCT_RANK,PACE_RANK,PIE_RANK,SeasonType_adv
atlanta hawks,2025-26,1,1610612737.0,4.0,2.0,2.0,0.5,49.3,41.3,94.0,0.439,11.3,40.8,0.276,22.8,30.3,0.752,13.0,35.3,48.3,27.5,17.5,9.3,7.3,5.3,26.8,23.0,116.5,-5.0,13.0,15.0,13.0,15.0,2.0,13.0,5.0,20.0,25.0,14.0,31.0,11.0,9.0,20.0,17.0,6.0,8.0,10.0,15.0,17.0,4.0,19.0,30.0,20.0,13.0,22.0,Pre Season,1610612737.0,4.0,2.0,2.0,0.5,197.0,104.6,107.1,108.5,111.6,-3.9,-4.6,0.669,1.59,17.8,0.305,0.662,0.48,0.16,0.501,0.543,109.5,106.72,88.93,438.0,0.481,13.0,15.0,13.0,15.0,13.0,23.0,22.0,23.0,12.0,10.0,17.0,19.0,20.0,24.0,11.0,23.0,23.0,4.0,21.0,Pre Season
boston celtics,2025-26,1,1610612738.0,4.0,3.0,1.0,0.75,48.0,39.5,88.0,0.449,14.5,47.0,0.309,25.0,30.3,0.826,15.8,37.0,52.8,24.8,21.3,11.3,8.3,3.0,26.5,24.8,118.5,12.3,13.0,7.0,4.0,5.0,10.0,20.0,19.0,18.0,10.0,1.0,23.0,5.0,9.0,3.0,4.0,4.0,1.0,19.0,31.0,7.0,1.0,2.0,28.0,12.0,11.0,5.0,Pre Season,1610612738.0,4.0,3.0,1.0,0.75,192.0,110.9,111.5,97.4,100.2,13.5,11.3,0.627,1.16,16.5,0.364,0.657,0.521,0.2,0.531,0.585,107.9,106.13,88.44,425.0,0.575,13.0,7.0,4.0,5.0,18.0,14.0,2.0,5.0,26.0,31.0,24.0,6.0,23.0,10.0,30.0,17.0,14.0,7.0,5.0,Pre Season
brooklyn nets,2025-26,1,1610612751.0,4.0,2.0,2.0,0.5,49.3,41.3,83.5,0.494,15.8,36.8,0.429,20.5,28.0,0.732,14.0,32.3,46.3,27.5,24.0,7.5,3.0,6.8,26.5,27.3,118.8,6.8,13.0,15.0,13.0,15.0,2.0,13.0,27.0,5.0,5.0,20.0,1.0,19.0,16.0,22.0,10.0,22.0,14.0,10.0,34.0,31.0,31.0,27.0,28.0,3.0,10.0,10.0,Pre Season,1610612751.0,4.0,2.0,2.0,0.5,197.0,112.2,115.3,107.8,109.3,4.4,6.0,0.667,1.15,18.4,0.414,0.662,0.547,0.233,0.588,0.62,102.2,100.14,83.45,412.0,0.521,13.0,15.0,13.0,15.0,13.0,7.0,18.0,10.0,13.0,33.0,12.0,2.0,21.0,4.0,34.0,1.0,2.0,28.0,12.0,Pre Season
charlotte hornets,2025-26,1,1610612766.0,5.0,2.0,3.0,0.4,48.0,42.0,92.4,0.455,16.2,44.8,0.362,20.4,27.4,0.745,14.4,35.4,49.8,26.8,19.4,8.0,3.2,6.0,17.8,22.6,120.6,0.2,6.0,15.0,24.0,20.0,10.0,6.0,7.0,17.0,4.0,8.0,8.0,22.0,20.0,21.0,8.0,5.0,6.0,16.0,29.0,27.0,30.0,24.0,3.0,24.0,7.0,18.0,Pre Season,1610612766.0,5.0,2.0,3.0,0.4,240.0,110.2,114.6,113.1,114.7,-2.9,0.0,0.638,1.38,17.7,0.363,0.756,0.552,0.184,0.542,0.577,108.0,105.1,87.58,526.0,0.49,6.0,15.0,24.0,20.0,8.0,8.0,27.0,19.0,22.0,20.0,18.0,7.0,1.0,3.0,28.0,16.0,17.0,11.0,20.0,Pre Season
chicago bulls,2025-26,1,1610612741.0,5.0,3.0,2.0,0.6,48.0,42.8,89.2,0.48,12.4,40.8,0.304,22.2,31.0,0.716,11.4,37.6,49.0,31.0,18.2,8.6,5.4,4.2,24.0,25.6,120.2,0.2,6.0,7.0,13.0,12.0,10.0,4.0,13.0,10.0,20.0,13.0,26.0,13.0,6.0,26.0,24.0,3.0,7.0,1.0,20.0,24.0,18.0,8.0,18.0,10.0,8.0,18.0,Pre Season,1610612741.0,5.0,3.0,2.0,0.6,240.0,109.6,111.9,109.1,111.9,0.5,0.0,0.724,1.7,20.3,0.289,0.74,0.523,0.169,0.549,0.584,109.8,107.3,89.42,537.0,0.525,6.0,7.0,13.0,12.0,8.0,12.0,23.0,18.0,4.0,8.0,2.0,26.0,3.0,9.0,17.0,10.0,15.0,2.0,10.0,Pre Season
cleveland cavaliers,2025-26,1,1610612739.0,4.0,1.0,3.0,0.25,48.0,39.3,92.8,0.423,15.0,46.3,0.324,20.0,29.3,0.684,13.5,28.0,41.5,27.5,17.8,14.0,6.5,5.0,25.5,26.0,113.5,-5.3,13.0,22.0,24.0,23.0,10.0,21.0,6.0,27.0,8.0,3.0,19.0,23.0,13.0,31.0,13.0,31.0,30.0,10.0,17.0,1.0,6.0,15.0,25.0,6.0,21.0,23.0,Pre Season,1610612739.0,4.0,1.0,3.0,0.25,192.0,103.3,106.8,108.8,110.5,-5.5,-3.6,0.701,1.55,18.2,0.301,0.646,0.457,0.167,0.504,0.537,109.5,106.88,89.06,425.0,0.461,13.0,22.0,24.0,23.0,18.0,24.0,20.0,22.0,6.0,12.0,14.0,20.0,28.0,31.0,14.0,22.0,26.0,3.0,26.0,Pre Season
dallas mavericks,2025-26,1,1610612742.0,4.0,3.0,1.0,0.75,48.0,40.5,88.5,0.458,11.3,36.5,0.308,22.0,27.8,0.793,10.3,39.8,50.0,29.5,15.5,10.0,8.0,4.5,18.3,22.3,114.3,13.3,13.0,7.0,4.0,5.0,10.0,18.0,17.0,16.0,25.0,21.0,24.0,14.0,18.0,10.0,27.0,1.0,5.0,4.0,5.0,11.0,2.0,11.0,5.0,26.0,18.0,4.0,Pre Season,1610612742.0,4.0,3.0,1.0,0.75,192.0,107.8,110.4,95.1,97.1,12.7,13.3,0.728,1.9,20.1,0.273,0.718,0.51,0.15,0.521,0.567,106.1,103.75,86.46,414.0,0.609,13.0,7.0,4.0,5.0,18.0,16.0,1.0,4.0,2.0,3.0,3.0,30.0,8.0,15.0,4.0,19.0,19.0,13.0,2.0,Pre Season
denver nuggets,2025-26,1,1610612743.0,5.0,3.0,2.0,0.6,48.0,37.6,80.0,0.47,12.6,35.4,0.356,21.2,27.6,0.768,8.8,33.6,42.4,24.2,17.2,9.2,3.8,4.4,22.6,23.8,109.0,1.2,6.0,7.0,13.0,12.0,10.0,26.0,32.0,13.0,19.0,25.0,12.0,17.0,19.0,15.0,32.0,14.0,27.0,24.0,14.0,20.0,27.0,10.0,14.0,13.0,27.0,16.0,Pre Season,1610612743.0,5.0,3.0,2.0,0.6,240.0,108.4,110.3,107.8,108.9,0.6,1.4,0.644,1.41,17.8,0.274,0.724,0.508,0.174,0.549,0.591,100.3,98.9,82.42,494.0,0.505,6.0,7.0,13.0,12.0,8.0,17.0,15.0,14.0,17.0,18.0,16.0,29.0,5.0,16.0,20.0,11.0,11.0,30.0,14.0,Pre Season
detroit pistons,2025-26,1,1610612765.0,4.0,2.0,2.0,0.5,48.0,41.5,83.3,0.498,11.8,33.0,0.356,19.8,29.3,0.675,12.0,32.8,44.8,27.5,19.3,11.5,7.0,6.8,26.3,25.8,114.5,3.3,13.0,15.0,13.0,15.0,10.0,11.0,28.0,3.0,23.0,32.0,11.0,26.0,13.0,33.0,21.0,18.0,19.0,10.0,28.0,6.0,5.0,27.0,27.0,8.0,17.0,13.0,Pre Season,1610612765.0,4.0,2.0,2.0,0.5,192.0,110.8,113.4,107.7,110.1,3.1,3.2,0.663,1.43,19.1,0.337,0.698,0.524,0.191,0.569,0.596,103.4,101.0,84.17,404.0,0.544,13.0,15.0,13.0,15.0,18.0,9.0,19.0,12.0,14.0,17.0,8.0,12.0,15.0,8.0,29.0,7.0,10.0,26.0,7.0,Pre Season
golden state warriors,2025-26,1,1610612744.0,5.0,3.0,2.0,0.6,48.0,41.2,87.4,0.471,16.6,45.4,0.366,16.4,21.4,0.766,9.6,33.2,42.8,29.8,22.0,9.8,4.2,3.2,23.2,21.0,115.4,1.6,6.0,7.0,13.0,12.0,10.0,15.0,22.0,11.0,3.0,7.0,7.0,32.0,32.0,16.0,29.0,16.0,23.0,3.0,32.0,13.0,22.0,4.0,16.0,32.0,15.0,15.0,Pre Season,1610612744.0,5.0,3.0,2.0,0.6,240.0,105.7,107.9,104.5,107.2,1.2,0.7,0.723,1.35,19.8,0.296,0.646,0.484,0.206,0.566,0.596,109.1,106.6,88.83,535.0,0.519,6.0,7.0,13.0,12.0,8.0,22.0,12.0,16.0,5.0,23.0,4.0,23.0,27.0,22.0,31.0,8.0,9.0,5.0,13.0,Pre Season
houston rockets,2025-26,1,1610612745.0,4.0,4.0,0.0,1.0,48.0,45.3,92.0,0.492,14.3,38.0,0.375,26.0,30.5,0.852,14.0,34.3,48.3,27.5,16.0,10.5,6.3,4.8,17.8,23.3,130.8,10.5,13.0,2.0,1.0,1.0,10.0,2.0,8.0,6.0,12.0,19.0,4.0,2.0,8.0,1.0,10.0,11.0,8.0,10.0,8.0,9.0,9.0,13.0,2.0,17.0,1.0,6.0,Pre Season,1610612745.0,4.0,4.0,0.0,1.0,192.0,121.9,123.2,110.2,113.6,11.7,9.6,0.61,1.73,18.2,0.351,0.702,0.532,0.15,0.57,0.62,108.6,106.38,88.65,426.0,0.554,13.0,2.0,1.0,1.0,18.0,1.0,25.0,6.0,29.0,7.0,13.0,9.0,14.0,5.0,5.0,5.0,1.0,6.0,6.0,Pre Season
indiana pacers,2025-26,1,1610612754.0,4.0,2.0,2.0,0.5,49.3,40.8,89.0,0.458,15.8,44.8,0.352,18.5,23.0,0.804,13.3,32.3,45.5,28.3,22.5,10.5,5.5,5.5,28.0,22.3,115.8,-7.3,13.0,15.0,13.0,15.0,2.0,17.0,14.0,15.0,5.0,9.0,13.0,27.0,30.0,7.0,15.0,22.0,17.0,8.0,33.0,9.0,15.0,22.0,32.0,26.0,14.0,26.0,Pre Season,1610612754.0,4.0,2.0,2.0,0.5,197.0,106.8,109.5,113.3,115.8,-6.5,-6.3,0.693,1.26,18.7,0.347,0.68,0.514,0.213,0.546,0.584,105.7,103.31,86.09,423.0,0.462,13.0,15.0,13.0,15.0,13.0,20.0,28.0,25.0,7.0,27.0,9.0,10.0,17.0,12.0,32.0,13.0,16.0,16.0,24.0,Pre Season
la clippers,2025-26,1,1610612746.0,4.0,3.0,1.0,0.75,48.0,41.8,81.8,0.511,12.3,36.3,0.338,17.0,24.5,0.694,10.5,34.8,45.3,30.3,16.0,9.3,5.8,1.8,18.3,22.3,112.8,15.0,13.0,7.0,4.0,5.0,10.0,7.0,31.0,1.0,21.0,22.0,15.0,31.0,29.0,30.0,26.0,9.0,18.0,2.0,8.0,17.0,12.0,1.0,5.0,26.0,23.0,3.0,Pre Season,1610612746.0,4.0,3.0,1.0,0.75,192.0,115.0,115.6,96.8,100.8,18.2,14.9,0.725,1.89,21.6,0.285,0.719,0.513,0.164,0.586,0.609,99.5,97.25,81.04,390.0,0.614,13.0,7.0,4.0,5.0,18.0,6.0,3.0,2.0,3.0,4.0,1.0,27.0,6.0,13.0,12.0,2.0,5.0,33.0,1.0,Pre Season
los angeles lakers,2025-26,1,1610612747.0,6.0,1.0,5.0,0.167,48.0,35.0,81.8,0.428,11.7,35.5,0.329,22.3,29.0,0.77,11.0,31.5,42.5,22.2,18.3,8.0,5.5,4.3,19.3,23.0,104.0,-9.5,1.0,22.0,33.0,29.0,10.0,31.0,30.0,25.0,24.0,23.0,17.0,12.0,15.0,14.0,25.0,25.0,24.0,31.0,21.0,27.0,15.0,9.0,7.0,20.0,29.0,28.0,Pre Season,1610612747.0,6.0,1.0,5.0,0.167,288.0,102.0,103.7,108.7,112.4,-6.7,-8.7,0.633,1.21,16.2,0.284,0.705,0.491,0.183,0.499,0.55,103.2,100.67,83.89,602.0,0.447,1.0,22.0,33.0,29.0,3.0,28.0,24.0,27.0,24.0,29.0,27.0,28.0,11.0,21.0,27.0,25.0,21.0,27.0,29.0,Pre Season
memphis grizzlies,2025-26,1,1610612763.0,5.0,1.0,4.0,0.2,48.0,38.4,89.0,0.431,17.4,46.6,0.373,23.4,32.2,0.727,13.2,30.8,44.0,24.6,17.6,8.8,4.0,5.2,25.8,26.0,117.6,-10.6,6.0,22.0,31.0,28.0,10.0,24.0,14.0,22.0,1.0,2.0,5.0,8.0,5.0,24.0,16.0,27.0,21.0,20.0,16.0,22.0,24.0,18.0,26.0,6.0,12.0,31.0,Pre Season,1610612763.0,5.0,1.0,4.0,0.2,240.0,109.3,111.8,118.9,121.6,-9.6,-9.8,0.641,1.4,16.9,0.301,0.656,0.471,0.167,0.529,0.57,107.7,105.3,87.75,526.0,0.431,6.0,22.0,31.0,28.0,8.0,13.0,30.0,31.0,19.0,19.0,22.0,21.0,24.0,27.0,15.0,18.0,18.0,10.0,31.0,Pre Season
miami heat,2025-26,1,1610612748.0,6.0,0.0,6.0,0.0,48.8,38.8,91.0,0.427,9.8,31.0,0.317,23.3,30.8,0.757,12.8,34.7,47.5,24.5,18.3,8.0,4.2,7.2,25.3,25.7,110.8,-9.3,1.0,30.0,34.0,30.0,9.0,22.0,10.0,26.0,30.0,33.0,20.0,9.0,7.0,18.0,20.0,10.0,11.0,21.0,21.0,27.0,23.0,30.0,24.0,9.0,24.0,27.0,Pre Season,1610612748.0,6.0,0.0,6.0,0.0,293.0,100.7,102.6,109.6,111.4,-8.9,-8.8,0.631,1.34,16.4,0.296,0.646,0.474,0.17,0.481,0.53,108.0,106.08,88.4,648.0,0.461,1.0,30.0,34.0,30.0,2.0,29.0,21.0,28.0,25.0,24.0,25.0,22.0,29.0,26.0,18.0,29.0,28.0,8.0,25.0,Pre Season
milwaukee bucks,2025-26,1,1610612749.0,4.0,3.0,1.0,0.75,48.0,38.5,82.3,0.468,17.3,42.5,0.406,20.5,28.0,0.732,5.3,35.3,40.5,24.5,16.5,8.5,4.0,3.3,24.8,22.0,114.8,4.5,13.0,7.0,4.0,5.0,10.0,23.0,29.0,14.0,2.0,11.0,3.0,19.0,16.0,22.0,34.0,6.0,32.0,21.0,11.0,25.0,24.0,5.0,21.0,29.0,16.0,11.0,Pre Season,1610612749.0,4.0,3.0,1.0,0.75,192.0,108.4,110.1,103.7,105.3,4.7,4.8,0.636,1.48,17.9,0.161,0.728,0.455,0.158,0.573,0.607,106.1,104.5,87.08,417.0,0.495,13.0,7.0,4.0,5.0,18.0,18.0,8.0,11.0,23.0,13.0,15.0,34.0,4.0,32.0,10.0,4.0,6.0,12.0,19.0,Pre Season
minnesota timberwolves,2025-26,1,1610612750.0,6.0,2.0,4.0,0.333,49.7,42.7,87.7,0.487,14.5,33.8,0.429,20.0,26.3,0.759,12.0,33.8,45.8,27.5,19.2,9.2,4.8,6.0,23.7,22.5,119.8,7.0,1.0,15.0,31.0,21.0,1.0,5.0,21.0,7.0,10.0,29.0,1.0,23.0,23.0,17.0,21.0,13.0,16.0,10.0,27.0,21.0,19.0,24.0,17.0,25.0,9.0,9.0,Pre Season,1610612750.0,6.0,2.0,4.0,0.333,298.0,112.6,113.1,106.5,106.6,6.1,6.4,0.645,1.43,18.6,0.308,0.706,0.514,0.181,0.569,0.604,102.6,102.36,85.3,636.0,0.523,1.0,15.0,31.0,21.0,1.0,10.0,10.0,9.0,16.0,16.0,10.0,18.0,10.0,11.0,24.0,6.0,7.0,20.0,11.0,Pre Season
new orleans pelicans,2025-26,1,1610612740.0,4.0,2.0,2.0,0.5,48.0,45.5,91.8,0.496,9.5,33.8,0.281,21.3,26.0,0.817,13.5,32.5,46.0,24.5,15.8,9.3,5.5,5.3,23.0,21.5,121.8,9.0,13.0,15.0,13.0,15.0,10.0,1.0,9.0,4.0,31.0,30.0,30.0,16.0,24.0,5.0,13.0,21.0,15.0,21.0,7.0,17.0,15.0,19.0,15.0,31.0,5.0,7.0,Pre Season,1610612740.0,4.0,2.0,2.0,0.5,192.0,115.5,117.9,107.6,109.2,7.9,8.7,0.538,1.56,17.0,0.352,0.653,0.512,0.153,0.548,0.59,105.1,103.25,86.04,413.0,0.543,13.0,15.0,13.0,15.0,18.0,4.0,16.0,7.0,34.0,11.0,21.0,8.0,25.0,14.0,6.0,12.0,12.0,17.0,8.0,Pre Season
new york knicks,2025-26,1,1610612752.0,5.0,4.0,1.0,0.8,49.0,37.0,90.4,0.409,13.2,44.4,0.297,18.4,25.8,0.713,14.6,32.2,46.8,22.8,15.6,9.8,3.6,5.0,22.4,23.6,105.6,3.4,6.0,2.0,4.0,4.0,7.0,27.0,12.0,30.0,17.0,10.0,28.0,28.0,26.0,27.0,7.0,24.0,13.0,30.0,6.0,13.0,28.0,15.0,11.0,15.0,28.0,12.0,Pre Season,1610612752.0,5.0,4.0,1.0,0.8,245.0,102.8,104.8,100.4,101.8,2.4,3.0,0.616,1.46,16.1,0.317,0.707,0.498,0.155,0.482,0.519,100.2,98.55,82.12,504.0,0.499,6.0,2.0,4.0,4.0,6.0,27.0,4.0,13.0,28.0,14.0,28.0,16.0,9.0,19.0,8.0,28.0,29.0,31.0,16.0,Pre Season
oklahoma city thunder,2025-26,1,1610612760.0,6.0,4.0,2.0,0.667,48.0,38.3,88.5,0.433,15.3,46.0,0.333,17.5,22.0,0.795,9.3,34.2,43.5,25.0,17.2,11.8,5.7,5.7,22.5,20.5,109.5,0.3,1.0,2.0,13.0,10.0,10.0,25.0,17.0,21.0,7.0,4.0,16.0,29.0,31.0,8.0,31.0,12.0,22.0,18.0,13.0,5.0,14.0,23.0,13.0,34.0,26.0,17.0,Pre Season,1610612760.0,6.0,4.0,2.0,0.667,288.0,103.3,105.5,102.1,105.3,1.2,0.2,0.652,1.46,17.6,0.248,0.702,0.475,0.165,0.52,0.558,106.5,103.75,86.46,623.0,0.501,1.0,2.0,13.0,10.0,3.0,26.0,9.0,17.0,15.0,15.0,19.0,32.0,13.0,25.0,13.0,20.0,20.0,13.0,15.0,Pre Season
orlando magic,2025-26,1,1610612753.0,4.0,4.0,0.0,1.0,48.0,41.8,88.8,0.47,12.8,35.5,0.359,30.3,36.5,0.829,19.0,33.5,52.5,25.8,18.8,8.0,7.8,4.5,24.5,27.8,126.5,15.3,13.0,2.0,1.0,1.0,10.0,7.0,16.0,12.0,18.0,23.0,10.0,1.0,2.0,2.0,2.0,15.0,2.0,17.0,24.0,27.0,3.0,11.0,19.0,2.0,2.0,2.0,Pre Season,1610612753.0,4.0,4.0,0.0,1.0,192.0,121.0,122.2,103.7,107.5,17.3,14.7,0.617,1.37,17.0,0.443,0.658,0.555,0.181,0.542,0.603,105.9,103.5,86.25,414.0,0.59,13.0,2.0,1.0,1.0,18.0,2.0,13.0,3.0,27.0,21.0,20.0,1.0,22.0,2.0,25.0,15.0,8.0,15.0,4.0,Pre Season
philadelphia 76ers,2025-26,1,1610612755.0,4.0,1.0,3.0,0.25,48.0,36.5,88.0,0.415,9.0,34.8,0.259,21.0,26.5,0.792,12.0,30.5,42.5,21.8,18.8,12.0,5.8,5.3,25.0,22.8,103.0,-9.5,13.0,22.0,24.0,23.0,10.0,29.0,19.0,29.0,32.0,26.0,32.0,18.0,21.0,11.0,21.0,28.0,24.0,32.0,24.0,3.0,12.0,19.0,22.0,22.0,30.0,28.0,Pre Season,1610612755.0,4.0,1.0,3.0,0.25,192.0,96.8,99.5,108.1,109.2,-11.3,-9.7,0.596,1.16,15.2,0.324,0.668,0.492,0.181,0.466,0.517,105.2,103.25,86.04,414.0,0.449,13.0,22.0,24.0,23.0,18.0,30.0,17.0,29.0,31.0,32.0,31.0,15.0,19.0,20.0,25.0,30.0,30.0,17.0,27.0,Pre Season
phoenix suns,2025-26,1,1610612756.0,4.0,3.0,1.0,0.75,49.3,41.8,94.5,0.442,13.3,40.8,0.325,17.5,25.8,0.68,14.0,28.5,42.5,28.0,16.0,12.5,6.5,5.0,29.8,23.3,114.3,8.5,13.0,7.0,4.0,5.0,2.0,7.0,4.0,19.0,16.0,14.0,18.0,29.0,27.0,32.0,10.0,30.0,24.0,9.0,8.0,2.0,6.0,15.0,33.0,17.0,18.0,8.0,Pre Season,1610612756.0,4.0,3.0,1.0,0.75,197.0,106.0,109.9,99.3,102.2,6.7,7.7,0.671,1.75,18.5,0.342,0.642,0.484,0.154,0.512,0.54,104.5,101.12,84.26,416.0,0.54,13.0,7.0,4.0,5.0,13.0,19.0,5.0,8.0,10.0,6.0,11.0,11.0,30.0,23.0,7.0,21.0,25.0,25.0,9.0,Pre Season
portland trail blazers,2025-26,1,1610612757.0,4.0,1.0,3.0,0.25,48.0,41.5,97.0,0.428,14.0,45.5,0.308,24.8,34.5,0.717,19.0,32.8,51.8,23.0,19.0,9.5,4.5,3.8,32.0,26.3,121.8,-3.8,13.0,22.0,24.0,23.0,10.0,11.0,2.0,24.0,13.0,6.0,25.0,6.0,3.0,25.0,2.0,18.0,4.0,28.0,26.0,16.0,21.0,6.0,34.0,5.0,5.0,21.0,Pre Season,1610612757.0,4.0,1.0,3.0,0.25,192.0,108.5,110.7,112.3,114.1,-3.8,-3.4,0.554,1.21,14.7,0.384,0.704,0.527,0.173,0.5,0.543,112.0,110.0,91.67,440.0,0.448,13.0,22.0,24.0,23.0,18.0,15.0,26.0,21.0,33.0,28.0,32.0,3.0,12.0,7.0,19.0,24.0,24.0,1.0,28.0,Pre Season
sacramento kings,2025-26,1,1610612758.0,4.0,1.0,3.0,0.25,48.0,41.0,85.0,0.482,10.8,34.5,0.312,20.5,26.5,0.774,9.5,32.8,42.3,23.3,17.0,8.3,4.8,4.8,24.5,23.3,113.3,-6.5,13.0,22.0,24.0,23.0,10.0,16.0,26.0,8.0,27.0,27.0,21.0,19.0,21.0,12.0,30.0,18.0,28.0,27.0,12.0,26.0,20.0,13.0,19.0,17.0,22.0,24.0,Pre Season,1610612758.0,4.0,1.0,3.0,0.25,192.0,108.7,112.1,116.4,117.7,-7.6,-5.6,0.567,1.37,16.8,0.293,0.697,0.501,0.168,0.546,0.586,103.5,101.38,84.48,404.0,0.479,13.0,22.0,24.0,23.0,18.0,11.0,29.0,24.0,32.0,22.0,23.0,25.0,16.0,17.0,16.0,14.0,13.0,23.0,22.0,Pre Season
san antonio spurs,2025-26,1,1610612759.0,5.0,5.0,0.0,1.0,49.0,43.6,87.4,0.499,14.0,38.8,0.361,23.2,30.0,0.773,14.2,33.2,47.4,29.2,18.4,10.6,5.8,3.0,22.4,25.0,124.4,17.0,6.0,1.0,1.0,1.0,7.0,3.0,22.0,2.0,13.0,18.0,9.0,10.0,11.0,13.0,9.0,16.0,12.0,6.0,23.0,8.0,11.0,2.0,11.0,11.0,3.0,1.0,Pre Season,1610612759.0,5.0,5.0,0.0,1.0,245.0,118.7,120.3,103.8,104.1,14.9,16.2,0.67,1.59,19.4,0.375,0.742,0.558,0.178,0.579,0.618,102.0,101.19,84.33,517.0,0.594,6.0,1.0,1.0,1.0,6.0,3.0,6.0,1.0,11.0,9.0,6.0,4.0,2.0,1.0,23.0,3.0,3.0,24.0,3.0,Pre Season
toronto raptors,2025-26,1,1610612761.0,6.0,4.0,2.0,0.667,48.0,40.3,95.5,0.422,13.7,39.7,0.345,19.8,25.0,0.793,14.8,29.8,44.7,29.5,15.0,12.0,4.0,7.8,27.3,23.5,114.2,1.7,1.0,2.0,13.0,10.0,10.0,19.0,3.0,28.0,15.0,17.0,14.0,25.0,28.0,9.0,5.0,29.0,20.0,4.0,2.0,3.0,24.0,32.0,31.0,16.0,20.0,14.0,Pre Season,1610612761.0,6.0,4.0,2.0,0.667,288.0,107.0,108.0,105.0,106.6,2.0,1.4,0.731,1.97,19.2,0.311,0.651,0.466,0.142,0.494,0.536,106.9,105.58,87.99,634.0,0.495,1.0,2.0,13.0,10.0,3.0,21.0,11.0,15.0,1.0,2.0,7.0,17.0,26.0,28.0,2.0,26.0,27.0,9.0,18.0,Pre Season
utah jazz,2025-26,1,1610612762.0,4.0,1.0,3.0,0.25,49.3,41.8,87.0,0.48,14.8,40.3,0.366,24.3,29.8,0.815,10.0,31.5,41.5,28.5,15.3,8.8,3.3,6.8,25.0,22.8,122.5,-6.8,13.0,22.0,24.0,23.0,2.0,7.0,24.0,9.0,9.0,16.0,6.0,7.0,12.0,6.0,28.0,25.0,30.0,7.0,4.0,23.0,29.0,27.0,22.0,22.0,4.0,25.0,Pre Season,1610612762.0,4.0,1.0,3.0,0.25,197.0,116.3,116.9,120.0,123.4,-3.7,-6.4,0.683,1.87,19.6,0.268,0.628,0.461,0.146,0.565,0.612,103.8,102.09,85.08,419.0,0.477,13.0,22.0,24.0,23.0,13.0,5.0,31.0,26.0,9.0,5.0,5.0,31.0,33.0,30.0,3.0,9.0,4.0,21.0,23.0,Pre Season
washington wizards,2025-26,1,1610612764.0,3.0,1.0,2.0,0.333,48.0,37.0,86.0,0.43,10.3,33.3,0.31,25.7,34.0,0.755,14.7,37.7,52.3,23.7,18.0,6.3,6.3,6.0,21.3,26.3,110.0,-1.7,30.0,22.0,13.0,21.0,10.0,27.0,25.0,23.0,28.0,31.0,22.0,4.0,4.0,19.0,6.0,2.0,3.0,26.0,18.0,34.0,8.0,24.0,9.0,4.0,25.0,20.0,Pre Season,1610612764.0,3.0,1.0,2.0,0.333,144.0,105.5,106.8,106.3,108.1,-0.8,-1.3,0.64,1.31,16.4,0.335,0.719,0.53,0.175,0.49,0.545,104.7,103.17,85.97,309.0,0.497,30.0,22.0,13.0,21.0,30.0,25.0,14.0,20.0,20.0,25.0,26.0,13.0,7.0,6.0,21.0,27.0,22.0,19.0,17.0,Pre Season
atlanta hawks,2025-26,2,1610612737.0,15.0,10.0,5.0,0.667,48.7,43.7,88.5,0.494,14.7,38.9,0.379,17.9,23.0,0.78,9.5,32.3,41.8,32.1,16.5,9.6,5.7,4.5,20.4,19.5,120.0,4.1,5.0,8.0,9.0,9.0,5.0,6.0,19.0,5.0,7.0,10.0,8.0,26.0,25.0,18.0,26.0,14.0,24.0,1.0,28.0,5.0,4.0,12.0,9.0,25.0,10.0,12.0,Regular Season,1610612737.0,15.0,10.0,5.0,0.667,730.0,113.7,115.8,110.0,112.0,3.6,3.8,0.734,1.94,21.5,0.287,0.695,0.498,0.16,0.577,0.609,104.0,102.12,85.1,1554.0,0.527,5.0,8.0,9.0,9.0,5.0,14.0,9.0,12.0,1.0,9.0,1.0,22.0,13.0,17.0,27.0,4.0,4.0,8.0,11.0,Regular Season
boston celtics,2025-26,2,1610612738.0,14.0,8.0,6.0,0.571,48.0,42.8,91.3,0.469,15.1,40.9,0.371,14.9,19.2,0.773,13.1,31.1,44.3,25.1,11.7,8.1,5.1,5.1,22.7,19.1,115.6,3.1,18.0,14.0,13.0,14.0,21.0,12.0,8.0,15.0,5.0,5.0,9.0,29.0,30.0,20.0,5.0,23.0,15.0,22.0,1.0,20.0,10.0,18.0,30.0,28.0,19.0,14.0,Regular Season,1610612738.0,14.0,8.0,6.0,0.571,672.0,117.6,119.9,113.7,116.5,3.8,3.4,0.588,2.15,18.3,0.326,0.67,0.496,0.122,0.552,0.579,98.6,96.43,80.36,1349.0,0.505,18.0,14.0,13.0,14.0,23.0,6.0,19.0,13.0,27.0,2.0,19.0,9.0,26.0,19.0,1.0,11.0,17.0,30.0,15.0,Regular Season
brooklyn nets,2025-26,2,1610612751.0,14.0,3.0,11.0,0.214,48.0,36.0,83.2,0.433,13.4,40.6,0.329,21.1,27.3,0.772,10.5,28.6,39.1,24.3,15.3,6.7,4.6,4.0,19.1,22.1,106.4,-9.8,18.0,27.0,22.0,27.0,21.0,30.0,30.0,30.0,14.0,6.0,26.0,8.0,6.0,21.0,22.0,30.0,30.0,25.0,19.0,28.0,20.0,3.0,4.0,7.0,30.0,27.0,Regular Season,1610612751.0,14.0,3.0,11.0,0.214,672.0,106.4,110.4,117.3,119.9,-10.9,-9.5,0.675,1.59,17.9,0.298,0.67,0.475,0.159,0.513,0.559,99.5,96.68,80.57,1350.0,0.438,18.0,27.0,22.0,27.0,23.0,25.0,26.0,27.0,8.0,24.0,20.0,21.0,27.0,25.0,26.0,27.0,25.0,29.0,29.0,Regular Season
charlotte hornets,2025-26,2,1610612766.0,15.0,4.0,11.0,0.267,48.7,39.5,89.6,0.44,13.5,41.3,0.326,20.7,24.3,0.854,12.4,31.7,44.1,24.6,15.3,6.5,5.0,4.1,18.3,21.3,113.1,-5.6,5.0,20.0,22.0,23.0,5.0,26.0,12.0,27.0,12.0,4.0,27.0,10.0,16.0,1.0,10.0,20.0,17.0,24.0,20.0,30.0,12.0,5.0,1.0,12.0,21.0,21.0,Regular Season,1610612766.0,15.0,4.0,11.0,0.267,730.0,109.6,113.1,117.2,118.7,-7.6,-5.6,0.623,1.6,17.3,0.347,0.727,0.527,0.153,0.516,0.564,100.9,98.7,82.25,1501.0,0.465,5.0,20.0,22.0,23.0,5.0,17.0,22.0,21.0,16.0,23.0,26.0,4.0,1.0,4.0,21.0,25.0,23.0,26.0,22.0,Regular Season
chicago bulls,2025-26,2,1610612741.0,14.0,4.0,10.0,0.286,48.7,42.9,92.6,0.463,14.7,40.4,0.364,18.4,23.2,0.791,10.3,35.6,45.9,29.0,14.6,7.5,5.5,6.6,20.6,19.7,118.9,-7.4,18.0,20.0,19.0,20.0,3.0,11.0,3.0,17.0,8.0,7.0,12.0,22.0,23.0,15.0,24.0,1.0,5.0,6.0,12.0,23.0,8.0,30.0,10.0,23.0,13.0,23.0,Regular Season,1610612741.0,14.0,4.0,10.0,0.286,682.0,110.9,111.6,116.6,119.1,-5.7,-7.5,0.676,1.98,19.5,0.265,0.69,0.481,0.137,0.543,0.578,106.2,104.76,87.3,1492.0,0.475,18.0,20.0,19.0,20.0,19.0,22.0,23.0,24.0,7.0,8.0,9.0,26.0,18.0,24.0,8.0,16.0,18.0,2.0,20.0,Regular Season
cleveland cavaliers,2025-26,2,1610612739.0,15.0,9.0,6.0,0.6,48.3,43.4,93.5,0.464,16.1,45.2,0.355,18.0,23.4,0.769,12.9,32.0,44.9,28.1,13.9,8.7,5.7,4.2,21.4,21.1,120.9,4.9,5.0,13.0,13.0,13.0,13.0,8.0,1.0,16.0,1.0,1.0,16.0,23.0,22.0,24.0,8.0,16.0,10.0,9.0,6.0,16.0,4.0,8.0,20.0,16.0,6.0,11.0,Regular Season,1610612739.0,15.0,9.0,6.0,0.6,725.0,115.3,117.3,110.4,112.6,4.9,4.6,0.648,2.02,19.1,0.309,0.693,0.495,0.135,0.55,0.582,104.2,102.32,85.27,1546.0,0.512,5.0,13.0,13.0,13.0,8.0,12.0,13.0,11.0,10.0,7.0,12.0,17.0,14.0,20.0,5.0,12.0,15.0,5.0,14.0,Regular Season
dallas mavericks,2025-26,2,1610612742.0,16.0,4.0,12.0,0.25,48.9,39.6,89.3,0.443,12.0,37.3,0.322,19.8,26.4,0.751,10.9,34.3,45.2,24.2,16.0,8.8,6.3,5.2,21.4,21.8,110.9,-5.1,1.0,20.0,26.0,25.0,2.0,25.0,13.0,24.0,24.0,16.0,28.0,14.0,7.0,27.0,20.0,5.0,9.0,26.0,25.0,13.0,1.0,21.0,21.0,11.0,27.0,20.0,Regular Season,1610612742.0,16.0,4.0,12.0,0.25,783.0,104.6,106.9,109.7,111.4,-5.1,-4.5,0.611,1.51,16.9,0.283,0.687,0.486,0.154,0.51,0.55,103.9,101.98,84.98,1661.0,0.476,1.0,20.0,26.0,25.0,1.0,29.0,8.0,19.0,22.0,27.0,27.0,23.0,21.0,21.0,22.0,29.0,29.0,9.0,19.0,Regular Season
denver nuggets,2025-26,2,1610612743.0,14.0,11.0,3.0,0.786,48.0,44.7,88.0,0.508,14.1,34.8,0.405,21.6,26.2,0.823,12.1,33.2,45.3,29.6,13.9,6.7,3.9,4.1,18.9,22.5,125.1,8.9,18.0,4.0,5.0,6.0,21.0,3.0,24.0,2.0,11.0,22.0,3.0,6.0,8.0,6.0,12.0,8.0,8.0,5.0,5.0,28.0,26.0,7.0,2.0,5.0,1.0,5.0,Regular Season,1610612743.0,14.0,11.0,3.0,0.786,672.0,123.4,124.9,114.3,115.8,9.1,9.1,0.661,2.13,20.4,0.337,0.706,0.532,0.138,0.588,0.628,101.5,100.25,83.54,1402.0,0.549,18.0,4.0,5.0,6.0,23.0,1.0,18.0,5.0,9.0,5.0,3.0,6.0,6.0,2.0,9.0,1.0,1.0,20.0,6.0,Regular Season
detroit pistons,2025-26,2,1610612765.0,15.0,13.0,2.0,0.867,48.3,44.7,88.7,0.504,11.3,30.9,0.364,20.6,28.0,0.736,12.7,32.9,45.7,26.9,15.6,10.1,5.5,4.7,21.7,22.9,121.3,7.5,5.0,2.0,2.0,2.0,13.0,2.0,17.0,3.0,27.0,28.0,11.0,11.0,3.0,29.0,9.0,10.0,7.0,15.0,22.0,3.0,9.0,16.0,24.0,4.0,5.0,8.0,Regular Season,1610612765.0,15.0,13.0,2.0,0.867,725.0,116.8,118.4,109.0,111.1,7.8,7.4,0.601,1.72,18.5,0.337,0.693,0.519,0.152,0.568,0.6,103.5,101.79,84.83,1537.0,0.551,5.0,2.0,2.0,2.0,8.0,9.0,6.0,8.0,25.0,18.0,18.0,7.0,15.0,8.0,19.0,8.0,8.0,11.0,4.0,Regular Season
golden state warriors,2025-26,2,1610612744.0,15.0,7.0,8.0,0.467,48.0,39.0,88.2,0.442,15.5,45.1,0.344,19.2,23.6,0.814,11.9,31.7,43.7,27.1,15.8,9.9,4.6,4.1,21.3,19.4,112.7,0.1,5.0,16.0,16.0,16.0,21.0,27.0,23.0,25.0,2.0,2.0,22.0,18.0,21.0,8.0,13.0,20.0,19.0,13.0,24.0,4.0,18.0,5.0,17.0,26.0,22.0,16.0,Regular Season,1610612744.0,15.0,7.0,8.0,0.467,720.0,110.0,111.8,109.7,111.3,0.3,0.5,0.696,1.72,19.0,0.3,0.649,0.475,0.157,0.53,0.572,102.5,100.97,84.14,1512.0,0.494,5.0,16.0,16.0,16.0,14.0,21.0,7.0,16.0,4.0,19.0,13.0,20.0,29.0,27.0,23.0,20.0,19.0,14.0,16.0,Regular Season
houston rockets,2025-26,2,1610612745.0,13.0,11.0,2.0,0.846,48.4,44.2,92.4,0.478,12.5,30.9,0.405,18.8,24.5,0.77,17.2,32.8,50.0,25.5,15.1,9.5,4.9,5.2,20.1,21.3,119.7,12.2,28.0,4.0,2.0,3.0,9.0,5.0,5.0,11.0,20.0,29.0,2.0,19.0,15.0,22.0,1.0,12.0,1.0,20.0,16.0,6.0,14.0,22.0,6.0,13.0,11.0,2.0,Regular Season,1610612745.0,13.0,11.0,2.0,0.846,629.0,118.5,121.4,107.3,108.5,11.2,12.8,0.578,1.69,17.7,0.407,0.697,0.551,0.153,0.546,0.58,99.8,98.06,81.72,1282.0,0.56,28.0,4.0,2.0,3.0,28.0,3.0,2.0,2.0,30.0,20.0,23.0,1.0,11.0,1.0,20.0,14.0,16.0,27.0,2.0,Regular Season
indiana pacers,2025-26,2,1610612754.0,15.0,4.0,11.0,0.267,48.0,38.7,89.1,0.435,11.2,35.1,0.319,20.3,25.6,0.792,11.5,32.2,43.7,23.9,14.7,7.3,5.6,4.7,22.5,21.9,108.9,-8.0,5.0,20.0,22.0,23.0,21.0,29.0,15.0,29.0,29.0,20.0,29.0,13.0,12.0,14.0,16.0,15.0,18.0,29.0,13.0,25.0,6.0,15.0,28.0,10.0,29.0,25.0,Regular Season,1610612754.0,15.0,4.0,11.0,0.267,720.0,105.2,107.1,112.2,114.9,-7.1,-7.8,0.616,1.62,16.9,0.301,0.677,0.485,0.145,0.497,0.543,103.9,101.7,84.75,1525.0,0.464,5.0,20.0,22.0,23.0,14.0,28.0,17.0,25.0,20.0,22.0,28.0,19.0,25.0,22.0,13.0,30.0,30.0,12.0,23.0,Regular Season
la clippers,2025-26,2,1610612746.0,15.0,2.0,13.0,0.133,48.7,38.9,84.1,0.463,13.0,36.1,0.36,21.1,25.1,0.843,9.1,31.1,40.3,23.5,15.6,7.9,4.7,4.2,21.3,20.1,112.0,-7.6,5.0,29.0,29.0,29.0,7.0,28.0,28.0,18.0,18.0,18.0,15.0,7.0,13.0,3.0,28.0,24.0,28.0,30.0,22.0,22.0,16.0,8.0,17.0,20.0,24.0,24.0,Regular Season,1610612746.0,15.0,2.0,13.0,0.133,730.0,110.2,113.1,117.8,120.5,-7.6,-7.4,0.603,1.5,17.3,0.282,0.679,0.484,0.157,0.54,0.588,100.2,97.81,81.51,1486.0,0.46,5.0,29.0,29.0,29.0,7.0,18.0,27.0,23.0,24.0,28.0,25.0,24.0,24.0,23.0,25.0,18.0,12.0,28.0,24.0,Regular Season
los angeles lakers,2025-26,2,1610612747.0,13.0,11.0,2.0,0.846,48.0,42.7,84.0,0.508,12.4,34.3,0.361,22.8,28.3,0.807,9.8,31.2,41.1,26.1,15.0,9.3,3.9,3.2,20.2,23.2,120.6,5.7,28.0,4.0,2.0,3.0,21.0,14.0,29.0,1.0,22.0,23.0,13.0,2.0,2.0,9.0,25.0,22.0,25.0,18.0,15.0,8.0,27.0,1.0,7.0,3.0,9.0,9.0,Regular Season,1610612747.0,13.0,11.0,2.0,0.846,624.0,118.7,120.2,112.9,114.6,5.8,5.6,0.611,1.74,18.6,0.309,0.718,0.518,0.149,0.582,0.625,101.7,100.35,83.62,1305.0,0.532,28.0,4.0,2.0,3.0,30.0,5.0,15.0,9.0,23.0,17.0,15.0,18.0,4.0,10.0,16.0,3.0,2.0,19.0,9.0,Regular Season
memphis grizzlies,2025-26,2,1610612763.0,15.0,6.0,9.0,0.4,48.3,39.8,90.9,0.438,13.1,38.6,0.34,18.4,23.2,0.793,13.1,35.1,48.2,28.9,14.9,7.0,4.7,5.9,19.1,20.4,111.1,-3.2,5.0,17.0,18.0,18.0,13.0,24.0,10.0,28.0,17.0,12.0,24.0,21.0,24.0,12.0,6.0,2.0,2.0,7.0,14.0,27.0,16.0,28.0,3.0,18.0,26.0,18.0,Regular Season,1610612763.0,15.0,6.0,9.0,0.4,725.0,108.0,110.3,111.8,113.8,-3.9,-3.5,0.727,1.94,19.7,0.325,0.724,0.519,0.148,0.51,0.55,101.9,99.91,83.26,1511.0,0.491,5.0,17.0,18.0,18.0,8.0,26.0,14.0,18.0,3.0,10.0,6.0,10.0,2.0,9.0,14.0,28.0,28.0,22.0,17.0,Regular Season
miami heat,2025-26,2,1610612748.0,15.0,10.0,5.0,0.667,48.3,44.3,93.1,0.476,12.3,34.1,0.36,22.0,27.9,0.788,10.8,35.1,45.9,30.3,14.1,9.2,4.9,5.5,20.1,22.3,122.9,3.3,5.0,8.0,9.0,9.0,13.0,4.0,2.0,13.0,23.0,24.0,14.0,3.0,5.0,16.0,21.0,3.0,6.0,3.0,9.0,9.0,15.0,24.0,5.0,6.0,3.0,13.0,Regular Season,1610612748.0,15.0,10.0,5.0,0.667,725.0,113.0,115.3,109.1,112.5,3.9,2.8,0.683,2.14,20.0,0.279,0.649,0.475,0.133,0.542,0.583,108.4,105.73,88.11,1599.0,0.53,5.0,8.0,9.0,9.0,8.0,15.0,12.0,14.0,6.0,4.0,5.0,25.0,28.0,26.0,4.0,17.0,14.0,1.0,10.0,Regular Season
milwaukee bucks,2025-26,2,1610612749.0,16.0,5.0,11.0,0.313,48.6,42.1,86.7,0.486,15.5,37.4,0.415,13.8,19.6,0.701,8.4,31.1,39.5,27.2,14.4,8.2,4.0,4.6,21.9,18.5,113.5,-5.0,1.0,19.0,22.0,19.0,8.0,16.0,27.0,8.0,3.0,15.0,1.0,30.0,29.0,30.0,30.0,25.0,29.0,12.0,10.0,19.0,24.0,13.0,25.0,29.0,20.0,19.0,Regular Season,1610612749.0,16.0,5.0,11.0,0.313,778.0,112.0,113.0,115.9,117.9,-3.9,-4.9,0.645,1.88,19.5,0.245,0.688,0.465,0.144,0.575,0.595,100.5,99.18,82.65,1607.0,0.469,1.0,19.0,22.0,19.0,2.0,19.0,21.0,20.0,11.0,13.0,7.0,30.0,20.0,29.0,11.0,5.0,10.0,24.0,21.0,Regular Season
minnesota timberwolves,2025-26,2,1610612750.0,15.0,10.0,5.0,0.667,48.3,43.1,88.0,0.489,14.9,38.7,0.386,19.7,26.0,0.759,11.1,33.5,44.6,27.7,15.1,8.9,4.5,4.2,21.5,22.1,120.8,8.3,5.0,8.0,9.0,9.0,13.0,9.0,24.0,6.0,6.0,11.0,5.0,15.0,9.0,26.0,19.0,6.0,13.0,10.0,17.0,12.0,21.0,8.0,22.0,8.0,8.0,6.0,Regular Season,1610612750.0,15.0,10.0,5.0,0.667,725.0,116.7,118.7,108.8,110.7,7.9,8.0,0.642,1.83,19.2,0.312,0.69,0.508,0.149,0.574,0.607,102.7,100.97,84.14,1526.0,0.545,5.0,8.0,9.0,9.0,8.0,8.0,5.0,6.0,12.0,15.0,11.0,15.0,17.0,12.0,15.0,6.0,5.0,15.0,8.0,Regular Season
new orleans pelicans,2025-26,2,1610612740.0,16.0,3.0,13.0,0.188,48.3,41.3,90.1,0.458,11.7,33.3,0.351,18.0,23.6,0.762,13.2,29.9,43.1,23.9,15.3,9.3,3.7,5.8,20.9,20.1,112.2,-9.4,1.0,27.0,29.0,28.0,19.0,21.0,11.0,22.0,26.0,26.0,18.0,23.0,20.0,25.0,4.0,29.0,23.0,27.0,18.0,7.0,28.0,26.0,14.0,21.0,23.0,26.0,Regular Season,1610612740.0,16.0,3.0,13.0,0.188,773.0,109.4,110.4,119.1,119.6,-9.7,-9.2,0.58,1.57,16.9,0.322,0.704,0.501,0.15,0.523,0.558,101.7,101.0,84.17,1626.0,0.444,1.0,27.0,29.0,28.0,3.0,24.0,25.0,26.0,29.0,25.0,29.0,11.0,8.0,13.0,17.0,24.0,26.0,13.0,27.0,Regular Season
new york knicks,2025-26,2,1610612752.0,14.0,11.0,3.0,0.786,48.0,44.9,92.3,0.486,15.3,40.0,0.382,17.9,22.6,0.792,13.9,32.3,46.1,28.4,13.2,8.8,4.5,4.0,20.7,20.7,122.9,10.9,18.0,4.0,5.0,6.0,21.0,1.0,6.0,7.0,4.0,8.0,7.0,27.0,26.0,13.0,3.0,13.0,4.0,8.0,3.0,15.0,22.0,3.0,11.0,17.0,4.0,3.0,Regular Season,1610612752.0,14.0,11.0,3.0,0.786,672.0,121.0,122.8,109.7,112.3,11.3,10.5,0.632,2.15,19.5,0.344,0.71,0.526,0.132,0.569,0.601,101.9,99.93,83.27,1401.0,0.55,18.0,4.0,5.0,6.0,23.0,2.0,10.0,3.0,15.0,3.0,8.0,5.0,5.0,5.0,3.0,7.0,7.0,21.0,5.0,Regular Season
oklahoma city thunder,2025-26,2,1610612760.0,15.0,14.0,1.0,0.933,48.0,43.7,87.1,0.501,14.1,36.0,0.393,21.7,26.0,0.836,8.5,34.8,43.3,27.2,12.9,10.4,5.6,3.6,21.1,22.1,123.2,17.9,5.0,1.0,1.0,1.0,21.0,6.0,26.0,4.0,10.0,19.0,4.0,4.0,9.0,5.0,29.0,4.0,21.0,11.0,2.0,2.0,6.0,2.0,15.0,8.0,2.0,1.0,Regular Season,1610612760.0,15.0,14.0,1.0,0.933,720.0,119.6,120.9,101.8,103.3,17.9,17.5,0.623,2.1,19.4,0.255,0.704,0.496,0.127,0.582,0.625,103.2,101.9,84.92,1529.0,0.602,5.0,1.0,1.0,1.0,14.0,4.0,1.0,1.0,17.0,6.0,10.0,29.0,7.0,18.0,2.0,2.0,3.0,10.0,1.0,Regular Season
orlando magic,2025-26,2,1610612753.0,14.0,10.0,4.0,0.714,48.4,42.1,88.5,0.476,11.9,33.9,0.352,24.6,29.1,0.848,11.7,33.1,44.9,26.9,14.0,9.1,5.1,5.1,21.2,23.3,120.9,9.4,18.0,8.0,8.0,8.0,11.0,15.0,18.0,12.0,25.0,25.0,17.0,1.0,1.0,2.0,15.0,9.0,11.0,14.0,8.0,10.0,10.0,20.0,16.0,2.0,7.0,4.0,Regular Season,1610612753.0,14.0,10.0,4.0,0.714,677.0,116.7,119.5,108.3,110.2,8.4,9.3,0.639,1.92,18.7,0.334,0.72,0.529,0.138,0.544,0.597,102.5,100.4,83.66,1416.0,0.557,18.0,8.0,8.0,8.0,21.0,7.0,4.0,4.0,13.0,11.0,14.0,8.0,3.0,3.0,10.0,15.0,9.0,18.0,3.0,Regular Season
philadelphia 76ers,2025-26,2,1610612755.0,14.0,6.0,8.0,0.429,49.1,41.9,91.1,0.46,12.5,36.6,0.342,19.5,23.9,0.817,11.9,32.8,44.6,25.9,15.6,8.6,6.1,4.8,21.4,20.0,115.7,-2.4,18.0,17.0,16.0,17.0,1.0,18.0,9.0,21.0,21.0,17.0,23.0,16.0,19.0,7.0,14.0,11.0,12.0,19.0,21.0,17.0,2.0,17.0,19.0,22.0,18.0,17.0,Regular Season,1610612755.0,14.0,6.0,8.0,0.429,687.0,109.9,112.3,111.8,114.6,-1.9,-2.4,0.618,1.66,17.8,0.316,0.686,0.499,0.151,0.528,0.57,103.2,100.82,84.02,1443.0,0.486,18.0,17.0,16.0,17.0,18.0,20.0,16.0,17.0,18.0,21.0,21.0,12.0,22.0,15.0,18.0,21.0,20.0,16.0,18.0,Regular Season
phoenix suns,2025-26,2,1610612756.0,15.0,10.0,5.0,0.667,48.0,42.1,88.5,0.476,14.7,38.0,0.386,18.0,22.5,0.801,13.1,30.5,43.5,24.9,16.1,10.9,3.9,4.6,22.1,19.4,116.8,5.7,5.0,8.0,9.0,9.0,21.0,17.0,19.0,14.0,9.0,13.0,6.0,23.0,27.0,11.0,6.0,28.0,20.0,23.0,26.0,1.0,25.0,14.0,26.0,26.0,15.0,10.0,Regular Season,1610612756.0,15.0,10.0,5.0,0.667,720.0,115.2,117.7,110.1,112.3,5.1,5.3,0.591,1.54,17.6,0.358,0.696,0.524,0.163,0.558,0.594,101.2,99.1,82.58,1489.0,0.517,5.0,8.0,9.0,9.0,14.0,11.0,11.0,10.0,26.0,26.0,24.0,3.0,12.0,6.0,29.0,10.0,11.0,25.0,12.0,Regular Season
portland trail blazers,2025-26,2,1610612757.0,14.0,4.0,10.0,0.286,48.4,40.9,92.6,0.442,13.4,42.4,0.317,21.7,28.0,0.776,15.8,31.9,47.6,23.9,16.6,7.4,5.0,6.0,21.6,24.1,117.0,-6.1,18.0,20.0,19.0,20.0,11.0,22.0,4.0,26.0,13.0,3.0,30.0,5.0,3.0,19.0,2.0,19.0,3.0,28.0,29.0,24.0,12.0,29.0,23.0,1.0,14.0,22.0,Regular Season,1610612757.0,14.0,4.0,10.0,0.286,677.0,110.6,113.1,117.8,119.1,-7.2,-6.0,0.585,1.44,16.2,0.366,0.692,0.521,0.161,0.515,0.558,104.3,102.63,85.52,1448.0,0.455,18.0,20.0,19.0,20.0,21.0,16.0,24.0,22.0,28.0,30.0,30.0,2.0,16.0,7.0,28.0,26.0,27.0,4.0,25.0,Regular Season
sacramento kings,2025-26,2,1610612758.0,16.0,4.0,12.0,0.25,48.3,41.3,89.3,0.463,10.8,30.8,0.35,18.6,24.2,0.77,9.4,31.0,40.4,26.4,13.9,8.3,3.3,5.1,20.9,20.3,112.0,-12.8,1.0,20.0,26.0,25.0,19.0,20.0,13.0,19.0,30.0,30.0,20.0,20.0,18.0,23.0,27.0,26.0,27.0,16.0,7.0,18.0,30.0,19.0,13.0,19.0,24.0,29.0,Regular Season,1610612758.0,16.0,4.0,12.0,0.25,773.0,107.2,109.0,119.2,121.1,-12.0,-12.1,0.638,1.89,18.6,0.259,0.688,0.467,0.136,0.523,0.56,104.0,102.24,85.2,1644.0,0.44,1.0,20.0,26.0,25.0,3.0,27.0,28.0,29.0,14.0,12.0,17.0,28.0,19.0,28.0,6.0,23.0,24.0,7.0,28.0,Regular Season
san antonio spurs,2025-26,2,1610612759.0,14.0,8.0,6.0,0.571,48.0,42.7,88.2,0.484,13.3,37.9,0.35,20.4,24.2,0.841,11.3,32.0,43.3,26.3,14.6,8.9,4.2,4.5,20.4,21.1,119.1,2.0,18.0,14.0,13.0,14.0,21.0,13.0,22.0,9.0,15.0,14.0,19.0,12.0,17.0,4.0,17.0,16.0,22.0,17.0,11.0,11.0,23.0,11.0,8.0,14.0,12.0,15.0,Regular Season,1610612759.0,14.0,8.0,6.0,0.571,672.0,116.6,118.1,113.9,116.8,2.7,1.3,0.615,1.8,18.6,0.312,0.68,0.5,0.145,0.56,0.602,102.5,100.5,83.75,1411.0,0.516,18.0,14.0,13.0,14.0,23.0,10.0,20.0,15.0,21.0,16.0,16.0,14.0,23.0,14.0,12.0,9.0,6.0,17.0,13.0,Regular Season
toronto raptors,2025-26,2,1610612761.0,15.0,12.0,3.0,0.8,48.3,43.0,88.9,0.484,11.3,32.5,0.347,19.4,24.9,0.78,11.2,33.4,44.6,29.7,13.7,8.8,4.6,5.3,20.7,19.7,116.7,7.9,5.0,3.0,5.0,5.0,18.0,10.0,16.0,10.0,27.0,27.0,21.0,17.0,14.0,17.0,18.0,7.0,13.0,4.0,4.0,14.0,18.0,23.0,12.0,24.0,17.0,7.0,Regular Season,1610612761.0,15.0,12.0,3.0,0.8,725.0,114.0,116.6,106.5,108.7,7.5,7.9,0.69,2.16,20.5,0.315,0.697,0.512,0.137,0.547,0.584,101.5,99.38,82.82,1501.0,0.546,5.0,3.0,5.0,5.0,13.0,13.0,3.0,7.0,5.0,1.0,2.0,13.0,10.0,11.0,7.0,13.0,13.0,23.0,7.0,Regular Season
utah jazz,2025-26,2,1610612762.0,14.0,4.0,10.0,0.286,48.7,41.4,91.5,0.452,13.2,39.9,0.331,20.9,25.9,0.807,12.4,31.9,44.3,30.3,16.4,7.9,3.6,5.6,22.6,21.1,116.8,-10.4,18.0,20.0,19.0,20.0,3.0,19.0,7.0,23.0,16.0,9.0,25.0,9.0,11.0,10.0,11.0,18.0,15.0,2.0,27.0,21.0,29.0,25.0,29.0,14.0,16.0,28.0,Regular Season,1610612762.0,14.0,4.0,10.0,0.286,682.0,109.2,111.5,119.4,121.4,-10.2,-9.9,0.732,1.84,20.0,0.311,0.701,0.499,0.157,0.524,0.568,105.2,103.21,86.01,1466.0,0.452,18.0,20.0,19.0,20.0,19.0,23.0,29.0,28.0,2.0,14.0,4.0,16.0,9.0,16.0,24.0,22.0,21.0,3.0,26.0,Regular Season
washington wizards,2025-26,2,1610612764.0,13.0,1.0,12.0,0.077,48.4,40.8,88.3,0.462,12.8,34.9,0.368,15.8,21.2,0.746,10.3,30.7,41.0,25.2,16.8,7.2,5.8,5.8,22.2,17.6,110.2,-16.9,28.0,30.0,26.0,30.0,10.0,23.0,21.0,20.0,19.0,21.0,10.0,28.0,28.0,28.0,23.0,27.0,26.0,21.0,30.0,26.0,3.0,27.0,27.0,30.0,28.0,30.0,Regular Season,1610612764.0,13.0,1.0,12.0,0.077,629.0,105.9,106.9,121.4,123.4,-15.5,-16.5,0.617,1.5,17.8,0.264,0.638,0.453,0.163,0.534,0.564,103.6,102.3,85.25,1341.0,0.412,28.0,30.0,26.0,30.0,29.0,30.0,30.0,30.0,19.0,29.0,22.0,27.0,30.0,30.0,30.0,19.0,22.0,6.0,30.0,Regular Season
atlanta hawks,2025-26,3,1610612737.0,14.0,3.0,11.0,0.214,48.0,44.3,93.2,0.475,15.4,41.0,0.376,15.8,19.9,0.795,10.1,30.8,40.9,31.6,15.0,8.7,3.9,5.1,19.2,17.6,119.8,-5.6,1.0,28.0,29.0,29.0,17.0,7.0,3.0,11.0,5.0,5.0,7.0,28.0,28.0,12.0,24.0,25.0,27.0,1.0,21.0,12.0,26.0,18.0,9.0,29.0,10.0,25.0,Regular Season,1610612737.0,14.0,3.0,11.0,0.214,672.0,112.1,114.8,118.7,119.8,-6.5,-5.0,0.713,2.1,21.1,0.274,0.682,0.473,0.144,0.558,0.587,106.2,104.54,87.11,1461.0,0.47,1.0,28.0,29.0,29.0,8.0,16.0,27.0,24.0,2.0,4.0,1.0,27.0,21.0,29.0,17.0,8.0,14.0,1.0,25.0,Regular Season
boston celtics,2025-26,3,1610612738.0,12.0,9.0,3.0,0.75,48.0,43.8,88.8,0.493,15.9,42.8,0.372,16.7,20.6,0.81,11.4,31.5,42.9,23.3,12.9,8.4,5.5,3.2,19.6,19.7,120.3,9.8,23.0,3.0,1.0,2.0,17.0,9.0,23.0,5.0,3.0,2.0,11.0,26.0,27.0,9.0,18.0,23.0,22.0,29.0,6.0,14.0,8.0,1.0,10.0,17.0,8.0,2.0,Regular Season,1610612738.0,12.0,9.0,3.0,0.75,576.0,121.0,124.3,111.5,113.3,9.5,11.0,0.532,1.81,17.3,0.329,0.683,0.51,0.134,0.583,0.614,99.2,97.13,80.94,1161.0,0.55,23.0,3.0,1.0,2.0,26.0,1.0,10.0,2.0,30.0,19.0,26.0,6.0,18.0,6.0,14.0,2.0,2.0,28.0,2.0,Regular Season
brooklyn nets,2025-26,3,1610612751.0,11.0,7.0,4.0,0.636,48.0,39.7,85.0,0.467,15.3,41.7,0.366,17.2,21.2,0.811,10.3,32.4,42.6,28.3,16.9,8.7,4.9,4.1,20.3,18.5,111.9,7.3,30.0,8.0,3.0,8.0,17.0,25.0,27.0,18.0,7.0,4.0,15.0,23.0,25.0,8.0,23.0,19.0,24.0,9.0,28.0,11.0,12.0,6.0,15.0,25.0,26.0,4.0,Regular Season,1610612751.0,11.0,7.0,4.0,0.636,528.0,110.8,113.5,103.7,105.4,7.2,8.1,0.712,1.67,20.1,0.29,0.721,0.509,0.171,0.557,0.593,100.9,98.95,82.46,1085.0,0.528,30.0,8.0,3.0,8.0,30.0,21.0,1.0,3.0,3.0,24.0,4.0,23.0,5.0,9.0,28.0,9.0,9.0,24.0,6.0,Regular Season
charlotte hornets,2025-26,3,1610612766.0,13.0,5.0,8.0,0.385,48.4,41.3,89.9,0.459,16.5,41.8,0.395,16.5,21.4,0.773,11.5,32.9,44.4,27.9,15.7,7.6,4.8,4.6,20.1,20.6,115.7,-1.4,14.0,23.0,21.0,24.0,10.0,21.0,20.0,23.0,1.0,3.0,3.0,27.0,24.0,19.0,17.0,13.0,16.0,10.0,24.0,21.0,15.0,14.0,14.0,13.0,18.0,18.0,Regular Season,1610612766.0,13.0,5.0,8.0,0.385,629.0,111.7,116.0,115.1,117.0,-3.4,-1.0,0.676,1.78,19.3,0.338,0.697,0.517,0.157,0.551,0.582,101.8,99.13,82.61,1297.0,0.492,14.0,23.0,21.0,24.0,17.0,14.0,20.0,16.0,7.0,21.0,10.0,3.0,11.0,4.0,25.0,14.0,16.0,22.0,18.0,Regular Season
chicago bulls,2025-26,3,1610612741.0,14.0,7.0,7.0,0.5,48.0,43.0,90.6,0.475,13.6,38.8,0.35,17.6,22.9,0.769,11.1,33.9,45.0,29.4,14.6,7.7,4.2,5.5,17.4,18.7,117.1,-4.1,1.0,8.0,15.0,13.0,17.0,14.0,15.0,12.0,16.0,10.0,20.0,20.0,17.0,21.0,20.0,5.0,12.0,3.0,18.0,20.0,24.0,25.0,2.0,24.0,16.0,23.0,Regular Season,1610612741.0,14.0,7.0,7.0,0.5,672.0,112.5,113.7,115.7,118.3,-3.2,-4.6,0.684,2.01,20.0,0.299,0.725,0.51,0.142,0.55,0.582,104.5,102.75,85.63,1442.0,0.491,1.0,8.0,15.0,13.0,8.0,20.0,22.0,23.0,6.0,11.0,5.0,18.0,3.0,5.0,16.0,15.0,17.0,4.0,19.0,Regular Season
cleveland cavaliers,2025-26,3,1610612739.0,14.0,7.0,7.0,0.5,48.4,44.5,95.1,0.468,14.0,40.9,0.343,17.9,21.6,0.828,12.7,33.6,46.4,28.4,13.1,8.8,4.4,4.8,20.6,19.3,120.9,1.4,1.0,8.0,15.0,13.0,13.0,6.0,1.0,17.0,9.0,6.0,24.0,16.0,23.0,3.0,6.0,8.0,4.0,8.0,9.0,10.0,20.0,17.0,19.0,21.0,7.0,13.0,Regular Season,1610612739.0,14.0,7.0,7.0,0.5,677.0,115.2,117.3,113.2,115.7,2.0,1.5,0.639,2.17,19.3,0.305,0.673,0.488,0.127,0.542,0.578,104.4,102.38,85.32,1443.0,0.509,1.0,8.0,15.0,13.0,4.0,10.0,16.0,14.0,12.0,3.0,11.0,15.0,26.0,25.0,7.0,18.0,19.0,8.0,13.0,Regular Season
dallas mavericks,2025-26,3,1610612742.0,13.0,6.0,7.0,0.462,48.8,46.3,90.9,0.509,10.1,27.2,0.37,16.8,22.2,0.757,9.7,34.5,44.2,27.4,14.2,6.5,6.2,3.9,17.8,19.4,119.5,-1.2,14.0,16.0,15.0,18.0,3.0,1.0,12.0,2.0,29.0,30.0,12.0,24.0,20.0,25.0,26.0,3.0,17.0,12.0,15.0,29.0,4.0,3.0,3.0,20.0,11.0,17.0,Regular Season,1610612742.0,13.0,6.0,7.0,0.462,634.0,113.6,115.4,114.8,116.6,-1.2,-1.2,0.591,1.93,19.0,0.278,0.684,0.494,0.137,0.565,0.593,103.5,101.91,84.92,1346.0,0.501,14.0,16.0,15.0,18.0,15.0,15.0,19.0,18.0,26.0,14.0,12.0,25.0,17.0,19.0,15.0,6.0,8.0,10.0,15.0,Regular Season
denver nuggets,2025-26,3,1610612743.0,14.0,9.0,5.0,0.643,48.7,45.4,88.7,0.511,14.6,35.0,0.416,20.3,24.9,0.814,8.6,33.4,41.9,29.1,12.1,7.1,3.7,4.5,18.8,21.6,125.6,3.6,1.0,3.0,7.0,6.0,5.0,3.0,24.0,1.0,8.0,23.0,1.0,8.0,11.0,7.0,30.0,9.0,25.0,5.0,1.0,26.0,29.0,12.0,5.0,5.0,1.0,11.0,Regular Season,1610612743.0,14.0,9.0,5.0,0.643,682.0,121.6,122.9,118.0,119.4,3.6,3.6,0.643,2.4,20.4,0.253,0.715,0.494,0.119,0.593,0.63,101.8,100.68,83.9,1430.0,0.519,1.0,3.0,7.0,6.0,1.0,3.0,25.0,10.0,10.0,1.0,3.0,28.0,6.0,20.0,1.0,1.0,1.0,15.0,10.0,Regular Season
detroit pistons,2025-26,3,1610612765.0,13.0,9.0,4.0,0.692,48.4,43.4,91.5,0.474,10.6,31.6,0.336,20.8,28.1,0.74,14.9,31.9,46.8,27.2,15.4,10.5,6.4,6.6,23.0,22.8,118.2,7.5,14.0,3.0,3.0,4.0,10.0,11.0,7.0,13.0,26.0,26.0,27.0,7.0,3.0,30.0,2.0,21.0,3.0,13.0,23.0,2.0,3.0,30.0,30.0,2.0,14.0,3.0,Regular Season,1610612765.0,13.0,9.0,4.0,0.692,629.0,113.2,117.5,107.6,109.8,5.7,7.8,0.628,1.77,18.4,0.394,0.688,0.538,0.153,0.532,0.569,102.8,99.89,83.24,1307.0,0.538,14.0,3.0,3.0,4.0,17.0,9.0,3.0,4.0,13.0,22.0,16.0,2.0,15.0,2.0,23.0,21.0,22.0,18.0,3.0,Regular Season
golden state warriors,2025-26,3,1610612744.0,13.0,7.0,6.0,0.538,48.4,41.7,89.7,0.465,16.0,43.3,0.369,17.9,21.8,0.82,11.9,32.6,44.5,29.1,16.2,9.2,4.6,4.4,20.7,19.8,117.3,4.1,14.0,8.0,11.0,11.0,10.0,19.0,21.0,19.0,2.0,1.0,13.0,15.0,21.0,5.0,12.0,17.0,15.0,6.0,26.0,6.0,18.0,10.0,22.0,16.0,15.0,9.0,Regular Season,1610612744.0,13.0,7.0,6.0,0.538,629.0,113.3,116.3,110.3,111.9,3.0,4.5,0.697,1.8,19.9,0.321,0.693,0.506,0.16,0.554,0.591,102.3,100.24,83.53,1311.0,0.516,14.0,8.0,11.0,11.0,17.0,11.0,5.0,8.0,5.0,20.0,6.0,9.0,13.0,11.0,26.0,13.0,11.0,17.0,12.0,Regular Season
houston rockets,2025-26,3,1610612745.0,13.0,7.0,6.0,0.538,49.2,45.0,89.1,0.505,11.3,29.0,0.39,17.8,23.1,0.773,15.4,32.7,48.1,25.8,17.5,7.8,6.5,4.5,19.1,20.8,119.2,4.5,14.0,8.0,11.0,11.0,1.0,4.0,22.0,3.0,25.0,28.0,5.0,17.0,15.0,20.0,1.0,16.0,2.0,19.0,29.0,19.0,1.0,11.0,7.0,12.0,12.0,8.0,Regular Season,1610612745.0,13.0,7.0,6.0,0.538,639.0,117.5,120.4,113.8,116.2,3.7,4.1,0.573,1.47,17.9,0.414,0.707,0.564,0.177,0.569,0.6,98.7,96.53,80.44,1287.0,0.53,14.0,8.0,11.0,11.0,14.0,4.0,17.0,9.0,27.0,29.0,22.0,1.0,8.0,1.0,29.0,5.0,7.0,29.0,5.0,Regular Season
indiana pacers,2025-26,3,1610612754.0,14.0,2.0,12.0,0.143,48.0,39.6,87.4,0.453,12.7,36.2,0.351,18.6,24.1,0.774,10.1,29.5,39.6,24.1,13.4,7.6,4.8,4.6,22.2,20.4,110.5,-9.4,1.0,30.0,30.0,30.0,17.0,26.0,26.0,26.0,21.0,19.0,19.0,13.0,13.0,18.0,24.0,30.0,30.0,25.0,11.0,23.0,13.0,13.0,27.0,14.0,27.0,29.0,Regular Season,1610612754.0,14.0,2.0,12.0,0.143,672.0,109.2,109.8,117.3,118.8,-8.0,-9.0,0.61,1.81,17.6,0.252,0.67,0.454,0.133,0.526,0.564,101.7,100.79,83.99,1409.0,0.449,1.0,30.0,30.0,30.0,8.0,29.0,24.0,29.0,18.0,18.0,25.0,29.0,27.0,30.0,12.0,26.0,24.0,14.0,29.0,Regular Season
la clippers,2025-26,3,1610612746.0,12.0,6.0,6.0,0.5,48.0,38.9,81.3,0.479,13.6,36.0,0.377,21.3,25.5,0.833,9.4,30.5,39.9,23.4,14.5,9.2,4.4,4.8,18.8,20.3,112.7,4.8,23.0,16.0,11.0,13.0,17.0,30.0,30.0,9.0,15.0,20.0,6.0,5.0,10.0,1.0,27.0,27.0,29.0,27.0,17.0,5.0,21.0,16.0,6.0,15.0,23.0,7.0,Regular Season,1610612746.0,12.0,6.0,6.0,0.5,576.0,115.5,117.9,111.0,113.0,4.5,4.9,0.602,1.61,17.7,0.292,0.699,0.502,0.152,0.563,0.609,97.4,95.5,79.58,1147.0,0.522,23.0,16.0,11.0,13.0,26.0,8.0,9.0,7.0,22.0,25.0,24.0,21.0,10.0,13.0,22.0,7.0,4.0,30.0,8.0,Regular Season
los angeles lakers,2025-26,3,1610612747.0,12.0,5.0,7.0,0.417,48.0,40.4,84.6,0.478,12.0,35.4,0.339,19.6,26.2,0.748,11.2,29.6,40.8,22.8,14.8,7.3,4.4,4.3,20.3,21.3,112.4,-7.8,23.0,23.0,15.0,23.0,17.0,24.0,28.0,10.0,24.0,22.0,25.0,11.0,7.0,29.0,19.0,28.0,28.0,30.0,20.0,24.0,21.0,9.0,16.0,10.0,24.0,28.0,Regular Season,1610612747.0,12.0,5.0,7.0,0.417,576.0,112.7,114.2,119.4,122.4,-6.8,-8.2,0.563,1.53,16.9,0.297,0.682,0.486,0.151,0.549,0.585,100.2,98.33,81.94,1181.0,0.453,23.0,23.0,15.0,23.0,26.0,18.0,29.0,28.0,28.0,28.0,28.0,20.0,20.0,26.0,20.0,17.0,15.0,25.0,28.0,Regular Season
memphis grizzlies,2025-26,3,1610612763.0,12.0,6.0,6.0,0.5,48.4,43.8,90.8,0.482,13.4,35.7,0.376,19.3,24.8,0.781,10.4,35.3,45.8,29.4,16.3,9.0,6.1,4.7,20.7,21.5,120.3,3.7,23.0,16.0,11.0,13.0,8.0,10.0,14.0,7.0,18.0,21.0,8.0,12.0,12.0,16.0,22.0,2.0,6.0,4.0,27.0,9.0,5.0,15.0,20.0,6.0,8.0,10.0,Regular Season,1610612763.0,12.0,6.0,6.0,0.5,581.0,111.9,116.1,109.5,112.8,2.4,3.3,0.672,1.81,19.8,0.318,0.683,0.508,0.157,0.556,0.592,106.0,102.57,85.47,1243.0,0.531,23.0,16.0,11.0,13.0,24.0,12.0,8.0,11.0,8.0,17.0,8.0,10.0,19.0,10.0,24.0,12.0,10.0,6.0,4.0,Regular Season
miami heat,2025-26,3,1610612748.0,13.0,5.0,8.0,0.385,48.0,43.3,93.2,0.465,12.8,34.8,0.367,17.6,22.4,0.787,11.6,33.8,45.4,26.9,12.8,9.1,4.8,5.2,16.9,18.5,117.0,0.5,14.0,23.0,21.0,24.0,17.0,12.0,2.0,20.0,19.0,24.0,14.0,19.0,19.0,14.0,14.0,6.0,9.0,14.0,4.0,8.0,15.0,20.0,1.0,26.0,17.0,15.0,Regular Season,1610612748.0,13.0,5.0,8.0,0.385,624.0,112.2,114.2,111.7,114.3,0.4,-0.1,0.622,2.1,18.5,0.301,0.735,0.509,0.125,0.533,0.568,104.3,102.23,85.19,1332.0,0.502,14.0,23.0,21.0,24.0,20.0,19.0,14.0,15.0,16.0,6.0,13.0,16.0,2.0,8.0,6.0,20.0,23.0,9.0,14.0,Regular Season
milwaukee bucks,2025-26,3,1610612749.0,13.0,5.0,8.0,0.385,48.0,39.3,83.1,0.473,13.8,36.6,0.376,16.7,21.8,0.767,8.8,32.5,41.2,24.6,15.8,7.6,3.9,3.8,19.8,19.2,109.1,-3.9,14.0,23.0,21.0,24.0,17.0,28.0,29.0,15.0,11.0,16.0,9.0,25.0,22.0,23.0,29.0,18.0,26.0,23.0,25.0,21.0,27.0,2.0,11.0,22.0,29.0,22.0,Regular Season,1610612749.0,13.0,5.0,8.0,0.385,624.0,109.4,111.1,112.0,115.2,-2.6,-4.1,0.626,1.55,18.2,0.278,0.68,0.489,0.161,0.556,0.589,100.3,98.12,81.76,1276.0,0.484,14.0,23.0,21.0,24.0,20.0,25.0,15.0,22.0,14.0,27.0,19.0,26.0,23.0,23.0,27.0,11.0,12.0,26.0,23.0,Regular Season
minnesota timberwolves,2025-26,3,1610612750.0,14.0,9.0,5.0,0.643,48.7,41.8,90.4,0.462,13.5,39.3,0.344,21.1,27.9,0.757,11.5,33.7,45.2,26.7,12.9,8.3,5.9,3.9,21.0,21.4,118.2,2.9,1.0,3.0,7.0,6.0,5.0,18.0,16.0,21.0,17.0,7.0,23.0,6.0,4.0,24.0,16.0,7.0,10.0,15.0,5.0,15.0,6.0,4.0,23.0,7.0,13.0,12.0,Regular Season,1610612750.0,14.0,9.0,5.0,0.643,682.0,113.6,114.8,109.0,112.5,4.6,2.3,0.639,2.08,18.5,0.291,0.695,0.493,0.125,0.537,0.575,103.4,101.24,84.37,1442.0,0.518,1.0,3.0,7.0,6.0,1.0,17.0,7.0,12.0,11.0,8.0,15.0,22.0,12.0,21.0,4.0,19.0,20.0,13.0,11.0,Regular Season
new orleans pelicans,2025-26,3,1610612740.0,14.0,5.0,9.0,0.357,48.7,44.7,93.1,0.48,9.6,28.7,0.333,23.2,28.1,0.825,11.6,33.1,44.6,26.6,13.0,8.6,4.6,5.2,20.0,21.4,122.2,-2.4,1.0,23.0,27.0,27.0,5.0,5.0,4.0,8.0,30.0,29.0,28.0,2.0,2.0,4.0,15.0,12.0,14.0,16.0,8.0,13.0,19.0,19.0,13.0,7.0,3.0,19.0,Regular Season,1610612740.0,14.0,5.0,9.0,0.357,682.0,114.3,116.0,115.1,118.4,-0.7,-2.4,0.596,2.05,18.2,0.299,0.657,0.482,0.123,0.532,0.579,106.0,103.78,86.48,1475.0,0.5,1.0,23.0,27.0,27.0,1.0,13.0,23.0,19.0,24.0,9.0,20.0,19.0,28.0,27.0,3.0,22.0,18.0,2.0,16.0,Regular Season
new york knicks,2025-26,3,1610612752.0,14.0,10.0,4.0,0.714,48.0,44.1,90.2,0.489,15.7,38.6,0.407,18.3,23.0,0.795,12.7,32.9,45.6,27.5,13.1,7.9,4.1,4.3,21.1,18.9,122.1,5.2,1.0,2.0,3.0,3.0,17.0,8.0,19.0,6.0,4.0,12.0,2.0,14.0,16.0,11.0,6.0,14.0,8.0,11.0,9.0,17.0,25.0,7.0,24.0,23.0,4.0,6.0,Regular Season,1610612752.0,14.0,10.0,4.0,0.714,672.0,121.3,123.2,114.9,118.0,6.4,5.2,0.624,2.1,19.4,0.317,0.675,0.502,0.132,0.576,0.609,101.2,99.11,82.59,1388.0,0.525,1.0,2.0,3.0,3.0,8.0,2.0,21.0,6.0,15.0,5.0,9.0,12.0,24.0,12.0,10.0,4.0,5.0,23.0,7.0,Regular Season
oklahoma city thunder,2025-26,3,1610612760.0,13.0,9.0,4.0,0.692,48.0,45.5,90.2,0.505,13.8,36.8,0.374,17.2,21.2,0.815,9.2,34.5,43.6,25.5,12.6,10.5,5.4,4.1,19.2,18.4,122.1,13.2,14.0,3.0,3.0,4.0,17.0,2.0,18.0,4.0,11.0,14.0,10.0,22.0,26.0,6.0,28.0,3.0,19.0,21.0,2.0,2.0,9.0,5.0,8.0,27.0,5.0,1.0,Regular Season,1610612760.0,13.0,9.0,4.0,0.692,624.0,118.5,118.7,105.5,106.2,13.0,12.5,0.559,2.02,18.2,0.25,0.723,0.498,0.123,0.581,0.613,103.1,102.69,85.58,1337.0,0.565,14.0,3.0,3.0,4.0,20.0,6.0,2.0,1.0,29.0,10.0,17.0,30.0,4.0,16.0,2.0,3.0,3.0,5.0,1.0,Regular Season
orlando magic,2025-26,3,1610612753.0,14.0,7.0,7.0,0.5,48.4,41.4,91.4,0.453,10.5,32.6,0.322,19.6,26.0,0.755,11.8,33.4,45.1,26.6,12.8,7.9,5.1,5.3,21.3,21.3,112.9,-3.4,1.0,8.0,15.0,13.0,13.0,20.0,9.0,27.0,27.0,25.0,30.0,10.0,8.0,26.0,13.0,9.0,11.0,16.0,3.0,17.0,11.0,21.0,25.0,9.0,22.0,20.0,Regular Season,1610612753.0,14.0,7.0,7.0,0.5,677.0,108.7,110.6,113.1,114.0,-4.3,-3.4,0.644,2.08,18.5,0.3,0.71,0.498,0.125,0.51,0.549,102.5,101.25,84.37,1429.0,0.484,1.0,8.0,15.0,13.0,4.0,26.0,13.0,20.0,9.0,7.0,14.0,17.0,7.0,15.0,5.0,28.0,27.0,12.0,22.0,Regular Season
philadelphia 76ers,2025-26,3,1610612755.0,12.0,7.0,5.0,0.583,48.4,39.3,92.8,0.423,13.8,38.8,0.354,21.4,25.8,0.829,13.9,31.8,45.8,23.4,12.9,9.1,5.1,5.8,19.8,20.8,113.7,1.4,23.0,8.0,7.0,9.0,8.0,29.0,5.0,30.0,13.0,9.0,18.0,3.0,9.0,2.0,3.0,22.0,6.0,27.0,6.0,7.0,10.0,27.0,12.0,11.0,20.0,14.0,Regular Season,1610612755.0,12.0,7.0,5.0,0.583,581.0,110.2,113.1,110.4,111.2,-0.2,1.9,0.597,1.81,16.5,0.328,0.687,0.497,0.129,0.497,0.546,101.5,99.84,83.2,1206.0,0.489,23.0,8.0,7.0,9.0,24.0,23.0,4.0,13.0,23.0,16.0,30.0,8.0,16.0,17.0,8.0,30.0,28.0,20.0,20.0,Regular Season
phoenix suns,2025-26,3,1610612756.0,12.0,7.0,5.0,0.583,48.0,42.1,92.0,0.457,12.8,36.7,0.348,15.3,19.3,0.793,13.3,29.6,42.9,25.4,14.7,10.8,3.8,5.3,20.7,19.6,112.3,-1.2,23.0,8.0,7.0,9.0,17.0,16.0,6.0,24.0,20.0,15.0,21.0,29.0,29.0,13.0,4.0,28.0,22.0,22.0,19.0,1.0,28.0,22.0,20.0,18.0,25.0,16.0,Regular Season,1610612756.0,12.0,7.0,5.0,0.583,576.0,110.2,112.4,111.5,113.6,-1.3,-1.2,0.604,1.73,17.9,0.334,0.674,0.496,0.147,0.527,0.558,101.8,99.83,83.19,1198.0,0.493,23.0,8.0,7.0,9.0,26.0,24.0,11.0,17.0,21.0,23.0,23.0,5.0,25.0,18.0,19.0,25.0,26.0,21.0,17.0,Regular Season
portland trail blazers,2025-26,3,1610612757.0,14.0,6.0,8.0,0.429,48.4,39.5,87.5,0.451,14.0,39.1,0.358,20.2,26.9,0.751,12.6,32.1,44.8,24.1,18.6,7.1,4.8,6.4,22.8,22.9,113.2,-5.7,1.0,16.0,21.0,20.0,13.0,27.0,25.0,28.0,9.0,8.0,17.0,9.0,6.0,28.0,8.0,20.0,13.0,25.0,30.0,26.0,13.0,29.0,28.0,1.0,21.0,26.0,Regular Season,1610612757.0,14.0,6.0,8.0,0.429,677.0,107.5,110.5,112.9,116.4,-5.3,-5.8,0.611,1.3,16.8,0.336,0.682,0.509,0.181,0.531,0.57,104.5,101.57,84.64,1434.0,0.457,1.0,16.0,21.0,20.0,4.0,27.0,18.0,26.0,17.0,30.0,29.0,4.0,22.0,7.0,30.0,23.0,21.0,11.0,27.0,Regular Season
sacramento kings,2025-26,3,1610612758.0,12.0,3.0,9.0,0.25,48.8,41.0,90.3,0.454,10.1,29.9,0.337,17.7,23.4,0.754,12.6,30.7,43.3,24.3,15.3,9.7,5.8,5.3,20.3,18.3,109.8,-11.6,23.0,28.0,27.0,28.0,2.0,22.0,17.0,25.0,28.0,27.0,26.0,18.0,14.0,27.0,10.0,26.0,21.0,24.0,22.0,4.0,7.0,22.0,16.0,28.0,28.0,30.0,Regular Season,1610612758.0,12.0,3.0,9.0,0.25,586.0,106.2,108.0,115.8,119.4,-9.7,-11.5,0.591,1.58,17.0,0.318,0.65,0.478,0.151,0.51,0.545,102.3,99.89,83.24,1220.0,0.447,23.0,28.0,27.0,28.0,23.0,30.0,26.0,30.0,25.0,26.0,27.0,11.0,30.0,28.0,21.0,29.0,29.0,19.0,30.0,Regular Season
san antonio spurs,2025-26,3,1610612759.0,14.0,11.0,3.0,0.786,48.0,43.2,91.2,0.474,13.7,38.1,0.36,21.3,27.4,0.776,12.4,35.8,48.1,26.2,13.4,6.9,4.4,4.3,18.1,21.8,121.4,6.4,1.0,1.0,1.0,1.0,17.0,13.0,10.0,14.0,14.0,13.0,16.0,4.0,5.0,17.0,11.0,1.0,1.0,18.0,13.0,28.0,23.0,7.0,4.0,4.0,6.0,5.0,Regular Season,1610612759.0,14.0,11.0,3.0,0.786,672.0,116.4,119.0,111.0,111.9,5.3,7.1,0.607,1.95,18.2,0.311,0.743,0.526,0.132,0.549,0.588,104.0,102.43,85.36,1429.0,0.519,1.0,1.0,1.0,1.0,8.0,5.0,6.0,5.0,20.0,13.0,18.0,14.0,1.0,3.0,9.0,16.0,13.0,7.0,9.0,Regular Season
toronto raptors,2025-26,3,1610612761.0,14.0,6.0,8.0,0.429,48.4,40.9,91.4,0.448,12.1,36.4,0.332,14.3,18.3,0.781,12.8,31.2,44.0,28.7,14.4,8.2,4.7,5.7,21.3,19.5,108.2,-3.7,1.0,16.0,21.0,20.0,13.0,23.0,8.0,29.0,23.0,18.0,29.0,30.0,30.0,15.0,5.0,24.0,18.0,7.0,16.0,16.0,17.0,26.0,25.0,19.0,30.0,21.0,Regular Season,1610612761.0,14.0,6.0,8.0,0.429,677.0,107.0,109.9,111.9,114.0,-4.9,-4.0,0.702,1.99,19.9,0.328,0.692,0.5,0.147,0.514,0.544,99.8,97.6,81.33,1378.0,0.485,1.0,16.0,21.0,20.0,4.0,28.0,12.0,21.0,4.0,12.0,7.0,7.0,14.0,14.0,18.0,27.0,30.0,27.0,21.0,Regular Season
utah jazz,2025-26,3,1610612762.0,13.0,6.0,7.0,0.462,48.8,42.9,90.8,0.473,15.3,38.8,0.395,23.3,29.2,0.799,10.8,32.8,43.6,30.9,13.8,7.2,2.9,6.4,22.9,22.8,124.5,-5.2,14.0,16.0,15.0,18.0,3.0,15.0,13.0,16.0,6.0,11.0,4.0,1.0,1.0,10.0,21.0,15.0,19.0,2.0,14.0,25.0,30.0,28.0,29.0,2.0,2.0,24.0,Regular Season,1610612762.0,13.0,6.0,7.0,0.462,634.0,116.7,118.6,121.6,123.7,-4.9,-5.1,0.72,2.23,20.6,0.28,0.702,0.49,0.132,0.557,0.601,105.0,103.23,86.03,1364.0,0.476,14.0,16.0,15.0,18.0,15.0,7.0,30.0,25.0,1.0,2.0,2.0,24.0,9.0,22.0,11.0,10.0,6.0,3.0,24.0,Regular Season
washington wizards,2025-26,3,1610612764.0,14.0,6.0,8.0,0.429,48.0,41.9,91.1,0.46,12.6,36.4,0.347,17.6,22.9,0.769,12.6,33.1,45.8,25.5,13.4,6.4,6.4,5.4,20.4,17.0,114.1,-6.7,1.0,16.0,21.0,20.0,17.0,17.0,11.0,22.0,22.0,17.0,22.0,20.0,17.0,21.0,8.0,11.0,5.0,20.0,11.0,30.0,2.0,24.0,18.0,30.0,19.0,27.0,Regular Season,1610612764.0,14.0,6.0,8.0,0.429,672.0,111.9,113.3,116.9,120.7,-5.0,-7.4,0.608,1.91,18.0,0.315,0.655,0.488,0.133,0.529,0.564,102.6,100.36,83.63,1409.0,0.467,1.0,16.0,21.0,20.0,8.0,22.0,28.0,27.0,19.0,15.0,21.0,13.0,29.0,24.0,12.0,24.0,25.0,16.0,26.0,Regular Season
atlanta hawks,2025-26,4,1610612737.0,16.0,8.0,8.0,0.5,48.0,42.0,92.8,0.453,14.8,39.9,0.369,14.1,18.6,0.758,9.9,33.5,43.4,29.4,13.2,10.2,4.3,6.1,19.1,16.3,112.8,-1.6,8.0,16.0,18.0,17.0,11.0,12.0,2.0,22.0,7.0,8.0,9.0,28.0,28.0,25.0,23.0,11.0,17.0,7.0,8.0,3.0,24.0,27.0,19.0,30.0,16.0,20.0,Regular Season,1610612737.0,16.0,8.0,8.0,0.5,768.0,108.3,109.7,109.9,111.5,-1.6,-1.9,0.699,2.23,20.2,0.257,0.721,0.481,0.128,0.532,0.559,104.2,102.75,85.63,1646.0,0.486,8.0,16.0,18.0,17.0,10.0,27.0,10.0,20.0,6.0,4.0,7.0,25.0,8.0,25.0,5.0,18.0,23.0,3.0,20.0,Regular Season
boston celtics,2025-26,4,1610612738.0,16.0,10.0,6.0,0.625,48.6,42.8,92.7,0.462,15.8,41.6,0.378,13.7,17.1,0.799,12.7,34.3,46.9,24.0,11.8,6.9,5.1,4.8,16.8,17.5,115.1,7.4,8.0,4.0,5.0,6.0,4.0,7.0,3.0,18.0,4.0,3.0,5.0,29.0,29.0,8.0,8.0,7.0,5.0,28.0,3.0,24.0,13.0,12.0,4.0,25.0,10.0,2.0,Regular Season,1610612738.0,16.0,10.0,6.0,0.625,778.0,115.9,119.9,109.7,111.9,6.2,8.0,0.561,2.04,17.5,0.342,0.717,0.529,0.122,0.547,0.574,97.5,94.89,79.07,1536.0,0.524,8.0,4.0,5.0,6.0,8.0,2.0,12.0,2.0,30.0,8.0,27.0,5.0,9.0,3.0,3.0,11.0,14.0,28.0,5.0,Regular Season
brooklyn nets,2025-26,4,1610612751.0,17.0,3.0,14.0,0.176,48.9,37.1,85.5,0.434,13.5,39.4,0.342,16.5,21.5,0.768,11.2,28.8,40.1,24.6,13.8,8.0,4.8,5.8,19.1,17.9,104.2,-10.9,1.0,28.0,29.0,29.0,1.0,30.0,25.0,30.0,15.0,10.0,21.0,20.0,18.0,22.0,15.0,30.0,29.0,23.0,13.0,20.0,15.0,23.0,18.0,23.0,30.0,29.0,Regular Season,1610612751.0,17.0,3.0,14.0,0.176,831.0,106.8,109.4,118.3,120.6,-11.5,-11.3,0.662,1.78,18.2,0.299,0.687,0.481,0.145,0.513,0.549,95.7,93.66,78.05,1620.0,0.433,1.0,28.0,29.0,29.0,1.0,29.0,29.0,29.0,11.0,19.0,18.0,16.0,19.0,24.0,16.0,29.0,29.0,30.0,30.0,Regular Season
charlotte hornets,2025-26,4,1610612766.0,17.0,11.0,6.0,0.647,48.0,42.0,87.6,0.479,15.8,40.6,0.389,17.3,21.1,0.821,12.8,35.4,48.2,27.4,15.5,5.9,4.2,4.9,18.3,18.9,117.1,11.0,1.0,1.0,5.0,5.0,11.0,12.0,23.0,9.0,3.0,6.0,4.0,15.0,20.0,2.0,7.0,4.0,2.0,10.0,24.0,30.0,25.0,15.0,12.0,14.0,6.0,1.0,Regular Season,1610612766.0,17.0,11.0,6.0,0.647,816.0,117.6,121.1,108.2,109.6,9.4,11.5,0.653,1.77,19.4,0.361,0.736,0.556,0.161,0.569,0.604,98.8,96.76,80.64,1644.0,0.55,1.0,1.0,5.0,5.0,5.0,1.0,5.0,1.0,13.0,21.0,10.0,2.0,3.0,1.0,30.0,4.0,2.0,25.0,1.0,Regular Season
chicago bulls,2025-26,4,1610612741.0,16.0,8.0,8.0,0.5,48.0,43.0,89.3,0.482,16.1,41.1,0.391,13.6,17.1,0.799,8.8,35.6,44.4,30.8,13.3,6.6,5.1,4.3,17.5,16.4,115.7,1.5,8.0,16.0,18.0,17.0,11.0,4.0,14.0,6.0,2.0,5.0,2.0,30.0,30.0,9.0,27.0,2.0,13.0,1.0,9.0,27.0,12.0,6.0,7.0,29.0,9.0,14.0,Regular Season,1610612741.0,16.0,8.0,8.0,0.5,768.0,114.3,115.8,112.1,114.3,2.3,1.5,0.715,2.32,21.6,0.255,0.741,0.503,0.133,0.572,0.598,101.5,99.88,83.23,1598.0,0.512,8.0,16.0,18.0,17.0,10.0,9.0,20.0,13.0,2.0,1.0,1.0,26.0,2.0,11.0,8.0,2.0,6.0,14.0,15.0,Regular Season
cleveland cavaliers,2025-26,4,1610612739.0,15.0,10.0,5.0,0.667,48.0,43.9,89.1,0.492,13.8,36.9,0.374,16.4,21.3,0.769,11.8,33.1,44.9,29.9,15.9,8.5,5.2,4.7,18.5,18.9,117.9,3.5,17.0,4.0,3.0,4.0,11.0,2.0,15.0,3.0,10.0,15.0,7.0,21.0,19.0,21.0,11.0,13.0,12.0,4.0,28.0,12.0,11.0,10.0,14.0,15.0,3.0,8.0,Regular Season,1610612739.0,15.0,10.0,5.0,0.667,720.0,115.0,117.2,111.4,113.4,3.6,3.8,0.681,1.88,20.6,0.315,0.711,0.517,0.158,0.57,0.599,102.7,100.77,83.97,1509.0,0.523,17.0,4.0,3.0,4.0,20.0,3.0,16.0,7.0,8.0,14.0,6.0,10.0,14.0,6.0,27.0,3.0,5.0,9.0,7.0,Regular Season
dallas mavericks,2025-26,4,1610612742.0,15.0,7.0,8.0,0.467,48.0,43.0,90.2,0.477,11.3,31.5,0.358,17.6,24.6,0.715,10.2,36.3,46.5,25.1,14.2,7.2,4.6,5.8,16.1,20.3,114.9,0.8,17.0,20.0,18.0,20.0,11.0,4.0,9.0,10.0,24.0,29.0,17.0,13.0,3.0,29.0,20.0,1.0,7.0,18.0,15.0,23.0,18.0,24.0,1.0,3.0,11.0,18.0,Regular Season,1610612742.0,15.0,7.0,8.0,0.467,720.0,109.4,111.8,110.0,111.2,-0.7,0.6,0.584,1.77,17.6,0.292,0.73,0.515,0.138,0.539,0.569,104.3,102.67,85.56,1541.0,0.503,17.0,20.0,18.0,20.0,20.0,18.0,9.0,17.0,26.0,20.0,24.0,19.0,4.0,7.0,12.0,16.0,18.0,4.0,17.0,Regular Season
denver nuggets,2025-26,4,1610612743.0,16.0,10.0,6.0,0.625,48.3,38.6,83.3,0.463,13.6,34.9,0.39,19.1,24.2,0.788,7.4,31.7,39.1,25.1,10.9,6.4,4.7,5.1,17.9,19.6,109.8,-0.9,8.0,4.0,5.0,6.0,8.0,29.0,30.0,17.0,13.0,20.0,3.0,6.0,6.0,14.0,30.0,20.0,30.0,19.0,1.0,29.0,16.0,17.0,8.0,5.0,26.0,19.0,Regular Season,1610612743.0,16.0,10.0,6.0,0.625,773.0,112.8,115.6,114.4,116.4,-1.6,-0.8,0.652,2.31,19.2,0.24,0.679,0.469,0.114,0.545,0.584,96.5,94.42,78.68,1520.0,0.5,8.0,4.0,5.0,6.0,9.0,10.0,24.0,19.0,14.0,2.0,12.0,28.0,22.0,29.0,2.0,13.0,10.0,29.0,18.0,Regular Season
detroit pistons,2025-26,4,1610612765.0,14.0,10.0,4.0,0.714,48.0,41.4,88.4,0.469,11.1,32.4,0.344,18.2,23.6,0.77,11.6,32.4,44.1,26.6,15.7,11.6,6.9,6.0,21.0,19.3,112.2,7.1,27.0,4.0,1.0,2.0,11.0,17.0,21.0,14.0,26.0,27.0,20.0,10.0,11.0,20.0,12.0,17.0,14.0,14.0,26.0,1.0,1.0,25.0,30.0,9.0,19.0,4.0,Regular Season,1610612765.0,14.0,10.0,4.0,0.714,672.0,109.1,112.4,103.3,104.8,5.8,7.5,0.641,1.69,18.7,0.322,0.697,0.511,0.157,0.532,0.568,102.3,100.04,83.36,1398.0,0.545,27.0,4.0,1.0,2.0,27.0,17.0,1.0,3.0,16.0,25.0,14.0,8.0,18.0,9.0,25.0,19.0,19.0,12.0,2.0,Regular Season
golden state warriors,2025-26,4,1610612744.0,16.0,9.0,7.0,0.563,48.0,42.9,91.4,0.47,17.3,47.1,0.366,15.8,20.1,0.788,10.1,31.3,41.4,30.7,14.1,10.8,4.6,4.3,18.0,18.6,118.9,3.8,8.0,11.0,12.0,14.0,11.0,6.0,6.0,13.0,1.0,1.0,11.0,24.0,24.0,13.0,22.0,22.0,24.0,2.0,14.0,2.0,20.0,6.0,9.0,17.0,2.0,7.0,Regular Season,1610612744.0,16.0,9.0,7.0,0.563,768.0,114.1,115.9,110.9,112.9,3.1,3.0,0.715,2.17,20.8,0.279,0.712,0.49,0.138,0.564,0.593,104.0,102.31,85.26,1642.0,0.515,8.0,11.0,12.0,14.0,10.0,8.0,14.0,10.0,3.0,5.0,3.0,21.0,12.0,20.0,11.0,6.0,7.0,6.0,10.0,Regular Season
houston rockets,2025-26,4,1610612745.0,17.0,10.0,7.0,0.588,48.3,40.9,92.5,0.442,10.2,31.7,0.321,15.9,22.8,0.7,16.4,33.6,50.0,24.1,13.5,8.7,6.2,4.8,16.6,18.3,107.9,1.5,1.0,4.0,12.0,12.0,9.0,19.0,4.0,29.0,29.0,28.0,29.0,22.0,14.0,30.0,1.0,9.0,1.0,27.0,10.0,11.0,6.0,13.0,3.0,20.0,29.0,13.0,Regular Season,1610612745.0,17.0,10.0,7.0,0.588,821.0,108.3,111.3,107.0,110.0,1.3,1.2,0.588,1.79,16.9,0.393,0.703,0.542,0.139,0.497,0.526,98.9,96.2,80.17,1648.0,0.511,1.0,4.0,12.0,12.0,3.0,23.0,8.0,15.0,24.0,18.0,29.0,1.0,16.0,2.0,14.0,30.0,30.0,27.0,16.0,Regular Season
indiana pacers,2025-26,4,1610612754.0,15.0,7.0,8.0,0.467,48.0,41.5,89.1,0.466,13.6,36.2,0.376,15.3,20.1,0.762,9.2,34.3,43.5,29.8,15.1,7.7,4.4,4.7,20.2,19.1,112.0,-4.8,17.0,20.0,18.0,20.0,11.0,16.0,15.0,16.0,14.0,17.0,6.0,25.0,23.0,24.0,26.0,6.0,15.0,6.0,21.0,22.0,22.0,10.0,26.0,12.0,20.0,24.0,Regular Season,1610612754.0,15.0,7.0,8.0,0.467,720.0,107.8,109.4,112.4,114.1,-4.7,-4.6,0.717,1.97,20.6,0.251,0.741,0.494,0.148,0.542,0.571,103.9,102.37,85.31,1535.0,0.484,17.0,20.0,18.0,20.0,20.0,28.0,18.0,23.0,1.0,11.0,5.0,27.0,1.0,19.0,19.0,15.0,16.0,5.0,22.0,Regular Season
la clippers,2025-26,4,1610612746.0,15.0,11.0,4.0,0.733,48.3,40.0,83.3,0.48,13.1,35.8,0.367,20.5,24.2,0.848,9.8,30.8,40.6,23.5,14.2,8.9,4.6,5.7,16.9,18.9,113.7,2.9,17.0,1.0,1.0,1.0,6.0,26.0,29.0,7.0,16.0,19.0,10.0,1.0,5.0,1.0,24.0,24.0,28.0,29.0,15.0,10.0,18.0,22.0,5.0,15.0,13.0,11.0,Regular Season,1610612746.0,15.0,11.0,4.0,0.733,725.0,115.5,117.0,111.7,113.8,3.8,3.3,0.587,1.65,17.6,0.282,0.676,0.488,0.146,0.559,0.605,98.1,96.6,80.5,1457.0,0.512,17.0,1.0,1.0,1.0,18.0,4.0,17.0,9.0,25.0,26.0,23.0,20.0,24.0,22.0,18.0,7.0,1.0,26.0,14.0,Regular Season
los angeles lakers,2025-26,4,1610612747.0,16.0,9.0,7.0,0.563,48.0,42.1,84.9,0.496,12.4,34.0,0.366,19.2,25.4,0.756,9.5,32.8,42.3,25.9,13.8,8.1,4.2,3.3,17.4,19.4,115.8,0.9,8.0,11.0,12.0,14.0,11.0,11.0,27.0,1.0,19.0,22.0,12.0,5.0,1.0,26.0,25.0,16.0,20.0,15.0,12.0,18.0,27.0,2.0,6.0,8.0,8.0,17.0,Regular Season,1610612747.0,16.0,9.0,7.0,0.563,768.0,115.3,116.3,113.6,115.8,1.7,0.5,0.615,1.87,18.8,0.276,0.712,0.502,0.139,0.569,0.603,100.7,99.38,82.81,1593.0,0.512,8.0,11.0,12.0,14.0,10.0,7.0,21.0,18.0,18.0,15.0,13.0,22.0,13.0,12.0,13.0,5.0,3.0,16.0,13.0,Regular Season
memphis grizzlies,2025-26,4,1610612763.0,14.0,3.0,11.0,0.214,48.0,41.3,92.1,0.448,13.0,39.4,0.33,15.9,19.9,0.796,13.4,31.9,45.3,28.6,15.9,7.7,5.3,4.9,19.0,18.1,111.4,-5.3,27.0,28.0,25.0,28.0,11.0,18.0,5.0,26.0,17.0,9.0,26.0,23.0,26.0,10.0,3.0,19.0,11.0,8.0,29.0,21.0,10.0,14.0,17.0,21.0,22.0,25.0,Regular Season,1610612763.0,14.0,3.0,11.0,0.214,672.0,107.8,111.5,113.4,116.5,-5.6,-5.0,0.692,1.79,19.5,0.341,0.66,0.497,0.159,0.519,0.552,103.2,100.07,83.39,1399.0,0.475,27.0,28.0,25.0,28.0,27.0,21.0,25.0,25.0,7.0,17.0,9.0,6.0,28.0,16.0,29.0,25.0,27.0,11.0,25.0,Regular Season
miami heat,2025-26,4,1610612748.0,17.0,8.0,9.0,0.471,48.0,42.1,95.1,0.443,14.0,40.0,0.35,19.1,24.2,0.788,13.2,34.2,47.4,27.8,15.4,9.2,3.8,5.5,18.8,20.1,117.3,-2.7,1.0,16.0,24.0,19.0,11.0,9.0,1.0,28.0,9.0,7.0,19.0,7.0,7.0,12.0,4.0,8.0,3.0,9.0,23.0,8.0,29.0,20.0,16.0,4.0,4.0,21.0,Regular Season,1610612748.0,17.0,8.0,9.0,0.471,816.0,108.7,110.6,112.3,113.2,-3.6,-2.6,0.661,1.81,18.4,0.308,0.716,0.502,0.145,0.516,0.555,107.4,106.03,88.36,1803.0,0.483,1.0,16.0,24.0,19.0,5.0,26.0,15.0,21.0,12.0,16.0,17.0,12.0,10.0,13.0,17.0,27.0,25.0,1.0,23.0,Regular Season
milwaukee bucks,2025-26,4,1610612749.0,12.0,4.0,8.0,0.333,48.0,39.9,85.3,0.468,13.8,37.2,0.37,14.8,20.0,0.742,8.4,32.8,41.3,26.7,13.2,6.6,4.3,3.8,18.3,17.3,108.4,-7.3,30.0,25.0,18.0,24.0,11.0,27.0,26.0,15.0,12.0,14.0,8.0,27.0,25.0,27.0,28.0,15.0,26.0,13.0,6.0,26.0,23.0,4.0,11.0,26.0,27.0,26.0,Regular Season,1610612749.0,12.0,4.0,8.0,0.333,576.0,109.6,110.8,115.8,118.0,-6.2,-7.2,0.668,2.03,19.6,0.238,0.71,0.478,0.135,0.548,0.576,99.4,97.92,81.6,1174.0,0.467,30.0,25.0,18.0,24.0,30.0,25.0,27.0,26.0,10.0,9.0,8.0,29.0,15.0,26.0,9.0,10.0,13.0,22.0,26.0,Regular Season
minnesota timberwolves,2025-26,4,1610612750.0,16.0,10.0,6.0,0.625,48.0,44.4,89.8,0.494,14.9,38.0,0.393,16.7,23.1,0.724,11.5,35.3,46.8,26.9,15.3,9.6,6.2,3.5,20.4,19.1,120.4,7.4,8.0,4.0,5.0,6.0,11.0,1.0,10.0,2.0,5.0,13.0,1.0,19.0,13.0,28.0,13.0,5.0,6.0,12.0,22.0,6.0,5.0,3.0,29.0,13.0,1.0,2.0,Regular Season,1610612750.0,16.0,10.0,6.0,0.625,768.0,116.1,116.9,107.4,109.8,8.7,7.1,0.607,1.76,18.6,0.31,0.722,0.52,0.149,0.578,0.602,104.5,102.91,85.76,1647.0,0.534,8.0,4.0,5.0,6.0,10.0,5.0,6.0,5.0,21.0,22.0,16.0,11.0,6.0,5.0,20.0,1.0,4.0,2.0,4.0,Regular Season
new orleans pelicans,2025-26,4,1610612740.0,16.0,5.0,11.0,0.313,48.0,41.8,91.2,0.458,10.9,33.0,0.33,17.4,22.4,0.777,13.1,32.3,45.3,24.9,14.5,9.0,6.6,6.2,18.5,18.6,111.8,-4.4,8.0,24.0,25.0,25.0,11.0,15.0,7.0,21.0,27.0,25.0,27.0,14.0,16.0,17.0,6.0,18.0,10.0,21.0,17.0,9.0,3.0,29.0,13.0,17.0,21.0,23.0,Regular Season,1610612740.0,16.0,5.0,11.0,0.313,768.0,109.1,111.4,113.1,116.0,-4.0,-4.6,0.596,1.72,17.5,0.331,0.68,0.504,0.144,0.517,0.553,102.6,100.25,83.54,1606.0,0.485,8.0,24.0,25.0,25.0,10.0,22.0,22.0,24.0,23.0,23.0,25.0,7.0,21.0,10.0,15.0,26.0,26.0,10.0,21.0,Regular Season
new york knicks,2025-26,4,1610612752.0,15.0,7.0,8.0,0.467,48.0,40.6,89.7,0.453,13.8,38.5,0.359,15.1,19.6,0.772,13.9,33.3,47.2,25.5,14.9,8.3,4.2,5.4,19.3,17.8,110.1,2.9,17.0,20.0,18.0,20.0,11.0,21.0,11.0,23.0,10.0,11.0,15.0,26.0,27.0,19.0,2.0,12.0,4.0,17.0,19.0,15.0,26.0,18.0,20.0,24.0,24.0,10.0,Regular Season,1610612752.0,15.0,7.0,8.0,0.467,720.0,110.8,112.7,108.6,109.9,2.2,2.8,0.629,1.71,18.2,0.343,0.728,0.528,0.153,0.53,0.56,99.0,97.63,81.36,1466.0,0.512,17.0,20.0,18.0,20.0,20.0,16.0,7.0,11.0,17.0,24.0,19.0,3.0,5.0,4.0,23.0,21.0,22.0,23.0,12.0,Regular Season
oklahoma city thunder,2025-26,4,1610612760.0,15.0,9.0,6.0,0.6,48.3,41.9,87.3,0.48,12.1,35.9,0.338,20.2,24.8,0.815,8.2,33.5,41.7,24.4,11.5,8.5,6.9,4.7,18.5,22.1,116.1,7.1,17.0,11.0,5.0,9.0,6.0,14.0,24.0,8.0,22.0,18.0,22.0,2.0,2.0,4.0,29.0,10.0,21.0,25.0,2.0,13.0,2.0,9.0,14.0,1.0,7.0,5.0,Regular Season,1610612760.0,15.0,9.0,6.0,0.6,725.0,114.4,115.5,106.7,108.3,7.7,7.2,0.583,2.13,17.9,0.233,0.657,0.459,0.114,0.549,0.591,101.1,99.84,83.2,1507.0,0.544,17.0,11.0,5.0,9.0,18.0,11.0,4.0,4.0,27.0,6.0,21.0,30.0,29.0,30.0,1.0,9.0,8.0,15.0,3.0,Regular Season
orlando magic,2025-26,4,1610612753.0,13.0,6.0,7.0,0.462,48.4,40.8,88.8,0.46,12.2,34.2,0.358,19.5,24.0,0.811,10.7,30.8,41.5,27.3,13.8,8.5,4.9,6.2,19.5,20.4,113.4,-4.3,29.0,23.0,12.0,23.0,5.0,20.0,18.0,19.0,20.0,21.0,16.0,4.0,8.0,5.0,18.0,26.0,22.0,11.0,11.0,14.0,14.0,28.0,22.0,2.0,15.0,22.0,Regular Season,1610612753.0,13.0,6.0,7.0,0.462,629.0,110.7,113.1,116.1,117.7,-5.4,-4.6,0.669,1.98,19.2,0.3,0.722,0.499,0.137,0.529,0.571,101.1,99.32,82.77,1303.0,0.478,29.0,23.0,12.0,23.0,29.0,14.0,26.0,22.0,9.0,10.0,11.0,15.0,7.0,15.0,10.0,22.0,17.0,17.0,24.0,Regular Season
philadelphia 76ers,2025-26,4,1610612755.0,17.0,10.0,7.0,0.588,48.9,42.8,88.5,0.483,12.1,33.5,0.36,19.6,24.4,0.802,11.0,30.4,41.4,24.9,13.2,10.0,5.7,5.1,19.7,19.2,117.2,2.4,1.0,4.0,12.0,12.0,1.0,8.0,20.0,4.0,23.0,23.0,14.0,3.0,4.0,7.0,16.0,27.0,23.0,20.0,7.0,4.0,7.0,16.0,23.0,10.0,5.0,12.0,Regular Season,1610612755.0,17.0,10.0,7.0,0.588,831.0,115.6,116.4,110.4,114.1,5.2,2.3,0.582,1.89,17.8,0.292,0.643,0.472,0.131,0.552,0.591,100.9,98.83,82.36,1711.0,0.514,1.0,4.0,12.0,12.0,1.0,6.0,19.0,12.0,28.0,13.0,22.0,18.0,30.0,28.0,7.0,8.0,9.0,19.0,11.0,Regular Season
phoenix suns,2025-26,4,1610612756.0,16.0,11.0,5.0,0.688,48.0,40.4,87.9,0.459,14.9,41.1,0.362,16.9,21.0,0.804,12.1,31.3,43.3,24.1,14.8,9.6,4.2,3.2,19.9,18.4,112.5,6.4,8.0,1.0,3.0,3.0,11.0,23.0,22.0,20.0,6.0,4.0,13.0,18.0,21.0,6.0,10.0,23.0,18.0,26.0,18.0,6.0,27.0,1.0,24.0,19.0,18.0,6.0,Regular Season,1610612756.0,16.0,11.0,5.0,0.688,768.0,112.6,114.6,106.5,108.1,6.1,6.6,0.596,1.62,17.5,0.317,0.675,0.496,0.151,0.544,0.579,99.8,98.16,81.8,1570.0,0.523,8.0,1.0,3.0,3.0,10.0,12.0,2.0,6.0,22.0,28.0,26.0,9.0,26.0,17.0,21.0,14.0,12.0,21.0,6.0,Regular Season
portland trail blazers,2025-26,4,1610612757.0,15.0,9.0,6.0,0.6,48.0,40.2,89.4,0.45,14.4,43.1,0.334,18.0,23.6,0.763,13.2,33.0,46.2,23.1,15.7,8.1,4.7,6.3,16.1,19.5,112.8,1.1,17.0,11.0,5.0,9.0,11.0,25.0,13.0,24.0,8.0,2.0,24.0,11.0,12.0,23.0,5.0,14.0,8.0,30.0,27.0,17.0,17.0,30.0,1.0,6.0,17.0,16.0,Regular Season,1610612757.0,15.0,9.0,6.0,0.6,720.0,110.2,113.0,109.7,111.7,0.6,1.2,0.574,1.47,16.5,0.342,0.678,0.512,0.158,0.53,0.565,102.1,99.93,83.28,1498.0,0.497,17.0,11.0,5.0,9.0,20.0,15.0,11.0,16.0,29.0,30.0,30.0,4.0,23.0,8.0,26.0,20.0,21.0,13.0,19.0,Regular Season
sacramento kings,2025-26,4,1610612758.0,17.0,4.0,13.0,0.235,48.0,40.3,84.8,0.475,10.2,29.0,0.351,17.6,22.5,0.785,11.0,30.4,41.4,24.5,15.0,6.4,4.5,4.1,20.3,17.2,108.4,-8.4,1.0,25.0,28.0,27.0,11.0,24.0,28.0,11.0,29.0,30.0,18.0,12.0,15.0,15.0,16.0,28.0,25.0,24.0,20.0,28.0,21.0,5.0,27.0,27.0,28.0,27.0,Regular Season,1610612758.0,17.0,4.0,13.0,0.235,816.0,109.8,111.2,116.8,119.9,-7.0,-8.7,0.607,1.63,18.0,0.307,0.672,0.494,0.154,0.535,0.572,99.4,97.44,81.2,1657.0,0.461,1.0,25.0,28.0,27.0,5.0,24.0,28.0,28.0,20.0,27.0,20.0,14.0,27.0,18.0,24.0,17.0,15.0,24.0,27.0,Regular Season
san antonio spurs,2025-26,4,1610612759.0,15.0,8.0,7.0,0.533,48.0,39.9,88.7,0.45,12.5,38.5,0.324,18.3,23.7,0.775,10.1,35.6,45.7,25.8,12.1,6.7,5.3,5.5,18.1,19.5,110.5,3.1,17.0,16.0,12.0,16.0,11.0,28.0,19.0,25.0,18.0,11.0,28.0,9.0,10.0,18.0,21.0,3.0,9.0,16.0,4.0,25.0,9.0,21.0,10.0,6.0,23.0,9.0,Regular Season,1610612759.0,15.0,8.0,7.0,0.533,720.0,109.4,111.6,106.2,108.1,3.1,3.5,0.647,2.13,18.7,0.264,0.701,0.487,0.122,0.52,0.558,101.1,99.2,82.67,1486.0,0.519,17.0,16.0,12.0,16.0,20.0,19.0,3.0,8.0,15.0,7.0,15.0,24.0,17.0,23.0,4.0,24.0,24.0,18.0,8.0,Regular Season
toronto raptors,2025-26,4,1610612761.0,15.0,9.0,6.0,0.6,48.7,42.1,89.5,0.47,10.5,33.0,0.317,18.8,23.7,0.792,11.5,31.4,42.9,29.9,13.0,8.1,5.4,4.5,20.1,19.1,113.4,1.1,17.0,11.0,5.0,9.0,3.0,10.0,12.0,12.0,28.0,25.0,30.0,8.0,9.0,11.0,14.0,21.0,19.0,4.0,5.0,19.0,8.0,8.0,25.0,11.0,14.0,15.0,Regular Season,1610612761.0,15.0,9.0,6.0,0.6,730.0,111.8,113.6,110.6,112.2,1.2,1.4,0.71,2.3,20.7,0.296,0.714,0.501,0.13,0.529,0.568,100.1,98.56,82.14,1497.0,0.517,17.0,11.0,5.0,9.0,17.0,13.0,13.0,14.0,4.0,3.0,4.0,17.0,11.0,14.0,6.0,23.0,20.0,20.0,9.0,Regular Season
utah jazz,2025-26,4,1610612762.0,17.0,3.0,14.0,0.176,48.3,43.1,89.1,0.483,11.2,33.1,0.337,17.2,22.1,0.779,10.4,30.4,40.8,30.4,15.6,8.2,3.5,6.0,20.4,18.0,114.5,-13.4,1.0,28.0,29.0,29.0,9.0,3.0,17.0,5.0,25.0,24.0,23.0,16.0,17.0,16.0,19.0,28.0,27.0,3.0,25.0,16.0,30.0,25.0,28.0,22.0,12.0,30.0,Regular Season,1610612762.0,17.0,3.0,14.0,0.176,821.0,110.1,111.5,122.9,124.5,-12.8,-13.0,0.706,1.95,20.8,0.271,0.675,0.473,0.152,0.546,0.579,103.4,102.11,85.09,1746.0,0.447,1.0,28.0,29.0,29.0,3.0,20.0,30.0,30.0,5.0,12.0,2.0,23.0,25.0,27.0,22.0,12.0,11.0,8.0,29.0,Regular Season
washington wizards,2025-26,4,1610612764.0,15.0,4.0,11.0,0.267,48.0,40.5,90.7,0.446,12.2,36.8,0.332,17.0,20.7,0.82,12.7,30.8,43.5,24.7,16.2,9.6,6.3,5.4,19.5,16.5,110.1,-8.5,17.0,25.0,25.0,26.0,11.0,22.0,8.0,27.0,21.0,16.0,25.0,17.0,22.0,3.0,9.0,24.0,16.0,22.0,30.0,5.0,4.0,18.0,21.0,28.0,24.0,28.0,Regular Season,1610612764.0,15.0,4.0,11.0,0.267,720.0,106.5,107.5,114.0,116.1,-7.5,-8.6,0.611,1.53,17.3,0.308,0.685,0.488,0.158,0.513,0.551,103.7,102.3,85.25,1537.0,0.451,17.0,25.0,25.0,26.0,20.0,30.0,23.0,27.0,19.0,29.0,28.0,13.0,20.0,21.0,28.0,28.0,28.0,7.0,28.0,Regular Season
atlanta hawks,2025-26,5,1610612737.0,10.0,6.0,4.0,0.6,48.0,41.7,93.9,0.444,13.5,39.5,0.342,19.5,25.0,0.78,12.8,35.3,48.1,28.7,13.0,9.0,4.7,5.5,19.0,20.4,116.4,2.3,25.0,10.0,6.0,9.0,11.0,18.0,2.0,28.0,16.0,10.0,23.0,8.0,8.0,13.0,9.0,5.0,4.0,7.0,4.0,11.0,16.0,23.0,15.0,6.0,11.0,13.0,Regular Season,1610612737.0,10.0,6.0,4.0,0.6,480.0,110.8,113.1,109.0,111.1,1.8,2.0,0.688,2.21,19.2,0.321,0.716,0.515,0.126,0.516,0.555,104.9,102.8,85.67,1029.0,0.517,25.0,10.0,6.0,9.0,26.0,19.0,12.0,14.0,3.0,4.0,12.0,8.0,7.0,7.0,3.0,27.0,26.0,7.0,13.0,Regular Season
boston celtics,2025-26,5,1610612738.0,11.0,9.0,2.0,0.818,48.0,41.2,89.4,0.461,14.5,41.3,0.352,12.5,15.5,0.801,13.4,36.6,50.0,26.4,12.6,6.1,5.7,3.6,16.5,17.0,109.4,11.4,9.0,2.0,2.0,2.0,11.0,22.0,11.0,22.0,8.0,6.0,18.0,27.0,27.0,6.0,7.0,2.0,2.0,16.0,3.0,30.0,9.0,3.0,2.0,26.0,25.0,3.0,Regular Season,1610612738.0,11.0,9.0,2.0,0.818,528.0,114.5,117.8,104.7,105.5,9.8,12.3,0.64,2.09,19.3,0.355,0.742,0.555,0.136,0.542,0.568,94.5,92.86,77.39,1021.0,0.568,9.0,2.0,2.0,2.0,15.0,6.0,1.0,3.0,17.0,6.0,11.0,4.0,2.0,2.0,13.0,17.0,23.0,30.0,3.0,Regular Season
brooklyn nets,2025-26,5,1610612751.0,12.0,2.0,10.0,0.167,48.0,38.2,85.1,0.449,11.8,35.9,0.327,16.3,22.5,0.726,10.5,29.4,39.9,26.1,16.5,7.8,3.2,5.8,20.9,18.3,104.4,-16.0,1.0,26.0,29.0,29.0,11.0,29.0,27.0,25.0,24.0,20.0,27.0,22.0,19.0,29.0,20.0,27.0,28.0,18.0,27.0,24.0,30.0,25.0,27.0,23.0,29.0,29.0,Regular Season,1610612751.0,12.0,2.0,10.0,0.167,576.0,103.4,104.7,119.2,121.3,-15.8,-16.6,0.683,1.58,18.6,0.288,0.706,0.484,0.165,0.518,0.55,101.0,99.5,82.92,1197.0,0.41,1.0,26.0,29.0,29.0,4.0,29.0,28.0,29.0,5.0,25.0,15.0,19.0,11.0,22.0,26.0,26.0,28.0,17.0,30.0,Regular Season
charlotte hornets,2025-26,5,1610612766.0,11.0,8.0,3.0,0.727,48.0,39.4,88.4,0.445,18.8,47.2,0.399,17.6,20.8,0.847,15.2,33.4,48.5,25.4,16.7,8.3,4.0,4.6,18.5,18.1,115.2,9.2,9.0,4.0,4.0,4.0,11.0,26.0,20.0,27.0,1.0,2.0,1.0,19.0,25.0,1.0,1.0,8.0,3.0,21.0,28.0,18.0,21.0,14.0,12.0,25.0,16.0,6.0,Regular Season,1610612766.0,11.0,8.0,3.0,0.727,528.0,116.3,119.5,109.1,110.6,7.2,8.9,0.644,1.52,18.0,0.401,0.735,0.563,0.174,0.552,0.591,98.1,96.09,80.08,1060.0,0.527,9.0,4.0,4.0,4.0,15.0,4.0,10.0,6.0,15.0,26.0,21.0,1.0,3.0,1.0,28.0,12.0,9.0,27.0,10.0,Regular Season
chicago bulls,2025-26,5,1610612741.0,11.0,0.0,11.0,0.0,48.0,37.6,87.2,0.432,14.1,41.8,0.337,17.4,21.9,0.793,10.7,30.4,41.1,24.0,18.2,8.6,5.6,6.0,17.7,18.2,106.7,-17.3,9.0,30.0,30.0,30.0,11.0,30.0,26.0,29.0,11.0,5.0,25.0,20.0,20.0,8.0,19.0,25.0,24.0,26.0,29.0,15.0,11.0,27.0,8.0,24.0,28.0,30.0,Regular Season,1610612741.0,11.0,0.0,11.0,0.0,528.0,102.4,104.6,118.7,121.7,-16.4,-17.0,0.638,1.32,17.1,0.287,0.662,0.47,0.178,0.513,0.551,104.4,101.95,84.96,1122.0,0.413,9.0,30.0,30.0,30.0,15.0,30.0,29.0,30.0,18.0,30.0,28.0,21.0,24.0,26.0,29.0,28.0,27.0,10.0,29.0,Regular Season
cleveland cavaliers,2025-26,5,1610612739.0,11.0,8.0,3.0,0.727,48.5,44.0,88.4,0.498,13.4,36.2,0.369,19.5,24.9,0.785,11.9,31.7,43.6,28.9,13.7,10.0,5.5,4.3,17.5,20.5,120.9,10.9,9.0,4.0,4.0,4.0,6.0,3.0,20.0,3.0,18.0,18.0,9.0,6.0,9.0,11.0,10.0,17.0,13.0,6.0,12.0,6.0,12.0,6.0,6.0,5.0,3.0,4.0,Regular Season,1610612739.0,11.0,8.0,3.0,0.727,533.0,119.5,121.5,107.6,110.6,11.9,10.9,0.657,2.11,20.2,0.336,0.643,0.5,0.138,0.574,0.609,100.7,98.57,82.14,1095.0,0.567,9.0,4.0,4.0,4.0,12.0,1.0,9.0,4.0,11.0,5.0,5.0,6.0,30.0,14.0,14.0,3.0,1.0,20.0,4.0,Regular Season
dallas mavericks,2025-26,5,1610612742.0,10.0,2.0,8.0,0.2,48.0,42.8,88.9,0.481,9.4,27.9,0.337,20.7,28.7,0.721,10.0,32.3,42.3,24.2,13.4,7.1,3.8,5.2,15.6,21.6,115.7,-9.0,25.0,26.0,24.0,26.0,11.0,8.0,15.0,10.0,28.0,29.0,26.0,4.0,2.0,30.0,22.0,15.0,21.0,25.0,8.0,28.0,25.0,21.0,1.0,2.0,13.0,25.0,Regular Season,1610612742.0,10.0,2.0,8.0,0.2,480.0,110.3,111.8,119.6,120.5,-9.4,-8.7,0.565,1.81,17.1,0.28,0.7,0.489,0.129,0.534,0.57,104.6,103.5,86.25,1035.0,0.46,25.0,26.0,24.0,26.0,26.0,22.0,26.0,24.0,30.0,19.0,27.0,23.0,16.0,20.0,5.0,22.0,21.0,2.0,24.0,Regular Season
denver nuggets,2025-26,5,1610612743.0,11.0,4.0,7.0,0.364,49.4,42.7,89.7,0.476,13.9,37.5,0.37,23.0,29.6,0.776,11.4,35.9,47.3,29.0,14.9,8.1,4.0,5.1,19.7,23.5,122.4,5.0,9.0,20.0,21.0,21.0,1.0,9.0,10.0,14.0,14.0,14.0,8.0,1.0,1.0,14.0,15.0,4.0,7.0,5.0,20.0,22.0,21.0,19.0,20.0,1.0,2.0,10.0,Regular Season,1610612743.0,11.0,4.0,7.0,0.364,543.0,115.1,118.0,111.9,112.8,3.2,5.1,0.679,1.95,19.5,0.316,0.743,0.533,0.144,0.554,0.595,102.7,100.99,84.16,1141.0,0.528,9.0,20.0,21.0,21.0,9.0,5.0,14.0,10.0,6.0,14.0,8.0,10.0,1.0,3.0,17.0,11.0,7.0,14.0,9.0,Regular Season
detroit pistons,2025-26,5,1610612765.0,11.0,9.0,2.0,0.818,48.5,44.6,92.6,0.482,10.6,31.1,0.342,19.5,24.8,0.784,13.7,33.7,47.5,27.0,13.5,10.9,6.5,6.5,21.3,20.8,119.4,12.7,9.0,2.0,2.0,2.0,6.0,2.0,5.0,9.0,27.0,26.0,22.0,9.0,10.0,12.0,6.0,7.0,6.0,14.0,10.0,3.0,2.0,29.0,29.0,3.0,6.0,2.0,Regular Season,1610612765.0,11.0,9.0,2.0,0.818,533.0,115.5,119.7,103.9,106.3,11.6,13.3,0.605,1.99,18.6,0.366,0.694,0.531,0.136,0.539,0.576,102.0,99.06,82.55,1097.0,0.57,9.0,2.0,2.0,2.0,12.0,3.0,3.0,2.0,22.0,10.0,16.0,2.0,19.0,4.0,11.0,19.0,19.0,19.0,2.0,Regular Season
golden state warriors,2025-26,5,1610612744.0,10.0,4.0,6.0,0.4,48.0,41.6,89.0,0.467,16.3,47.6,0.342,10.7,14.0,0.764,11.2,31.4,42.6,31.0,15.8,9.8,3.7,4.9,19.0,13.4,110.2,-4.4,25.0,20.0,17.0,20.0,11.0,19.0,13.0,17.0,2.0,1.0,21.0,29.0,30.0,21.0,17.0,21.0,20.0,2.0,24.0,8.0,27.0,17.0,15.0,30.0,24.0,23.0,Regular Season,1610612744.0,10.0,4.0,6.0,0.4,480.0,110.5,112.0,115.2,116.5,-4.8,-4.5,0.745,1.96,21.5,0.295,0.682,0.485,0.161,0.559,0.579,99.6,98.4,82.0,984.0,0.477,25.0,20.0,17.0,20.0,26.0,21.0,20.0,23.0,1.0,12.0,1.0,18.0,22.0,21.0,25.0,8.0,18.0,22.0,22.0,Regular Season
houston rockets,2025-26,5,1610612745.0,12.0,7.0,5.0,0.583,48.0,40.3,84.3,0.479,11.9,32.4,0.368,16.4,20.8,0.788,11.8,32.6,44.3,23.8,16.1,8.8,6.3,3.9,17.4,16.9,109.0,2.6,1.0,9.0,13.0,13.0,11.0,24.0,28.0,12.0,23.0,24.0,11.0,21.0,24.0,9.0,12.0,14.0,11.0,27.0,25.0,12.0,4.0,4.0,5.0,27.0,26.0,12.0,Regular Season,1610612745.0,12.0,7.0,5.0,0.583,576.0,111.5,113.6,108.9,110.9,2.6,2.8,0.591,1.48,17.7,0.341,0.667,0.513,0.168,0.549,0.583,97.7,95.96,79.97,1151.0,0.521,1.0,9.0,13.0,13.0,4.0,17.0,11.0,11.0,24.0,28.0,24.0,5.0,23.0,9.0,27.0,14.0,15.0,28.0,11.0,Regular Season
indiana pacers,2025-26,5,1610612754.0,11.0,2.0,9.0,0.182,48.5,42.2,88.8,0.475,14.5,39.9,0.364,16.3,21.2,0.768,8.3,31.7,40.0,29.4,15.1,8.2,3.5,4.9,19.7,18.4,115.2,-8.9,9.0,26.0,27.0,27.0,6.0,14.0,16.0,15.0,8.0,8.0,13.0,23.0,22.0,17.0,29.0,17.0,27.0,3.0,21.0,19.0,28.0,18.0,20.0,22.0,16.0,24.0,Regular Season,1610612754.0,11.0,2.0,9.0,0.182,533.0,109.7,110.1,117.7,119.2,-8.0,-9.1,0.696,1.95,20.2,0.23,0.698,0.461,0.144,0.557,0.587,104.2,103.38,86.15,1151.0,0.454,9.0,26.0,27.0,27.0,12.0,25.0,24.0,26.0,2.0,13.0,4.0,30.0,17.0,29.0,18.0,10.0,12.0,5.0,25.0,Regular Season
la clippers,2025-26,5,1610612746.0,11.0,5.0,6.0,0.455,48.0,39.1,79.9,0.489,8.4,25.7,0.325,21.1,26.8,0.786,8.6,33.2,41.8,22.9,15.4,7.8,4.9,4.4,18.2,20.4,107.6,-1.5,9.0,19.0,17.0,19.0,11.0,27.0,30.0,6.0,30.0,30.0,28.0,3.0,3.0,10.0,28.0,11.0,22.0,29.0,23.0,25.0,13.0,7.0,10.0,7.0,27.0,18.0,Regular Season,1610612746.0,11.0,5.0,6.0,0.455,528.0,109.3,111.3,109.5,113.0,-0.1,-1.7,0.586,1.49,17.4,0.284,0.703,0.507,0.159,0.542,0.587,99.0,96.64,80.53,1064.0,0.51,9.0,19.0,17.0,19.0,15.0,23.0,15.0,19.0,25.0,27.0,26.0,22.0,14.0,11.0,24.0,18.0,11.0,25.0,15.0,Regular Season
los angeles lakers,2025-26,5,1610612747.0,12.0,6.0,6.0,0.5,48.0,41.5,82.7,0.502,11.3,31.0,0.363,18.5,24.7,0.75,8.0,31.3,39.3,25.6,14.1,7.7,4.0,3.6,17.3,19.9,112.8,0.2,1.0,10.0,17.0,17.0,11.0,20.0,29.0,1.0,26.0,27.0,14.0,14.0,12.0,25.0,30.0,22.0,29.0,19.0,15.0,26.0,21.0,2.0,4.0,9.0,20.0,16.0,Regular Season,1610612747.0,12.0,6.0,6.0,0.5,576.0,113.2,114.3,112.7,114.6,0.5,-0.3,0.616,1.82,18.9,0.256,0.719,0.495,0.143,0.57,0.603,99.8,98.46,82.05,1184.0,0.503,1.0,10.0,17.0,17.0,4.0,16.0,17.0,17.0,20.0,17.0,14.0,29.0,5.0,18.0,16.0,5.0,4.0,21.0,17.0,Regular Season
memphis grizzlies,2025-26,5,1610612763.0,11.0,4.0,7.0,0.364,48.0,43.4,88.6,0.489,14.6,37.7,0.388,18.5,24.0,0.769,9.4,29.0,38.4,28.5,13.9,11.8,4.5,4.5,20.8,19.5,119.8,-3.5,9.0,20.0,21.0,21.0,11.0,6.0,18.0,5.0,7.0,13.0,4.0,15.0,14.0,16.0,26.0,29.0,30.0,9.0,13.0,1.0,17.0,10.0,26.0,12.0,5.0,22.0,Regular Season,1610612763.0,11.0,4.0,7.0,0.364,528.0,115.5,116.2,116.2,120.1,-0.7,-3.9,0.658,2.05,19.9,0.262,0.649,0.456,0.135,0.572,0.604,105.0,102.91,85.76,1134.0,0.489,9.0,20.0,21.0,21.0,15.0,10.0,25.0,22.0,10.0,7.0,6.0,27.0,28.0,30.0,9.0,4.0,3.0,6.0,19.0,Regular Season
miami heat,2025-26,5,1610612748.0,11.0,6.0,5.0,0.545,48.0,43.7,94.4,0.463,14.1,39.9,0.353,18.8,24.8,0.758,13.8,37.6,51.5,29.2,13.0,8.2,4.1,4.0,18.7,19.3,120.4,9.7,9.0,10.0,13.0,14.0,30.0,4.0,1.0,20.0,11.0,8.0,17.0,12.0,10.0,22.0,5.0,1.0,1.0,4.0,4.0,19.0,20.0,5.0,13.0,13.0,4.0,5.0,Regular Season,1610612748.0,11.0,6.0,5.0,0.545,528.0,115.2,116.4,105.8,106.8,9.5,9.6,0.667,2.24,19.6,0.301,0.728,0.515,0.126,0.538,0.572,104.5,103.46,86.22,1137.0,0.545,9.0,10.0,13.0,14.0,24.0,8.0,4.0,5.0,8.0,3.0,7.0,15.0,4.0,8.0,2.0,20.0,20.0,3.0,5.0,Regular Season
milwaukee bucks,2025-26,5,1610612749.0,12.0,8.0,4.0,0.667,48.4,43.1,88.2,0.489,15.4,38.9,0.396,11.6,15.1,0.768,9.7,33.2,42.8,24.9,14.4,6.3,3.8,4.6,17.7,15.8,113.2,-1.6,1.0,4.0,6.0,6.0,9.0,7.0,22.0,7.0,5.0,12.0,2.0,28.0,28.0,18.0,24.0,12.0,18.0,24.0,17.0,29.0,26.0,12.0,7.0,28.0,19.0,19.0,Regular Season,1610612749.0,12.0,8.0,4.0,0.667,581.0,113.7,116.6,116.9,117.7,-3.2,-1.1,0.578,1.73,18.4,0.287,0.717,0.51,0.148,0.576,0.597,98.0,96.45,80.38,1165.0,0.481,1.0,4.0,6.0,6.0,2.0,7.0,23.0,18.0,27.0,21.0,19.0,20.0,6.0,10.0,21.0,2.0,5.0,26.0,20.0,Regular Season
minnesota timberwolves,2025-26,5,1610612750.0,10.0,6.0,4.0,0.6,48.0,43.4,88.5,0.49,13.4,36.5,0.367,18.4,25.3,0.727,11.7,31.6,43.3,25.0,14.9,8.7,6.5,3.5,20.6,19.9,118.6,0.9,25.0,10.0,6.0,9.0,11.0,5.0,19.0,4.0,17.0,17.0,12.0,16.0,7.0,28.0,13.0,19.0,14.0,22.0,19.0,13.0,3.0,1.0,25.0,10.0,7.0,15.0,Regular Season,1610612750.0,10.0,6.0,4.0,0.6,480.0,115.3,116.4,113.4,115.5,2.0,0.9,0.576,1.68,17.7,0.303,0.684,0.495,0.146,0.566,0.595,103.3,101.9,84.92,1019.0,0.506,25.0,10.0,6.0,9.0,26.0,9.0,19.0,15.0,28.0,23.0,23.0,14.0,21.0,19.0,20.0,6.0,8.0,11.0,16.0,Regular Season
new orleans pelicans,2025-26,5,1610612740.0,10.0,6.0,4.0,0.6,48.5,42.5,87.9,0.484,13.6,36.1,0.377,19.7,25.6,0.77,10.0,33.3,43.3,27.7,14.1,8.1,6.0,5.5,20.4,18.7,118.3,2.6,25.0,10.0,6.0,9.0,5.0,11.0,24.0,8.0,15.0,19.0,6.0,5.0,5.0,15.0,22.0,9.0,14.0,10.0,16.0,21.0,6.0,23.0,24.0,19.0,8.0,11.0,Regular Season,1610612740.0,10.0,6.0,4.0,0.6,485.0,114.6,116.1,110.9,113.9,3.6,2.2,0.652,1.96,19.4,0.278,0.657,0.478,0.138,0.561,0.596,102.7,100.71,83.92,1019.0,0.52,25.0,10.0,6.0,9.0,25.0,11.0,16.0,12.0,14.0,11.0,9.0,24.0,26.0,24.0,15.0,7.0,6.0,15.0,12.0,Regular Season
new york knicks,2025-26,5,1610612752.0,12.0,8.0,4.0,0.667,49.3,42.4,88.9,0.477,14.4,39.1,0.369,16.3,21.2,0.768,9.7,34.0,43.7,28.7,12.2,7.3,4.0,4.4,19.8,19.3,115.5,7.3,1.0,4.0,6.0,6.0,2.0,12.0,14.0,13.0,10.0,11.0,10.0,24.0,23.0,20.0,24.0,6.0,12.0,8.0,2.0,27.0,21.0,8.0,23.0,15.0,14.0,7.0,Regular Season,1610612752.0,12.0,8.0,4.0,0.667,591.0,114.7,116.1,106.3,108.4,8.4,7.6,0.676,2.36,20.3,0.275,0.711,0.498,0.122,0.558,0.588,98.7,97.14,80.95,1194.0,0.543,1.0,4.0,6.0,6.0,1.0,12.0,5.0,7.0,7.0,1.0,3.0,26.0,10.0,16.0,1.0,9.0,10.0,24.0,6.0,Regular Season
oklahoma city thunder,2025-26,5,1610612760.0,12.0,8.0,4.0,0.667,48.4,41.2,89.3,0.461,15.7,40.0,0.392,18.2,22.8,0.799,11.8,33.3,45.1,26.4,14.6,9.9,4.8,5.9,16.7,20.2,116.2,6.9,1.0,4.0,6.0,6.0,9.0,23.0,12.0,21.0,3.0,7.0,3.0,18.0,18.0,7.0,11.0,10.0,10.0,15.0,18.0,7.0,15.0,26.0,3.0,8.0,12.0,8.0,Regular Season,1610612760.0,12.0,8.0,4.0,0.667,581.0,113.9,116.0,107.3,109.2,6.6,6.8,0.642,1.81,18.6,0.312,0.7,0.507,0.146,0.549,0.585,101.0,99.26,82.72,1202.0,0.536,1.0,4.0,6.0,6.0,2.0,13.0,6.0,8.0,16.0,18.0,17.0,11.0,15.0,12.0,19.0,15.0,14.0,18.0,8.0,Regular Season
orlando magic,2025-26,5,1610612753.0,11.0,6.0,5.0,0.545,48.9,39.9,87.9,0.454,13.3,37.4,0.355,18.6,23.2,0.804,9.1,31.8,40.9,26.3,13.0,10.5,5.8,5.1,19.8,19.2,111.7,1.9,9.0,10.0,13.0,14.0,3.0,25.0,23.0,24.0,19.0,15.0,15.0,13.0,17.0,5.0,27.0,16.0,25.0,17.0,4.0,5.0,7.0,19.0,22.0,17.0,22.0,14.0,Regular Season,1610612753.0,11.0,6.0,5.0,0.545,538.0,109.5,112.2,106.8,110.1,2.7,2.1,0.658,2.02,19.0,0.259,0.692,0.475,0.131,0.529,0.569,100.5,97.78,81.49,1095.0,0.512,9.0,10.0,13.0,14.0,10.0,20.0,8.0,13.0,9.0,9.0,13.0,28.0,20.0,25.0,6.0,24.0,22.0,23.0,14.0,Regular Season
philadelphia 76ers,2025-26,5,1610612755.0,11.0,6.0,5.0,0.545,48.0,41.4,88.8,0.466,12.0,34.5,0.347,22.0,26.5,0.832,11.4,31.5,42.8,23.8,13.5,10.5,4.9,4.7,21.1,19.3,116.7,0.0,9.0,10.0,13.0,14.0,11.0,21.0,16.0,19.0,21.0,23.0,19.0,2.0,4.0,2.0,15.0,20.0,19.0,28.0,10.0,4.0,13.0,16.0,28.0,13.0,10.0,17.0,Regular Season,1610612755.0,11.0,6.0,5.0,0.545,528.0,113.7,115.1,114.2,115.1,-0.5,0.0,0.576,1.76,17.0,0.299,0.703,0.496,0.134,0.533,0.581,102.4,101.45,84.55,1116.0,0.494,9.0,10.0,13.0,14.0,15.0,15.0,18.0,16.0,29.0,20.0,29.0,16.0,13.0,17.0,8.0,23.0,16.0,13.0,18.0,Regular Season
phoenix suns,2025-26,5,1610612756.0,11.0,4.0,7.0,0.364,48.9,38.5,92.9,0.414,15.3,44.2,0.346,10.5,14.1,0.748,14.3,29.0,43.3,22.5,12.1,8.6,3.4,6.0,19.4,14.8,102.7,-9.0,9.0,20.0,21.0,21.0,3.0,28.0,4.0,30.0,6.0,4.0,20.0,30.0,29.0,27.0,3.0,29.0,16.0,30.0,1.0,15.0,29.0,27.0,17.0,29.0,30.0,25.0,Regular Season,1610612756.0,11.0,4.0,7.0,0.364,538.0,106.0,107.7,114.8,116.8,-8.8,-9.1,0.584,1.86,16.6,0.307,0.647,0.462,0.127,0.496,0.518,95.3,93.72,78.1,1049.0,0.43,9.0,20.0,21.0,21.0,10.0,28.0,21.0,25.0,26.0,16.0,30.0,13.0,29.0,28.0,4.0,29.0,30.0,29.0,28.0,Regular Season
portland trail blazers,2025-26,5,1610612757.0,12.0,6.0,6.0,0.5,48.0,42.6,91.3,0.466,15.5,45.5,0.341,16.2,21.6,0.749,15.1,30.9,46.0,27.1,18.7,8.0,6.1,4.4,18.9,20.5,116.8,-3.1,1.0,10.0,17.0,17.0,11.0,10.0,8.0,18.0,4.0,3.0,24.0,25.0,21.0,26.0,2.0,23.0,9.0,13.0,30.0,23.0,5.0,8.0,14.0,4.0,9.0,20.0,Regular Season,1610612757.0,12.0,6.0,6.0,0.5,576.0,111.9,113.5,116.1,117.4,-4.2,-3.9,0.636,1.45,18.3,0.363,0.696,0.522,0.181,0.551,0.579,103.9,102.54,85.45,1235.0,0.476,1.0,10.0,17.0,17.0,4.0,18.0,22.0,21.0,19.0,29.0,20.0,3.0,18.0,6.0,30.0,13.0,17.0,9.0,23.0,Regular Season
sacramento kings,2025-26,5,1610612758.0,11.0,2.0,9.0,0.182,48.0,41.7,93.5,0.446,8.9,31.0,0.287,19.2,23.5,0.818,14.0,29.3,43.3,25.5,13.3,9.3,4.5,4.6,17.7,18.5,111.5,-12.5,9.0,26.0,27.0,27.0,11.0,17.0,3.0,26.0,29.0,27.0,30.0,11.0,16.0,3.0,4.0,28.0,16.0,20.0,7.0,10.0,17.0,14.0,8.0,20.0,23.0,28.0,Regular Season,1610612758.0,11.0,2.0,9.0,0.182,528.0,108.2,110.2,120.7,121.9,-12.6,-11.6,0.612,1.92,17.7,0.332,0.705,0.499,0.131,0.494,0.537,103.0,101.5,84.58,1113.0,0.443,9.0,26.0,27.0,27.0,15.0,24.0,30.0,27.0,21.0,15.0,22.0,7.0,12.0,15.0,7.0,30.0,29.0,12.0,26.0,Regular Season
san antonio spurs,2025-26,5,1610612759.0,11.0,11.0,0.0,1.0,48.0,46.3,92.5,0.5,14.0,37.4,0.375,18.3,24.3,0.753,11.5,36.5,48.1,31.6,14.0,8.5,7.1,4.5,18.3,19.0,124.8,14.5,9.0,1.0,1.0,1.0,11.0,1.0,6.0,2.0,13.0,15.0,7.0,17.0,13.0,24.0,14.0,3.0,5.0,1.0,14.0,17.0,1.0,11.0,11.0,18.0,1.0,1.0,Regular Season,1610612759.0,11.0,11.0,0.0,1.0,528.0,118.2,121.3,104.9,106.2,13.3,15.1,0.684,2.26,21.1,0.317,0.714,0.527,0.136,0.576,0.605,105.4,103.41,86.17,1132.0,0.571,9.0,1.0,1.0,1.0,15.0,2.0,2.0,1.0,4.0,2.0,2.0,9.0,8.0,5.0,12.0,1.0,2.0,4.0,1.0,Regular Season
toronto raptors,2025-26,5,1610612761.0,10.0,6.0,4.0,0.6,48.0,42.0,87.7,0.479,12.0,31.4,0.382,19.3,24.0,0.804,11.0,30.7,41.7,27.4,13.5,9.4,5.7,5.3,19.7,19.2,115.3,5.5,25.0,10.0,6.0,9.0,11.0,15.0,25.0,11.0,21.0,25.0,5.0,10.0,14.0,4.0,18.0,24.0,23.0,11.0,9.0,9.0,10.0,22.0,19.0,16.0,15.0,9.0,Regular Season,1610612761.0,10.0,6.0,4.0,0.6,480.0,114.4,115.3,105.9,109.9,8.5,5.4,0.652,2.03,19.3,0.298,0.654,0.48,0.135,0.547,0.587,102.2,99.95,83.29,1000.0,0.54,25.0,10.0,6.0,9.0,26.0,14.0,7.0,9.0,13.0,8.0,10.0,17.0,27.0,23.0,10.0,16.0,13.0,16.0,7.0,Regular Season
utah jazz,2025-26,5,1610612762.0,11.0,3.0,8.0,0.273,48.0,41.9,92.1,0.455,11.5,35.9,0.322,19.5,25.5,0.768,13.0,33.1,46.1,27.4,16.3,11.4,4.2,6.6,21.4,19.7,114.9,-3.4,9.0,25.0,24.0,25.0,11.0,16.0,7.0,23.0,25.0,21.0,29.0,6.0,6.0,19.0,8.0,13.0,8.0,12.0,26.0,2.0,19.0,30.0,30.0,11.0,18.0,21.0,Regular Season,1610612762.0,11.0,3.0,8.0,0.273,528.0,107.8,109.4,112.2,112.5,-4.3,-3.1,0.653,1.68,18.4,0.31,0.712,0.505,0.155,0.518,0.556,106.0,105.05,87.54,1155.0,0.481,9.0,25.0,24.0,25.0,15.0,26.0,13.0,20.0,12.0,22.0,18.0,12.0,9.0,13.0,23.0,25.0,25.0,1.0,21.0,Regular Season
washington wizards,2025-26,5,1610612764.0,12.0,4.0,8.0,0.333,48.0,42.3,90.3,0.468,12.4,35.1,0.354,15.1,19.9,0.757,10.2,30.3,40.5,25.0,15.3,8.7,5.8,4.6,19.5,18.5,112.0,-12.1,1.0,20.0,24.0,24.0,11.0,13.0,9.0,16.0,20.0,22.0,16.0,26.0,26.0,23.0,21.0,26.0,26.0,22.0,22.0,14.0,8.0,12.0,18.0,21.0,21.0,27.0,Regular Season,1610612764.0,12.0,4.0,8.0,0.333,576.0,107.4,109.1,119.4,120.8,-12.0,-11.7,0.592,1.63,17.6,0.277,0.659,0.463,0.149,0.536,0.565,104.1,102.71,85.59,1232.0,0.439,1.0,20.0,24.0,24.0,4.0,27.0,27.0,28.0,23.0,24.0,25.0,25.0,25.0,27.0,22.0,21.0,24.0,8.0,27.0,Regular Season
atlanta hawks,2025-26,6,1610612737.0,15.0,13.0,2.0,0.867,48.3,45.4,92.0,0.493,15.3,40.5,0.377,16.5,21.2,0.777,12.5,31.7,44.3,30.2,13.5,9.4,4.5,3.9,18.8,18.3,122.5,12.1,19.0,4.0,2.0,4.0,5.0,1.0,1.0,8.0,5.0,9.0,6.0,25.0,23.0,16.0,7.0,18.0,11.0,5.0,13.0,7.0,15.0,5.0,9.0,28.0,3.0,2.0,Regular Season,1610612737.0,15.0,13.0,2.0,0.867,725.0,119.8,120.8,107.4,109.4,12.4,11.5,0.665,2.24,20.5,0.324,0.71,0.515,0.133,0.576,0.605,101.8,100.5,83.75,1521.0,0.556,19.0,4.0,2.0,4.0,20.0,7.0,5.0,3.0,8.0,6.0,5.0,9.0,9.0,9.0,10.0,5.0,6.0,11.0,4.0,Regular Season
boston celtics,2025-26,6,1610612738.0,16.0,11.0,5.0,0.688,48.0,38.9,87.7,0.444,14.5,41.3,0.351,17.8,21.1,0.843,12.4,36.4,48.8,24.2,12.8,5.7,4.0,4.1,17.9,18.5,110.1,5.7,9.0,6.0,5.0,5.0,14.0,28.0,18.0,29.0,7.0,6.0,20.0,19.0,25.0,1.0,8.0,3.0,2.0,27.0,6.0,30.0,25.0,7.0,1.0,27.0,27.0,10.0,Regular Season,1610612738.0,16.0,11.0,5.0,0.688,768.0,113.1,115.5,108.8,109.6,4.3,6.0,0.621,1.89,17.8,0.33,0.757,0.545,0.134,0.527,0.568,96.7,95.31,79.43,1525.0,0.531,9.0,6.0,5.0,5.0,12.0,16.0,6.0,10.0,23.0,16.0,26.0,7.0,2.0,3.0,12.0,27.0,26.0,30.0,10.0,Regular Season
brooklyn nets,2025-26,6,1610612751.0,17.0,3.0,14.0,0.176,48.0,36.1,82.6,0.436,11.9,35.4,0.336,18.6,23.2,0.802,9.5,27.9,37.5,23.9,17.5,8.8,4.8,5.9,24.8,19.8,102.6,-12.4,3.0,25.0,27.0,26.0,14.0,30.0,30.0,30.0,22.0,19.0,28.0,14.0,16.0,8.0,25.0,29.0,29.0,30.0,29.0,9.0,13.0,28.0,30.0,19.0,30.0,27.0,Regular Season,1610612751.0,17.0,3.0,14.0,0.176,816.0,101.7,103.6,114.0,116.0,-12.2,-12.4,0.662,1.36,17.6,0.274,0.662,0.463,0.177,0.508,0.552,100.9,99.12,82.6,1684.0,0.418,3.0,25.0,27.0,26.0,6.0,30.0,16.0,28.0,9.0,30.0,28.0,25.0,28.0,27.0,30.0,29.0,29.0,19.0,29.0,Regular Season
charlotte hornets,2025-26,6,1610612766.0,15.0,10.0,5.0,0.667,48.0,40.7,88.7,0.459,17.6,46.2,0.381,17.2,21.2,0.811,12.7,33.2,45.9,25.6,14.1,7.1,4.3,4.2,20.3,19.3,116.3,11.5,19.0,9.0,5.0,7.0,14.0,22.0,14.0,24.0,1.0,1.0,4.0,21.0,23.0,5.0,5.0,10.0,6.0,21.0,16.0,24.0,22.0,9.0,21.0,21.0,11.0,3.0,Regular Season,1610612766.0,15.0,10.0,5.0,0.667,720.0,116.8,121.3,107.5,109.3,9.3,12.0,0.628,1.81,18.4,0.359,0.728,0.54,0.147,0.558,0.593,98.5,95.87,79.89,1438.0,0.544,19.0,9.0,5.0,7.0,24.0,4.0,4.0,2.0,21.0,19.0,17.0,2.0,5.0,5.0,20.0,10.0,10.0,28.0,6.0,Regular Season
chicago bulls,2025-26,6,1610612741.0,15.0,5.0,10.0,0.333,48.3,43.3,91.9,0.471,14.3,41.8,0.343,17.9,23.9,0.751,10.5,36.8,47.3,28.0,15.8,7.2,5.4,5.9,19.9,18.9,118.8,-4.8,19.0,21.0,21.0,21.0,5.0,8.0,2.0,17.0,9.0,5.0,23.0,17.0,14.0,26.0,18.0,2.0,5.0,11.0,24.0,23.0,9.0,27.0,18.0,24.0,8.0,20.0,Regular Season,1610612741.0,15.0,5.0,10.0,0.333,725.0,110.2,112.3,114.3,116.9,-4.1,-4.6,0.647,1.77,18.9,0.282,0.706,0.498,0.149,0.549,0.58,107.2,105.04,87.53,1587.0,0.48,19.0,21.0,21.0,21.0,20.0,22.0,17.0,20.0,14.0,20.0,14.0,22.0,13.0,13.0,21.0,14.0,15.0,1.0,20.0,Regular Season
cleveland cavaliers,2025-26,6,1610612739.0,15.0,10.0,5.0,0.667,48.0,42.7,86.3,0.494,14.0,38.7,0.362,19.6,25.7,0.762,10.1,32.7,42.8,27.8,12.1,6.5,4.5,4.2,20.0,21.3,118.9,3.3,19.0,9.0,5.0,7.0,14.0,13.0,26.0,6.0,13.0,12.0,13.0,9.0,8.0,24.0,20.0,13.0,19.0,12.0,3.0,26.0,19.0,9.0,19.0,6.0,7.0,13.0,Regular Season,1610612739.0,15.0,10.0,5.0,0.667,720.0,119.4,121.2,115.7,117.9,3.7,3.3,0.652,2.3,20.1,0.28,0.72,0.501,0.123,0.575,0.609,99.8,98.13,81.78,1472.0,0.512,19.0,9.0,5.0,7.0,24.0,5.0,23.0,13.0,12.0,4.0,7.0,23.0,6.0,12.0,3.0,6.0,5.0,25.0,16.0,Regular Season
dallas mavericks,2025-26,6,1610612742.0,17.0,3.0,14.0,0.176,48.6,39.8,89.5,0.445,10.8,31.6,0.34,19.6,25.5,0.771,11.4,33.5,44.9,25.6,15.0,7.4,4.5,6.2,18.1,21.0,110.1,-12.8,3.0,25.0,27.0,26.0,3.0,27.0,10.0,28.0,29.0,26.0,25.0,8.0,10.0,19.0,15.0,7.0,8.0,20.0,21.0,22.0,18.0,29.0,3.0,7.0,28.0,28.0,Regular Season,1610612742.0,17.0,3.0,14.0,0.176,826.0,105.5,106.5,117.1,118.6,-11.6,-12.1,0.644,1.71,17.9,0.275,0.713,0.488,0.145,0.505,0.547,103.3,102.25,85.21,1757.0,0.444,3.0,25.0,27.0,26.0,3.0,29.0,24.0,27.0,16.0,22.0,25.0,24.0,8.0,23.0,17.0,30.0,30.0,5.0,26.0,Regular Season
denver nuggets,2025-26,6,1610612743.0,16.0,11.0,5.0,0.688,48.3,43.8,86.9,0.504,14.9,36.8,0.404,21.5,26.8,0.804,8.9,35.1,44.0,31.0,12.9,5.8,2.9,4.7,19.6,21.4,124.0,4.9,9.0,6.0,5.0,5.0,9.0,4.0,23.0,3.0,6.0,16.0,1.0,3.0,4.0,7.0,28.0,5.0,14.0,2.0,7.0,29.0,29.0,15.0,16.0,5.0,1.0,12.0,Regular Season,1610612743.0,16.0,11.0,5.0,0.688,773.0,120.8,121.6,116.3,117.1,4.5,4.6,0.708,2.41,21.4,0.265,0.749,0.519,0.126,0.59,0.629,101.8,101.15,84.29,1631.0,0.52,9.0,6.0,5.0,5.0,10.0,3.0,18.0,12.0,2.0,3.0,2.0,27.0,3.0,7.0,5.0,1.0,1.0,8.0,13.0,Regular Season
detroit pistons,2025-26,6,1610612765.0,18.0,11.0,7.0,0.611,48.6,43.4,87.9,0.494,10.9,29.4,0.372,19.8,25.5,0.778,12.3,31.6,43.8,29.6,14.5,9.9,6.1,5.6,21.8,20.4,117.7,8.2,1.0,6.0,13.0,12.0,4.0,7.0,17.0,7.0,27.0,30.0,8.0,7.0,9.0,15.0,9.0,19.0,15.0,6.0,18.0,2.0,5.0,25.0,28.0,10.0,9.0,6.0,Regular Season,1610612765.0,18.0,11.0,7.0,0.611,874.0,116.1,118.3,107.4,109.9,8.6,8.4,0.682,2.04,20.4,0.341,0.686,0.518,0.146,0.556,0.593,100.5,98.42,82.01,1791.0,0.557,1.0,6.0,13.0,12.0,1.0,10.0,7.0,6.0,6.0,10.0,6.0,6.0,20.0,8.0,18.0,11.0,8.0,24.0,3.0,Regular Season
golden state warriors,2025-26,6,1610612744.0,15.0,5.0,10.0,0.333,49.0,40.5,88.9,0.455,14.3,42.2,0.34,16.9,21.7,0.776,12.9,28.8,41.7,28.1,16.7,9.5,3.9,3.6,19.4,19.8,112.1,-6.1,19.0,21.0,21.0,21.0,1.0,24.0,13.0,26.0,9.0,3.0,26.0,23.0,22.0,17.0,4.0,28.0,22.0,9.0,27.0,6.0,26.0,2.0,13.0,17.0,25.0,22.0,Regular Season,1610612744.0,15.0,5.0,10.0,0.333,735.0,109.6,111.4,115.7,117.3,-6.0,-5.9,0.694,1.68,19.3,0.328,0.673,0.491,0.166,0.536,0.569,100.2,98.68,82.23,1510.0,0.468,19.0,21.0,21.0,21.0,19.0,26.0,21.0,22.0,4.0,24.0,12.0,8.0,24.0,20.0,27.0,23.0,24.0,22.0,22.0,Regular Season
houston rockets,2025-26,6,1610612745.0,16.0,9.0,7.0,0.563,48.6,42.9,89.0,0.482,10.9,31.8,0.344,16.9,22.0,0.767,14.3,33.4,47.7,26.9,16.1,8.2,5.6,5.1,18.1,20.4,113.7,1.3,9.0,13.0,13.0,14.0,2.0,11.0,12.0,11.0,28.0,25.0,22.0,22.0,21.0,21.0,1.0,9.0,3.0,14.0,26.0,17.0,7.0,19.0,2.0,11.0,20.0,15.0,Regular Season,1610612745.0,16.0,9.0,7.0,0.563,778.0,113.1,115.6,112.6,113.7,0.5,1.8,0.626,1.67,18.8,0.366,0.717,0.543,0.164,0.544,0.576,98.8,97.33,81.11,1574.0,0.521,9.0,13.0,13.0,14.0,9.0,15.0,13.0,15.0,22.0,25.0,15.0,1.0,7.0,4.0,26.0,17.0,20.0,27.0,11.0,Regular Season
indiana pacers,2025-26,6,1610612754.0,15.0,2.0,13.0,0.133,48.0,42.5,87.3,0.486,14.3,37.6,0.379,15.9,20.1,0.794,7.9,30.3,38.3,30.7,14.1,6.2,4.5,5.0,19.5,18.7,115.1,-10.1,19.0,29.0,24.0,29.0,14.0,14.0,21.0,10.0,12.0,14.0,5.0,26.0,28.0,11.0,30.0,22.0,27.0,3.0,15.0,28.0,15.0,17.0,14.0,26.0,16.0,25.0,Regular Season,1610612754.0,15.0,2.0,13.0,0.133,720.0,112.5,115.2,121.8,125.0,-9.3,-9.8,0.724,2.18,21.6,0.251,0.668,0.463,0.141,0.568,0.599,102.5,100.03,83.36,1499.0,0.465,19.0,29.0,24.0,29.0,24.0,18.0,30.0,25.0,1.0,7.0,1.0,30.0,26.0,28.0,15.0,7.0,7.0,14.0,23.0,Regular Season
la clippers,2025-26,6,1610612746.0,18.0,12.0,6.0,0.667,48.3,43.8,85.6,0.512,12.7,32.5,0.391,20.6,25.8,0.797,9.7,30.2,39.9,24.6,12.2,10.7,5.8,3.9,18.6,20.9,120.9,7.5,1.0,5.0,9.0,7.0,13.0,3.0,27.0,2.0,17.0,24.0,2.0,5.0,7.0,10.0,23.0,24.0,24.0,26.0,4.0,1.0,6.0,6.0,7.0,8.0,5.0,7.0,Regular Season,1610612746.0,18.0,12.0,6.0,0.667,869.0,121.6,121.9,112.0,114.6,9.7,7.3,0.56,2.01,18.0,0.283,0.662,0.481,0.123,0.586,0.624,99.8,98.54,82.12,1786.0,0.543,1.0,5.0,9.0,7.0,2.0,2.0,14.0,7.0,30.0,13.0,23.0,21.0,27.0,24.0,4.0,2.0,2.0,23.0,7.0,Regular Season
los angeles lakers,2025-26,6,1610612747.0,17.0,15.0,2.0,0.882,48.3,43.5,84.9,0.512,12.3,33.3,0.369,21.4,28.1,0.763,9.5,31.8,41.4,26.5,13.1,9.4,5.3,3.0,18.5,21.8,120.6,9.2,3.0,1.0,2.0,2.0,11.0,6.0,28.0,1.0,20.0,23.0,9.0,4.0,2.0,22.0,25.0,17.0,23.0,16.0,9.0,8.0,10.0,1.0,5.0,4.0,6.0,5.0,Regular Season,1610612747.0,17.0,15.0,2.0,0.882,821.0,119.7,120.9,109.1,111.7,10.6,9.2,0.609,2.02,19.0,0.286,0.692,0.496,0.131,0.585,0.62,100.8,99.13,82.61,1696.0,0.545,3.0,1.0,2.0,2.0,4.0,6.0,10.0,5.0,25.0,11.0,13.0,20.0,19.0,16.0,9.0,3.0,3.0,18.0,5.0,Regular Season
memphis grizzlies,2025-26,6,1610612763.0,17.0,3.0,14.0,0.176,48.0,40.4,89.7,0.45,14.5,40.6,0.357,17.9,22.4,0.8,10.5,26.4,36.8,25.8,15.1,9.7,4.6,6.4,21.1,19.0,113.2,-11.1,3.0,25.0,27.0,26.0,14.0,25.0,8.0,27.0,8.0,8.0,16.0,18.0,19.0,9.0,17.0,30.0,30.0,19.0,22.0,4.0,14.0,30.0,25.0,22.0,23.0,26.0,Regular Season,1610612763.0,17.0,3.0,14.0,0.176,816.0,108.6,111.9,120.7,122.9,-12.1,-11.1,0.639,1.71,18.2,0.291,0.603,0.44,0.149,0.531,0.568,103.6,101.15,84.29,1720.0,0.433,3.0,25.0,27.0,26.0,6.0,24.0,29.0,26.0,20.0,23.0,20.0,17.0,30.0,30.0,22.0,26.0,25.0,9.0,27.0,Regular Season
miami heat,2025-26,6,1610612748.0,15.0,8.0,7.0,0.533,48.0,43.0,91.7,0.469,13.3,39.4,0.337,22.6,27.4,0.825,11.4,32.9,44.3,28.5,11.7,8.5,4.5,4.3,19.3,22.1,121.9,0.7,19.0,16.0,13.0,15.0,14.0,9.0,3.0,18.0,15.0,11.0,27.0,2.0,3.0,3.0,14.0,12.0,11.0,7.0,1.0,14.0,19.0,12.0,12.0,2.0,4.0,17.0,Regular Season,1610612748.0,15.0,8.0,7.0,0.533,720.0,117.0,118.3,114.4,117.6,2.6,0.7,0.662,2.43,19.5,0.296,0.705,0.496,0.114,0.541,0.587,105.0,103.03,85.86,1545.0,0.513,19.0,16.0,13.0,15.0,24.0,9.0,22.0,17.0,10.0,2.0,11.0,14.0,14.0,18.0,1.0,20.0,13.0,2.0,15.0,Regular Season
milwaukee bucks,2025-26,6,1610612749.0,17.0,4.0,13.0,0.235,48.0,38.6,84.0,0.459,15.4,41.9,0.368,12.9,18.2,0.706,8.8,30.9,39.6,24.8,16.8,8.1,3.4,4.2,19.6,16.8,105.5,-14.6,3.0,24.0,24.0,24.0,14.0,29.0,29.0,23.0,3.0,4.0,10.0,30.0,30.0,30.0,29.0,21.0,25.0,24.0,28.0,19.0,27.0,11.0,17.0,29.0,29.0,30.0,Regular Season,1610612749.0,17.0,4.0,13.0,0.235,816.0,105.4,106.9,120.4,121.7,-14.9,-14.8,0.642,1.48,18.3,0.252,0.693,0.469,0.17,0.551,0.573,99.9,98.71,82.25,1678.0,0.421,3.0,24.0,24.0,24.0,6.0,28.0,27.0,30.0,17.0,28.0,19.0,29.0,18.0,26.0,28.0,12.0,23.0,20.0,28.0,Regular Season
minnesota timberwolves,2025-26,6,1610612750.0,15.0,9.0,6.0,0.6,48.3,41.1,86.7,0.473,11.9,33.9,0.35,19.0,24.7,0.77,10.4,33.9,44.3,25.3,15.7,8.5,5.5,4.5,21.0,19.8,113.0,1.3,19.0,13.0,9.0,13.0,5.0,21.0,24.0,13.0,23.0,22.0,21.0,13.0,11.0,20.0,19.0,6.0,10.0,22.0,23.0,14.0,8.0,13.0,24.0,17.0,24.0,16.0,Regular Season,1610612750.0,15.0,9.0,6.0,0.6,725.0,109.8,111.4,109.0,110.0,0.8,1.4,0.617,1.61,18.0,0.294,0.681,0.496,0.155,0.542,0.579,102.0,100.77,83.97,1521.0,0.507,19.0,13.0,9.0,13.0,20.0,25.0,8.0,16.0,24.0,26.0,24.0,15.0,22.0,17.0,25.0,19.0,16.0,10.0,17.0,Regular Season
new orleans pelicans,2025-26,6,1610612740.0,15.0,6.0,9.0,0.4,48.0,41.7,88.6,0.471,11.2,31.3,0.357,20.5,26.5,0.776,11.9,31.3,43.3,25.3,13.7,8.6,6.1,5.1,19.0,20.3,115.2,-1.9,19.0,20.0,20.0,20.0,14.0,18.0,15.0,16.0,25.0,27.0,15.0,6.0,5.0,18.0,10.0,20.0,16.0,22.0,14.0,12.0,3.0,22.0,11.0,13.0,15.0,19.0,Regular Season,1610612740.0,15.0,6.0,9.0,0.4,720.0,113.0,115.4,115.4,117.1,-2.4,-1.7,0.607,1.85,18.0,0.317,0.675,0.497,0.137,0.534,0.575,101.7,99.9,83.25,1497.0,0.492,19.0,20.0,20.0,20.0,24.0,17.0,19.0,19.0,26.0,18.0,22.0,10.0,23.0,14.0,14.0,25.0,22.0,16.0,19.0,Regular Season
new york knicks,2025-26,6,1610612752.0,16.0,10.0,6.0,0.625,48.0,42.8,87.6,0.488,12.6,34.6,0.365,15.6,19.3,0.806,12.6,33.1,45.7,28.1,14.4,8.1,3.2,3.8,18.9,19.8,113.7,6.9,9.0,9.0,9.0,10.0,14.0,12.0,20.0,9.0,19.0,21.0,12.0,28.0,29.0,6.0,6.0,11.0,7.0,10.0,17.0,18.0,28.0,4.0,10.0,16.0,20.0,8.0,Regular Season,1610612752.0,16.0,10.0,6.0,0.625,768.0,116.2,118.5,110.0,111.7,6.2,6.8,0.656,1.94,20.0,0.349,0.747,0.548,0.15,0.56,0.592,97.5,95.78,79.82,1535.0,0.538,9.0,9.0,9.0,10.0,12.0,8.0,9.0,8.0,11.0,14.0,8.0,4.0,4.0,2.0,23.0,9.0,11.0,29.0,8.0,Regular Season
oklahoma city thunder,2025-26,6,1610612760.0,15.0,14.0,1.0,0.933,48.3,41.3,87.7,0.471,12.8,38.3,0.334,19.6,24.1,0.814,9.5,35.3,44.8,24.0,11.9,8.7,4.9,3.6,18.5,20.8,115.1,9.8,19.0,2.0,1.0,1.0,5.0,20.0,19.0,15.0,16.0,13.0,29.0,9.0,13.0,4.0,24.0,4.0,9.0,29.0,2.0,10.0,11.0,2.0,6.0,9.0,17.0,4.0,Regular Season,1610612760.0,15.0,14.0,1.0,0.933,725.0,114.3,115.8,103.1,105.9,11.3,9.9,0.581,2.01,17.6,0.266,0.694,0.489,0.12,0.544,0.586,100.7,98.68,82.23,1490.0,0.564,19.0,2.0,1.0,1.0,20.0,13.0,1.0,4.0,28.0,12.0,27.0,26.0,17.0,21.0,2.0,16.0,14.0,21.0,2.0,Regular Season
orlando magic,2025-26,6,1610612753.0,17.0,9.0,8.0,0.529,48.3,40.2,86.6,0.465,12.2,35.7,0.341,23.9,28.6,0.837,10.0,32.5,42.5,26.0,14.7,7.7,2.8,4.8,21.4,21.9,116.6,-0.2,3.0,13.0,16.0,16.0,11.0,26.0,25.0,20.0,21.0,18.0,24.0,1.0,1.0,2.0,22.0,15.0,20.0,18.0,20.0,20.0,30.0,16.0,27.0,3.0,10.0,18.0,Regular Season,1610612753.0,17.0,9.0,8.0,0.529,821.0,112.2,115.6,113.8,115.7,-1.6,-0.1,0.646,1.77,18.4,0.303,0.708,0.507,0.146,0.535,0.588,102.6,100.3,83.58,1715.0,0.497,3.0,13.0,16.0,16.0,4.0,14.0,15.0,18.0,15.0,21.0,18.0,12.0,12.0,11.0,19.0,24.0,12.0,13.0,18.0,Regular Season
philadelphia 76ers,2025-26,6,1610612755.0,16.0,8.0,8.0,0.5,48.0,42.2,91.3,0.462,11.3,34.8,0.323,18.2,23.1,0.786,11.0,32.1,43.1,24.7,13.2,8.5,6.2,5.7,20.3,19.7,113.8,-4.8,9.0,16.0,16.0,17.0,14.0,15.0,4.0,21.0,24.0,20.0,30.0,15.0,17.0,12.0,16.0,16.0,17.0,25.0,10.0,13.0,2.0,26.0,22.0,20.0,19.0,21.0,Regular Season,1610612755.0,16.0,8.0,8.0,0.5,768.0,109.8,112.4,115.1,117.2,-5.3,-4.8,0.585,1.87,17.5,0.298,0.682,0.489,0.13,0.524,0.561,103.3,101.22,84.35,1620.0,0.479,9.0,16.0,16.0,17.0,12.0,21.0,20.0,21.0,27.0,17.0,29.0,13.0,21.0,22.0,7.0,28.0,28.0,7.0,21.0,Regular Season
phoenix suns,2025-26,6,1610612756.0,16.0,8.0,8.0,0.5,48.0,41.6,90.6,0.459,16.1,43.9,0.368,16.6,22.3,0.742,12.9,30.1,42.9,26.6,12.9,8.7,4.4,4.1,20.1,20.1,115.8,5.6,9.0,16.0,16.0,17.0,14.0,19.0,5.0,25.0,2.0,2.0,11.0,24.0,20.0,28.0,3.0,25.0,18.0,15.0,7.0,11.0,21.0,8.0,20.0,14.0,13.0,11.0,Regular Season,1610612756.0,16.0,8.0,8.0,0.5,768.0,115.4,117.7,110.7,112.8,4.7,4.9,0.639,2.06,18.7,0.341,0.704,0.512,0.131,0.548,0.577,100.0,98.06,81.72,1574.0,0.515,9.0,16.0,16.0,17.0,12.0,11.0,11.0,11.0,19.0,8.0,16.0,5.0,15.0,10.0,8.0,15.0,19.0,26.0,14.0,Regular Season
portland trail blazers,2025-26,6,1610612757.0,16.0,10.0,6.0,0.625,48.0,40.6,88.0,0.461,14.3,40.6,0.352,19.3,25.9,0.746,14.3,33.4,47.7,26.4,17.9,8.4,7.0,5.1,19.6,22.5,114.8,6.8,9.0,9.0,9.0,10.0,14.0,23.0,16.0,22.0,11.0,7.0,18.0,11.0,6.0,27.0,2.0,8.0,3.0,17.0,30.0,16.0,1.0,19.0,15.0,1.0,18.0,9.0,Regular Season,1610612757.0,16.0,10.0,6.0,0.625,768.0,111.4,113.1,105.1,106.5,6.3,6.5,0.65,1.48,18.1,0.353,0.709,0.531,0.176,0.542,0.577,102.9,101.44,84.53,1624.0,0.535,9.0,9.0,9.0,10.0,12.0,19.0,2.0,9.0,13.0,29.0,21.0,3.0,11.0,6.0,29.0,18.0,18.0,6.0,9.0,Regular Season
sacramento kings,2025-26,6,1610612758.0,15.0,5.0,10.0,0.333,48.0,43.0,89.6,0.48,10.3,29.4,0.351,15.7,20.5,0.763,11.5,32.6,44.1,27.5,13.4,6.3,4.1,5.0,18.7,16.5,112.0,-9.2,19.0,21.0,21.0,21.0,14.0,9.0,9.0,12.0,30.0,29.0,19.0,27.0,27.0,23.0,13.0,14.0,13.0,13.0,11.0,27.0,23.0,17.0,8.0,30.0,26.0,24.0,Regular Season,1610612758.0,15.0,5.0,10.0,0.333,720.0,111.4,112.1,119.3,121.2,-7.9,-9.1,0.64,2.05,19.5,0.286,0.709,0.497,0.134,0.538,0.568,101.0,99.97,83.31,1499.0,0.464,19.0,21.0,21.0,21.0,24.0,23.0,25.0,24.0,18.0,9.0,9.0,19.0,10.0,15.0,11.0,22.0,27.0,15.0,24.0,Regular Season
san antonio spurs,2025-26,6,1610612759.0,16.0,14.0,2.0,0.875,48.0,45.1,90.4,0.499,15.3,39.7,0.386,17.9,22.8,0.786,11.6,37.4,49.0,31.2,12.8,6.6,6.1,4.6,18.4,18.9,123.4,13.8,9.0,2.0,2.0,3.0,14.0,2.0,6.0,5.0,4.0,10.0,3.0,16.0,18.0,13.0,12.0,1.0,1.0,1.0,5.0,25.0,4.0,14.0,4.0,23.0,2.0,1.0,Regular Season,1610612759.0,16.0,14.0,2.0,0.875,768.0,121.4,122.9,107.1,109.1,14.4,13.8,0.692,2.45,21.4,0.311,0.764,0.548,0.127,0.583,0.614,102.0,100.41,83.67,1606.0,0.569,9.0,2.0,2.0,3.0,12.0,1.0,3.0,1.0,5.0,1.0,3.0,11.0,1.0,1.0,6.0,4.0,4.0,12.0,1.0,Regular Season
toronto raptors,2025-26,6,1610612761.0,15.0,7.0,8.0,0.467,48.0,43.7,87.3,0.5,11.2,30.9,0.362,17.3,23.7,0.73,10.1,29.5,39.6,30.4,13.4,9.8,4.9,5.2,21.3,19.9,115.9,3.1,19.0,19.0,16.0,19.0,14.0,5.0,22.0,4.0,25.0,28.0,13.0,20.0,15.0,29.0,20.0,26.0,26.0,4.0,11.0,3.0,11.0,23.0,26.0,15.0,12.0,14.0,Regular Season,1610612761.0,15.0,7.0,8.0,0.467,720.0,114.7,116.8,112.0,113.5,2.8,3.3,0.696,2.27,21.2,0.288,0.704,0.492,0.135,0.565,0.593,100.9,99.3,82.75,1488.0,0.52,19.0,19.0,16.0,19.0,24.0,12.0,12.0,14.0,3.0,5.0,4.0,18.0,16.0,19.0,13.0,8.0,9.0,17.0,12.0,Regular Season
utah jazz,2025-26,6,1610612762.0,16.0,3.0,13.0,0.188,48.0,42.0,89.8,0.468,12.7,35.9,0.353,19.1,24.4,0.782,11.8,30.3,42.1,28.3,14.6,9.7,4.5,5.1,20.6,20.3,115.8,-8.3,9.0,25.0,24.0,25.0,14.0,17.0,7.0,19.0,18.0,17.0,17.0,12.0,12.0,14.0,11.0,23.0,21.0,8.0,19.0,5.0,17.0,19.0,23.0,12.0,14.0,23.0,Regular Season,1610612762.0,16.0,3.0,13.0,0.188,768.0,112.1,112.9,119.6,121.3,-7.5,-8.3,0.674,1.94,19.5,0.293,0.671,0.477,0.143,0.539,0.576,103.5,102.41,85.34,1640.0,0.463,9.0,25.0,24.0,25.0,12.0,20.0,26.0,23.0,7.0,15.0,10.0,16.0,25.0,25.0,16.0,21.0,21.0,4.0,25.0,Regular Season
washington wizards,2025-26,6,1610612764.0,16.0,1.0,15.0,0.063,48.3,42.1,89.1,0.472,13.9,37.4,0.373,15.6,20.7,0.752,9.1,28.9,38.1,24.1,16.0,7.7,4.1,5.4,24.5,18.8,113.6,-13.8,9.0,30.0,30.0,30.0,9.0,16.0,11.0,14.0,14.0,15.0,7.0,28.0,26.0,25.0,27.0,27.0,28.0,28.0,25.0,21.0,24.0,24.0,29.0,25.0,22.0,29.0,Regular Season,1610612764.0,16.0,1.0,15.0,0.063,773.0,108.2,109.8,122.5,122.9,-14.3,-13.1,0.572,1.5,17.2,0.261,0.657,0.454,0.155,0.551,0.579,103.9,102.89,85.74,1655.0,0.41,9.0,30.0,30.0,30.0,10.0,27.0,28.0,29.0,29.0,27.0,30.0,28.0,29.0,29.0,24.0,13.0,17.0,3.0,30.0,Regular Season
atlanta hawks,2025-26,10,1610612737.0,15.0,13.0,2.0,0.867,48.3,45.4,92.0,0.493,15.3,40.5,0.377,16.5,21.2,0.777,12.5,31.7,44.3,30.2,13.5,9.4,4.5,3.9,18.8,18.3,122.5,12.1,19.0,4.0,2.0,4.0,5.0,1.0,1.0,8.0,5.0,9.0,6.0,25.0,23.0,16.0,7.0,18.0,11.0,5.0,13.0,7.0,15.0,5.0,9.0,28.0,3.0,2.0,Regular Season,1610612737.0,15.0,13.0,2.0,0.867,725.0,119.8,120.8,107.4,109.4,12.4,11.5,0.665,2.24,20.5,0.324,0.71,0.515,0.133,0.576,0.605,101.8,100.5,83.75,1521.0,0.556,19.0,4.0,2.0,4.0,20.0,7.0,5.0,3.0,8.0,6.0,5.0,9.0,9.0,9.0,10.0,5.0,6.0,11.0,4.0,Regular Season
boston celtics,2025-26,10,1610612738.0,16.0,11.0,5.0,0.688,48.0,38.9,87.7,0.444,14.5,41.3,0.351,17.8,21.1,0.843,12.4,36.4,48.8,24.2,12.8,5.7,4.0,4.1,17.9,18.5,110.1,5.7,9.0,6.0,5.0,5.0,14.0,28.0,18.0,29.0,7.0,6.0,20.0,19.0,25.0,1.0,8.0,3.0,2.0,27.0,6.0,30.0,25.0,7.0,1.0,27.0,27.0,10.0,Regular Season,1610612738.0,16.0,11.0,5.0,0.688,768.0,113.1,115.5,108.8,109.6,4.3,6.0,0.621,1.89,17.8,0.33,0.757,0.545,0.134,0.527,0.568,96.7,95.31,79.43,1525.0,0.531,9.0,6.0,5.0,5.0,12.0,16.0,6.0,10.0,23.0,16.0,26.0,7.0,2.0,3.0,12.0,27.0,26.0,30.0,10.0,Regular Season
brooklyn nets,2025-26,10,1610612751.0,17.0,3.0,14.0,0.176,48.0,36.1,82.6,0.436,11.9,35.4,0.336,18.6,23.2,0.802,9.5,27.9,37.5,23.9,17.5,8.8,4.8,5.9,24.8,19.8,102.6,-12.4,3.0,25.0,27.0,26.0,14.0,30.0,30.0,30.0,22.0,19.0,28.0,14.0,16.0,8.0,25.0,29.0,29.0,30.0,29.0,9.0,13.0,28.0,30.0,19.0,30.0,27.0,Regular Season,1610612751.0,17.0,3.0,14.0,0.176,816.0,101.7,103.6,114.0,116.0,-12.2,-12.4,0.662,1.36,17.6,0.274,0.662,0.463,0.177,0.508,0.552,100.9,99.12,82.6,1684.0,0.418,3.0,25.0,27.0,26.0,6.0,30.0,16.0,28.0,9.0,30.0,28.0,25.0,28.0,27.0,30.0,29.0,29.0,19.0,29.0,Regular Season
charlotte hornets,2025-26,10,1610612766.0,15.0,10.0,5.0,0.667,48.0,40.7,88.7,0.459,17.6,46.2,0.381,17.2,21.2,0.811,12.7,33.2,45.9,25.6,14.1,7.1,4.3,4.2,20.3,19.3,116.3,11.5,19.0,9.0,5.0,7.0,14.0,22.0,14.0,24.0,1.0,1.0,4.0,21.0,23.0,5.0,5.0,10.0,6.0,21.0,16.0,24.0,22.0,9.0,21.0,21.0,11.0,3.0,Regular Season,1610612766.0,15.0,10.0,5.0,0.667,720.0,116.8,121.3,107.5,109.3,9.3,12.0,0.628,1.81,18.4,0.359,0.728,0.54,0.147,0.558,0.593,98.5,95.87,79.89,1438.0,0.544,19.0,9.0,5.0,7.0,24.0,4.0,4.0,2.0,21.0,19.0,17.0,2.0,5.0,5.0,20.0,10.0,10.0,28.0,6.0,Regular Season
chicago bulls,2025-26,10,1610612741.0,15.0,5.0,10.0,0.333,48.3,43.3,91.9,0.471,14.3,41.8,0.343,17.9,23.9,0.751,10.5,36.8,47.3,28.0,15.8,7.2,5.4,5.9,19.9,18.9,118.8,-4.8,19.0,21.0,21.0,21.0,5.0,8.0,2.0,17.0,9.0,5.0,23.0,17.0,14.0,26.0,18.0,2.0,5.0,11.0,24.0,23.0,9.0,27.0,18.0,24.0,8.0,20.0,Regular Season,1610612741.0,15.0,5.0,10.0,0.333,725.0,110.2,112.3,114.3,116.9,-4.1,-4.6,0.647,1.77,18.9,0.282,0.706,0.498,0.149,0.549,0.58,107.2,105.04,87.53,1587.0,0.48,19.0,21.0,21.0,21.0,20.0,22.0,17.0,20.0,14.0,20.0,14.0,22.0,13.0,13.0,21.0,14.0,15.0,1.0,20.0,Regular Season
cleveland cavaliers,2025-26,10,1610612739.0,15.0,10.0,5.0,0.667,48.0,42.7,86.3,0.494,14.0,38.7,0.362,19.6,25.7,0.762,10.1,32.7,42.8,27.8,12.1,6.5,4.5,4.2,20.0,21.3,118.9,3.3,19.0,9.0,5.0,7.0,14.0,13.0,26.0,6.0,13.0,12.0,13.0,9.0,8.0,24.0,20.0,13.0,19.0,12.0,3.0,26.0,19.0,9.0,19.0,6.0,7.0,13.0,Regular Season,1610612739.0,15.0,10.0,5.0,0.667,720.0,119.4,121.2,115.7,117.9,3.7,3.3,0.652,2.3,20.1,0.28,0.72,0.501,0.123,0.575,0.609,99.8,98.13,81.78,1472.0,0.512,19.0,9.0,5.0,7.0,24.0,5.0,23.0,13.0,12.0,4.0,7.0,23.0,6.0,12.0,3.0,6.0,5.0,25.0,16.0,Regular Season
dallas mavericks,2025-26,10,1610612742.0,17.0,3.0,14.0,0.176,48.6,39.8,89.5,0.445,10.8,31.6,0.34,19.6,25.5,0.771,11.4,33.5,44.9,25.6,15.0,7.4,4.5,6.2,18.1,21.0,110.1,-12.8,3.0,25.0,27.0,26.0,3.0,27.0,10.0,28.0,29.0,26.0,25.0,8.0,10.0,19.0,15.0,7.0,8.0,20.0,21.0,22.0,18.0,29.0,3.0,7.0,28.0,28.0,Regular Season,1610612742.0,17.0,3.0,14.0,0.176,826.0,105.5,106.5,117.1,118.6,-11.6,-12.1,0.644,1.71,17.9,0.275,0.713,0.488,0.145,0.505,0.547,103.3,102.25,85.21,1757.0,0.444,3.0,25.0,27.0,26.0,3.0,29.0,24.0,27.0,16.0,22.0,25.0,24.0,8.0,23.0,17.0,30.0,30.0,5.0,26.0,Regular Season
denver nuggets,2025-26,10,1610612743.0,16.0,11.0,5.0,0.688,48.3,43.8,86.9,0.504,14.9,36.8,0.404,21.5,26.8,0.804,8.9,35.1,44.0,31.0,12.9,5.8,2.9,4.7,19.6,21.4,124.0,4.9,9.0,6.0,5.0,5.0,9.0,4.0,23.0,3.0,6.0,16.0,1.0,3.0,4.0,7.0,28.0,5.0,14.0,2.0,7.0,29.0,29.0,15.0,16.0,5.0,1.0,12.0,Regular Season,1610612743.0,16.0,11.0,5.0,0.688,773.0,120.8,121.6,116.3,117.1,4.5,4.6,0.708,2.41,21.4,0.265,0.749,0.519,0.126,0.59,0.629,101.8,101.15,84.29,1631.0,0.52,9.0,6.0,5.0,5.0,10.0,3.0,18.0,12.0,2.0,3.0,2.0,27.0,3.0,7.0,5.0,1.0,1.0,8.0,13.0,Regular Season
detroit pistons,2025-26,10,1610612765.0,18.0,11.0,7.0,0.611,48.6,43.4,87.9,0.494,10.9,29.4,0.372,19.8,25.5,0.778,12.3,31.6,43.8,29.6,14.5,9.9,6.1,5.6,21.8,20.4,117.7,8.2,1.0,6.0,13.0,12.0,4.0,7.0,17.0,7.0,27.0,30.0,8.0,7.0,9.0,15.0,9.0,19.0,15.0,6.0,18.0,2.0,5.0,25.0,28.0,10.0,9.0,6.0,Regular Season,1610612765.0,18.0,11.0,7.0,0.611,874.0,116.1,118.3,107.4,109.9,8.6,8.4,0.682,2.04,20.4,0.341,0.686,0.518,0.146,0.556,0.593,100.5,98.42,82.01,1791.0,0.557,1.0,6.0,13.0,12.0,1.0,10.0,7.0,6.0,6.0,10.0,6.0,6.0,20.0,8.0,18.0,11.0,8.0,24.0,3.0,Regular Season
golden state warriors,2025-26,10,1610612744.0,15.0,5.0,10.0,0.333,49.0,40.5,88.9,0.455,14.3,42.2,0.34,16.9,21.7,0.776,12.9,28.8,41.7,28.1,16.7,9.5,3.9,3.6,19.4,19.8,112.1,-6.1,19.0,21.0,21.0,21.0,1.0,24.0,13.0,26.0,9.0,3.0,26.0,23.0,22.0,17.0,4.0,28.0,22.0,9.0,27.0,6.0,26.0,2.0,13.0,17.0,25.0,22.0,Regular Season,1610612744.0,15.0,5.0,10.0,0.333,735.0,109.6,111.4,115.7,117.3,-6.0,-5.9,0.694,1.68,19.3,0.328,0.673,0.491,0.166,0.536,0.569,100.2,98.68,82.23,1510.0,0.468,19.0,21.0,21.0,21.0,19.0,26.0,21.0,22.0,4.0,24.0,12.0,8.0,24.0,20.0,27.0,23.0,24.0,22.0,22.0,Regular Season
houston rockets,2025-26,10,1610612745.0,16.0,9.0,7.0,0.563,48.6,42.9,89.0,0.482,10.9,31.8,0.344,16.9,22.0,0.767,14.3,33.4,47.7,26.9,16.1,8.2,5.6,5.1,18.1,20.4,113.7,1.3,9.0,13.0,13.0,14.0,2.0,11.0,12.0,11.0,28.0,25.0,22.0,22.0,21.0,21.0,1.0,9.0,3.0,14.0,26.0,17.0,7.0,19.0,2.0,11.0,20.0,15.0,Regular Season,1610612745.0,16.0,9.0,7.0,0.563,778.0,113.1,115.6,112.6,113.7,0.5,1.8,0.626,1.67,18.8,0.366,0.717,0.543,0.164,0.544,0.576,98.8,97.33,81.11,1574.0,0.521,9.0,13.0,13.0,14.0,9.0,15.0,13.0,15.0,22.0,25.0,15.0,1.0,7.0,4.0,26.0,17.0,20.0,27.0,11.0,Regular Season
indiana pacers,2025-26,10,1610612754.0,15.0,2.0,13.0,0.133,48.0,42.5,87.3,0.486,14.3,37.6,0.379,15.9,20.1,0.794,7.9,30.3,38.3,30.7,14.1,6.2,4.5,5.0,19.5,18.7,115.1,-10.1,19.0,29.0,24.0,29.0,14.0,14.0,21.0,10.0,12.0,14.0,5.0,26.0,28.0,11.0,30.0,22.0,27.0,3.0,15.0,28.0,15.0,17.0,14.0,26.0,16.0,25.0,Regular Season,1610612754.0,15.0,2.0,13.0,0.133,720.0,112.5,115.2,121.8,125.0,-9.3,-9.8,0.724,2.18,21.6,0.251,0.668,0.463,0.141,0.568,0.599,102.5,100.03,83.36,1499.0,0.465,19.0,29.0,24.0,29.0,24.0,18.0,30.0,25.0,1.0,7.0,1.0,30.0,26.0,28.0,15.0,7.0,7.0,14.0,23.0,Regular Season
la clippers,2025-26,10,1610612746.0,18.0,12.0,6.0,0.667,48.3,43.8,85.6,0.512,12.7,32.5,0.391,20.6,25.8,0.797,9.7,30.2,39.9,24.6,12.2,10.7,5.8,3.9,18.6,20.9,120.9,7.5,1.0,5.0,9.0,7.0,13.0,3.0,27.0,2.0,17.0,24.0,2.0,5.0,7.0,10.0,23.0,24.0,24.0,26.0,4.0,1.0,6.0,6.0,7.0,8.0,5.0,7.0,Regular Season,1610612746.0,18.0,12.0,6.0,0.667,869.0,121.6,121.9,112.0,114.6,9.7,7.3,0.56,2.01,18.0,0.283,0.662,0.481,0.123,0.586,0.624,99.8,98.54,82.12,1786.0,0.543,1.0,5.0,9.0,7.0,2.0,2.0,14.0,7.0,30.0,13.0,23.0,21.0,27.0,24.0,4.0,2.0,2.0,23.0,7.0,Regular Season
los angeles lakers,2025-26,10,1610612747.0,17.0,15.0,2.0,0.882,48.3,43.5,84.9,0.512,12.3,33.3,0.369,21.4,28.1,0.763,9.5,31.8,41.4,26.5,13.1,9.4,5.3,3.0,18.5,21.8,120.6,9.2,3.0,1.0,2.0,2.0,11.0,6.0,28.0,1.0,20.0,23.0,9.0,4.0,2.0,22.0,25.0,17.0,23.0,16.0,9.0,8.0,10.0,1.0,5.0,4.0,6.0,5.0,Regular Season,1610612747.0,17.0,15.0,2.0,0.882,821.0,119.7,120.9,109.1,111.7,10.6,9.2,0.609,2.02,19.0,0.286,0.692,0.496,0.131,0.585,0.62,100.8,99.13,82.61,1696.0,0.545,3.0,1.0,2.0,2.0,4.0,6.0,10.0,5.0,25.0,11.0,13.0,20.0,19.0,16.0,9.0,3.0,3.0,18.0,5.0,Regular Season
memphis grizzlies,2025-26,10,1610612763.0,17.0,3.0,14.0,0.176,48.0,40.4,89.7,0.45,14.5,40.6,0.357,17.9,22.4,0.8,10.5,26.4,36.8,25.8,15.1,9.7,4.6,6.4,21.1,19.0,113.2,-11.1,3.0,25.0,27.0,26.0,14.0,25.0,8.0,27.0,8.0,8.0,16.0,18.0,19.0,9.0,17.0,30.0,30.0,19.0,22.0,4.0,14.0,30.0,25.0,22.0,23.0,26.0,Regular Season,1610612763.0,17.0,3.0,14.0,0.176,816.0,108.6,111.9,120.7,122.9,-12.1,-11.1,0.639,1.71,18.2,0.291,0.603,0.44,0.149,0.531,0.568,103.6,101.15,84.29,1720.0,0.433,3.0,25.0,27.0,26.0,6.0,24.0,29.0,26.0,20.0,23.0,20.0,17.0,30.0,30.0,22.0,26.0,25.0,9.0,27.0,Regular Season
miami heat,2025-26,10,1610612748.0,15.0,8.0,7.0,0.533,48.0,43.0,91.7,0.469,13.3,39.4,0.337,22.6,27.4,0.825,11.4,32.9,44.3,28.5,11.7,8.5,4.5,4.3,19.3,22.1,121.9,0.7,19.0,16.0,13.0,15.0,14.0,9.0,3.0,18.0,15.0,11.0,27.0,2.0,3.0,3.0,14.0,12.0,11.0,7.0,1.0,14.0,19.0,12.0,12.0,2.0,4.0,17.0,Regular Season,1610612748.0,15.0,8.0,7.0,0.533,720.0,117.0,118.3,114.4,117.6,2.6,0.7,0.662,2.43,19.5,0.296,0.705,0.496,0.114,0.541,0.587,105.0,103.03,85.86,1545.0,0.513,19.0,16.0,13.0,15.0,24.0,9.0,22.0,17.0,10.0,2.0,11.0,14.0,14.0,18.0,1.0,20.0,13.0,2.0,15.0,Regular Season
milwaukee bucks,2025-26,10,1610612749.0,17.0,4.0,13.0,0.235,48.0,38.6,84.0,0.459,15.4,41.9,0.368,12.9,18.2,0.706,8.8,30.9,39.6,24.8,16.8,8.1,3.4,4.2,19.6,16.8,105.5,-14.6,3.0,24.0,24.0,24.0,14.0,29.0,29.0,23.0,3.0,4.0,10.0,30.0,30.0,30.0,29.0,21.0,25.0,24.0,28.0,19.0,27.0,11.0,17.0,29.0,29.0,30.0,Regular Season,1610612749.0,17.0,4.0,13.0,0.235,816.0,105.4,106.9,120.4,121.7,-14.9,-14.8,0.642,1.48,18.3,0.252,0.693,0.469,0.17,0.551,0.573,99.9,98.71,82.25,1678.0,0.421,3.0,24.0,24.0,24.0,6.0,28.0,27.0,30.0,17.0,28.0,19.0,29.0,18.0,26.0,28.0,12.0,23.0,20.0,28.0,Regular Season
minnesota timberwolves,2025-26,10,1610612750.0,15.0,9.0,6.0,0.6,48.3,41.1,86.7,0.473,11.9,33.9,0.35,19.0,24.7,0.77,10.4,33.9,44.3,25.3,15.7,8.5,5.5,4.5,21.0,19.8,113.0,1.3,19.0,13.0,9.0,13.0,5.0,21.0,24.0,13.0,23.0,22.0,21.0,13.0,11.0,20.0,19.0,6.0,10.0,22.0,23.0,14.0,8.0,13.0,24.0,17.0,24.0,16.0,Regular Season,1610612750.0,15.0,9.0,6.0,0.6,725.0,109.8,111.4,109.0,110.0,0.8,1.4,0.617,1.61,18.0,0.294,0.681,0.496,0.155,0.542,0.579,102.0,100.77,83.97,1521.0,0.507,19.0,13.0,9.0,13.0,20.0,25.0,8.0,16.0,24.0,26.0,24.0,15.0,22.0,17.0,25.0,19.0,16.0,10.0,17.0,Regular Season
new orleans pelicans,2025-26,10,1610612740.0,15.0,6.0,9.0,0.4,48.0,41.7,88.6,0.471,11.2,31.3,0.357,20.5,26.5,0.776,11.9,31.3,43.3,25.3,13.7,8.6,6.1,5.1,19.0,20.3,115.2,-1.9,19.0,20.0,20.0,20.0,14.0,18.0,15.0,16.0,25.0,27.0,15.0,6.0,5.0,18.0,10.0,20.0,16.0,22.0,14.0,12.0,3.0,22.0,11.0,13.0,15.0,19.0,Regular Season,1610612740.0,15.0,6.0,9.0,0.4,720.0,113.0,115.4,115.4,117.1,-2.4,-1.7,0.607,1.85,18.0,0.317,0.675,0.497,0.137,0.534,0.575,101.7,99.9,83.25,1497.0,0.492,19.0,20.0,20.0,20.0,24.0,17.0,19.0,19.0,26.0,18.0,22.0,10.0,23.0,14.0,14.0,25.0,22.0,16.0,19.0,Regular Season
new york knicks,2025-26,10,1610612752.0,16.0,10.0,6.0,0.625,48.0,42.8,87.6,0.488,12.6,34.6,0.365,15.6,19.3,0.806,12.6,33.1,45.7,28.1,14.4,8.1,3.2,3.8,18.9,19.8,113.7,6.9,9.0,9.0,9.0,10.0,14.0,12.0,20.0,9.0,19.0,21.0,12.0,28.0,29.0,6.0,6.0,11.0,7.0,10.0,17.0,18.0,28.0,4.0,10.0,16.0,20.0,8.0,Regular Season,1610612752.0,16.0,10.0,6.0,0.625,768.0,116.2,118.5,110.0,111.7,6.2,6.8,0.656,1.94,20.0,0.349,0.747,0.548,0.15,0.56,0.592,97.5,95.78,79.82,1535.0,0.538,9.0,9.0,9.0,10.0,12.0,8.0,9.0,8.0,11.0,14.0,8.0,4.0,4.0,2.0,23.0,9.0,11.0,29.0,8.0,Regular Season
oklahoma city thunder,2025-26,10,1610612760.0,15.0,14.0,1.0,0.933,48.3,41.3,87.7,0.471,12.8,38.3,0.334,19.6,24.1,0.814,9.5,35.3,44.8,24.0,11.9,8.7,4.9,3.6,18.5,20.8,115.1,9.8,19.0,2.0,1.0,1.0,5.0,20.0,19.0,15.0,16.0,13.0,29.0,9.0,13.0,4.0,24.0,4.0,9.0,29.0,2.0,10.0,11.0,2.0,6.0,9.0,17.0,4.0,Regular Season,1610612760.0,15.0,14.0,1.0,0.933,725.0,114.3,115.8,103.1,105.9,11.3,9.9,0.581,2.01,17.6,0.266,0.694,0.489,0.12,0.544,0.586,100.7,98.68,82.23,1490.0,0.564,19.0,2.0,1.0,1.0,20.0,13.0,1.0,4.0,28.0,12.0,27.0,26.0,17.0,21.0,2.0,16.0,14.0,21.0,2.0,Regular Season
orlando magic,2025-26,10,1610612753.0,17.0,9.0,8.0,0.529,48.3,40.2,86.6,0.465,12.2,35.7,0.341,23.9,28.6,0.837,10.0,32.5,42.5,26.0,14.7,7.7,2.8,4.8,21.4,21.9,116.6,-0.2,3.0,13.0,16.0,16.0,11.0,26.0,25.0,20.0,21.0,18.0,24.0,1.0,1.0,2.0,22.0,15.0,20.0,18.0,20.0,20.0,30.0,16.0,27.0,3.0,10.0,18.0,Regular Season,1610612753.0,17.0,9.0,8.0,0.529,821.0,112.2,115.6,113.8,115.7,-1.6,-0.1,0.646,1.77,18.4,0.303,0.708,0.507,0.146,0.535,0.588,102.6,100.3,83.58,1715.0,0.497,3.0,13.0,16.0,16.0,4.0,14.0,15.0,18.0,15.0,21.0,18.0,12.0,12.0,11.0,19.0,24.0,12.0,13.0,18.0,Regular Season
philadelphia 76ers,2025-26,10,1610612755.0,16.0,8.0,8.0,0.5,48.0,42.2,91.3,0.462,11.3,34.8,0.323,18.2,23.1,0.786,11.0,32.1,43.1,24.7,13.2,8.5,6.2,5.7,20.3,19.7,113.8,-4.8,9.0,16.0,16.0,17.0,14.0,15.0,4.0,21.0,24.0,20.0,30.0,15.0,17.0,12.0,16.0,16.0,17.0,25.0,10.0,13.0,2.0,26.0,22.0,20.0,19.0,21.0,Regular Season,1610612755.0,16.0,8.0,8.0,0.5,768.0,109.8,112.4,115.1,117.2,-5.3,-4.8,0.585,1.87,17.5,0.298,0.682,0.489,0.13,0.524,0.561,103.3,101.22,84.35,1620.0,0.479,9.0,16.0,16.0,17.0,12.0,21.0,20.0,21.0,27.0,17.0,29.0,13.0,21.0,22.0,7.0,28.0,28.0,7.0,21.0,Regular Season
phoenix suns,2025-26,10,1610612756.0,16.0,8.0,8.0,0.5,48.0,41.6,90.6,0.459,16.1,43.9,0.368,16.6,22.3,0.742,12.9,30.1,42.9,26.6,12.9,8.7,4.4,4.1,20.1,20.1,115.8,5.6,9.0,16.0,16.0,17.0,14.0,19.0,5.0,25.0,2.0,2.0,11.0,24.0,20.0,28.0,3.0,25.0,18.0,15.0,7.0,11.0,21.0,8.0,20.0,14.0,13.0,11.0,Regular Season,1610612756.0,16.0,8.0,8.0,0.5,768.0,115.4,117.7,110.7,112.8,4.7,4.9,0.639,2.06,18.7,0.341,0.704,0.512,0.131,0.548,0.577,100.0,98.06,81.72,1574.0,0.515,9.0,16.0,16.0,17.0,12.0,11.0,11.0,11.0,19.0,8.0,16.0,5.0,15.0,10.0,8.0,15.0,19.0,26.0,14.0,Regular Season
portland trail blazers,2025-26,10,1610612757.0,16.0,10.0,6.0,0.625,48.0,40.6,88.0,0.461,14.3,40.6,0.352,19.3,25.9,0.746,14.3,33.4,47.7,26.4,17.9,8.4,7.0,5.1,19.6,22.5,114.8,6.8,9.0,9.0,9.0,10.0,14.0,23.0,16.0,22.0,11.0,7.0,18.0,11.0,6.0,27.0,2.0,8.0,3.0,17.0,30.0,16.0,1.0,19.0,15.0,1.0,18.0,9.0,Regular Season,1610612757.0,16.0,10.0,6.0,0.625,768.0,111.4,113.1,105.1,106.5,6.3,6.5,0.65,1.48,18.1,0.353,0.709,0.531,0.176,0.542,0.577,102.9,101.44,84.53,1624.0,0.535,9.0,9.0,9.0,10.0,12.0,19.0,2.0,9.0,13.0,29.0,21.0,3.0,11.0,6.0,29.0,18.0,18.0,6.0,9.0,Regular Season
sacramento kings,2025-26,10,1610612758.0,15.0,5.0,10.0,0.333,48.0,43.0,89.6,0.48,10.3,29.4,0.351,15.7,20.5,0.763,11.5,32.6,44.1,27.5,13.4,6.3,4.1,5.0,18.7,16.5,112.0,-9.2,19.0,21.0,21.0,21.0,14.0,9.0,9.0,12.0,30.0,29.0,19.0,27.0,27.0,23.0,13.0,14.0,13.0,13.0,11.0,27.0,23.0,17.0,8.0,30.0,26.0,24.0,Regular Season,1610612758.0,15.0,5.0,10.0,0.333,720.0,111.4,112.1,119.3,121.2,-7.9,-9.1,0.64,2.05,19.5,0.286,0.709,0.497,0.134,0.538,0.568,101.0,99.97,83.31,1499.0,0.464,19.0,21.0,21.0,21.0,24.0,23.0,25.0,24.0,18.0,9.0,9.0,19.0,10.0,15.0,11.0,22.0,27.0,15.0,24.0,Regular Season
san antonio spurs,2025-26,10,1610612759.0,16.0,14.0,2.0,0.875,48.0,45.1,90.4,0.499,15.3,39.7,0.386,17.9,22.8,0.786,11.6,37.4,49.0,31.2,12.8,6.6,6.1,4.6,18.4,18.9,123.4,13.8,9.0,2.0,2.0,3.0,14.0,2.0,6.0,5.0,4.0,10.0,3.0,16.0,18.0,13.0,12.0,1.0,1.0,1.0,5.0,25.0,4.0,14.0,4.0,23.0,2.0,1.0,Regular Season,1610612759.0,16.0,14.0,2.0,0.875,768.0,121.4,122.9,107.1,109.1,14.4,13.8,0.692,2.45,21.4,0.311,0.764,0.548,0.127,0.583,0.614,102.0,100.41,83.67,1606.0,0.569,9.0,2.0,2.0,3.0,12.0,1.0,3.0,1.0,5.0,1.0,3.0,11.0,1.0,1.0,6.0,4.0,4.0,12.0,1.0,Regular Season
toronto raptors,2025-26,10,1610612761.0,15.0,7.0,8.0,0.467,48.0,43.7,87.3,0.5,11.2,30.9,0.362,17.3,23.7,0.73,10.1,29.5,39.6,30.4,13.4,9.8,4.9,5.2,21.3,19.9,115.9,3.1,19.0,19.0,16.0,19.0,14.0,5.0,22.0,4.0,25.0,28.0,13.0,20.0,15.0,29.0,20.0,26.0,26.0,4.0,11.0,3.0,11.0,23.0,26.0,15.0,12.0,14.0,Regular Season,1610612761.0,15.0,7.0,8.0,0.467,720.0,114.7,116.8,112.0,113.5,2.8,3.3,0.696,2.27,21.2,0.288,0.704,0.492,0.135,0.565,0.593,100.9,99.3,82.75,1488.0,0.52,19.0,19.0,16.0,19.0,24.0,12.0,12.0,14.0,3.0,5.0,4.0,18.0,16.0,19.0,13.0,8.0,9.0,17.0,12.0,Regular Season
utah jazz,2025-26,10,1610612762.0,16.0,3.0,13.0,0.188,48.0,42.0,89.8,0.468,12.7,35.9,0.353,19.1,24.4,0.782,11.8,30.3,42.1,28.3,14.6,9.7,4.5,5.1,20.6,20.3,115.8,-8.3,9.0,25.0,24.0,25.0,14.0,17.0,7.0,19.0,18.0,17.0,17.0,12.0,12.0,14.0,11.0,23.0,21.0,8.0,19.0,5.0,17.0,19.0,23.0,12.0,14.0,23.0,Regular Season,1610612762.0,16.0,3.0,13.0,0.188,768.0,112.1,112.9,119.6,121.3,-7.5,-8.3,0.674,1.94,19.5,0.293,0.671,0.477,0.143,0.539,0.576,103.5,102.41,85.34,1640.0,0.463,9.0,25.0,24.0,25.0,12.0,20.0,26.0,23.0,7.0,15.0,10.0,16.0,25.0,25.0,16.0,21.0,21.0,4.0,25.0,Regular Season
washington wizards,2025-26,10,1610612764.0,16.0,1.0,15.0,0.063,48.3,42.1,89.1,0.472,13.9,37.4,0.373,15.6,20.7,0.752,9.1,28.9,38.1,24.1,16.0,7.7,4.1,5.4,24.5,18.8,113.6,-13.8,9.0,30.0,30.0,30.0,9.0,16.0,11.0,14.0,14.0,15.0,7.0,28.0,26.0,25.0,27.0,27.0,28.0,28.0,25.0,21.0,24.0,24.0,29.0,25.0,22.0,29.0,Regular Season,1610612764.0,16.0,1.0,15.0,0.063,773.0,108.2,109.8,122.5,122.9,-14.3,-13.1,0.572,1.5,17.2,0.261,0.657,0.454,0.155,0.551,0.579,103.9,102.89,85.74,1655.0,0.41,9.0,30.0,30.0,30.0,10.0,27.0,28.0,29.0,29.0,27.0,30.0,28.0,29.0,29.0,24.0,13.0,17.0,3.0,30.0,Regular Season
atlanta hawks,2025-26,11,1610612737.0,15.0,13.0,2.0,0.867,48.3,45.4,92.0,0.493,15.3,40.5,0.377,16.5,21.2,0.777,12.5,31.7,44.3,30.2,13.5,9.4,4.5,3.9,18.8,18.3,122.5,12.1,19.0,4.0,2.0,4.0,5.0,1.0,1.0,8.0,5.0,9.0,6.0,25.0,23.0,16.0,7.0,18.0,11.0,5.0,13.0,7.0,15.0,5.0,9.0,28.0,3.0,2.0,Regular Season,1610612737.0,15.0,13.0,2.0,0.867,725.0,119.8,120.8,107.4,109.4,12.4,11.5,0.665,2.24,20.5,0.324,0.71,0.515,0.133,0.576,0.605,101.8,100.5,83.75,1521.0,0.556,19.0,4.0,2.0,4.0,20.0,7.0,5.0,3.0,8.0,6.0,5.0,9.0,9.0,9.0,10.0,5.0,6.0,11.0,4.0,Regular Season
boston celtics,2025-26,11,1610612738.0,16.0,11.0,5.0,0.688,48.0,38.9,87.7,0.444,14.5,41.3,0.351,17.8,21.1,0.843,12.4,36.4,48.8,24.2,12.8,5.7,4.0,4.1,17.9,18.5,110.1,5.7,9.0,6.0,5.0,5.0,14.0,28.0,18.0,29.0,7.0,6.0,20.0,19.0,25.0,1.0,8.0,3.0,2.0,27.0,6.0,30.0,25.0,7.0,1.0,27.0,27.0,10.0,Regular Season,1610612738.0,16.0,11.0,5.0,0.688,768.0,113.1,115.5,108.8,109.6,4.3,6.0,0.621,1.89,17.8,0.33,0.757,0.545,0.134,0.527,0.568,96.7,95.31,79.43,1525.0,0.531,9.0,6.0,5.0,5.0,12.0,16.0,6.0,10.0,23.0,16.0,26.0,7.0,2.0,3.0,12.0,27.0,26.0,30.0,10.0,Regular Season
brooklyn nets,2025-26,11,1610612751.0,17.0,3.0,14.0,0.176,48.0,36.1,82.6,0.436,11.9,35.4,0.336,18.6,23.2,0.802,9.5,27.9,37.5,23.9,17.5,8.8,4.8,5.9,24.8,19.8,102.6,-12.4,3.0,25.0,27.0,26.0,14.0,30.0,30.0,30.0,22.0,19.0,28.0,14.0,16.0,8.0,25.0,29.0,29.0,30.0,29.0,9.0,13.0,28.0,30.0,19.0,30.0,27.0,Regular Season,1610612751.0,17.0,3.0,14.0,0.176,816.0,101.7,103.6,114.0,116.0,-12.2,-12.4,0.662,1.36,17.6,0.274,0.662,0.463,0.177,0.508,0.552,100.9,99.12,82.6,1684.0,0.418,3.0,25.0,27.0,26.0,6.0,30.0,16.0,28.0,9.0,30.0,28.0,25.0,28.0,27.0,30.0,29.0,29.0,19.0,29.0,Regular Season
charlotte hornets,2025-26,11,1610612766.0,15.0,10.0,5.0,0.667,48.0,40.7,88.7,0.459,17.6,46.2,0.381,17.2,21.2,0.811,12.7,33.2,45.9,25.6,14.1,7.1,4.3,4.2,20.3,19.3,116.3,11.5,19.0,9.0,5.0,7.0,14.0,22.0,14.0,24.0,1.0,1.0,4.0,21.0,23.0,5.0,5.0,10.0,6.0,21.0,16.0,24.0,22.0,9.0,21.0,21.0,11.0,3.0,Regular Season,1610612766.0,15.0,10.0,5.0,0.667,720.0,116.8,121.3,107.5,109.3,9.3,12.0,0.628,1.81,18.4,0.359,0.728,0.54,0.147,0.558,0.593,98.5,95.87,79.89,1438.0,0.544,19.0,9.0,5.0,7.0,24.0,4.0,4.0,2.0,21.0,19.0,17.0,2.0,5.0,5.0,20.0,10.0,10.0,28.0,6.0,Regular Season
chicago bulls,2025-26,11,1610612741.0,15.0,5.0,10.0,0.333,48.3,43.3,91.9,0.471,14.3,41.8,0.343,17.9,23.9,0.751,10.5,36.8,47.3,28.0,15.8,7.2,5.4,5.9,19.9,18.9,118.8,-4.8,19.0,21.0,21.0,21.0,5.0,8.0,2.0,17.0,9.0,5.0,23.0,17.0,14.0,26.0,18.0,2.0,5.0,11.0,24.0,23.0,9.0,27.0,18.0,24.0,8.0,20.0,Regular Season,1610612741.0,15.0,5.0,10.0,0.333,725.0,110.2,112.3,114.3,116.9,-4.1,-4.6,0.647,1.77,18.9,0.282,0.706,0.498,0.149,0.549,0.58,107.2,105.04,87.53,1587.0,0.48,19.0,21.0,21.0,21.0,20.0,22.0,17.0,20.0,14.0,20.0,14.0,22.0,13.0,13.0,21.0,14.0,15.0,1.0,20.0,Regular Season
cleveland cavaliers,2025-26,11,1610612739.0,15.0,10.0,5.0,0.667,48.0,42.7,86.3,0.494,14.0,38.7,0.362,19.6,25.7,0.762,10.1,32.7,42.8,27.8,12.1,6.5,4.5,4.2,20.0,21.3,118.9,3.3,19.0,9.0,5.0,7.0,14.0,13.0,26.0,6.0,13.0,12.0,13.0,9.0,8.0,24.0,20.0,13.0,19.0,12.0,3.0,26.0,19.0,9.0,19.0,6.0,7.0,13.0,Regular Season,1610612739.0,15.0,10.0,5.0,0.667,720.0,119.4,121.2,115.7,117.9,3.7,3.3,0.652,2.3,20.1,0.28,0.72,0.501,0.123,0.575,0.609,99.8,98.13,81.78,1472.0,0.512,19.0,9.0,5.0,7.0,24.0,5.0,23.0,13.0,12.0,4.0,7.0,23.0,6.0,12.0,3.0,6.0,5.0,25.0,16.0,Regular Season
dallas mavericks,2025-26,11,1610612742.0,17.0,3.0,14.0,0.176,48.6,39.8,89.5,0.445,10.8,31.6,0.34,19.6,25.5,0.771,11.4,33.5,44.9,25.6,15.0,7.4,4.5,6.2,18.1,21.0,110.1,-12.8,3.0,25.0,27.0,26.0,3.0,27.0,10.0,28.0,29.0,26.0,25.0,8.0,10.0,19.0,15.0,7.0,8.0,20.0,21.0,22.0,18.0,29.0,3.0,7.0,28.0,28.0,Regular Season,1610612742.0,17.0,3.0,14.0,0.176,826.0,105.5,106.5,117.1,118.6,-11.6,-12.1,0.644,1.71,17.9,0.275,0.713,0.488,0.145,0.505,0.547,103.3,102.25,85.21,1757.0,0.444,3.0,25.0,27.0,26.0,3.0,29.0,24.0,27.0,16.0,22.0,25.0,24.0,8.0,23.0,17.0,30.0,30.0,5.0,26.0,Regular Season
denver nuggets,2025-26,11,1610612743.0,16.0,11.0,5.0,0.688,48.3,43.8,86.9,0.504,14.9,36.8,0.404,21.5,26.8,0.804,8.9,35.1,44.0,31.0,12.9,5.8,2.9,4.7,19.6,21.4,124.0,4.9,9.0,6.0,5.0,5.0,9.0,4.0,23.0,3.0,6.0,16.0,1.0,3.0,4.0,7.0,28.0,5.0,14.0,2.0,7.0,29.0,29.0,15.0,16.0,5.0,1.0,12.0,Regular Season,1610612743.0,16.0,11.0,5.0,0.688,773.0,120.8,121.6,116.3,117.1,4.5,4.6,0.708,2.41,21.4,0.265,0.749,0.519,0.126,0.59,0.629,101.8,101.15,84.29,1631.0,0.52,9.0,6.0,5.0,5.0,10.0,3.0,18.0,12.0,2.0,3.0,2.0,27.0,3.0,7.0,5.0,1.0,1.0,8.0,13.0,Regular Season
detroit pistons,2025-26,11,1610612765.0,18.0,11.0,7.0,0.611,48.6,43.4,87.9,0.494,10.9,29.4,0.372,19.8,25.5,0.778,12.3,31.6,43.8,29.6,14.5,9.9,6.1,5.6,21.8,20.4,117.7,8.2,1.0,6.0,13.0,12.0,4.0,7.0,17.0,7.0,27.0,30.0,8.0,7.0,9.0,15.0,9.0,19.0,15.0,6.0,18.0,2.0,5.0,25.0,28.0,10.0,9.0,6.0,Regular Season,1610612765.0,18.0,11.0,7.0,0.611,874.0,116.1,118.3,107.4,109.9,8.6,8.4,0.682,2.04,20.4,0.341,0.686,0.518,0.146,0.556,0.593,100.5,98.42,82.01,1791.0,0.557,1.0,6.0,13.0,12.0,1.0,10.0,7.0,6.0,6.0,10.0,6.0,6.0,20.0,8.0,18.0,11.0,8.0,24.0,3.0,Regular Season
golden state warriors,2025-26,11,1610612744.0,15.0,5.0,10.0,0.333,49.0,40.5,88.9,0.455,14.3,42.2,0.34,16.9,21.7,0.776,12.9,28.8,41.7,28.1,16.7,9.5,3.9,3.6,19.4,19.8,112.1,-6.1,19.0,21.0,21.0,21.0,1.0,24.0,13.0,26.0,9.0,3.0,26.0,23.0,22.0,17.0,4.0,28.0,22.0,9.0,27.0,6.0,26.0,2.0,13.0,17.0,25.0,22.0,Regular Season,1610612744.0,15.0,5.0,10.0,0.333,735.0,109.6,111.4,115.7,117.3,-6.0,-5.9,0.694,1.68,19.3,0.328,0.673,0.491,0.166,0.536,0.569,100.2,98.68,82.23,1510.0,0.468,19.0,21.0,21.0,21.0,19.0,26.0,21.0,22.0,4.0,24.0,12.0,8.0,24.0,20.0,27.0,23.0,24.0,22.0,22.0,Regular Season
houston rockets,2025-26,11,1610612745.0,16.0,9.0,7.0,0.563,48.6,42.9,89.0,0.482,10.9,31.8,0.344,16.9,22.0,0.767,14.3,33.4,47.7,26.9,16.1,8.2,5.6,5.1,18.1,20.4,113.7,1.3,9.0,13.0,13.0,14.0,2.0,11.0,12.0,11.0,28.0,25.0,22.0,22.0,21.0,21.0,1.0,9.0,3.0,14.0,26.0,17.0,7.0,19.0,2.0,11.0,20.0,15.0,Regular Season,1610612745.0,16.0,9.0,7.0,0.563,778.0,113.1,115.6,112.6,113.7,0.5,1.8,0.626,1.67,18.8,0.366,0.717,0.543,0.164,0.544,0.576,98.8,97.33,81.11,1574.0,0.521,9.0,13.0,13.0,14.0,9.0,15.0,13.0,15.0,22.0,25.0,15.0,1.0,7.0,4.0,26.0,17.0,20.0,27.0,11.0,Regular Season
indiana pacers,2025-26,11,1610612754.0,15.0,2.0,13.0,0.133,48.0,42.5,87.3,0.486,14.3,37.6,0.379,15.9,20.1,0.794,7.9,30.3,38.3,30.7,14.1,6.2,4.5,5.0,19.5,18.7,115.1,-10.1,19.0,29.0,24.0,29.0,14.0,14.0,21.0,10.0,12.0,14.0,5.0,26.0,28.0,11.0,30.0,22.0,27.0,3.0,15.0,28.0,15.0,17.0,14.0,26.0,16.0,25.0,Regular Season,1610612754.0,15.0,2.0,13.0,0.133,720.0,112.5,115.2,121.8,125.0,-9.3,-9.8,0.724,2.18,21.6,0.251,0.668,0.463,0.141,0.568,0.599,102.5,100.03,83.36,1499.0,0.465,19.0,29.0,24.0,29.0,24.0,18.0,30.0,25.0,1.0,7.0,1.0,30.0,26.0,28.0,15.0,7.0,7.0,14.0,23.0,Regular Season
la clippers,2025-26,11,1610612746.0,18.0,12.0,6.0,0.667,48.3,43.8,85.6,0.512,12.7,32.5,0.391,20.6,25.8,0.797,9.7,30.2,39.9,24.6,12.2,10.7,5.8,3.9,18.6,20.9,120.9,7.5,1.0,5.0,9.0,7.0,13.0,3.0,27.0,2.0,17.0,24.0,2.0,5.0,7.0,10.0,23.0,24.0,24.0,26.0,4.0,1.0,6.0,6.0,7.0,8.0,5.0,7.0,Regular Season,1610612746.0,18.0,12.0,6.0,0.667,869.0,121.6,121.9,112.0,114.6,9.7,7.3,0.56,2.01,18.0,0.283,0.662,0.481,0.123,0.586,0.624,99.8,98.54,82.12,1786.0,0.543,1.0,5.0,9.0,7.0,2.0,2.0,14.0,7.0,30.0,13.0,23.0,21.0,27.0,24.0,4.0,2.0,2.0,23.0,7.0,Regular Season
los angeles lakers,2025-26,11,1610612747.0,17.0,15.0,2.0,0.882,48.3,43.5,84.9,0.512,12.3,33.3,0.369,21.4,28.1,0.763,9.5,31.8,41.4,26.5,13.1,9.4,5.3,3.0,18.5,21.8,120.6,9.2,3.0,1.0,2.0,2.0,11.0,6.0,28.0,1.0,20.0,23.0,9.0,4.0,2.0,22.0,25.0,17.0,23.0,16.0,9.0,8.0,10.0,1.0,5.0,4.0,6.0,5.0,Regular Season,1610612747.0,17.0,15.0,2.0,0.882,821.0,119.7,120.9,109.1,111.7,10.6,9.2,0.609,2.02,19.0,0.286,0.692,0.496,0.131,0.585,0.62,100.8,99.13,82.61,1696.0,0.545,3.0,1.0,2.0,2.0,4.0,6.0,10.0,5.0,25.0,11.0,13.0,20.0,19.0,16.0,9.0,3.0,3.0,18.0,5.0,Regular Season
memphis grizzlies,2025-26,11,1610612763.0,17.0,3.0,14.0,0.176,48.0,40.4,89.7,0.45,14.5,40.6,0.357,17.9,22.4,0.8,10.5,26.4,36.8,25.8,15.1,9.7,4.6,6.4,21.1,19.0,113.2,-11.1,3.0,25.0,27.0,26.0,14.0,25.0,8.0,27.0,8.0,8.0,16.0,18.0,19.0,9.0,17.0,30.0,30.0,19.0,22.0,4.0,14.0,30.0,25.0,22.0,23.0,26.0,Regular Season,1610612763.0,17.0,3.0,14.0,0.176,816.0,108.6,111.9,120.7,122.9,-12.1,-11.1,0.639,1.71,18.2,0.291,0.603,0.44,0.149,0.531,0.568,103.6,101.15,84.29,1720.0,0.433,3.0,25.0,27.0,26.0,6.0,24.0,29.0,26.0,20.0,23.0,20.0,17.0,30.0,30.0,22.0,26.0,25.0,9.0,27.0,Regular Season
miami heat,2025-26,11,1610612748.0,15.0,8.0,7.0,0.533,48.0,43.0,91.7,0.469,13.3,39.4,0.337,22.6,27.4,0.825,11.4,32.9,44.3,28.5,11.7,8.5,4.5,4.3,19.3,22.1,121.9,0.7,19.0,16.0,13.0,15.0,14.0,9.0,3.0,18.0,15.0,11.0,27.0,2.0,3.0,3.0,14.0,12.0,11.0,7.0,1.0,14.0,19.0,12.0,12.0,2.0,4.0,17.0,Regular Season,1610612748.0,15.0,8.0,7.0,0.533,720.0,117.0,118.3,114.4,117.6,2.6,0.7,0.662,2.43,19.5,0.296,0.705,0.496,0.114,0.541,0.587,105.0,103.03,85.86,1545.0,0.513,19.0,16.0,13.0,15.0,24.0,9.0,22.0,17.0,10.0,2.0,11.0,14.0,14.0,18.0,1.0,20.0,13.0,2.0,15.0,Regular Season
milwaukee bucks,2025-26,11,1610612749.0,17.0,4.0,13.0,0.235,48.0,38.6,84.0,0.459,15.4,41.9,0.368,12.9,18.2,0.706,8.8,30.9,39.6,24.8,16.8,8.1,3.4,4.2,19.6,16.8,105.5,-14.6,3.0,24.0,24.0,24.0,14.0,29.0,29.0,23.0,3.0,4.0,10.0,30.0,30.0,30.0,29.0,21.0,25.0,24.0,28.0,19.0,27.0,11.0,17.0,29.0,29.0,30.0,Regular Season,1610612749.0,17.0,4.0,13.0,0.235,816.0,105.4,106.9,120.4,121.7,-14.9,-14.8,0.642,1.48,18.3,0.252,0.693,0.469,0.17,0.551,0.573,99.9,98.71,82.25,1678.0,0.421,3.0,24.0,24.0,24.0,6.0,28.0,27.0,30.0,17.0,28.0,19.0,29.0,18.0,26.0,28.0,12.0,23.0,20.0,28.0,Regular Season
minnesota timberwolves,2025-26,11,1610612750.0,15.0,9.0,6.0,0.6,48.3,41.1,86.7,0.473,11.9,33.9,0.35,19.0,24.7,0.77,10.4,33.9,44.3,25.3,15.7,8.5,5.5,4.5,21.0,19.8,113.0,1.3,19.0,13.0,9.0,13.0,5.0,21.0,24.0,13.0,23.0,22.0,21.0,13.0,11.0,20.0,19.0,6.0,10.0,22.0,23.0,14.0,8.0,13.0,24.0,17.0,24.0,16.0,Regular Season,1610612750.0,15.0,9.0,6.0,0.6,725.0,109.8,111.4,109.0,110.0,0.8,1.4,0.617,1.61,18.0,0.294,0.681,0.496,0.155,0.542,0.579,102.0,100.77,83.97,1521.0,0.507,19.0,13.0,9.0,13.0,20.0,25.0,8.0,16.0,24.0,26.0,24.0,15.0,22.0,17.0,25.0,19.0,16.0,10.0,17.0,Regular Season
new orleans pelicans,2025-26,11,1610612740.0,15.0,6.0,9.0,0.4,48.0,41.7,88.6,0.471,11.2,31.3,0.357,20.5,26.5,0.776,11.9,31.3,43.3,25.3,13.7,8.6,6.1,5.1,19.0,20.3,115.2,-1.9,19.0,20.0,20.0,20.0,14.0,18.0,15.0,16.0,25.0,27.0,15.0,6.0,5.0,18.0,10.0,20.0,16.0,22.0,14.0,12.0,3.0,22.0,11.0,13.0,15.0,19.0,Regular Season,1610612740.0,15.0,6.0,9.0,0.4,720.0,113.0,115.4,115.4,117.1,-2.4,-1.7,0.607,1.85,18.0,0.317,0.675,0.497,0.137,0.534,0.575,101.7,99.9,83.25,1497.0,0.492,19.0,20.0,20.0,20.0,24.0,17.0,19.0,19.0,26.0,18.0,22.0,10.0,23.0,14.0,14.0,25.0,22.0,16.0,19.0,Regular Season
new york knicks,2025-26,11,1610612752.0,16.0,10.0,6.0,0.625,48.0,42.8,87.6,0.488,12.6,34.6,0.365,15.6,19.3,0.806,12.6,33.1,45.7,28.1,14.4,8.1,3.2,3.8,18.9,19.8,113.7,6.9,9.0,9.0,9.0,10.0,14.0,12.0,20.0,9.0,19.0,21.0,12.0,28.0,29.0,6.0,6.0,11.0,7.0,10.0,17.0,18.0,28.0,4.0,10.0,16.0,20.0,8.0,Regular Season,1610612752.0,16.0,10.0,6.0,0.625,768.0,116.2,118.5,110.0,111.7,6.2,6.8,0.656,1.94,20.0,0.349,0.747,0.548,0.15,0.56,0.592,97.5,95.78,79.82,1535.0,0.538,9.0,9.0,9.0,10.0,12.0,8.0,9.0,8.0,11.0,14.0,8.0,4.0,4.0,2.0,23.0,9.0,11.0,29.0,8.0,Regular Season
oklahoma city thunder,2025-26,11,1610612760.0,15.0,14.0,1.0,0.933,48.3,41.3,87.7,0.471,12.8,38.3,0.334,19.6,24.1,0.814,9.5,35.3,44.8,24.0,11.9,8.7,4.9,3.6,18.5,20.8,115.1,9.8,19.0,2.0,1.0,1.0,5.0,20.0,19.0,15.0,16.0,13.0,29.0,9.0,13.0,4.0,24.0,4.0,9.0,29.0,2.0,10.0,11.0,2.0,6.0,9.0,17.0,4.0,Regular Season,1610612760.0,15.0,14.0,1.0,0.933,725.0,114.3,115.8,103.1,105.9,11.3,9.9,0.581,2.01,17.6,0.266,0.694,0.489,0.12,0.544,0.586,100.7,98.68,82.23,1490.0,0.564,19.0,2.0,1.0,1.0,20.0,13.0,1.0,4.0,28.0,12.0,27.0,26.0,17.0,21.0,2.0,16.0,14.0,21.0,2.0,Regular Season
orlando magic,2025-26,11,1610612753.0,17.0,9.0,8.0,0.529,48.3,40.2,86.6,0.465,12.2,35.7,0.341,23.9,28.6,0.837,10.0,32.5,42.5,26.0,14.7,7.7,2.8,4.8,21.4,21.9,116.6,-0.2,3.0,13.0,16.0,16.0,11.0,26.0,25.0,20.0,21.0,18.0,24.0,1.0,1.0,2.0,22.0,15.0,20.0,18.0,20.0,20.0,30.0,16.0,27.0,3.0,10.0,18.0,Regular Season,1610612753.0,17.0,9.0,8.0,0.529,821.0,112.2,115.6,113.8,115.7,-1.6,-0.1,0.646,1.77,18.4,0.303,0.708,0.507,0.146,0.535,0.588,102.6,100.3,83.58,1715.0,0.497,3.0,13.0,16.0,16.0,4.0,14.0,15.0,18.0,15.0,21.0,18.0,12.0,12.0,11.0,19.0,24.0,12.0,13.0,18.0,Regular Season
philadelphia 76ers,2025-26,11,1610612755.0,16.0,8.0,8.0,0.5,48.0,42.2,91.3,0.462,11.3,34.8,0.323,18.2,23.1,0.786,11.0,32.1,43.1,24.7,13.2,8.5,6.2,5.7,20.3,19.7,113.8,-4.8,9.0,16.0,16.0,17.0,14.0,15.0,4.0,21.0,24.0,20.0,30.0,15.0,17.0,12.0,16.0,16.0,17.0,25.0,10.0,13.0,2.0,26.0,22.0,20.0,19.0,21.0,Regular Season,1610612755.0,16.0,8.0,8.0,0.5,768.0,109.8,112.4,115.1,117.2,-5.3,-4.8,0.585,1.87,17.5,0.298,0.682,0.489,0.13,0.524,0.561,103.3,101.22,84.35,1620.0,0.479,9.0,16.0,16.0,17.0,12.0,21.0,20.0,21.0,27.0,17.0,29.0,13.0,21.0,22.0,7.0,28.0,28.0,7.0,21.0,Regular Season
phoenix suns,2025-26,11,1610612756.0,16.0,8.0,8.0,0.5,48.0,41.6,90.6,0.459,16.1,43.9,0.368,16.6,22.3,0.742,12.9,30.1,42.9,26.6,12.9,8.7,4.4,4.1,20.1,20.1,115.8,5.6,9.0,16.0,16.0,17.0,14.0,19.0,5.0,25.0,2.0,2.0,11.0,24.0,20.0,28.0,3.0,25.0,18.0,15.0,7.0,11.0,21.0,8.0,20.0,14.0,13.0,11.0,Regular Season,1610612756.0,16.0,8.0,8.0,0.5,768.0,115.4,117.7,110.7,112.8,4.7,4.9,0.639,2.06,18.7,0.341,0.704,0.512,0.131,0.548,0.577,100.0,98.06,81.72,1574.0,0.515,9.0,16.0,16.0,17.0,12.0,11.0,11.0,11.0,19.0,8.0,16.0,5.0,15.0,10.0,8.0,15.0,19.0,26.0,14.0,Regular Season
portland trail blazers,2025-26,11,1610612757.0,16.0,10.0,6.0,0.625,48.0,40.6,88.0,0.461,14.3,40.6,0.352,19.3,25.9,0.746,14.3,33.4,47.7,26.4,17.9,8.4,7.0,5.1,19.6,22.5,114.8,6.8,9.0,9.0,9.0,10.0,14.0,23.0,16.0,22.0,11.0,7.0,18.0,11.0,6.0,27.0,2.0,8.0,3.0,17.0,30.0,16.0,1.0,19.0,15.0,1.0,18.0,9.0,Regular Season,1610612757.0,16.0,10.0,6.0,0.625,768.0,111.4,113.1,105.1,106.5,6.3,6.5,0.65,1.48,18.1,0.353,0.709,0.531,0.176,0.542,0.577,102.9,101.44,84.53,1624.0,0.535,9.0,9.0,9.0,10.0,12.0,19.0,2.0,9.0,13.0,29.0,21.0,3.0,11.0,6.0,29.0,18.0,18.0,6.0,9.0,Regular Season
sacramento kings,2025-26,11,1610612758.0,15.0,5.0,10.0,0.333,48.0,43.0,89.6,0.48,10.3,29.4,0.351,15.7,20.5,0.763,11.5,32.6,44.1,27.5,13.4,6.3,4.1,5.0,18.7,16.5,112.0,-9.2,19.0,21.0,21.0,21.0,14.0,9.0,9.0,12.0,30.0,29.0,19.0,27.0,27.0,23.0,13.0,14.0,13.0,13.0,11.0,27.0,23.0,17.0,8.0,30.0,26.0,24.0,Regular Season,1610612758.0,15.0,5.0,10.0,0.333,720.0,111.4,112.1,119.3,121.2,-7.9,-9.1,0.64,2.05,19.5,0.286,0.709,0.497,0.134,0.538,0.568,101.0,99.97,83.31,1499.0,0.464,19.0,21.0,21.0,21.0,24.0,23.0,25.0,24.0,18.0,9.0,9.0,19.0,10.0,15.0,11.0,22.0,27.0,15.0,24.0,Regular Season
san antonio spurs,2025-26,11,1610612759.0,16.0,14.0,2.0,0.875,48.0,45.1,90.4,0.499,15.3,39.7,0.386,17.9,22.8,0.786,11.6,37.4,49.0,31.2,12.8,6.6,6.1,4.6,18.4,18.9,123.4,13.8,9.0,2.0,2.0,3.0,14.0,2.0,6.0,5.0,4.0,10.0,3.0,16.0,18.0,13.0,12.0,1.0,1.0,1.0,5.0,25.0,4.0,14.0,4.0,23.0,2.0,1.0,Regular Season,1610612759.0,16.0,14.0,2.0,0.875,768.0,121.4,122.9,107.1,109.1,14.4,13.8,0.692,2.45,21.4,0.311,0.764,0.548,0.127,0.583,0.614,102.0,100.41,83.67,1606.0,0.569,9.0,2.0,2.0,3.0,12.0,1.0,3.0,1.0,5.0,1.0,3.0,11.0,1.0,1.0,6.0,4.0,4.0,12.0,1.0,Regular Season
toronto raptors,2025-26,11,1610612761.0,15.0,7.0,8.0,0.467,48.0,43.7,87.3,0.5,11.2,30.9,0.362,17.3,23.7,0.73,10.1,29.5,39.6,30.4,13.4,9.8,4.9,5.2,21.3,19.9,115.9,3.1,19.0,19.0,16.0,19.0,14.0,5.0,22.0,4.0,25.0,28.0,13.0,20.0,15.0,29.0,20.0,26.0,26.0,4.0,11.0,3.0,11.0,23.0,26.0,15.0,12.0,14.0,Regular Season,1610612761.0,15.0,7.0,8.0,0.467,720.0,114.7,116.8,112.0,113.5,2.8,3.3,0.696,2.27,21.2,0.288,0.704,0.492,0.135,0.565,0.593,100.9,99.3,82.75,1488.0,0.52,19.0,19.0,16.0,19.0,24.0,12.0,12.0,14.0,3.0,5.0,4.0,18.0,16.0,19.0,13.0,8.0,9.0,17.0,12.0,Regular Season
utah jazz,2025-26,11,1610612762.0,16.0,3.0,13.0,0.188,48.0,42.0,89.8,0.468,12.7,35.9,0.353,19.1,24.4,0.782,11.8,30.3,42.1,28.3,14.6,9.7,4.5,5.1,20.6,20.3,115.8,-8.3,9.0,25.0,24.0,25.0,14.0,17.0,7.0,19.0,18.0,17.0,17.0,12.0,12.0,14.0,11.0,23.0,21.0,8.0,19.0,5.0,17.0,19.0,23.0,12.0,14.0,23.0,Regular Season,1610612762.0,16.0,3.0,13.0,0.188,768.0,112.1,112.9,119.6,121.3,-7.5,-8.3,0.674,1.94,19.5,0.293,0.671,0.477,0.143,0.539,0.576,103.5,102.41,85.34,1640.0,0.463,9.0,25.0,24.0,25.0,12.0,20.0,26.0,23.0,7.0,15.0,10.0,16.0,25.0,25.0,16.0,21.0,21.0,4.0,25.0,Regular Season
washington wizards,2025-26,11,1610612764.0,16.0,1.0,15.0,0.063,48.3,42.1,89.1,0.472,13.9,37.4,0.373,15.6,20.7,0.752,9.1,28.9,38.1,24.1,16.0,7.7,4.1,5.4,24.5,18.8,113.6,-13.8,9.0,30.0,30.0,30.0,9.0,16.0,11.0,14.0,14.0,15.0,7.0,28.0,26.0,25.0,27.0,27.0,28.0,28.0,25.0,21.0,24.0,24.0,29.0,25.0,22.0,29.0,Regular Season,1610612764.0,16.0,1.0,15.0,0.063,773.0,108.2,109.8,122.5,122.9,-14.3,-13.1,0.572,1.5,17.2,0.261,0.657,0.454,0.155,0.551,0.579,103.9,102.89,85.74,1655.0,0.41,9.0,30.0,30.0,30.0,10.0,27.0,28.0,29.0,29.0,27.0,30.0,28.0,29.0,29.0,24.0,13.0,17.0,3.0,30.0,Regular Season
atlanta hawks,2025-26,12,1610612737.0,15.0,13.0,2.0,0.867,48.3,45.4,92.0,0.493,15.3,40.5,0.377,16.5,21.2,0.777,12.5,31.7,44.3,30.2,13.5,9.4,4.5,3.9,18.8,18.3,122.5,12.1,19.0,4.0,2.0,4.0,5.0,1.0,1.0,8.0,5.0,9.0,6.0,25.0,23.0,16.0,7.0,18.0,11.0,5.0,13.0,7.0,15.0,5.0,9.0,28.0,3.0,2.0,Regular Season,1610612737.0,15.0,13.0,2.0,0.867,725.0,119.8,120.8,107.4,109.4,12.4,11.5,0.665,2.24,20.5,0.324,0.71,0.515,0.133,0.576,0.605,101.8,100.5,83.75,1521.0,0.556,19.0,4.0,2.0,4.0,20.0,7.0,5.0,3.0,8.0,6.0,5.0,9.0,9.0,9.0,10.0,5.0,6.0,11.0,4.0,Regular Season
boston celtics,2025-26,12,1610612738.0,16.0,11.0,5.0,0.688,48.0,38.9,87.7,0.444,14.5,41.3,0.351,17.8,21.1,0.843,12.4,36.4,48.8,24.2,12.8,5.7,4.0,4.1,17.9,18.5,110.1,5.7,9.0,6.0,5.0,5.0,14.0,28.0,18.0,29.0,7.0,6.0,20.0,19.0,25.0,1.0,8.0,3.0,2.0,27.0,6.0,30.0,25.0,7.0,1.0,27.0,27.0,10.0,Regular Season,1610612738.0,16.0,11.0,5.0,0.688,768.0,113.1,115.5,108.8,109.6,4.3,6.0,0.621,1.89,17.8,0.33,0.757,0.545,0.134,0.527,0.568,96.7,95.31,79.43,1525.0,0.531,9.0,6.0,5.0,5.0,12.0,16.0,6.0,10.0,23.0,16.0,26.0,7.0,2.0,3.0,12.0,27.0,26.0,30.0,10.0,Regular Season
brooklyn nets,2025-26,12,1610612751.0,17.0,3.0,14.0,0.176,48.0,36.1,82.6,0.436,11.9,35.4,0.336,18.6,23.2,0.802,9.5,27.9,37.5,23.9,17.5,8.8,4.8,5.9,24.8,19.8,102.6,-12.4,3.0,25.0,27.0,26.0,14.0,30.0,30.0,30.0,22.0,19.0,28.0,14.0,16.0,8.0,25.0,29.0,29.0,30.0,29.0,9.0,13.0,28.0,30.0,19.0,30.0,27.0,Regular Season,1610612751.0,17.0,3.0,14.0,0.176,816.0,101.7,103.6,114.0,116.0,-12.2,-12.4,0.662,1.36,17.6,0.274,0.662,0.463,0.177,0.508,0.552,100.9,99.12,82.6,1684.0,0.418,3.0,25.0,27.0,26.0,6.0,30.0,16.0,28.0,9.0,30.0,28.0,25.0,28.0,27.0,30.0,29.0,29.0,19.0,29.0,Regular Season
charlotte hornets,2025-26,12,1610612766.0,15.0,10.0,5.0,0.667,48.0,40.7,88.7,0.459,17.6,46.2,0.381,17.2,21.2,0.811,12.7,33.2,45.9,25.6,14.1,7.1,4.3,4.2,20.3,19.3,116.3,11.5,19.0,9.0,5.0,7.0,14.0,22.0,14.0,24.0,1.0,1.0,4.0,21.0,23.0,5.0,5.0,10.0,6.0,21.0,16.0,24.0,22.0,9.0,21.0,21.0,11.0,3.0,Regular Season,1610612766.0,15.0,10.0,5.0,0.667,720.0,116.8,121.3,107.5,109.3,9.3,12.0,0.628,1.81,18.4,0.359,0.728,0.54,0.147,0.558,0.593,98.5,95.87,79.89,1438.0,0.544,19.0,9.0,5.0,7.0,24.0,4.0,4.0,2.0,21.0,19.0,17.0,2.0,5.0,5.0,20.0,10.0,10.0,28.0,6.0,Regular Season
chicago bulls,2025-26,12,1610612741.0,15.0,5.0,10.0,0.333,48.3,43.3,91.9,0.471,14.3,41.8,0.343,17.9,23.9,0.751,10.5,36.8,47.3,28.0,15.8,7.2,5.4,5.9,19.9,18.9,118.8,-4.8,19.0,21.0,21.0,21.0,5.0,8.0,2.0,17.0,9.0,5.0,23.0,17.0,14.0,26.0,18.0,2.0,5.0,11.0,24.0,23.0,9.0,27.0,18.0,24.0,8.0,20.0,Regular Season,1610612741.0,15.0,5.0,10.0,0.333,725.0,110.2,112.3,114.3,116.9,-4.1,-4.6,0.647,1.77,18.9,0.282,0.706,0.498,0.149,0.549,0.58,107.2,105.04,87.53,1587.0,0.48,19.0,21.0,21.0,21.0,20.0,22.0,17.0,20.0,14.0,20.0,14.0,22.0,13.0,13.0,21.0,14.0,15.0,1.0,20.0,Regular Season
cleveland cavaliers,2025-26,12,1610612739.0,15.0,10.0,5.0,0.667,48.0,42.7,86.3,0.494,14.0,38.7,0.362,19.6,25.7,0.762,10.1,32.7,42.8,27.8,12.1,6.5,4.5,4.2,20.0,21.3,118.9,3.3,19.0,9.0,5.0,7.0,14.0,13.0,26.0,6.0,13.0,12.0,13.0,9.0,8.0,24.0,20.0,13.0,19.0,12.0,3.0,26.0,19.0,9.0,19.0,6.0,7.0,13.0,Regular Season,1610612739.0,15.0,10.0,5.0,0.667,720.0,119.4,121.2,115.7,117.9,3.7,3.3,0.652,2.3,20.1,0.28,0.72,0.501,0.123,0.575,0.609,99.8,98.13,81.78,1472.0,0.512,19.0,9.0,5.0,7.0,24.0,5.0,23.0,13.0,12.0,4.0,7.0,23.0,6.0,12.0,3.0,6.0,5.0,25.0,16.0,Regular Season
dallas mavericks,2025-26,12,1610612742.0,17.0,3.0,14.0,0.176,48.6,39.8,89.5,0.445,10.8,31.6,0.34,19.6,25.5,0.771,11.4,33.5,44.9,25.6,15.0,7.4,4.5,6.2,18.1,21.0,110.1,-12.8,3.0,25.0,27.0,26.0,3.0,27.0,10.0,28.0,29.0,26.0,25.0,8.0,10.0,19.0,15.0,7.0,8.0,20.0,21.0,22.0,18.0,29.0,3.0,7.0,28.0,28.0,Regular Season,1610612742.0,17.0,3.0,14.0,0.176,826.0,105.5,106.5,117.1,118.6,-11.6,-12.1,0.644,1.71,17.9,0.275,0.713,0.488,0.145,0.505,0.547,103.3,102.25,85.21,1757.0,0.444,3.0,25.0,27.0,26.0,3.0,29.0,24.0,27.0,16.0,22.0,25.0,24.0,8.0,23.0,17.0,30.0,30.0,5.0,26.0,Regular Season
denver nuggets,2025-26,12,1610612743.0,16.0,11.0,5.0,0.688,48.3,43.8,86.9,0.504,14.9,36.8,0.404,21.5,26.8,0.804,8.9,35.1,44.0,31.0,12.9,5.8,2.9,4.7,19.6,21.4,124.0,4.9,9.0,6.0,5.0,5.0,9.0,4.0,23.0,3.0,6.0,16.0,1.0,3.0,4.0,7.0,28.0,5.0,14.0,2.0,7.0,29.0,29.0,15.0,16.0,5.0,1.0,12.0,Regular Season,1610612743.0,16.0,11.0,5.0,0.688,773.0,120.8,121.6,116.3,117.1,4.5,4.6,0.708,2.41,21.4,0.265,0.749,0.519,0.126,0.59,0.629,101.8,101.15,84.29,1631.0,0.52,9.0,6.0,5.0,5.0,10.0,3.0,18.0,12.0,2.0,3.0,2.0,27.0,3.0,7.0,5.0,1.0,1.0,8.0,13.0,Regular Season
detroit pistons,2025-26,12,1610612765.0,18.0,11.0,7.0,0.611,48.6,43.4,87.9,0.494,10.9,29.4,0.372,19.8,25.5,0.778,12.3,31.6,43.8,29.6,14.5,9.9,6.1,5.6,21.8,20.4,117.7,8.2,1.0,6.0,13.0,12.0,4.0,7.0,17.0,7.0,27.0,30.0,8.0,7.0,9.0,15.0,9.0,19.0,15.0,6.0,18.0,2.0,5.0,25.0,28.0,10.0,9.0,6.0,Regular Season,1610612765.0,18.0,11.0,7.0,0.611,874.0,116.1,118.3,107.4,109.9,8.6,8.4,0.682,2.04,20.4,0.341,0.686,0.518,0.146,0.556,0.593,100.5,98.42,82.01,1791.0,0.557,1.0,6.0,13.0,12.0,1.0,10.0,7.0,6.0,6.0,10.0,6.0,6.0,20.0,8.0,18.0,11.0,8.0,24.0,3.0,Regular Season
golden state warriors,2025-26,12,1610612744.0,15.0,5.0,10.0,0.333,49.0,40.5,88.9,0.455,14.3,42.2,0.34,16.9,21.7,0.776,12.9,28.8,41.7,28.1,16.7,9.5,3.9,3.6,19.4,19.8,112.1,-6.1,19.0,21.0,21.0,21.0,1.0,24.0,13.0,26.0,9.0,3.0,26.0,23.0,22.0,17.0,4.0,28.0,22.0,9.0,27.0,6.0,26.0,2.0,13.0,17.0,25.0,22.0,Regular Season,1610612744.0,15.0,5.0,10.0,0.333,735.0,109.6,111.4,115.7,117.3,-6.0,-5.9,0.694,1.68,19.3,0.328,0.673,0.491,0.166,0.536,0.569,100.2,98.68,82.23,1510.0,0.468,19.0,21.0,21.0,21.0,19.0,26.0,21.0,22.0,4.0,24.0,12.0,8.0,24.0,20.0,27.0,23.0,24.0,22.0,22.0,Regular Season
houston rockets,2025-26,12,1610612745.0,16.0,9.0,7.0,0.563,48.6,42.9,89.0,0.482,10.9,31.8,0.344,16.9,22.0,0.767,14.3,33.4,47.7,26.9,16.1,8.2,5.6,5.1,18.1,20.4,113.7,1.3,9.0,13.0,13.0,14.0,2.0,11.0,12.0,11.0,28.0,25.0,22.0,22.0,21.0,21.0,1.0,9.0,3.0,14.0,26.0,17.0,7.0,19.0,2.0,11.0,20.0,15.0,Regular Season,1610612745.0,16.0,9.0,7.0,0.563,778.0,113.1,115.6,112.6,113.7,0.5,1.8,0.626,1.67,18.8,0.366,0.717,0.543,0.164,0.544,0.576,98.8,97.33,81.11,1574.0,0.521,9.0,13.0,13.0,14.0,9.0,15.0,13.0,15.0,22.0,25.0,15.0,1.0,7.0,4.0,26.0,17.0,20.0,27.0,11.0,Regular Season
indiana pacers,2025-26,12,1610612754.0,15.0,2.0,13.0,0.133,48.0,42.5,87.3,0.486,14.3,37.6,0.379,15.9,20.1,0.794,7.9,30.3,38.3,30.7,14.1,6.2,4.5,5.0,19.5,18.7,115.1,-10.1,19.0,29.0,24.0,29.0,14.0,14.0,21.0,10.0,12.0,14.0,5.0,26.0,28.0,11.0,30.0,22.0,27.0,3.0,15.0,28.0,15.0,17.0,14.0,26.0,16.0,25.0,Regular Season,1610612754.0,15.0,2.0,13.0,0.133,720.0,112.5,115.2,121.8,125.0,-9.3,-9.8,0.724,2.18,21.6,0.251,0.668,0.463,0.141,0.568,0.599,102.5,100.03,83.36,1499.0,0.465,19.0,29.0,24.0,29.0,24.0,18.0,30.0,25.0,1.0,7.0,1.0,30.0,26.0,28.0,15.0,7.0,7.0,14.0,23.0,Regular Season
la clippers,2025-26,12,1610612746.0,18.0,12.0,6.0,0.667,48.3,43.8,85.6,0.512,12.7,32.5,0.391,20.6,25.8,0.797,9.7,30.2,39.9,24.6,12.2,10.7,5.8,3.9,18.6,20.9,120.9,7.5,1.0,5.0,9.0,7.0,13.0,3.0,27.0,2.0,17.0,24.0,2.0,5.0,7.0,10.0,23.0,24.0,24.0,26.0,4.0,1.0,6.0,6.0,7.0,8.0,5.0,7.0,Regular Season,1610612746.0,18.0,12.0,6.0,0.667,869.0,121.6,121.9,112.0,114.6,9.7,7.3,0.56,2.01,18.0,0.283,0.662,0.481,0.123,0.586,0.624,99.8,98.54,82.12,1786.0,0.543,1.0,5.0,9.0,7.0,2.0,2.0,14.0,7.0,30.0,13.0,23.0,21.0,27.0,24.0,4.0,2.0,2.0,23.0,7.0,Regular Season
los angeles lakers,2025-26,12,1610612747.0,17.0,15.0,2.0,0.882,48.3,43.5,84.9,0.512,12.3,33.3,0.369,21.4,28.1,0.763,9.5,31.8,41.4,26.5,13.1,9.4,5.3,3.0,18.5,21.8,120.6,9.2,3.0,1.0,2.0,2.0,11.0,6.0,28.0,1.0,20.0,23.0,9.0,4.0,2.0,22.0,25.0,17.0,23.0,16.0,9.0,8.0,10.0,1.0,5.0,4.0,6.0,5.0,Regular Season,1610612747.0,17.0,15.0,2.0,0.882,821.0,119.7,120.9,109.1,111.7,10.6,9.2,0.609,2.02,19.0,0.286,0.692,0.496,0.131,0.585,0.62,100.8,99.13,82.61,1696.0,0.545,3.0,1.0,2.0,2.0,4.0,6.0,10.0,5.0,25.0,11.0,13.0,20.0,19.0,16.0,9.0,3.0,3.0,18.0,5.0,Regular Season
memphis grizzlies,2025-26,12,1610612763.0,17.0,3.0,14.0,0.176,48.0,40.4,89.7,0.45,14.5,40.6,0.357,17.9,22.4,0.8,10.5,26.4,36.8,25.8,15.1,9.7,4.6,6.4,21.1,19.0,113.2,-11.1,3.0,25.0,27.0,26.0,14.0,25.0,8.0,27.0,8.0,8.0,16.0,18.0,19.0,9.0,17.0,30.0,30.0,19.0,22.0,4.0,14.0,30.0,25.0,22.0,23.0,26.0,Regular Season,1610612763.0,17.0,3.0,14.0,0.176,816.0,108.6,111.9,120.7,122.9,-12.1,-11.1,0.639,1.71,18.2,0.291,0.603,0.44,0.149,0.531,0.568,103.6,101.15,84.29,1720.0,0.433,3.0,25.0,27.0,26.0,6.0,24.0,29.0,26.0,20.0,23.0,20.0,17.0,30.0,30.0,22.0,26.0,25.0,9.0,27.0,Regular Season
miami heat,2025-26,12,1610612748.0,15.0,8.0,7.0,0.533,48.0,43.0,91.7,0.469,13.3,39.4,0.337,22.6,27.4,0.825,11.4,32.9,44.3,28.5,11.7,8.5,4.5,4.3,19.3,22.1,121.9,0.7,19.0,16.0,13.0,15.0,14.0,9.0,3.0,18.0,15.0,11.0,27.0,2.0,3.0,3.0,14.0,12.0,11.0,7.0,1.0,14.0,19.0,12.0,12.0,2.0,4.0,17.0,Regular Season,1610612748.0,15.0,8.0,7.0,0.533,720.0,117.0,118.3,114.4,117.6,2.6,0.7,0.662,2.43,19.5,0.296,0.705,0.496,0.114,0.541,0.587,105.0,103.03,85.86,1545.0,0.513,19.0,16.0,13.0,15.0,24.0,9.0,22.0,17.0,10.0,2.0,11.0,14.0,14.0,18.0,1.0,20.0,13.0,2.0,15.0,Regular Season
milwaukee bucks,2025-26,12,1610612749.0,17.0,4.0,13.0,0.235,48.0,38.6,84.0,0.459,15.4,41.9,0.368,12.9,18.2,0.706,8.8,30.9,39.6,24.8,16.8,8.1,3.4,4.2,19.6,16.8,105.5,-14.6,3.0,24.0,24.0,24.0,14.0,29.0,29.0,23.0,3.0,4.0,10.0,30.0,30.0,30.0,29.0,21.0,25.0,24.0,28.0,19.0,27.0,11.0,17.0,29.0,29.0,30.0,Regular Season,1610612749.0,17.0,4.0,13.0,0.235,816.0,105.4,106.9,120.4,121.7,-14.9,-14.8,0.642,1.48,18.3,0.252,0.693,0.469,0.17,0.551,0.573,99.9,98.71,82.25,1678.0,0.421,3.0,24.0,24.0,24.0,6.0,28.0,27.0,30.0,17.0,28.0,19.0,29.0,18.0,26.0,28.0,12.0,23.0,20.0,28.0,Regular Season
minnesota timberwolves,2025-26,12,1610612750.0,15.0,9.0,6.0,0.6,48.3,41.1,86.7,0.473,11.9,33.9,0.35,19.0,24.7,0.77,10.4,33.9,44.3,25.3,15.7,8.5,5.5,4.5,21.0,19.8,113.0,1.3,19.0,13.0,9.0,13.0,5.0,21.0,24.0,13.0,23.0,22.0,21.0,13.0,11.0,20.0,19.0,6.0,10.0,22.0,23.0,14.0,8.0,13.0,24.0,17.0,24.0,16.0,Regular Season,1610612750.0,15.0,9.0,6.0,0.6,725.0,109.8,111.4,109.0,110.0,0.8,1.4,0.617,1.61,18.0,0.294,0.681,0.496,0.155,0.542,0.579,102.0,100.77,83.97,1521.0,0.507,19.0,13.0,9.0,13.0,20.0,25.0,8.0,16.0,24.0,26.0,24.0,15.0,22.0,17.0,25.0,19.0,16.0,10.0,17.0,Regular Season
new orleans pelicans,2025-26,12,1610612740.0,15.0,6.0,9.0,0.4,48.0,41.7,88.6,0.471,11.2,31.3,0.357,20.5,26.5,0.776,11.9,31.3,43.3,25.3,13.7,8.6,6.1,5.1,19.0,20.3,115.2,-1.9,19.0,20.0,20.0,20.0,14.0,18.0,15.0,16.0,25.0,27.0,15.0,6.0,5.0,18.0,10.0,20.0,16.0,22.0,14.0,12.0,3.0,22.0,11.0,13.0,15.0,19.0,Regular Season,1610612740.0,15.0,6.0,9.0,0.4,720.0,113.0,115.4,115.4,117.1,-2.4,-1.7,0.607,1.85,18.0,0.317,0.675,0.497,0.137,0.534,0.575,101.7,99.9,83.25,1497.0,0.492,19.0,20.0,20.0,20.0,24.0,17.0,19.0,19.0,26.0,18.0,22.0,10.0,23.0,14.0,14.0,25.0,22.0,16.0,19.0,Regular Season
new york knicks,2025-26,12,1610612752.0,16.0,10.0,6.0,0.625,48.0,42.8,87.6,0.488,12.6,34.6,0.365,15.6,19.3,0.806,12.6,33.1,45.7,28.1,14.4,8.1,3.2,3.8,18.9,19.8,113.7,6.9,9.0,9.0,9.0,10.0,14.0,12.0,20.0,9.0,19.0,21.0,12.0,28.0,29.0,6.0,6.0,11.0,7.0,10.0,17.0,18.0,28.0,4.0,10.0,16.0,20.0,8.0,Regular Season,1610612752.0,16.0,10.0,6.0,0.625,768.0,116.2,118.5,110.0,111.7,6.2,6.8,0.656,1.94,20.0,0.349,0.747,0.548,0.15,0.56,0.592,97.5,95.78,79.82,1535.0,0.538,9.0,9.0,9.0,10.0,12.0,8.0,9.0,8.0,11.0,14.0,8.0,4.0,4.0,2.0,23.0,9.0,11.0,29.0,8.0,Regular Season
oklahoma city thunder,2025-26,12,1610612760.0,15.0,14.0,1.0,0.933,48.3,41.3,87.7,0.471,12.8,38.3,0.334,19.6,24.1,0.814,9.5,35.3,44.8,24.0,11.9,8.7,4.9,3.6,18.5,20.8,115.1,9.8,19.0,2.0,1.0,1.0,5.0,20.0,19.0,15.0,16.0,13.0,29.0,9.0,13.0,4.0,24.0,4.0,9.0,29.0,2.0,10.0,11.0,2.0,6.0,9.0,17.0,4.0,Regular Season,1610612760.0,15.0,14.0,1.0,0.933,725.0,114.3,115.8,103.1,105.9,11.3,9.9,0.581,2.01,17.6,0.266,0.694,0.489,0.12,0.544,0.586,100.7,98.68,82.23,1490.0,0.564,19.0,2.0,1.0,1.0,20.0,13.0,1.0,4.0,28.0,12.0,27.0,26.0,17.0,21.0,2.0,16.0,14.0,21.0,2.0,Regular Season
orlando magic,2025-26,12,1610612753.0,17.0,9.0,8.0,0.529,48.3,40.2,86.6,0.465,12.2,35.7,0.341,23.9,28.6,0.837,10.0,32.5,42.5,26.0,14.7,7.7,2.8,4.8,21.4,21.9,116.6,-0.2,3.0,13.0,16.0,16.0,11.0,26.0,25.0,20.0,21.0,18.0,24.0,1.0,1.0,2.0,22.0,15.0,20.0,18.0,20.0,20.0,30.0,16.0,27.0,3.0,10.0,18.0,Regular Season,1610612753.0,17.0,9.0,8.0,0.529,821.0,112.2,115.6,113.8,115.7,-1.6,-0.1,0.646,1.77,18.4,0.303,0.708,0.507,0.146,0.535,0.588,102.6,100.3,83.58,1715.0,0.497,3.0,13.0,16.0,16.0,4.0,14.0,15.0,18.0,15.0,21.0,18.0,12.0,12.0,11.0,19.0,24.0,12.0,13.0,18.0,Regular Season
philadelphia 76ers,2025-26,12,1610612755.0,16.0,8.0,8.0,0.5,48.0,42.2,91.3,0.462,11.3,34.8,0.323,18.2,23.1,0.786,11.0,32.1,43.1,24.7,13.2,8.5,6.2,5.7,20.3,19.7,113.8,-4.8,9.0,16.0,16.0,17.0,14.0,15.0,4.0,21.0,24.0,20.0,30.0,15.0,17.0,12.0,16.0,16.0,17.0,25.0,10.0,13.0,2.0,26.0,22.0,20.0,19.0,21.0,Regular Season,1610612755.0,16.0,8.0,8.0,0.5,768.0,109.8,112.4,115.1,117.2,-5.3,-4.8,0.585,1.87,17.5,0.298,0.682,0.489,0.13,0.524,0.561,103.3,101.22,84.35,1620.0,0.479,9.0,16.0,16.0,17.0,12.0,21.0,20.0,21.0,27.0,17.0,29.0,13.0,21.0,22.0,7.0,28.0,28.0,7.0,21.0,Regular Season
phoenix suns,2025-26,12,1610612756.0,16.0,8.0,8.0,0.5,48.0,41.6,90.6,0.459,16.1,43.9,0.368,16.6,22.3,0.742,12.9,30.1,42.9,26.6,12.9,8.7,4.4,4.1,20.1,20.1,115.8,5.6,9.0,16.0,16.0,17.0,14.0,19.0,5.0,25.0,2.0,2.0,11.0,24.0,20.0,28.0,3.0,25.0,18.0,15.0,7.0,11.0,21.0,8.0,20.0,14.0,13.0,11.0,Regular Season,1610612756.0,16.0,8.0,8.0,0.5,768.0,115.4,117.7,110.7,112.8,4.7,4.9,0.639,2.06,18.7,0.341,0.704,0.512,0.131,0.548,0.577,100.0,98.06,81.72,1574.0,0.515,9.0,16.0,16.0,17.0,12.0,11.0,11.0,11.0,19.0,8.0,16.0,5.0,15.0,10.0,8.0,15.0,19.0,26.0,14.0,Regular Season
portland trail blazers,2025-26,12,1610612757.0,16.0,10.0,6.0,0.625,48.0,40.6,88.0,0.461,14.3,40.6,0.352,19.3,25.9,0.746,14.3,33.4,47.7,26.4,17.9,8.4,7.0,5.1,19.6,22.5,114.8,6.8,9.0,9.0,9.0,10.0,14.0,23.0,16.0,22.0,11.0,7.0,18.0,11.0,6.0,27.0,2.0,8.0,3.0,17.0,30.0,16.0,1.0,19.0,15.0,1.0,18.0,9.0,Regular Season,1610612757.0,16.0,10.0,6.0,0.625,768.0,111.4,113.1,105.1,106.5,6.3,6.5,0.65,1.48,18.1,0.353,0.709,0.531,0.176,0.542,0.577,102.9,101.44,84.53,1624.0,0.535,9.0,9.0,9.0,10.0,12.0,19.0,2.0,9.0,13.0,29.0,21.0,3.0,11.0,6.0,29.0,18.0,18.0,6.0,9.0,Regular Season
sacramento kings,2025-26,12,1610612758.0,15.0,5.0,10.0,0.333,48.0,43.0,89.6,0.48,10.3,29.4,0.351,15.7,20.5,0.763,11.5,32.6,44.1,27.5,13.4,6.3,4.1,5.0,18.7,16.5,112.0,-9.2,19.0,21.0,21.0,21.0,14.0,9.0,9.0,12.0,30.0,29.0,19.0,27.0,27.0,23.0,13.0,14.0,13.0,13.0,11.0,27.0,23.0,17.0,8.0,30.0,26.0,24.0,Regular Season,1610612758.0,15.0,5.0,10.0,0.333,720.0,111.4,112.1,119.3,121.2,-7.9,-9.1,0.64,2.05,19.5,0.286,0.709,0.497,0.134,0.538,0.568,101.0,99.97,83.31,1499.0,0.464,19.0,21.0,21.0,21.0,24.0,23.0,25.0,24.0,18.0,9.0,9.0,19.0,10.0,15.0,11.0,22.0,27.0,15.0,24.0,Regular Season
san antonio spurs,2025-26,12,1610612759.0,16.0,14.0,2.0,0.875,48.0,45.1,90.4,0.499,15.3,39.7,0.386,17.9,22.8,0.786,11.6,37.4,49.0,31.2,12.8,6.6,6.1,4.6,18.4,18.9,123.4,13.8,9.0,2.0,2.0,3.0,14.0,2.0,6.0,5.0,4.0,10.0,3.0,16.0,18.0,13.0,12.0,1.0,1.0,1.0,5.0,25.0,4.0,14.0,4.0,23.0,2.0,1.0,Regular Season,1610612759.0,16.0,14.0,2.0,0.875,768.0,121.4,122.9,107.1,109.1,14.4,13.8,0.692,2.45,21.4,0.311,0.764,0.548,0.127,0.583,0.614,102.0,100.41,83.67,1606.0,0.569,9.0,2.0,2.0,3.0,12.0,1.0,3.0,1.0,5.0,1.0,3.0,11.0,1.0,1.0,6.0,4.0,4.0,12.0,1.0,Regular Season
toronto raptors,2025-26,12,1610612761.0,15.0,7.0,8.0,0.467,48.0,43.7,87.3,0.5,11.2,30.9,0.362,17.3,23.7,0.73,10.1,29.5,39.6,30.4,13.4,9.8,4.9,5.2,21.3,19.9,115.9,3.1,19.0,19.0,16.0,19.0,14.0,5.0,22.0,4.0,25.0,28.0,13.0,20.0,15.0,29.0,20.0,26.0,26.0,4.0,11.0,3.0,11.0,23.0,26.0,15.0,12.0,14.0,Regular Season,1610612761.0,15.0,7.0,8.0,0.467,720.0,114.7,116.8,112.0,113.5,2.8,3.3,0.696,2.27,21.2,0.288,0.704,0.492,0.135,0.565,0.593,100.9,99.3,82.75,1488.0,0.52,19.0,19.0,16.0,19.0,24.0,12.0,12.0,14.0,3.0,5.0,4.0,18.0,16.0,19.0,13.0,8.0,9.0,17.0,12.0,Regular Season
utah jazz,2025-26,12,1610612762.0,16.0,3.0,13.0,0.188,48.0,42.0,89.8,0.468,12.7,35.9,0.353,19.1,24.4,0.782,11.8,30.3,42.1,28.3,14.6,9.7,4.5,5.1,20.6,20.3,115.8,-8.3,9.0,25.0,24.0,25.0,14.0,17.0,7.0,19.0,18.0,17.0,17.0,12.0,12.0,14.0,11.0,23.0,21.0,8.0,19.0,5.0,17.0,19.0,23.0,12.0,14.0,23.0,Regular Season,1610612762.0,16.0,3.0,13.0,0.188,768.0,112.1,112.9,119.6,121.3,-7.5,-8.3,0.674,1.94,19.5,0.293,0.671,0.477,0.143,0.539,0.576,103.5,102.41,85.34,1640.0,0.463,9.0,25.0,24.0,25.0,12.0,20.0,26.0,23.0,7.0,15.0,10.0,16.0,25.0,25.0,16.0,21.0,21.0,4.0,25.0,Regular Season
washington wizards,2025-26,12,1610612764.0,16.0,1.0,15.0,0.063,48.3,42.1,89.1,0.472,13.9,37.4,0.373,15.6,20.7,0.752,9.1,28.9,38.1,24.1,16.0,7.7,4.1,5.4,24.5,18.8,113.6,-13.8,9.0,30.0,30.0,30.0,9.0,16.0,11.0,14.0,14.0,15.0,7.0,28.0,26.0,25.0,27.0,27.0,28.0,28.0,25.0,21.0,24.0,24.0,29.0,25.0,22.0,29.0,Regular Season,1610612764.0,16.0,1.0,15.0,0.063,773.0,108.2,109.8,122.5,122.9,-14.3,-13.1,0.572,1.5,17.2,0.261,0.657,0.454,0.155,0.551,0.579,103.9,102.89,85.74,1655.0,0.41,9.0,30.0,30.0,30.0,10.0,27.0,28.0,29.0,29.0,27.0,30.0,28.0,29.0,29.0,24.0,13.0,17.0,3.0,30.0,Regular Season
