TEAM_NAME,Season,Month,TEAM_ID_base,GP_base,W_base,L_base,W_PCT_base,MIN_base,FGM,FGA,FG_PCT,FG3M,FG3A,FG3_PCT,FTM,FTA,FT_PCT,OREB,DREB,REB,AST,TOV,STL,BLK,BLKA,PF,PFD,PTS,PLUS_MINUS,GP_RANK_base,W_RANK_base,L_RANK_base,W_PCT_RANK_base,MIN_RANK_base,FGM_RANK,FGA_RANK,FG_PCT_RANK,FG3M_RANK,FG3A_RANK,FG3_PCT_RANK,FTM_RANK,FTA_RANK,FT_PCT_RANK,OREB_RANK,DREB_RANK,REB_RANK,AST_RANK,TOV_RANK,STL_RANK,BLK_RANK,BLKA_RANK,PF_RANK,PFD_RANK,PTS_RANK,PLUS_MINUS_RANK,SeasonType_base,TEAM_ID_adv,GP_adv,W_adv,L_adv,W_PCT_adv,MIN_adv,E_OFF_RATING,OFF_RATING,E_DEF_RATING,DEF_RATING,E_NET_RATING,NET_RATING,AST_PCT,AST_TO,AST_RATIO,OREB_PCT,DREB_PCT,REB_PCT,TM_TOV_PCT,EFG_PCT,TS_PCT,E_PACE,PACE,PACE_PER40,POSS,PIE,GP_RANK_adv,W_RANK_adv,L_RANK_adv,W_PCT_RANK_adv,MIN_RANK_adv,OFF_RATING_RANK,DEF_RATING_RANK,NET_RATING_RANK,AST_PCT_RANK,AST_TO_RANK,AST_RATIO_RANK,OREB_PCT_RANK,DREB_PCT_RANK,REB_PCT_RANK,TM_TOV_PCT_RANK,EFG_PCT_RANK,TS_PCT_RANK,PACE_RANK,PIE_RANK,SeasonType_adv
atlanta hawks,2019-20,1,1610612737.0,5.0,1.0,4.0,0.2,48.0,33.6,84.4,0.398,11.0,35.2,0.313,17.2,26.2,0.656,10.2,37.0,47.2,22.6,22.2,7.2,4.6,7.0,23.0,24.8,95.4,-16.0,3.0,26.0,36.0,28.0,3.0,35.0,31.0,35.0,21.0,14.0,31.0,25.0,17.0,33.0,15.0,13.0,14.0,27.0,35.0,31.0,21.0,35.0,17.0,13.0,31.0,30.0,Pre Season,1610612737.0,5.0,1.0,4.0,0.2,240.0,88.4,91.0,103.1,105.7,-14.7,-14.7,0.673,1.02,16.0,0.252,0.708,0.478,0.212,0.463,0.497,108.0,105.1,87.58,524.0,0.412,3.0,26.0,36.0,28.0,4.0,32.0,24.0,30.0,8.0,31.0,26.0,20.0,28.0,28.0,35.0,35.0,34.0,22.0,30.0,Pre Season
boston celtics,2019-20,1,1610612738.0,4.0,4.0,0.0,1.0,48.0,41.5,86.3,0.481,12.5,35.3,0.355,15.3,22.5,0.678,11.0,36.5,47.5,24.3,20.5,9.3,7.5,4.3,20.5,22.3,110.8,23.8,22.0,3.0,1.0,1.0,3.0,7.0,25.0,5.0,14.0,13.0,13.0,32.0,27.0,31.0,10.0,17.0,11.0,20.0,24.0,12.0,2.0,13.0,7.0,25.0,14.0,1.0,Pre Season,1610612738.0,4.0,4.0,0.0,1.0,192.0,104.8,108.0,82.7,84.7,22.1,23.4,0.584,1.18,17.1,0.318,0.718,0.528,0.2,0.554,0.576,105.4,102.63,85.52,410.0,0.662,22.0,3.0,1.0,1.0,23.0,8.0,1.0,1.0,27.0,22.0,15.0,3.0,25.0,7.0,29.0,6.0,8.0,31.0,1.0,Pre Season
brooklyn nets,2019-20,1,1610612751.0,4.0,3.0,1.0,0.75,48.0,39.5,83.8,0.472,15.3,39.5,0.386,18.0,27.5,0.655,10.3,37.3,47.5,26.8,20.0,10.3,5.3,5.8,20.3,25.3,112.3,12.3,22.0,7.0,5.0,7.0,3.0,16.0,34.0,8.0,3.0,6.0,6.0,23.0,10.0,34.0,13.0,12.0,11.0,6.0,20.0,8.0,16.0,27.0,6.0,9.0,12.0,6.0,Pre Season,1610612751.0,4.0,3.0,1.0,0.75,192.0,106.3,106.9,92.4,95.5,13.9,11.4,0.677,1.34,18.4,0.276,0.71,0.507,0.19,0.563,0.586,106.9,104.88,87.4,420.0,0.582,22.0,7.0,5.0,7.0,23.0,9.0,6.0,5.0,7.0,10.0,7.0,14.0,27.0,17.0,22.0,3.0,5.0,24.0,4.0,Pre Season
charlotte hornets,2019-20,1,1610612766.0,5.0,1.0,4.0,0.2,48.0,38.0,85.8,0.443,10.8,33.2,0.325,16.6,20.0,0.83,9.6,36.6,46.2,23.8,21.6,7.6,5.6,7.0,22.0,21.4,103.4,-2.6,3.0,26.0,36.0,28.0,3.0,22.0,26.0,16.0,22.0,21.0,24.0,27.0,32.0,4.0,18.0,15.0,17.0,22.0,32.0,25.0,12.0,35.0,13.0,28.0,28.0,24.0,Pre Season,1610612766.0,5.0,1.0,4.0,0.2,240.0,97.0,97.7,98.1,100.2,-1.1,-2.5,0.626,1.1,16.8,0.248,0.737,0.495,0.204,0.506,0.547,107.4,105.8,88.17,529.0,0.492,3.0,26.0,36.0,28.0,4.0,26.0,16.0,24.0,17.0,29.0,20.0,23.0,18.0,21.0,34.0,16.0,16.0,20.0,21.0,Pre Season
chicago bulls,2019-20,1,1610612741.0,5.0,2.0,3.0,0.4,48.0,39.8,95.6,0.416,12.8,39.4,0.325,15.6,22.2,0.703,13.8,36.2,50.0,25.0,17.2,10.2,4.2,6.0,23.2,20.4,108.0,0.4,3.0,16.0,24.0,19.0,3.0,12.0,2.0,29.0,11.0,7.0,25.0,31.0,29.0,29.0,2.0,19.0,5.0,15.0,3.0,10.0,25.0,30.0,18.0,31.0,20.0,18.0,Pre Season,1610612741.0,5.0,2.0,3.0,0.4,240.0,99.3,101.3,98.1,100.4,1.2,0.9,0.628,1.45,16.9,0.284,0.754,0.5,0.161,0.483,0.512,109.2,106.9,89.08,533.0,0.479,3.0,16.0,24.0,19.0,4.0,19.0,17.0,18.0,16.0,4.0,17.0,11.0,11.0,18.0,3.0,29.0,32.0,17.0,25.0,Pre Season
cleveland cavaliers,2019-20,1,1610612739.0,4.0,1.0,3.0,0.25,48.0,35.5,82.8,0.429,10.8,37.8,0.285,16.3,21.5,0.756,8.3,30.8,39.0,18.5,19.8,7.5,3.3,6.3,22.8,21.3,98.0,-10.5,22.0,26.0,24.0,26.0,3.0,30.0,35.0,24.0,23.0,10.0,36.0,29.0,31.0,15.0,28.0,34.0,31.0,32.0,17.0,27.0,32.0,34.0,15.0,29.0,30.0,29.0,Pre Season,1610612739.0,4.0,1.0,3.0,0.25,192.0,94.5,95.6,104.0,106.1,-9.5,-10.5,0.521,0.94,13.9,0.246,0.736,0.48,0.193,0.494,0.531,104.0,102.38,85.31,410.0,0.424,22.0,26.0,24.0,26.0,23.0,30.0,25.0,29.0,34.0,34.0,34.0,24.0,19.0,26.0,25.0,22.0,23.0,33.0,29.0,Pre Season
dallas mavericks,2019-20,1,1610612742.0,5.0,2.0,3.0,0.4,48.0,36.2,87.0,0.416,14.0,42.8,0.327,21.8,28.8,0.757,10.4,39.8,50.2,24.6,20.4,8.0,4.2,4.8,24.2,25.0,108.2,4.6,3.0,16.0,24.0,19.0,3.0,29.0,19.0,31.0,7.0,4.0,23.0,7.0,6.0,13.0,12.0,4.0,4.0,17.0,22.0,20.0,25.0,15.0,24.0,10.0,19.0,10.0,Pre Season,1610612742.0,5.0,2.0,3.0,0.4,240.0,98.7,101.7,96.7,97.9,2.0,3.8,0.68,1.21,16.7,0.297,0.811,0.547,0.192,0.497,0.543,108.4,106.1,88.42,532.0,0.518,3.0,16.0,24.0,19.0,4.0,17.0,11.0,10.0,6.0,21.0,21.0,7.0,1.0,2.0,23.0,21.0,19.0,18.0,14.0,Pre Season
denver nuggets,2019-20,1,1610612743.0,4.0,4.0,0.0,1.0,48.0,40.0,85.3,0.469,8.5,28.0,0.304,19.8,26.5,0.745,9.5,37.8,47.3,24.5,21.3,11.3,3.5,3.8,25.5,22.8,108.3,10.5,22.0,3.0,1.0,1.0,3.0,11.0,28.0,9.0,36.0,34.0,33.0,14.0,16.0,17.0,20.0,10.0,13.0,18.0,28.0,3.0,30.0,5.0,27.0,24.0,18.0,7.0,Pre Season,1610612743.0,4.0,4.0,0.0,1.0,192.0,99.6,100.7,90.2,91.8,9.4,8.9,0.613,1.15,16.9,0.269,0.779,0.534,0.198,0.519,0.559,108.5,107.0,89.17,430.0,0.562,22.0,3.0,1.0,1.0,23.0,22.0,3.0,7.0,22.0,24.0,16.0,15.0,6.0,4.0,27.0,14.0,14.0,16.0,5.0,Pre Season
detroit pistons,2019-20,1,1610612765.0,5.0,3.0,2.0,0.6,48.0,38.2,89.6,0.426,10.4,34.2,0.304,18.4,24.8,0.742,10.8,35.2,46.0,25.0,17.8,5.8,4.8,6.2,19.4,24.0,105.2,-5.4,3.0,7.0,13.0,9.0,3.0,21.0,10.0,25.0,25.0,19.0,32.0,22.0,20.0,19.0,11.0,22.0,19.0,15.0,7.0,36.0,20.0,33.0,4.0,16.0,22.0,27.0,Pre Season,1610612765.0,5.0,3.0,2.0,0.6,240.0,97.8,101.2,106.2,106.6,-8.4,-5.4,0.654,1.4,17.3,0.293,0.771,0.519,0.171,0.484,0.523,105.8,103.9,86.58,520.0,0.47,3.0,7.0,13.0,9.0,4.0,20.0,26.0,27.0,12.0,8.0,14.0,9.0,8.0,11.0,9.0,28.0,30.0,29.0,27.0,Pre Season
golden state warriors,2019-20,1,1610612744.0,5.0,2.0,3.0,0.4,48.0,37.6,91.2,0.412,12.8,38.8,0.33,23.8,28.0,0.85,12.8,33.8,46.6,22.0,18.8,11.0,6.4,4.8,27.0,25.6,111.8,-4.0,3.0,16.0,24.0,19.0,3.0,24.0,5.0,32.0,11.0,9.0,22.0,4.0,9.0,2.0,4.0,25.0,15.0,28.0,15.0,4.0,8.0,15.0,33.0,7.0,13.0,25.0,Pre Season,1610612744.0,5.0,2.0,3.0,0.4,240.0,102.1,103.7,104.3,106.8,-2.3,-3.1,0.585,1.17,15.0,0.297,0.673,0.48,0.174,0.482,0.54,110.2,108.1,90.08,539.0,0.476,3.0,16.0,24.0,19.0,4.0,13.0,28.0,25.0,26.0,23.0,29.0,6.0,34.0,27.0,13.0,31.0,20.0,12.0,26.0,Pre Season
houston rockets,2019-20,1,1610612745.0,5.0,3.0,2.0,0.6,48.0,40.2,91.4,0.44,17.8,53.4,0.333,24.6,33.0,0.745,12.0,33.4,45.4,22.8,19.8,10.8,5.6,5.2,26.6,27.6,122.8,2.4,3.0,7.0,13.0,9.0,3.0,10.0,4.0,18.0,1.0,1.0,21.0,2.0,2.0,16.0,5.0,27.0,22.0,25.0,18.0,5.0,12.0,21.0,32.0,2.0,2.0,14.0,Pre Season,1610612745.0,5.0,3.0,2.0,0.6,240.0,108.0,110.0,106.1,107.9,1.9,2.2,0.567,1.15,15.2,0.287,0.704,0.489,0.177,0.537,0.58,113.6,111.6,93.0,558.0,0.483,3.0,7.0,13.0,9.0,4.0,4.0,30.0,15.0,30.0,25.0,28.0,10.0,30.0,22.0,16.0,8.0,6.0,3.0,24.0,Pre Season
indiana pacers,2019-20,1,1610612754.0,4.0,3.0,1.0,0.75,49.3,43.5,92.8,0.469,12.5,31.3,0.4,20.0,24.8,0.808,10.0,39.5,49.5,28.8,22.8,8.0,6.8,5.8,24.3,24.8,119.5,8.8,22.0,7.0,5.0,7.0,1.0,4.0,3.0,10.0,14.0,27.0,1.0,10.0,22.0,8.0,17.0,5.0,8.0,1.0,36.0,20.0,5.0,27.0,25.0,15.0,4.0,8.0,Pre Season,1610612754.0,4.0,3.0,1.0,0.75,197.0,102.7,105.5,95.5,97.6,7.1,7.9,0.661,1.26,18.5,0.295,0.739,0.529,0.201,0.536,0.577,113.2,110.5,92.08,453.0,0.557,22.0,7.0,5.0,7.0,22.0,11.0,10.0,8.0,11.0,16.0,5.0,8.0,17.0,6.0,30.0,9.0,7.0,6.0,8.0,Pre Season
la clippers,2019-20,1,1610612746.0,5.0,2.0,3.0,0.4,48.0,38.8,88.6,0.438,9.6,34.4,0.279,16.6,26.2,0.634,8.6,33.0,41.6,27.4,18.6,8.8,4.0,3.0,25.8,25.8,103.8,2.0,3.0,16.0,24.0,19.0,3.0,18.0,17.0,19.0,34.0,18.0,37.0,27.0,17.0,37.0,26.0,29.0,30.0,4.0,13.0,16.0,27.0,1.0,29.0,5.0,26.0,16.0,Pre Season,1610612746.0,5.0,2.0,3.0,0.4,240.0,94.3,96.3,92.7,93.7,1.6,2.6,0.706,1.47,18.6,0.226,0.718,0.46,0.173,0.492,0.518,110.0,108.2,90.17,539.0,0.511,3.0,16.0,24.0,19.0,4.0,29.0,4.0,14.0,2.0,3.0,2.0,30.0,23.0,32.0,11.0,25.0,31.0,11.0,16.0,Pre Season
los angeles lakers,2019-20,1,1610612747.0,6.0,3.0,3.0,0.5,48.0,38.7,87.0,0.444,10.3,29.7,0.348,19.7,28.2,0.698,12.0,33.2,45.2,26.5,21.2,10.7,5.8,5.5,26.3,25.5,107.3,3.8,1.0,7.0,24.0,14.0,3.0,20.0,19.0,15.0,26.0,31.0,15.0,15.0,8.0,30.0,5.0,28.0,24.0,7.0,27.0,6.0,10.0,24.0,30.0,8.0,21.0,12.0,Pre Season,1610612747.0,6.0,3.0,3.0,0.5,288.0,98.9,102.1,96.7,98.6,2.2,3.5,0.685,1.25,17.8,0.328,0.698,0.513,0.201,0.504,0.54,107.8,105.08,87.57,631.0,0.523,1.0,7.0,24.0,14.0,1.0,15.0,13.0,12.0,5.0,18.0,11.0,2.0,31.0,12.0,31.0,17.0,21.0,23.0,12.0,Pre Season
memphis grizzlies,2019-20,1,1610612763.0,5.0,3.0,2.0,0.6,48.0,39.6,91.2,0.434,9.8,30.8,0.318,20.0,27.0,0.741,11.6,42.0,53.6,23.4,16.4,6.6,6.6,5.0,18.8,25.0,109.0,4.0,3.0,7.0,13.0,9.0,3.0,14.0,5.0,21.0,33.0,29.0,27.0,10.0,12.0,21.0,8.0,2.0,1.0,24.0,2.0,33.0,7.0,17.0,2.0,10.0,16.0,11.0,Pre Season,1610612763.0,5.0,3.0,2.0,0.6,240.0,101.0,101.5,96.3,98.3,4.7,3.2,0.591,1.43,16.2,0.251,0.799,0.524,0.153,0.488,0.529,108.4,107.1,89.25,537.0,0.543,3.0,7.0,13.0,9.0,4.0,18.0,12.0,13.0,24.0,6.0,24.0,22.0,3.0,9.0,2.0,26.0,26.0,14.0,9.0,Pre Season
miami heat,2019-20,1,1610612748.0,5.0,4.0,1.0,0.8,48.0,44.0,89.8,0.49,13.0,34.6,0.376,14.0,17.2,0.814,9.0,37.4,46.4,25.6,20.2,8.8,4.4,4.2,24.8,18.8,115.0,12.6,3.0,3.0,5.0,5.0,3.0,2.0,9.0,3.0,9.0,16.0,8.0,33.0,33.0,7.0,23.0,11.0,16.0,13.0,21.0,16.0,24.0,11.0,26.0,33.0,7.0,4.0,Pre Season,1610612748.0,5.0,4.0,1.0,0.8,240.0,105.9,108.1,96.4,97.2,9.5,10.9,0.582,1.27,17.7,0.277,0.798,0.546,0.19,0.562,0.591,107.4,105.9,88.25,532.0,0.56,3.0,3.0,5.0,5.0,4.0,7.0,8.0,6.0,28.0,15.0,12.0,12.0,4.0,3.0,20.0,4.0,4.0,19.0,6.0,Pre Season
milwaukee bucks,2019-20,1,1610612749.0,5.0,5.0,0.0,1.0,48.0,43.4,84.8,0.512,14.4,39.2,0.367,20.0,25.2,0.794,6.4,43.6,50.0,27.0,21.4,8.2,7.4,3.0,27.8,23.2,121.2,16.0,3.0,1.0,1.0,1.0,3.0,5.0,30.0,1.0,6.0,8.0,12.0,10.0,19.0,9.0,34.0,1.0,5.0,5.0,30.0,18.0,3.0,1.0,36.0,21.0,3.0,3.0,Pre Season,1610612749.0,5.0,5.0,0.0,1.0,240.0,109.3,108.8,93.3,95.1,16.0,13.7,0.622,1.26,18.5,0.182,0.742,0.511,0.192,0.597,0.632,111.8,111.0,92.5,557.0,0.617,3.0,1.0,1.0,1.0,4.0,6.0,5.0,3.0,20.0,17.0,4.0,35.0,16.0,14.0,24.0,1.0,1.0,4.0,3.0,Pre Season
minnesota timberwolves,2019-20,1,1610612750.0,5.0,2.0,3.0,0.4,48.0,41.8,97.4,0.429,12.6,41.8,0.301,18.8,24.6,0.764,13.4,36.6,50.0,26.0,19.6,9.2,5.6,7.4,19.0,22.8,115.0,-1.8,3.0,16.0,24.0,19.0,3.0,6.0,1.0,23.0,13.0,5.0,34.0,18.0,23.0,11.0,3.0,15.0,5.0,10.0,16.0,13.0,12.0,37.0,3.0,23.0,7.0,23.0,Pre Season,1610612750.0,5.0,2.0,3.0,0.4,240.0,100.5,101.8,103.1,103.7,-2.6,-2.0,0.622,1.33,16.7,0.298,0.779,0.52,0.173,0.494,0.531,113.8,112.8,94.0,565.0,0.487,3.0,16.0,24.0,19.0,4.0,16.0,22.0,23.0,21.0,11.0,22.0,5.0,7.0,10.0,12.0,23.0,24.0,2.0,23.0,Pre Season
new orleans pelicans,2019-20,1,1610612740.0,5.0,5.0,0.0,1.0,48.0,44.8,90.0,0.498,14.6,37.0,0.395,21.4,29.0,0.738,9.6,35.6,45.2,26.4,18.6,9.2,4.6,5.8,22.8,23.2,125.6,7.4,3.0,1.0,1.0,1.0,3.0,1.0,8.0,2.0,5.0,11.0,4.0,8.0,5.0,22.0,18.0,20.0,23.0,8.0,13.0,13.0,21.0,29.0,16.0,21.0,1.0,9.0,Pre Season,1610612740.0,5.0,5.0,0.0,1.0,240.0,112.4,114.2,105.4,106.7,6.9,7.5,0.589,1.42,17.8,0.251,0.759,0.508,0.169,0.579,0.611,111.9,110.4,92.0,550.0,0.532,3.0,1.0,1.0,1.0,4.0,1.0,27.0,9.0,25.0,7.0,10.0,21.0,10.0,15.0,6.0,2.0,2.0,7.0,11.0,Pre Season
new york knicks,2019-20,1,1610612752.0,4.0,1.0,3.0,0.25,48.0,36.5,86.8,0.421,11.3,33.0,0.341,19.5,27.0,0.722,9.5,39.0,48.5,22.8,17.5,6.3,6.8,4.8,23.8,23.3,103.8,-4.0,22.0,26.0,24.0,26.0,3.0,28.0,22.0,26.0,20.0,22.0,18.0,16.0,12.0,26.0,20.0,6.0,10.0,26.0,5.0,34.0,5.0,14.0,22.0,20.0,27.0,25.0,Pre Season,1610612752.0,4.0,1.0,3.0,0.25,192.0,97.3,98.8,100.0,103.1,-2.7,-4.3,0.623,1.3,16.2,0.239,0.745,0.499,0.167,0.486,0.526,107.2,104.75,87.29,420.0,0.49,22.0,26.0,24.0,26.0,23.0,25.0,19.0,26.0,18.0,14.0,25.0,27.0,15.0,20.0,5.0,27.0,29.0,25.0,22.0,Pre Season
oklahoma city thunder,2019-20,1,1610612760.0,4.0,2.0,2.0,0.5,48.0,38.8,85.3,0.455,10.3,32.3,0.318,16.8,23.8,0.705,7.8,38.3,46.0,19.5,17.3,8.0,4.0,5.0,21.0,23.8,104.5,-0.3,22.0,16.0,13.0,14.0,3.0,19.0,28.0,11.0,27.0,24.0,28.0,26.0,25.0,28.0,32.0,9.0,19.0,31.0,4.0,20.0,27.0,17.0,10.0,17.0,25.0,20.0,Pre Season,1610612760.0,4.0,2.0,2.0,0.5,192.0,99.3,100.7,98.4,99.8,0.9,1.0,0.503,1.13,14.7,0.186,0.725,0.467,0.166,0.515,0.546,105.8,104.38,86.98,415.0,0.499,22.0,16.0,13.0,14.0,23.0,21.0,15.0,17.0,35.0,26.0,31.0,34.0,21.0,30.0,4.0,15.0,18.0,27.0,18.0,Pre Season
orlando magic,2019-20,1,1610612753.0,6.0,3.0,3.0,0.5,48.0,37.3,89.2,0.419,10.0,31.7,0.316,16.0,23.7,0.676,11.8,33.8,45.7,24.0,18.2,12.7,6.8,4.2,21.3,21.0,100.7,0.5,1.0,7.0,24.0,14.0,3.0,26.0,12.0,28.0,30.0,26.0,30.0,30.0,26.0,32.0,7.0,24.0,21.0,21.0,11.0,1.0,4.0,10.0,12.0,30.0,29.0,17.0,Pre Season,1610612753.0,6.0,3.0,3.0,0.5,288.0,95.0,96.6,92.8,95.7,2.2,0.9,0.643,1.32,16.8,0.268,0.673,0.464,0.174,0.475,0.505,106.9,104.42,87.01,625.0,0.497,1.0,7.0,24.0,14.0,1.0,28.0,7.0,19.0,13.0,12.0,18.0,16.0,33.0,31.0,14.0,33.0,33.0,26.0,19.0,Pre Season
philadelphia 76ers,2019-20,1,1610612755.0,5.0,4.0,1.0,0.8,48.0,41.4,87.0,0.476,10.2,32.2,0.317,20.8,28.2,0.738,14.0,38.6,52.6,27.8,18.0,10.6,9.0,5.2,23.6,23.6,113.8,20.8,3.0,3.0,5.0,5.0,3.0,8.0,19.0,6.0,28.0,25.0,29.0,9.0,7.0,23.0,1.0,7.0,2.0,2.0,8.0,7.0,1.0,21.0,21.0,18.0,11.0,2.0,Pre Season,1610612755.0,5.0,4.0,1.0,0.8,240.0,110.0,111.8,88.5,91.7,21.5,20.1,0.671,1.54,19.0,0.347,0.747,0.554,0.177,0.534,0.572,104.2,101.6,84.67,509.0,0.641,3.0,3.0,5.0,5.0,4.0,2.0,2.0,2.0,9.0,2.0,1.0,1.0,12.0,1.0,15.0,11.0,10.0,34.0,2.0,Pre Season
phoenix suns,2019-20,1,1610612756.0,4.0,2.0,2.0,0.5,48.0,37.3,86.5,0.431,11.5,33.3,0.346,22.8,27.5,0.827,8.5,34.3,42.8,23.5,21.3,10.3,3.3,5.0,25.8,27.0,108.8,-0.3,22.0,16.0,13.0,14.0,3.0,27.0,23.0,22.0,17.0,20.0,16.0,5.0,10.0,5.0,27.0,23.0,28.0,23.0,28.0,8.0,32.0,17.0,28.0,3.0,17.0,20.0,Pre Season,1610612756.0,4.0,2.0,2.0,0.5,192.0,97.7,99.5,97.3,99.5,0.4,0.0,0.631,1.11,16.3,0.244,0.706,0.474,0.195,0.497,0.551,111.7,109.38,91.15,437.0,0.505,22.0,16.0,13.0,14.0,23.0,23.0,14.0,20.0,15.0,28.0,23.0,26.0,29.0,29.0,26.0,20.0,15.0,9.0,17.0,Pre Season
portland trail blazers,2019-20,1,1610612757.0,5.0,2.0,3.0,0.4,48.0,39.8,83.8,0.475,10.2,27.2,0.375,19.4,26.8,0.724,10.2,38.6,48.8,22.0,19.8,7.2,5.4,4.2,22.4,23.4,109.2,2.2,3.0,16.0,24.0,19.0,3.0,12.0,33.0,7.0,28.0,36.0,10.0,17.0,14.0,25.0,15.0,7.0,9.0,28.0,18.0,31.0,15.0,11.0,14.0,19.0,15.0,15.0,Pre Season,1610612757.0,5.0,2.0,3.0,0.4,240.0,103.8,104.8,101.5,103.3,2.3,1.5,0.553,1.11,15.9,0.263,0.765,0.525,0.19,0.536,0.571,105.3,103.9,86.58,521.0,0.522,3.0,16.0,24.0,19.0,4.0,12.0,20.0,16.0,31.0,27.0,27.0,18.0,9.0,8.0,21.0,10.0,11.0,29.0,13.0,Pre Season
sacramento kings,2019-20,1,1610612758.0,5.0,3.0,2.0,0.6,49.0,40.8,90.4,0.451,13.0,34.6,0.376,24.2,31.6,0.766,9.0,33.6,42.6,25.4,20.4,10.0,5.2,5.0,29.2,26.4,118.8,3.8,3.0,7.0,13.0,9.0,2.0,9.0,7.0,12.0,9.0,16.0,8.0,3.0,3.0,10.0,23.0,26.0,29.0,14.0,22.0,11.0,17.0,17.0,37.0,4.0,5.0,13.0,Pre Season,1610612758.0,5.0,3.0,2.0,0.6,245.0,102.7,106.5,101.0,102.9,1.7,3.6,0.623,1.25,16.8,0.267,0.718,0.488,0.183,0.523,0.569,112.5,109.42,91.18,558.0,0.492,3.0,7.0,13.0,9.0,3.0,10.0,18.0,11.0,19.0,19.0,19.0,17.0,24.0,23.0,17.0,12.0,12.0,8.0,20.0,Pre Season
san antonio spurs,2019-20,1,1610612759.0,5.0,2.0,3.0,0.4,48.0,38.0,85.4,0.445,9.0,22.6,0.398,19.8,26.6,0.744,7.8,36.4,44.2,24.4,18.0,8.2,4.6,5.4,20.6,21.6,104.8,-7.2,3.0,16.0,24.0,19.0,3.0,22.0,27.0,14.0,35.0,37.0,2.0,13.0,15.0,18.0,31.0,18.0,26.0,19.0,8.0,18.0,21.0,23.0,8.0,27.0,24.0,28.0,Pre Season,1610612759.0,5.0,2.0,3.0,0.4,240.0,97.7,99.2,104.3,105.7,-6.7,-6.4,0.642,1.36,17.4,0.206,0.747,0.481,0.17,0.498,0.54,107.3,105.8,88.17,528.0,0.469,3.0,16.0,24.0,19.0,4.0,24.0,23.0,28.0,14.0,9.0,13.0,32.0,13.0,25.0,8.0,19.0,22.0,20.0,28.0,Pre Season
toronto raptors,2019-20,1,1610612761.0,4.0,2.0,2.0,0.5,48.0,39.3,89.0,0.441,14.0,36.3,0.386,22.3,30.0,0.742,10.3,40.5,50.8,27.5,21.0,12.0,5.0,7.5,23.5,25.0,114.8,0.0,22.0,16.0,13.0,14.0,3.0,17.0,13.0,17.0,7.0,12.0,5.0,6.0,4.0,20.0,13.0,3.0,3.0,3.0,25.0,2.0,18.0,38.0,20.0,10.0,9.0,19.0,Pre Season,1610612761.0,4.0,2.0,2.0,0.5,192.0,101.6,103.1,101.5,103.6,0.1,-0.5,0.701,1.31,18.0,0.276,0.725,0.513,0.189,0.52,0.561,113.0,111.0,92.5,445.0,0.535,22.0,16.0,13.0,14.0,23.0,14.0,21.0,21.0,3.0,13.0,8.0,13.0,22.0,13.0,19.0,13.0,13.0,4.0,10.0,Pre Season
utah jazz,2019-20,1,1610612762.0,5.0,1.0,4.0,0.2,48.0,43.6,89.0,0.49,12.4,35.2,0.352,18.8,24.8,0.758,9.4,36.8,46.2,26.0,18.2,6.0,3.2,5.6,20.6,24.8,118.4,-0.8,3.0,26.0,36.0,28.0,3.0,3.0,13.0,4.0,16.0,14.0,14.0,18.0,20.0,12.0,22.0,14.0,17.0,10.0,12.0,35.0,34.0,25.0,8.0,13.0,6.0,22.0,Pre Season,1610612762.0,5.0,1.0,4.0,0.2,240.0,108.9,110.4,108.9,111.4,0.0,-1.0,0.596,1.43,18.0,0.252,0.81,0.529,0.17,0.56,0.593,109.1,107.1,89.25,536.0,0.513,3.0,26.0,36.0,28.0,4.0,3.0,31.0,22.0,23.0,5.0,9.0,19.0,2.0,5.0,7.0,5.0,3.0,14.0,15.0,Pre Season
washington wizards,2019-20,1,1610612764.0,5.0,3.0,2.0,0.6,48.0,39.6,88.6,0.447,17.6,44.6,0.395,17.4,24.4,0.713,9.0,35.6,44.6,26.4,15.6,7.6,4.0,4.0,23.4,25.8,114.2,12.4,3.0,7.0,13.0,9.0,3.0,14.0,17.0,13.0,2.0,2.0,3.0,24.0,24.0,27.0,23.0,20.0,25.0,8.0,1.0,25.0,27.0,6.0,19.0,5.0,10.0,5.0,Pre Season,1610612764.0,5.0,3.0,2.0,0.6,240.0,107.8,109.8,97.1,97.5,10.7,12.3,0.667,1.69,18.5,0.232,0.783,0.5,0.15,0.546,0.575,105.4,104.2,86.83,520.0,0.559,3.0,7.0,13.0,9.0,4.0,5.0,9.0,4.0,10.0,1.0,3.0,29.0,5.0,18.0,1.0,7.0,9.0,28.0,7.0,Pre Season
atlanta hawks,2019-20,2,1610612737.0,15.0,2.0,13.0,0.133,48.7,40.1,89.7,0.447,10.5,32.8,0.319,18.6,24.4,0.762,10.2,31.3,41.5,23.1,18.0,8.5,4.6,7.6,24.0,22.1,109.2,-14.8,6.0,30.0,29.0,30.0,3.0,18.0,12.0,21.0,25.0,17.0,29.0,12.0,7.0,18.0,15.0,29.0,26.0,24.0,29.0,5.0,20.0,29.0,29.0,6.0,19.0,30.0,Regular Season,1610612737.0,15.0,2.0,13.0,0.133,730.0,100.9,104.5,116.1,118.5,-15.3,-13.9,0.577,1.29,16.2,0.294,0.698,0.489,0.172,0.505,0.543,106.1,103.13,85.95,1567.0,0.423,6.0,30.0,29.0,30.0,6.0,26.0,30.0,30.0,22.0,30.0,25.0,3.0,28.0,22.0,29.0,24.0,23.0,8.0,30.0,Regular Season
boston celtics,2019-20,2,1610612738.0,14.0,10.0,4.0,0.714,48.4,40.2,89.3,0.45,11.5,33.8,0.34,18.9,22.7,0.833,10.4,36.2,46.6,24.1,13.8,9.4,5.6,6.2,20.2,20.7,110.9,6.0,14.0,4.0,5.0,6.0,7.0,16.0,15.0,18.0,18.0,15.0,25.0,8.0,16.0,1.0,13.0,9.0,8.0,17.0,6.0,2.0,8.0,26.0,13.0,14.0,13.0,9.0,Regular Season,1610612738.0,14.0,10.0,4.0,0.714,677.0,108.0,110.1,102.4,104.0,5.6,6.1,0.599,1.75,17.4,0.269,0.715,0.498,0.137,0.515,0.558,101.8,100.04,83.37,1410.0,0.541,14.0,4.0,5.0,6.0,15.0,11.0,6.0,9.0,15.0,10.0,17.0,16.0,21.0,16.0,7.0,20.0,15.0,18.0,7.0,Regular Season
brooklyn nets,2019-20,2,1610612751.0,15.0,9.0,6.0,0.6,48.0,40.1,89.5,0.448,12.9,38.0,0.34,17.5,23.1,0.755,9.9,35.9,45.8,24.2,15.3,6.9,5.2,4.9,21.7,20.8,110.5,-1.2,6.0,10.0,12.0,13.0,15.0,18.0,14.0,20.0,8.0,5.0,26.0,15.0,13.0,19.0,21.0,10.0,11.0,15.0,20.0,23.0,12.0,18.0,21.0,13.0,15.0,16.0,Regular Season,1610612751.0,15.0,9.0,6.0,0.6,720.0,105.2,107.7,105.7,109.0,-0.5,-1.3,0.604,1.59,17.2,0.276,0.706,0.497,0.149,0.52,0.555,105.4,102.53,85.44,1539.0,0.5,6.0,10.0,12.0,13.0,10.0,19.0,17.0,17.0,13.0,18.0,19.0,12.0,27.0,18.0,20.0,17.0,20.0,10.0,13.0,Regular Season
charlotte hornets,2019-20,2,1610612766.0,16.0,6.0,10.0,0.375,48.3,38.4,87.0,0.441,12.2,35.3,0.346,15.8,21.5,0.733,10.4,30.5,40.9,23.3,14.4,7.1,4.1,3.6,18.6,20.6,104.7,-8.3,1.0,16.0,21.0,19.0,12.0,25.0,23.0,24.0,16.0,9.0,22.0,24.0,21.0,25.0,12.0,30.0,29.0,22.0,12.0,22.0,25.0,3.0,3.0,16.0,27.0,27.0,Regular Season,1610612766.0,16.0,6.0,10.0,0.375,773.0,104.3,106.1,112.0,114.5,-7.7,-8.4,0.607,1.62,17.3,0.262,0.715,0.477,0.146,0.511,0.543,100.0,98.02,81.68,1579.0,0.442,1.0,16.0,21.0,19.0,1.0,24.0,28.0,27.0,12.0,15.0,18.0,22.0,22.0,29.0,14.0,23.0,24.0,27.0,28.0,Regular Season
chicago bulls,2019-20,2,1610612741.0,15.0,5.0,10.0,0.333,48.0,38.3,89.7,0.428,12.5,35.0,0.358,17.0,23.2,0.733,10.9,34.0,44.9,23.7,16.5,9.9,3.7,6.9,23.4,21.2,106.2,-3.7,6.0,18.0,21.0,22.0,15.0,26.0,13.0,30.0,12.0,11.0,17.0,18.0,12.0,24.0,8.0,19.0,17.0,21.0,28.0,1.0,29.0,28.0,28.0,12.0,25.0,22.0,Regular Season,1610612741.0,15.0,5.0,10.0,0.333,720.0,100.6,102.8,104.8,106.3,-4.2,-3.5,0.617,1.43,16.8,0.267,0.739,0.492,0.16,0.497,0.532,105.2,103.33,86.11,1550.0,0.461,6.0,18.0,21.0,22.0,10.0,30.0,11.0,22.0,11.0,24.0,20.0,18.0,9.0,21.0,27.0,26.0,28.0,7.0,26.0,Regular Season
cleveland cavaliers,2019-20,2,1610612739.0,15.0,3.0,12.0,0.2,48.0,37.6,87.3,0.431,11.1,32.0,0.348,18.0,22.7,0.792,10.1,32.9,43.1,20.3,14.8,7.9,2.5,7.7,17.9,21.4,104.3,-8.7,6.0,27.0,27.0,28.0,15.0,28.0,21.0,28.0,23.0,19.0,21.0,13.0,15.0,9.0,16.0,22.0,22.0,29.0,15.0,12.0,30.0,30.0,1.0,11.0,28.0,29.0,Regular Season,1610612739.0,15.0,3.0,12.0,0.2,720.0,102.3,104.8,112.0,113.9,-9.7,-9.1,0.539,1.37,15.2,0.273,0.714,0.486,0.149,0.494,0.536,101.5,99.4,82.83,1493.0,0.445,6.0,27.0,27.0,28.0,10.0,25.0,26.0,29.0,28.0,28.0,29.0,14.0,23.0,23.0,19.0,27.0,27.0,22.0,27.0,Regular Season
dallas mavericks,2019-20,2,1610612742.0,14.0,9.0,5.0,0.643,48.4,42.1,90.6,0.465,14.9,39.7,0.376,19.7,25.1,0.786,11.0,37.1,48.1,24.6,13.2,6.4,4.4,4.1,20.1,22.3,118.9,8.7,14.0,10.0,9.0,10.0,7.0,7.0,8.0,10.0,2.0,2.0,7.0,4.0,6.0,11.0,6.0,5.0,5.0,12.0,3.0,27.0,23.0,8.0,12.0,5.0,2.0,2.0,Regular Season,1610612742.0,14.0,9.0,5.0,0.643,677.0,114.6,117.4,107.8,108.8,6.7,8.6,0.585,1.86,17.5,0.291,0.735,0.518,0.13,0.548,0.585,102.2,100.54,83.78,1418.0,0.541,14.0,10.0,9.0,10.0,15.0,1.0,16.0,2.0,20.0,5.0,15.0,4.0,12.0,6.0,3.0,4.0,3.0,15.0,8.0,Regular Season
denver nuggets,2019-20,2,1610612743.0,12.0,10.0,2.0,0.833,48.8,41.4,90.9,0.456,10.3,29.1,0.355,13.8,19.9,0.695,11.3,37.1,48.4,27.3,14.0,8.2,5.1,4.8,19.8,20.3,107.0,7.2,30.0,4.0,3.0,3.0,1.0,9.0,7.0,15.0,26.0,27.0,19.0,29.0,26.0,29.0,4.0,4.0,4.0,4.0,10.0,9.0,13.0,12.0,9.0,17.0,22.0,6.0,Regular Season,1610612743.0,12.0,10.0,2.0,0.833,586.0,104.5,107.2,97.9,99.8,6.7,7.4,0.66,1.95,19.3,0.284,0.745,0.513,0.14,0.512,0.537,100.4,98.25,81.88,1198.0,0.544,30.0,4.0,3.0,3.0,30.0,23.0,1.0,5.0,2.0,3.0,3.0,5.0,7.0,7.0,10.0,22.0,26.0,26.0,5.0,Regular Season
detroit pistons,2019-20,2,1610612765.0,14.0,4.0,10.0,0.286,48.0,38.7,83.9,0.461,12.5,32.9,0.38,16.6,22.4,0.744,9.6,32.8,42.4,25.1,15.9,6.9,5.6,5.1,20.0,20.2,106.6,-1.4,14.0,24.0,21.0,24.0,15.0,23.0,29.0,12.0,13.0,16.0,4.0,19.0,18.0,22.0,23.0,23.0,24.0,10.0,24.0,24.0,9.0,19.0,10.0,18.0,23.0,17.0,Regular Season,1610612765.0,14.0,4.0,10.0,0.286,672.0,106.5,109.3,107.8,110.8,-1.2,-1.5,0.649,1.58,18.5,0.279,0.712,0.499,0.163,0.536,0.568,100.1,97.5,81.25,1365.0,0.494,14.0,24.0,21.0,24.0,18.0,13.0,19.0,18.0,5.0,19.0,9.0,10.0,25.0,15.0,28.0,10.0,10.0,28.0,18.0,Regular Season
golden state warriors,2019-20,2,1610612744.0,16.0,3.0,13.0,0.188,48.3,38.4,88.0,0.437,9.5,28.3,0.336,19.1,23.0,0.832,9.2,33.5,42.7,24.1,13.8,7.6,5.0,5.8,19.3,20.0,105.5,-8.4,1.0,27.0,29.0,29.0,12.0,24.0,19.0,26.0,29.0,28.0,27.0,6.0,14.0,2.0,26.0,21.0,23.0,16.0,7.0,19.0,15.0,22.0,5.0,20.0,26.0,28.0,Regular Season,1610612744.0,16.0,3.0,13.0,0.188,773.0,102.7,104.5,110.8,113.4,-8.2,-8.9,0.628,1.75,17.5,0.262,0.708,0.482,0.137,0.491,0.538,102.1,100.1,83.42,1616.0,0.471,1.0,27.0,29.0,29.0,1.0,28.0,24.0,28.0,10.0,9.0,16.0,24.0,26.0,26.0,6.0,29.0,25.0,17.0,24.0,Regular Season
houston rockets,2019-20,2,1610612745.0,15.0,10.0,5.0,0.667,48.0,40.2,89.0,0.452,15.7,45.2,0.348,22.1,28.7,0.768,10.7,36.8,47.5,20.3,15.4,8.8,4.5,4.2,21.9,21.9,118.2,7.2,6.0,4.0,9.0,9.0,15.0,17.0,16.0,17.0,1.0,1.0,20.0,1.0,1.0,17.0,10.0,7.0,6.0,29.0,22.0,4.0,22.0,9.0,22.0,9.0,4.0,5.0,Regular Season,1610612745.0,15.0,10.0,5.0,0.667,720.0,111.2,112.7,104.0,106.1,7.2,6.7,0.504,1.32,14.6,0.265,0.732,0.501,0.147,0.54,0.581,106.5,104.77,87.31,1573.0,0.516,6.0,4.0,9.0,9.0,10.0,3.0,10.0,7.0,29.0,29.0,30.0,21.0,14.0,13.0,18.0,6.0,4.0,3.0,11.0,Regular Season
indiana pacers,2019-20,2,1610612754.0,15.0,11.0,4.0,0.733,48.7,43.3,90.5,0.478,9.6,26.5,0.362,14.7,18.1,0.812,10.1,36.5,46.5,24.9,14.8,6.6,5.8,4.5,20.1,19.2,110.8,7.1,6.0,3.0,5.0,5.0,3.0,4.0,9.0,4.0,28.0,29.0,16.0,28.0,29.0,5.0,19.0,8.0,9.0,11.0,15.0,26.0,7.0,10.0,11.0,28.0,14.0,7.0,Regular Season,1610612754.0,15.0,11.0,4.0,0.733,730.0,107.4,109.5,100.1,102.3,7.3,7.2,0.575,1.68,17.9,0.28,0.761,0.528,0.146,0.531,0.563,102.0,99.88,83.23,1518.0,0.545,6.0,3.0,5.0,5.0,6.0,12.0,4.0,6.0,23.0,14.0,11.0,9.0,3.0,4.0,15.0,14.0,13.0,20.0,4.0,Regular Season
la clippers,2019-20,2,1610612746.0,14.0,10.0,4.0,0.714,48.4,40.7,92.5,0.44,11.6,34.0,0.342,20.4,26.1,0.784,13.3,38.6,51.9,23.9,16.4,7.6,6.1,5.5,23.1,23.6,113.5,6.9,14.0,4.0,5.0,6.0,7.0,14.0,4.0,25.0,17.0,14.0,24.0,2.0,3.0,13.0,1.0,2.0,2.0,18.0,26.0,18.0,5.0,20.0,27.0,2.0,9.0,8.0,Regular Season,1610612746.0,14.0,10.0,4.0,0.714,677.0,106.0,108.5,101.3,102.1,4.7,6.4,0.586,1.46,16.4,0.322,0.742,0.533,0.156,0.503,0.546,105.3,103.69,86.41,1464.0,0.541,14.0,4.0,5.0,6.0,15.0,17.0,3.0,8.0,19.0,22.0,24.0,1.0,8.0,1.0,24.0,25.0,22.0,6.0,6.0,Regular Season
los angeles lakers,2019-20,2,1610612747.0,15.0,14.0,1.0,0.933,48.3,43.6,88.9,0.49,11.3,30.5,0.369,15.3,21.1,0.728,9.9,34.6,44.5,27.5,15.1,8.5,7.3,3.4,19.8,19.9,113.8,8.7,6.0,2.0,1.0,2.0,10.0,3.0,17.0,1.0,21.0,22.0,11.0,26.0,25.0,27.0,20.0,16.0,19.0,2.0,18.0,5.0,1.0,2.0,8.0,22.0,8.0,3.0,Regular Season,1610612747.0,15.0,14.0,1.0,0.933,725.0,110.1,112.5,100.9,104.6,9.2,7.9,0.63,1.82,19.3,0.28,0.723,0.507,0.149,0.554,0.579,103.0,100.17,83.48,1518.0,0.555,6.0,2.0,1.0,2.0,8.0,4.0,7.0,4.0,9.0,7.0,2.0,8.0,19.0,9.0,21.0,3.0,7.0,16.0,2.0,Regular Season
memphis grizzlies,2019-20,2,1610612763.0,14.0,4.0,10.0,0.286,48.0,42.4,90.3,0.469,11.3,30.1,0.375,13.5,17.9,0.753,10.1,35.0,45.1,27.4,16.1,7.1,5.0,6.1,20.6,17.9,109.5,-7.2,14.0,24.0,21.0,24.0,15.0,5.0,10.0,8.0,20.0,24.0,8.0,30.0,30.0,21.0,18.0,14.0,13.0,3.0,25.0,21.0,15.0,25.0,16.0,30.0,18.0,25.0,Regular Season,1610612763.0,14.0,4.0,10.0,0.286,672.0,105.1,107.3,111.0,113.8,-5.9,-6.5,0.646,1.7,19.2,0.265,0.724,0.498,0.157,0.532,0.558,104.7,102.32,85.27,1429.0,0.476,14.0,24.0,21.0,24.0,18.0,21.0,25.0,25.0,7.0,12.0,4.0,20.0,18.0,17.0,26.0,13.0,16.0,11.0,23.0,Regular Season
miami heat,2019-20,2,1610612748.0,13.0,9.0,4.0,0.692,48.0,39.3,80.5,0.488,12.5,31.6,0.394,18.8,24.2,0.778,8.3,34.8,43.2,25.8,18.2,9.3,3.9,3.2,20.7,22.5,109.9,5.8,24.0,10.0,5.0,8.0,15.0,21.0,30.0,2.0,14.0,20.0,2.0,10.0,8.0,14.0,29.0,15.0,21.0,7.0,30.0,3.0,26.0,1.0,17.0,3.0,16.0,10.0,Regular Season,1610612748.0,13.0,9.0,4.0,0.692,624.0,108.8,110.7,102.6,105.0,6.2,5.6,0.656,1.42,18.8,0.28,0.755,0.532,0.183,0.565,0.603,101.3,99.23,82.69,1291.0,0.549,24.0,10.0,5.0,8.0,26.0,9.0,8.0,10.0,3.0,26.0,7.0,7.0,5.0,2.0,30.0,1.0,1.0,23.0,3.0,Regular Season
milwaukee bucks,2019-20,2,1610612749.0,16.0,15.0,1.0,0.938,48.0,44.1,91.4,0.482,13.5,39.1,0.345,18.9,26.0,0.726,11.1,40.9,52.0,25.3,15.0,7.7,6.3,4.0,19.5,22.4,120.5,13.1,1.0,1.0,1.0,1.0,15.0,2.0,5.0,3.0,5.0,4.0,23.0,9.0,4.0,28.0,5.0,1.0,1.0,9.0,17.0,16.0,4.0,6.0,7.0,4.0,1.0,1.0,Regular Season,1610612749.0,16.0,15.0,1.0,0.938,768.0,112.9,114.3,100.0,101.7,12.9,12.6,0.574,1.69,17.6,0.262,0.762,0.524,0.142,0.556,0.586,107.1,105.56,87.97,1687.0,0.575,1.0,1.0,1.0,1.0,4.0,2.0,2.0,1.0,24.0,13.0,14.0,23.0,2.0,5.0,12.0,2.0,2.0,2.0,1.0,Regular Season
minnesota timberwolves,2019-20,2,1610612750.0,14.0,7.0,7.0,0.5,48.7,41.1,92.7,0.443,13.1,39.4,0.332,18.6,25.1,0.741,11.0,37.9,48.9,24.2,15.4,7.6,7.3,4.9,22.4,21.8,113.9,-1.0,14.0,15.0,15.0,15.0,2.0,11.0,3.0,23.0,7.0,3.0,28.0,11.0,5.0,23.0,6.0,3.0,3.0,14.0,21.0,17.0,2.0,17.0,25.0,10.0,7.0,14.0,Regular Season,1610612750.0,14.0,7.0,7.0,0.5,682.0,105.3,107.3,105.8,108.1,-0.5,-0.9,0.59,1.58,16.7,0.271,0.731,0.503,0.145,0.513,0.549,106.7,104.62,87.18,1486.0,0.498,14.0,15.0,15.0,15.0,14.0,22.0,15.0,15.0,18.0,20.0,21.0,15.0,15.0,11.0,13.0,21.0,21.0,4.0,14.0,Regular Season
new orleans pelicans,2019-20,2,1610612740.0,14.0,5.0,9.0,0.357,48.0,41.1,91.4,0.45,14.4,37.8,0.38,16.2,22.2,0.73,11.6,33.7,45.4,23.3,16.4,8.3,4.8,4.8,22.3,20.2,112.9,-5.0,14.0,18.0,19.0,20.0,15.0,10.0,6.0,19.0,4.0,6.0,3.0,21.0,19.0,26.0,3.0,20.0,12.0,23.0,26.0,8.0,19.0,14.0,23.0,18.0,10.0,24.0,Regular Season,1610612740.0,14.0,5.0,9.0,0.357,672.0,106.6,108.1,110.6,113.2,-4.1,-5.2,0.566,1.42,16.4,0.281,0.737,0.5,0.157,0.529,0.558,106.2,104.25,86.87,1462.0,0.464,14.0,18.0,19.0,20.0,18.0,18.0,23.0,24.0,25.0,25.0,23.0,6.0,10.0,14.0,25.0,15.0,17.0,5.0,25.0,Regular Season
new york knicks,2019-20,2,1610612752.0,14.0,3.0,11.0,0.214,48.0,37.2,86.9,0.428,11.4,29.9,0.379,15.9,23.7,0.672,12.2,31.9,44.1,20.7,14.3,8.0,4.2,3.9,24.1,19.6,101.7,-7.6,14.0,27.0,26.0,27.0,15.0,30.0,24.0,29.0,19.0,25.0,5.0,23.0,10.0,30.0,2.0,27.0,20.0,28.0,11.0,11.0,24.0,4.0,30.0,26.0,30.0,26.0,Regular Season,1610612752.0,14.0,3.0,11.0,0.214,672.0,102.3,104.5,110.2,112.2,-7.9,-7.7,0.557,1.45,15.5,0.298,0.737,0.503,0.147,0.493,0.522,99.3,97.39,81.16,1363.0,0.438,14.0,27.0,26.0,27.0,18.0,27.0,20.0,26.0,26.0,23.0,27.0,2.0,11.0,10.0,17.0,28.0,30.0,29.0,29.0,Regular Season
oklahoma city thunder,2019-20,2,1610612760.0,13.0,6.0,7.0,0.462,48.4,39.6,84.2,0.47,11.2,30.7,0.366,19.1,23.4,0.816,7.1,32.2,39.2,23.7,13.4,7.9,5.1,4.6,19.3,22.1,109.5,-1.8,24.0,16.0,15.0,16.0,5.0,20.0,28.0,7.0,22.0,21.0,13.0,7.0,11.0,4.0,30.0,26.0,30.0,19.0,4.0,13.0,14.0,11.0,6.0,7.0,17.0,19.0,Regular Season,1610612760.0,13.0,6.0,7.0,0.462,629.0,108.6,108.9,109.5,110.6,-0.9,-1.8,0.598,1.77,17.8,0.195,0.713,0.459,0.133,0.537,0.579,100.4,99.82,83.18,1308.0,0.497,24.0,16.0,15.0,16.0,24.0,15.0,18.0,19.0,16.0,8.0,12.0,30.0,24.0,30.0,4.0,9.0,6.0,21.0,16.0,Regular Season
orlando magic,2019-20,2,1610612753.0,14.0,5.0,9.0,0.357,48.0,37.6,87.1,0.432,9.6,30.4,0.318,17.8,22.6,0.785,10.6,34.3,44.9,22.4,13.9,8.4,6.9,4.0,19.0,19.8,102.6,-2.1,14.0,18.0,19.0,20.0,15.0,29.0,22.0,27.0,27.0,23.0,30.0,14.0,17.0,12.0,11.0,18.0,16.0,25.0,8.0,7.0,3.0,6.0,4.0,25.0,29.0,20.0,Regular Season,1610612753.0,14.0,5.0,9.0,0.357,672.0,102.3,104.1,105.0,106.8,-2.7,-2.7,0.595,1.61,16.6,0.277,0.753,0.507,0.141,0.487,0.529,100.0,98.32,81.93,1380.0,0.493,14.0,18.0,19.0,20.0,18.0,29.0,12.0,20.0,17.0,16.0,22.0,11.0,6.0,8.0,11.0,30.0,29.0,25.0,19.0,Regular Season
philadelphia 76ers,2019-20,2,1610612755.0,16.0,10.0,6.0,0.625,48.3,40.8,85.9,0.474,10.6,29.1,0.363,16.1,21.4,0.754,9.4,35.7,45.1,26.5,15.5,8.1,5.6,3.9,21.3,20.6,108.2,3.1,1.0,4.0,12.0,11.0,12.0,13.0,25.0,6.0,24.0,26.0,15.0,22.0,23.0,20.0,25.0,12.0,14.0,6.0,23.0,10.0,10.0,5.0,19.0,15.0,21.0,11.0,Regular Season,1610612755.0,16.0,10.0,6.0,0.625,773.0,106.6,108.8,104.7,105.6,1.9,3.2,0.65,1.71,19.1,0.275,0.785,0.529,0.156,0.536,0.567,100.3,98.86,82.38,1591.0,0.536,1.0,4.0,12.0,11.0,1.0,16.0,9.0,11.0,4.0,11.0,6.0,13.0,1.0,3.0,23.0,11.0,11.0,24.0,10.0,Regular Season
phoenix suns,2019-20,2,1610612756.0,13.0,5.0,8.0,0.385,48.0,40.9,88.1,0.465,13.2,35.5,0.37,19.5,24.1,0.808,8.5,32.5,41.0,27.1,13.8,6.7,3.8,4.9,20.7,23.9,114.5,-1.1,24.0,18.0,17.0,17.0,15.0,12.0,18.0,11.0,6.0,8.0,10.0,5.0,9.0,7.0,28.0,24.0,28.0,5.0,5.0,25.0,27.0,16.0,17.0,1.0,6.0,15.0,Regular Season,1610612756.0,13.0,5.0,8.0,0.385,624.0,110.1,111.6,110.5,112.4,-0.4,-0.8,0.662,1.97,19.2,0.234,0.726,0.477,0.134,0.539,0.58,104.3,102.65,85.54,1333.0,0.497,24.0,18.0,17.0,17.0,26.0,8.0,21.0,14.0,1.0,2.0,5.0,29.0,17.0,28.0,5.0,8.0,5.0,9.0,15.0,Regular Season
portland trail blazers,2019-20,2,1610612757.0,15.0,5.0,10.0,0.333,48.3,42.1,93.3,0.452,12.9,35.1,0.368,17.3,21.3,0.809,10.8,35.9,46.7,20.8,13.1,5.5,6.1,6.0,22.4,20.0,114.5,-1.7,6.0,18.0,21.0,22.0,10.0,8.0,2.0,16.0,8.0,10.0,12.0,16.0,24.0,6.0,9.0,11.0,7.0,27.0,2.0,30.0,6.0,23.0,24.0,20.0,5.0,18.0,Regular Season,1610612757.0,15.0,5.0,10.0,0.333,725.0,109.1,111.7,109.5,113.0,-0.4,-1.3,0.494,1.59,15.2,0.267,0.695,0.485,0.128,0.521,0.558,104.7,101.93,84.94,1537.0,0.477,6.0,18.0,21.0,22.0,8.0,6.0,22.0,16.0,30.0,17.0,28.0,19.0,29.0,25.0,2.0,16.0,18.0,12.0,21.0,Regular Season
sacramento kings,2019-20,2,1610612758.0,13.0,8.0,5.0,0.615,48.4,39.3,85.6,0.459,12.7,34.7,0.366,15.1,19.2,0.787,9.5,32.4,41.8,23.7,15.2,7.8,4.8,4.8,22.5,18.5,106.4,1.9,24.0,13.0,9.0,12.0,5.0,21.0,26.0,13.0,10.0,12.0,14.0,27.0,27.0,10.0,24.0,25.0,25.0,19.0,19.0,14.0,18.0,13.0,26.0,29.0,24.0,12.0,Regular Season,1610612758.0,13.0,8.0,5.0,0.615,629.0,106.7,109.1,105.7,106.8,1.0,2.2,0.603,1.56,17.7,0.268,0.732,0.496,0.155,0.533,0.566,98.5,96.88,80.73,1268.0,0.496,24.0,13.0,9.0,12.0,24.0,14.0,13.0,12.0,14.0,21.0,13.0,17.0,13.0,20.0,22.0,12.0,12.0,30.0,17.0,Regular Season
san antonio spurs,2019-20,2,1610612759.0,16.0,4.0,12.0,0.25,48.0,42.2,90.3,0.467,9.4,26.3,0.356,17.3,21.8,0.793,10.4,34.4,44.8,24.6,12.8,6.1,5.3,4.9,18.6,19.8,111.0,-4.0,1.0,24.0,27.0,26.0,15.0,6.0,11.0,9.0,30.0,30.0,18.0,17.0,20.0,8.0,14.0,17.0,18.0,13.0,1.0,28.0,11.0,15.0,2.0,24.0,12.0,23.0,Regular Season,1610612759.0,16.0,4.0,12.0,0.25,768.0,108.6,110.5,112.8,114.1,-4.1,-3.6,0.584,1.93,17.9,0.253,0.759,0.502,0.127,0.519,0.556,102.1,100.59,83.83,1607.0,0.482,1.0,24.0,27.0,26.0,4.0,10.0,27.0,23.0,21.0,4.0,10.0,27.0,4.0,12.0,1.0,18.0,19.0,14.0,20.0,Regular Season
toronto raptors,2019-20,2,1610612761.0,13.0,10.0,3.0,0.769,48.0,40.3,88.0,0.458,14.4,35.9,0.4,16.5,21.4,0.77,9.7,35.3,45.0,25.6,13.9,7.7,5.0,6.6,20.4,19.8,111.5,8.2,24.0,4.0,4.0,4.0,15.0,15.0,19.0,14.0,3.0,7.0,1.0,20.0,22.0,16.0,22.0,13.0,15.0,8.0,9.0,15.0,15.0,27.0,15.0,23.0,11.0,4.0,Regular Season,1610612761.0,13.0,10.0,3.0,0.769,624.0,109.7,111.6,100.3,103.4,9.3,8.2,0.635,1.84,18.6,0.256,0.69,0.485,0.139,0.54,0.572,102.3,99.88,83.24,1298.0,0.54,24.0,4.0,4.0,4.0,26.0,7.0,5.0,3.0,8.0,6.0,8.0,25.0,30.0,24.0,9.0,7.0,9.0,19.0,9.0,Regular Season
utah jazz,2019-20,2,1610612762.0,14.0,8.0,6.0,0.571,48.0,37.9,85.4,0.444,12.4,32.6,0.379,20.4,26.3,0.774,9.1,37.1,46.1,20.9,14.8,5.7,4.6,5.5,20.3,22.0,108.6,0.5,14.0,13.0,12.0,14.0,15.0,27.0,27.0,22.0,15.0,18.0,6.0,3.0,2.0,15.0,27.0,5.0,10.0,26.0,14.0,29.0,21.0,20.0,14.0,8.0,20.0,13.0,Regular Season,1610612762.0,14.0,8.0,6.0,0.571,672.0,105.7,107.5,104.7,106.9,1.0,0.6,0.552,1.42,15.6,0.246,0.729,0.497,0.146,0.516,0.56,103.0,101.07,84.23,1414.0,0.51,14.0,13.0,12.0,14.0,18.0,20.0,14.0,13.0,27.0,27.0,26.0,28.0,16.0,19.0,16.0,19.0,14.0,13.0,12.0,Regular Season
washington wizards,2019-20,2,1610612764.0,13.0,5.0,8.0,0.385,48.0,45.0,94.4,0.477,12.6,34.1,0.37,15.6,19.1,0.819,10.1,31.4,41.5,29.1,14.5,7.5,3.7,6.0,21.4,19.6,118.2,-3.5,24.0,18.0,17.0,17.0,15.0,1.0,1.0,5.0,11.0,13.0,9.0,25.0,28.0,3.0,17.0,28.0,27.0,1.0,13.0,20.0,28.0,23.0,20.0,27.0,3.0,21.0,Regular Season,1610612764.0,13.0,5.0,8.0,0.385,624.0,110.2,112.0,113.7,115.2,-3.5,-3.2,0.646,2.0,19.7,0.255,0.721,0.478,0.138,0.544,0.575,107.1,105.58,87.98,1372.0,0.477,24.0,18.0,17.0,17.0,26.0,5.0,29.0,21.0,6.0,1.0,1.0,26.0,20.0,27.0,8.0,5.0,8.0,1.0,22.0,Regular Season
atlanta hawks,2019-20,3,1610612737.0,14.0,3.0,11.0,0.214,48.4,39.6,91.1,0.435,12.0,37.7,0.318,14.9,19.3,0.774,9.1,33.3,42.4,22.9,16.3,8.1,5.3,5.5,20.6,18.6,106.2,-9.2,20.0,29.0,27.0,29.0,13.0,21.0,6.0,25.0,15.0,5.0,26.0,27.0,26.0,17.0,26.0,21.0,27.0,21.0,28.0,13.0,11.0,21.0,18.0,26.0,23.0,29.0,Regular Season,1610612737.0,14.0,3.0,11.0,0.214,677.0,99.5,101.6,108.2,110.5,-8.7,-8.9,0.577,1.4,16.3,0.242,0.708,0.466,0.156,0.501,0.533,105.9,103.69,86.41,1463.0,0.439,20.0,29.0,27.0,29.0,22.0,30.0,20.0,29.0,20.0,27.0,23.0,27.0,25.0,30.0,27.0,25.0,26.0,1.0,29.0,Regular Season
boston celtics,2019-20,3,1610612738.0,13.0,10.0,3.0,0.769,48.0,42.0,87.1,0.482,12.9,34.7,0.373,15.7,19.6,0.8,10.5,34.0,44.5,22.8,14.4,6.8,6.8,4.6,21.8,18.8,112.6,10.3,28.0,4.0,2.0,2.0,21.0,6.0,25.0,2.0,7.0,10.0,8.0,22.0,24.0,5.0,18.0,19.0,19.0,22.0,13.0,25.0,3.0,9.0,28.0,25.0,10.0,2.0,Regular Season,1610612738.0,13.0,10.0,3.0,0.769,624.0,113.0,115.4,102.1,105.1,10.9,10.3,0.544,1.59,17.0,0.302,0.731,0.523,0.147,0.557,0.588,99.9,97.5,81.25,1269.0,0.545,28.0,4.0,2.0,2.0,29.0,2.0,4.0,2.0,26.0,18.0,19.0,3.0,13.0,4.0,22.0,3.0,3.0,26.0,2.0,Regular Season
brooklyn nets,2019-20,3,1610612751.0,13.0,6.0,7.0,0.462,48.8,39.3,92.2,0.427,11.5,37.1,0.309,17.7,23.5,0.754,11.0,41.1,52.1,23.3,15.2,6.2,4.5,6.8,20.1,20.4,107.8,0.1,28.0,18.0,13.0,18.0,5.0,24.0,3.0,28.0,19.0,6.0,30.0,8.0,10.0,21.0,7.0,2.0,2.0,19.0,25.0,28.0,21.0,29.0,13.0,10.0,22.0,16.0,Regular Season,1610612751.0,13.0,6.0,7.0,0.462,634.0,101.0,104.1,102.4,104.2,-1.4,-0.1,0.593,1.53,16.4,0.287,0.74,0.521,0.147,0.489,0.526,104.3,101.83,84.86,1346.0,0.518,28.0,18.0,13.0,18.0,28.0,28.0,3.0,16.0,18.0,22.0,22.0,7.0,8.0,6.0,21.0,28.0,28.0,8.0,11.0,Regular Season
charlotte hornets,2019-20,3,1610612766.0,15.0,5.0,10.0,0.333,48.3,36.2,86.6,0.418,11.6,34.5,0.337,17.5,23.5,0.744,12.1,32.7,44.8,23.6,14.1,6.9,5.0,5.9,20.3,21.4,101.5,-4.7,6.0,21.0,23.0,23.0,16.0,30.0,28.0,30.0,17.0,11.0,23.0,12.0,9.0,23.0,1.0,26.0,15.0,16.0,12.0,21.0,16.0,25.0,15.0,8.0,30.0,24.0,Regular Season,1610612766.0,15.0,5.0,10.0,0.333,725.0,102.6,105.2,107.6,109.9,-5.0,-4.7,0.652,1.67,17.5,0.294,0.701,0.489,0.147,0.485,0.523,98.1,95.9,79.92,1447.0,0.461,6.0,21.0,23.0,23.0,12.0,23.0,17.0,24.0,2.0,12.0,13.0,4.0,28.0,22.0,18.0,30.0,29.0,30.0,26.0,Regular Season
chicago bulls,2019-20,3,1610612741.0,14.0,7.0,7.0,0.5,48.7,38.5,87.2,0.441,13.3,35.5,0.374,15.4,19.1,0.809,9.5,34.1,43.6,23.4,16.1,10.1,5.1,6.0,20.9,18.9,105.7,3.5,20.0,15.0,13.0,15.0,6.0,27.0,24.0,22.0,5.0,8.0,6.0,24.0,27.0,2.0,24.0,18.0,22.0,18.0,27.0,1.0,15.0,27.0,22.0,24.0,26.0,7.0,Regular Season,1610612741.0,14.0,7.0,7.0,0.5,682.0,103.5,104.8,99.8,101.3,3.7,3.5,0.607,1.45,17.2,0.241,0.732,0.483,0.159,0.518,0.553,100.8,99.41,82.84,1412.0,0.508,20.0,15.0,13.0,15.0,21.0,25.0,2.0,8.0,13.0,26.0,18.0,28.0,12.0,25.0,28.0,19.0,20.0,20.0,14.0,Regular Season
cleveland cavaliers,2019-20,3,1610612739.0,14.0,5.0,9.0,0.357,48.4,40.2,88.3,0.456,10.5,31.9,0.329,12.9,18.1,0.715,10.9,33.7,44.6,22.1,18.0,6.9,4.0,6.9,16.8,18.5,103.9,-11.2,20.0,21.0,20.0,21.0,13.0,17.0,20.0,15.0,27.0,21.0,24.0,30.0,29.0,29.0,10.0,20.0,16.0,24.0,30.0,22.0,26.0,30.0,1.0,28.0,29.0,30.0,Regular Season,1610612739.0,14.0,5.0,9.0,0.357,677.0,100.5,104.8,114.7,115.4,-14.2,-10.6,0.551,1.23,16.1,0.321,0.75,0.529,0.182,0.515,0.54,101.1,98.69,82.25,1388.0,0.437,20.0,21.0,20.0,21.0,22.0,27.0,29.0,30.0,24.0,30.0,25.0,1.0,4.0,2.0,30.0,20.0,23.0,23.0,30.0,Regular Season
dallas mavericks,2019-20,3,1610612742.0,15.0,9.0,6.0,0.6,48.3,40.5,90.0,0.45,15.9,43.3,0.367,17.5,22.1,0.795,11.2,37.5,48.7,24.5,12.9,6.8,4.6,3.9,18.9,19.1,114.3,7.4,6.0,9.0,11.0,11.0,16.0,14.0,12.0,19.0,1.0,1.0,10.0,10.0,16.0,9.0,6.0,4.0,3.0,12.0,4.0,23.0,20.0,2.0,7.0,20.0,6.0,4.0,Regular Season,1610612742.0,15.0,9.0,6.0,0.6,725.0,112.7,113.6,104.6,106.6,8.1,6.9,0.605,1.89,17.6,0.27,0.748,0.512,0.128,0.538,0.573,101.1,99.77,83.14,1510.0,0.535,6.0,9.0,11.0,11.0,12.0,4.0,7.0,4.0,14.0,8.0,12.0,17.0,6.0,10.0,5.0,8.0,6.0,17.0,4.0,Regular Season
denver nuggets,2019-20,3,1610612743.0,16.0,10.0,6.0,0.625,48.0,41.8,88.7,0.471,11.0,30.8,0.357,15.2,19.0,0.799,11.0,31.3,42.3,27.2,13.6,7.9,4.1,4.8,18.6,19.3,109.7,3.5,1.0,4.0,11.0,10.0,21.0,8.0,16.0,9.0,24.0,24.0,16.0,26.0,28.0,7.0,7.0,29.0,28.0,4.0,8.0,16.0,24.0,12.0,5.0,19.0,18.0,7.0,Regular Season,1610612743.0,16.0,10.0,6.0,0.625,768.0,110.0,112.7,107.3,109.0,2.8,3.7,0.651,2.0,19.5,0.309,0.702,0.503,0.14,0.533,0.565,99.3,97.38,81.15,1557.0,0.523,1.0,4.0,11.0,10.0,4.0,6.0,15.0,7.0,3.0,2.0,2.0,2.0,27.0,11.0,10.0,11.0,13.0,28.0,8.0,Regular Season
detroit pistons,2019-20,3,1610612765.0,15.0,6.0,9.0,0.4,48.0,40.7,87.5,0.466,12.3,33.9,0.361,16.3,22.4,0.726,9.7,32.4,42.1,24.6,15.1,8.1,4.2,6.2,17.4,19.3,110.0,-3.1,6.0,18.0,20.0,20.0,21.0,13.0,23.0,10.0,10.0,13.0,14.0,18.0,13.0,28.0,22.0,27.0,29.0,11.0,23.0,14.0,23.0,28.0,3.0,18.0,15.0,20.0,Regular Season,1610612765.0,15.0,6.0,9.0,0.4,720.0,107.2,110.4,111.7,113.1,-4.5,-2.7,0.604,1.63,17.9,0.275,0.717,0.494,0.151,0.536,0.565,102.0,99.87,83.22,1495.0,0.484,6.0,18.0,20.0,20.0,16.0,15.0,25.0,19.0,16.0,17.0,9.0,14.0,22.0,21.0,25.0,10.0,12.0,16.0,21.0,Regular Season
golden state warriors,2019-20,3,1610612744.0,15.0,5.0,10.0,0.333,48.7,38.5,88.5,0.434,9.9,28.5,0.349,17.2,22.2,0.775,11.3,33.1,44.4,23.8,15.0,8.7,5.3,5.1,19.9,19.7,104.1,-5.4,6.0,21.0,23.0,23.0,7.0,28.0,18.0,26.0,29.0,30.0,20.0,14.0,15.0,15.0,4.0,23.0,20.0,15.0,20.0,5.0,12.0,19.0,12.0,13.0,28.0,25.0,Regular Season,1610612744.0,15.0,5.0,10.0,0.333,730.0,102.1,103.2,106.6,108.6,-4.6,-5.4,0.619,1.59,17.2,0.269,0.724,0.489,0.149,0.491,0.529,100.9,99.42,82.85,1512.0,0.472,6.0,21.0,23.0,23.0,7.0,29.0,14.0,25.0,9.0,19.0,17.0,18.0,17.0,23.0,24.0,26.0,27.0,19.0,23.0,Regular Season
houston rockets,2019-20,3,1610612745.0,15.0,10.0,5.0,0.667,48.7,42.5,92.4,0.46,15.7,43.2,0.364,17.5,22.5,0.78,11.6,35.3,46.9,21.5,14.5,7.9,5.3,5.0,20.8,19.7,118.3,4.9,6.0,4.0,5.0,5.0,7.0,4.0,2.0,12.0,2.0,2.0,11.0,10.0,12.0,14.0,3.0,12.0,7.0,27.0,15.0,17.0,10.0,15.0,20.0,15.0,2.0,5.0,Regular Season,1610612745.0,15.0,10.0,5.0,0.667,730.0,112.5,114.4,107.5,110.0,5.0,4.3,0.505,1.48,15.4,0.28,0.719,0.499,0.14,0.545,0.578,104.0,101.88,84.9,1552.0,0.502,6.0,4.0,5.0,5.0,7.0,3.0,18.0,6.0,29.0,25.0,28.0,10.0,20.0,14.0,11.0,4.0,4.0,7.0,16.0,Regular Season
indiana pacers,2019-20,3,1610612754.0,15.0,10.0,5.0,0.667,48.3,40.9,88.8,0.46,11.2,30.2,0.371,15.4,19.6,0.786,8.3,34.4,42.7,26.5,11.8,6.7,5.0,5.4,18.9,17.9,108.3,1.9,6.0,4.0,5.0,5.0,16.0,11.0,15.0,13.0,21.0,26.0,9.0,25.0,25.0,13.0,29.0,17.0,24.0,6.0,1.0,26.0,16.0,20.0,8.0,29.0,21.0,12.0,Regular Season,1610612754.0,15.0,10.0,5.0,0.667,725.0,107.3,108.7,104.4,107.1,2.9,1.6,0.648,2.24,19.3,0.233,0.692,0.473,0.118,0.523,0.556,100.7,98.81,82.34,1495.0,0.514,6.0,4.0,5.0,5.0,12.0,18.0,9.0,13.0,5.0,1.0,4.0,29.0,30.0,28.0,1.0,15.0,18.0,22.0,13.0,Regular Season
la clippers,2019-20,3,1610612746.0,15.0,10.0,5.0,0.667,48.0,41.5,89.9,0.461,12.2,32.7,0.373,21.6,27.0,0.8,10.7,35.9,46.6,22.9,14.9,8.5,4.1,5.0,20.1,22.8,116.7,7.5,6.0,4.0,5.0,5.0,21.0,10.0,13.0,11.0,11.0,19.0,7.0,2.0,3.0,5.0,13.0,8.0,8.0,20.0,17.0,8.0,25.0,15.0,14.0,2.0,3.0,3.0,Regular Season,1610612746.0,15.0,10.0,5.0,0.667,720.0,110.2,113.1,104.1,105.5,6.0,7.6,0.551,1.54,16.3,0.286,0.729,0.512,0.144,0.529,0.574,105.4,103.33,86.11,1548.0,0.532,6.0,4.0,5.0,5.0,16.0,5.0,5.0,3.0,23.0,20.0,24.0,8.0,14.0,9.0,15.0,12.0,5.0,2.0,5.0,Regular Season
los angeles lakers,2019-20,3,1610612747.0,14.0,9.0,5.0,0.643,48.0,41.8,86.9,0.481,10.7,31.5,0.34,17.6,24.1,0.728,10.8,34.8,45.6,25.4,15.5,8.8,6.9,4.5,21.4,21.7,111.9,4.2,20.0,9.0,5.0,8.0,21.0,7.0,26.0,5.0,26.0,23.0,21.0,9.0,7.0,27.0,11.0,14.0,14.0,8.0,26.0,4.0,2.0,7.0,24.0,7.0,11.0,6.0,Regular Season,1610612747.0,14.0,9.0,5.0,0.643,672.0,109.4,112.1,105.6,107.5,3.8,4.6,0.607,1.64,18.2,0.294,0.725,0.514,0.155,0.542,0.573,102.1,99.96,83.3,1397.0,0.536,20.0,9.0,5.0,8.0,25.0,8.0,11.0,5.0,12.0,16.0,7.0,5.0,16.0,8.0,26.0,5.0,7.0,15.0,3.0,Regular Season
memphis grizzlies,2019-20,3,1610612763.0,16.0,8.0,8.0,0.5,48.0,42.6,90.3,0.472,12.2,34.3,0.356,16.1,20.4,0.791,9.8,34.8,44.6,27.6,14.9,8.3,5.0,5.0,21.6,19.9,113.4,-1.3,1.0,14.0,17.0,15.0,21.0,3.0,10.0,7.0,12.0,12.0,17.0,21.0,22.0,10.0,21.0,15.0,17.0,2.0,19.0,12.0,16.0,15.0,26.0,12.0,9.0,17.0,Regular Season,1610612763.0,16.0,8.0,8.0,0.5,768.0,108.7,110.5,109.6,111.6,-0.9,-1.1,0.649,1.85,19.3,0.261,0.738,0.5,0.145,0.539,0.572,104.5,102.72,85.6,1643.0,0.5,1.0,14.0,17.0,15.0,4.0,11.0,23.0,17.0,4.0,9.0,3.0,22.0,11.0,13.0,17.0,7.0,9.0,4.0,17.0,Regular Season
miami heat,2019-20,3,1610612748.0,15.0,11.0,4.0,0.733,49.7,39.5,86.8,0.455,12.5,33.5,0.375,21.9,27.8,0.787,9.7,37.4,47.1,24.7,13.7,6.2,3.5,4.9,19.6,22.3,113.5,1.5,6.0,2.0,3.0,3.0,2.0,22.0,27.0,16.0,8.0,16.0,5.0,1.0,2.0,12.0,22.0,5.0,6.0,10.0,9.0,27.0,29.0,14.0,10.0,6.0,8.0,14.0,Regular Season,1610612748.0,15.0,11.0,4.0,0.733,745.0,110.2,112.1,109.8,111.1,0.4,1.0,0.624,1.8,17.7,0.278,0.763,0.526,0.135,0.528,0.573,99.0,97.58,81.32,1518.0,0.516,6.0,2.0,3.0,3.0,6.0,7.0,22.0,14.0,8.0,10.0,11.0,11.0,1.0,3.0,8.0,13.0,8.0,25.0,12.0,Regular Season
milwaukee bucks,2019-20,3,1610612749.0,15.0,13.0,2.0,0.867,48.0,44.3,90.1,0.491,14.1,36.7,0.385,16.6,22.3,0.746,10.0,42.2,52.2,27.2,15.2,8.6,6.3,5.6,17.8,19.7,119.3,16.5,6.0,1.0,1.0,1.0,21.0,2.0,11.0,1.0,3.0,7.0,3.0,16.0,14.0,22.0,20.0,1.0,1.0,3.0,24.0,6.0,6.0,23.0,4.0,15.0,1.0,1.0,Regular Season,1610612749.0,15.0,13.0,2.0,0.867,720.0,113.4,115.6,96.8,99.4,16.6,16.2,0.614,1.79,19.0,0.273,0.76,0.538,0.147,0.57,0.597,105.6,103.23,86.03,1547.0,0.595,6.0,1.0,1.0,1.0,16.0,1.0,1.0,1.0,10.0,11.0,5.0,15.0,2.0,1.0,23.0,1.0,1.0,3.0,1.0,Regular Season
minnesota timberwolves,2019-20,3,1610612750.0,14.0,2.0,12.0,0.143,49.4,38.4,90.9,0.423,12.0,38.0,0.316,21.1,26.8,0.787,11.2,33.3,44.5,19.9,15.0,8.6,5.8,5.6,21.2,22.4,109.9,-7.8,20.0,30.0,29.0,30.0,3.0,29.0,8.0,29.0,15.0,4.0,28.0,4.0,4.0,11.0,5.0,21.0,18.0,29.0,20.0,7.0,8.0,22.0,23.0,4.0,17.0,27.0,Regular Season,1610612750.0,14.0,2.0,12.0,0.143,692.0,103.3,104.9,111.1,112.3,-7.8,-7.4,0.517,1.32,14.3,0.261,0.708,0.474,0.143,0.489,0.535,103.1,101.79,84.83,1467.0,0.452,20.0,30.0,29.0,30.0,20.0,24.0,24.0,27.0,27.0,29.0,30.0,23.0,26.0,27.0,14.0,27.0,24.0,9.0,28.0,Regular Season
new orleans pelicans,2019-20,3,1610612740.0,15.0,5.0,10.0,0.333,48.7,40.2,91.7,0.438,13.5,38.2,0.354,14.8,20.1,0.738,10.5,35.9,46.5,24.4,14.9,6.8,4.8,4.5,20.5,18.5,108.7,-3.9,6.0,21.0,23.0,23.0,7.0,18.0,5.0,24.0,4.0,3.0,18.0,28.0,23.0,26.0,16.0,8.0,9.0,13.0,17.0,23.0,19.0,8.0,17.0,27.0,20.0,22.0,Regular Season,1610612740.0,15.0,5.0,10.0,0.333,730.0,103.7,106.0,107.9,110.2,-4.2,-4.3,0.607,1.64,17.3,0.269,0.749,0.503,0.145,0.512,0.541,103.2,100.96,84.14,1539.0,0.473,6.0,21.0,23.0,23.0,7.0,22.0,19.0,23.0,11.0,15.0,15.0,19.0,5.0,12.0,16.0,22.0,22.0,11.0,22.0,Regular Season
new york knicks,2019-20,3,1610612752.0,14.0,5.0,9.0,0.357,48.4,39.4,90.9,0.433,10.0,31.9,0.313,17.1,23.9,0.713,11.6,36.1,47.8,21.9,13.3,7.1,5.1,5.7,21.8,19.4,105.8,-8.6,20.0,21.0,20.0,21.0,13.0,23.0,8.0,27.0,28.0,21.0,29.0,15.0,8.0,30.0,2.0,7.0,4.0,26.0,6.0,19.0,14.0,24.0,27.0,17.0,24.0,28.0,Regular Season,1610612752.0,14.0,5.0,9.0,0.357,677.0,102.7,104.8,111.2,113.2,-8.5,-8.4,0.555,1.65,15.8,0.283,0.723,0.498,0.132,0.488,0.522,102.2,100.25,83.55,1413.0,0.454,20.0,21.0,20.0,21.0,22.0,26.0,27.0,28.0,22.0,14.0,26.0,9.0,18.0,16.0,7.0,29.0,30.0,14.0,27.0,Regular Season
oklahoma city thunder,2019-20,3,1610612760.0,15.0,11.0,4.0,0.733,48.7,40.1,84.7,0.474,9.1,28.5,0.318,19.8,24.5,0.807,8.9,34.6,43.5,20.7,13.7,7.5,5.3,3.7,18.7,22.7,109.1,3.4,6.0,2.0,3.0,3.0,7.0,20.0,29.0,6.0,30.0,29.0,27.0,6.0,6.0,3.0,28.0,16.0,23.0,28.0,9.0,18.0,12.0,1.0,6.0,3.0,19.0,10.0,Regular Season,1610612760.0,15.0,11.0,4.0,0.733,730.0,108.8,110.5,104.7,106.9,4.2,3.5,0.515,1.51,15.8,0.257,0.717,0.497,0.138,0.528,0.572,99.3,97.48,81.23,1482.0,0.53,6.0,2.0,3.0,3.0,7.0,12.0,8.0,9.0,28.0,23.0,27.0,25.0,21.0,19.0,9.0,14.0,10.0,27.0,6.0,Regular Season
orlando magic,2019-20,3,1610612753.0,15.0,7.0,8.0,0.467,48.0,39.0,88.5,0.441,10.9,30.1,0.361,16.2,21.9,0.741,9.4,33.1,42.5,23.5,12.2,8.4,6.5,4.7,17.2,19.0,105.1,-2.7,6.0,15.0,17.0,17.0,21.0,26.0,18.0,23.0,25.0,27.0,15.0,19.0,17.0,24.0,25.0,23.0,26.0,17.0,2.0,9.0,5.0,11.0,2.0,21.0,27.0,19.0,Regular Season,1610612753.0,15.0,7.0,8.0,0.467,720.0,104.1,106.3,107.4,109.6,-3.4,-3.3,0.602,1.92,17.4,0.26,0.722,0.483,0.123,0.502,0.535,100.6,98.53,82.11,1482.0,0.487,6.0,15.0,17.0,17.0,16.0,21.0,16.0,21.0,17.0,5.0,14.0,24.0,19.0,26.0,3.0,24.0,25.0,24.0,19.0,Regular Season
philadelphia 76ers,2019-20,3,1610612755.0,16.0,9.0,7.0,0.563,48.3,41.8,88.6,0.471,11.5,30.6,0.376,15.4,20.9,0.74,10.6,35.4,46.1,26.7,14.1,8.1,5.8,4.1,19.9,19.7,110.4,3.5,1.0,9.0,13.0,13.0,20.0,8.0,17.0,8.0,18.0,25.0,4.0,23.0,20.0,25.0,14.0,11.0,10.0,5.0,11.0,15.0,7.0,4.0,11.0,14.0,14.0,7.0,Regular Season,1610612755.0,16.0,9.0,7.0,0.563,773.0,109.1,110.4,104.5,107.3,4.6,3.2,0.639,1.9,19.0,0.29,0.745,0.521,0.141,0.536,0.565,101.1,99.2,82.66,1600.0,0.529,1.0,9.0,13.0,13.0,3.0,13.0,10.0,10.0,6.0,7.0,6.0,6.0,7.0,5.0,12.0,9.0,14.0,21.0,7.0,Regular Season
phoenix suns,2019-20,3,1610612756.0,15.0,5.0,10.0,0.333,48.7,42.3,91.9,0.46,11.1,33.9,0.329,18.1,22.7,0.795,10.7,33.0,43.7,29.1,14.8,8.4,3.3,5.9,22.1,22.4,113.7,-3.9,6.0,21.0,23.0,23.0,7.0,5.0,4.0,14.0,23.0,14.0,25.0,7.0,11.0,8.0,12.0,25.0,21.0,1.0,16.0,9.0,30.0,26.0,29.0,5.0,7.0,22.0,Regular Season,1610612756.0,15.0,5.0,10.0,0.333,730.0,107.3,109.9,110.9,113.3,-3.6,-3.4,0.689,1.97,19.8,0.276,0.74,0.497,0.143,0.52,0.558,104.6,102.25,85.21,1553.0,0.492,6.0,21.0,23.0,23.0,7.0,16.0,28.0,22.0,1.0,3.0,1.0,13.0,9.0,18.0,13.0,17.0,17.0,5.0,18.0,Regular Season
portland trail blazers,2019-20,3,1610612757.0,14.0,6.0,8.0,0.429,48.0,40.9,89.9,0.455,12.1,33.2,0.363,17.4,20.9,0.832,10.1,35.5,45.6,19.6,13.1,6.0,7.3,4.9,21.6,18.9,111.1,-1.9,20.0,18.0,17.0,19.0,21.0,12.0,14.0,18.0,14.0,18.0,12.0,13.0,21.0,1.0,19.0,10.0,13.0,30.0,5.0,29.0,1.0,13.0,25.0,23.0,12.0,18.0,Regular Season,1610612757.0,14.0,6.0,8.0,0.429,672.0,108.9,110.4,109.8,113.1,-0.9,-2.6,0.479,1.49,14.7,0.272,0.714,0.498,0.131,0.522,0.561,102.5,100.29,83.57,1409.0,0.486,20.0,18.0,17.0,19.0,25.0,14.0,26.0,18.0,30.0,24.0,29.0,16.0,24.0,17.0,6.0,16.0,15.0,13.0,20.0,Regular Season
sacramento kings,2019-20,3,1610612758.0,16.0,4.0,12.0,0.25,48.9,40.2,88.3,0.455,11.4,33.8,0.338,13.9,18.0,0.774,10.5,32.1,42.6,22.1,14.4,7.1,4.3,4.4,20.4,17.7,105.8,-3.4,1.0,27.0,29.0,28.0,4.0,19.0,21.0,17.0,20.0,15.0,22.0,29.0,30.0,16.0,17.0,28.0,25.0,25.0,14.0,20.0,22.0,6.0,16.0,30.0,25.0,21.0,Regular Season,1610612758.0,16.0,4.0,12.0,0.25,783.0,105.6,107.6,109.3,110.7,-3.6,-3.1,0.551,1.53,16.5,0.276,0.728,0.498,0.147,0.52,0.55,98.1,96.58,80.49,1573.0,0.465,1.0,27.0,29.0,28.0,1.0,20.0,21.0,20.0,25.0,21.0,21.0,12.0,15.0,15.0,19.0,18.0,21.0,29.0,24.0,Regular Season
san antonio spurs,2019-20,3,1610612759.0,12.0,7.0,5.0,0.583,50.5,44.6,92.7,0.481,11.2,28.9,0.386,16.2,21.1,0.767,7.9,39.4,47.3,25.8,13.4,8.3,6.6,4.0,19.2,19.0,116.5,0.5,30.0,15.0,5.0,12.0,1.0,1.0,1.0,3.0,22.0,28.0,2.0,20.0,19.0,19.0,30.0,3.0,5.0,7.0,7.0,11.0,4.0,3.0,9.0,21.0,4.0,15.0,Regular Season,1610612759.0,12.0,7.0,5.0,0.583,606.0,108.4,109.0,106.9,108.6,1.5,0.5,0.578,1.92,18.1,0.209,0.74,0.488,0.126,0.541,0.571,102.6,101.54,84.62,1282.0,0.522,30.0,15.0,5.0,12.0,30.0,17.0,13.0,15.0,19.0,6.0,8.0,30.0,10.0,24.0,4.0,6.0,11.0,10.0,9.0,Regular Season
toronto raptors,2019-20,3,1610612761.0,16.0,9.0,7.0,0.563,48.6,39.2,88.1,0.445,12.4,35.2,0.352,19.8,24.6,0.807,10.6,35.3,45.9,24.9,15.0,9.2,5.7,4.4,20.8,20.2,110.6,2.3,1.0,9.0,13.0,13.0,12.0,25.0,22.0,20.0,9.0,9.0,19.0,5.0,5.0,4.0,14.0,13.0,11.0,9.0,20.0,2.0,9.0,5.0,21.0,11.0,13.0,11.0,Regular Season,1610612761.0,16.0,9.0,7.0,0.563,778.0,107.0,108.3,103.4,106.1,3.6,2.3,0.636,1.66,17.8,0.269,0.714,0.494,0.147,0.515,0.559,102.7,100.78,83.98,1633.0,0.519,1.0,9.0,13.0,13.0,2.0,19.0,6.0,11.0,7.0,13.0,10.0,20.0,23.0,20.0,20.0,21.0,16.0,12.0,10.0,Regular Season
utah jazz,2019-20,3,1610612762.0,14.0,9.0,5.0,0.643,48.0,40.3,83.8,0.481,13.0,32.4,0.402,16.4,21.6,0.762,8.9,36.9,45.9,22.6,16.4,5.7,3.7,4.7,20.7,20.9,110.0,1.6,20.0,9.0,5.0,8.0,21.0,16.0,30.0,4.0,6.0,20.0,1.0,17.0,18.0,20.0,27.0,6.0,12.0,23.0,29.0,30.0,28.0,10.0,19.0,9.0,15.0,13.0,Regular Season,1610612762.0,14.0,9.0,5.0,0.643,672.0,109.2,110.6,107.0,108.4,2.2,2.1,0.56,1.38,16.9,0.249,0.756,0.515,0.164,0.558,0.59,101.0,99.71,83.1,1393.0,0.505,20.0,9.0,5.0,8.0,25.0,10.0,12.0,12.0,21.0,28.0,20.0,26.0,3.0,7.0,29.0,2.0,2.0,18.0,15.0,Regular Season
washington wizards,2019-20,3,1610612764.0,15.0,4.0,11.0,0.267,48.3,40.4,91.0,0.444,12.1,33.5,0.363,21.6,28.0,0.771,10.9,30.8,41.7,24.4,12.7,8.8,4.0,5.0,22.8,23.0,114.5,-6.4,6.0,27.0,27.0,27.0,16.0,15.0,7.0,21.0,13.0,16.0,13.0,2.0,1.0,18.0,9.0,30.0,30.0,13.0,3.0,3.0,26.0,15.0,30.0,1.0,5.0,26.0,Regular Season,1610612764.0,15.0,4.0,11.0,0.267,725.0,109.0,111.5,114.8,117.3,-5.8,-5.8,0.604,1.93,17.3,0.265,0.696,0.467,0.123,0.511,0.554,104.5,102.22,85.19,1541.0,0.463,6.0,27.0,27.0,27.0,12.0,9.0,30.0,26.0,15.0,4.0,16.0,21.0,29.0,29.0,2.0,23.0,19.0,6.0,25.0,Regular Season
atlanta hawks,2019-20,4,1610612737.0,15.0,6.0,9.0,0.4,48.0,40.7,90.7,0.449,12.7,37.5,0.339,19.7,24.5,0.807,9.8,34.9,44.7,23.7,15.6,7.4,5.6,5.2,26.3,21.9,113.9,-5.2,8.0,20.0,21.0,21.0,19.0,19.0,7.0,26.0,12.0,6.0,25.0,6.0,10.0,5.0,18.0,14.0,16.0,19.0,27.0,16.0,6.0,19.0,30.0,7.0,14.0,25.0,Regular Season,1610612737.0,15.0,6.0,9.0,0.4,720.0,106.2,108.8,111.3,113.7,-5.1,-5.0,0.583,1.52,16.8,0.262,0.721,0.491,0.149,0.519,0.561,107.2,104.73,87.28,1571.0,0.464,8.0,20.0,21.0,21.0,16.0,21.0,24.0,25.0,16.0,27.0,24.0,18.0,22.0,21.0,25.0,25.0,21.0,2.0,25.0,Regular Season
boston celtics,2019-20,4,1610612738.0,16.0,9.0,7.0,0.563,48.0,41.9,89.7,0.468,11.9,33.2,0.36,18.4,22.8,0.805,10.5,34.8,45.3,24.2,14.3,8.6,5.3,5.4,21.1,19.8,114.2,4.9,3.0,8.0,13.0,13.0,19.0,11.0,14.0,14.0,13.0,15.0,15.0,12.0,15.0,6.0,12.0,15.0,10.0,16.0,15.0,4.0,8.0,24.0,23.0,20.0,11.0,6.0,Regular Season,1610612738.0,16.0,9.0,7.0,0.563,768.0,110.4,112.7,106.0,107.8,4.4,4.9,0.577,1.7,17.3,0.285,0.746,0.515,0.141,0.534,0.573,103.3,101.34,84.45,1621.0,0.522,3.0,8.0,13.0,13.0,6.0,14.0,6.0,6.0,19.0,20.0,20.0,9.0,9.0,5.0,17.0,12.0,12.0,12.0,9.0,Regular Season
brooklyn nets,2019-20,4,1610612751.0,15.0,5.0,10.0,0.333,48.7,39.7,87.3,0.455,13.1,36.8,0.355,16.8,23.2,0.724,9.9,35.3,45.2,24.1,16.1,7.1,4.1,5.1,19.3,20.3,109.3,-4.4,8.0,24.0,24.0,24.0,6.0,27.0,21.0,23.0,9.0,8.0,19.0,21.0,13.0,28.0,17.0,10.0,11.0,17.0,28.0,19.0,24.0,17.0,8.0,15.0,23.0,23.0,Regular Season,1610612751.0,15.0,5.0,10.0,0.333,730.0,105.4,106.6,109.5,110.6,-4.1,-3.9,0.607,1.5,17.4,0.25,0.746,0.497,0.157,0.53,0.56,102.4,101.29,84.41,1538.0,0.479,8.0,24.0,24.0,24.0,8.0,27.0,11.0,23.0,12.0,28.0,18.0,23.0,8.0,16.0,29.0,17.0,22.0,13.0,22.0,Regular Season
charlotte hornets,2019-20,4,1610612766.0,12.0,3.0,9.0,0.25,48.8,36.3,84.7,0.429,11.5,33.2,0.347,17.3,22.3,0.776,10.8,31.3,42.1,24.9,14.6,5.8,3.8,5.4,19.1,21.3,101.5,-7.8,30.0,27.0,21.0,26.0,2.0,30.0,29.0,29.0,17.0,16.0,20.0,18.0,20.0,15.0,10.0,29.0,28.0,12.0,21.0,26.0,27.0,23.0,6.0,9.0,30.0,28.0,Regular Season,1610612766.0,12.0,3.0,9.0,0.25,586.0,103.3,105.9,112.6,114.3,-9.3,-8.4,0.686,1.71,18.5,0.29,0.699,0.486,0.152,0.497,0.537,96.0,94.12,78.43,1150.0,0.454,30.0,27.0,21.0,26.0,30.0,29.0,26.0,29.0,2.0,19.0,7.0,7.0,30.0,26.0,27.0,28.0,27.0,30.0,27.0,Regular Season
chicago bulls,2019-20,4,1610612741.0,17.0,6.0,11.0,0.353,48.3,39.8,86.2,0.462,11.1,34.5,0.32,15.4,19.9,0.773,9.3,30.2,39.5,22.8,14.4,10.0,3.6,5.2,19.8,17.4,106.1,-4.8,1.0,20.0,25.0,23.0,17.0,26.0,27.0,20.0,22.0,13.0,29.0,28.0,28.0,16.0,23.0,30.0,30.0,25.0,18.0,1.0,28.0,18.0,13.0,30.0,26.0,24.0,Regular Season,1610612741.0,17.0,6.0,11.0,0.353,821.0,106.0,107.3,111.3,112.1,-5.2,-4.8,0.572,1.58,17.1,0.252,0.732,0.479,0.146,0.526,0.559,99.3,98.31,81.92,1681.0,0.463,1.0,20.0,25.0,23.0,1.0,24.0,19.0,24.0,21.0,24.0,21.0,21.0,15.0,29.0,22.0,20.0,24.0,23.0,26.0,Regular Season
cleveland cavaliers,2019-20,4,1610612739.0,16.0,3.0,13.0,0.188,48.3,41.3,88.3,0.468,11.2,30.9,0.362,13.7,17.3,0.791,11.2,33.1,44.3,23.0,16.4,6.1,2.9,5.4,19.6,18.1,107.5,-8.3,3.0,27.0,29.0,29.0,15.0,16.0,19.0,12.0,21.0,23.0,13.0,30.0,30.0,9.0,7.0,25.0,22.0,24.0,30.0,24.0,30.0,21.0,10.0,29.0,24.0,29.0,Regular Season,1610612739.0,16.0,3.0,13.0,0.188,773.0,106.2,108.2,115.5,116.5,-9.3,-8.3,0.557,1.4,16.8,0.303,0.736,0.516,0.166,0.531,0.56,100.1,98.7,82.25,1589.0,0.45,3.0,27.0,29.0,29.0,4.0,22.0,29.0,28.0,24.0,30.0,23.0,3.0,14.0,4.0,30.0,16.0,23.0,22.0,29.0,Regular Season
dallas mavericks,2019-20,4,1610612742.0,15.0,8.0,7.0,0.533,48.3,42.6,90.3,0.472,14.6,40.3,0.363,16.2,22.3,0.728,12.0,33.8,45.8,23.1,12.2,5.1,4.9,3.9,19.3,20.7,116.0,2.1,8.0,12.0,13.0,14.0,9.0,7.0,10.0,9.0,1.0,3.0,12.0,22.0,21.0,27.0,1.0,22.0,6.0,23.0,5.0,30.0,15.0,4.0,8.0,12.0,8.0,11.0,Regular Season,1610612742.0,15.0,8.0,7.0,0.533,725.0,115.6,117.7,114.3,115.8,1.3,1.9,0.543,1.9,16.9,0.302,0.72,0.511,0.124,0.552,0.579,99.3,97.75,81.46,1478.0,0.498,8.0,12.0,13.0,14.0,10.0,2.0,28.0,11.0,27.0,9.0,22.0,4.0,23.0,9.0,3.0,6.0,10.0,27.0,16.0,Regular Season
denver nuggets,2019-20,4,1610612743.0,16.0,11.0,5.0,0.688,48.3,41.7,90.1,0.463,10.8,31.4,0.344,18.1,22.6,0.803,11.2,33.4,44.6,25.6,12.6,8.6,4.7,5.6,20.0,19.8,112.3,1.8,3.0,3.0,7.0,8.0,15.0,15.0,11.0,19.0,25.0,20.0,22.0,14.0,18.0,7.0,7.0,23.0,17.0,8.0,6.0,4.0,18.0,26.0,15.0,19.0,18.0,12.0,Regular Season,1610612743.0,16.0,11.0,5.0,0.688,773.0,110.7,114.0,110.6,112.0,0.1,1.9,0.613,2.03,18.3,0.308,0.738,0.518,0.127,0.523,0.561,100.0,97.96,81.63,1577.0,0.509,3.0,3.0,7.0,8.0,4.0,11.0,18.0,12.0,11.0,4.0,11.0,1.0,12.0,2.0,8.0,23.0,20.0,24.0,14.0,Regular Season
detroit pistons,2019-20,4,1610612765.0,16.0,5.0,11.0,0.313,48.9,40.2,86.8,0.463,10.9,30.5,0.357,19.2,25.6,0.749,9.8,32.8,42.6,22.7,14.6,8.5,4.9,6.1,20.6,20.9,110.4,-1.9,3.0,24.0,25.0,25.0,1.0,22.0,24.0,18.0,23.0,25.0,18.0,10.0,6.0,22.0,19.0,26.0,27.0,26.0,20.0,7.0,13.0,30.0,20.0,10.0,20.0,21.0,Regular Season,1610612765.0,16.0,5.0,11.0,0.313,783.0,107.4,109.3,109.3,111.4,-2.0,-2.1,0.565,1.56,16.6,0.265,0.717,0.489,0.144,0.526,0.563,100.8,99.03,82.53,1617.0,0.482,3.0,24.0,25.0,25.0,3.0,19.0,14.0,21.0,22.0,26.0,25.0,15.0,24.0,23.0,21.0,21.0,19.0,21.0,21.0,Regular Season
golden state warriors,2019-20,4,1610612744.0,14.0,1.0,13.0,0.071,48.7,37.3,89.0,0.419,11.5,33.7,0.341,18.9,23.3,0.81,9.6,33.3,42.9,26.2,15.2,8.7,3.6,5.0,20.2,19.9,104.9,-11.7,21.0,30.0,29.0,30.0,3.0,29.0,18.0,30.0,17.0,14.0,24.0,11.0,12.0,4.0,21.0,24.0,26.0,7.0,25.0,3.0,29.0,16.0,18.0,18.0,28.0,30.0,Regular Season,1610612744.0,14.0,1.0,13.0,0.071,682.0,100.1,100.7,111.1,112.3,-11.0,-11.6,0.703,1.72,18.4,0.232,0.727,0.469,0.146,0.484,0.529,103.4,102.51,85.43,1459.0,0.441,21.0,30.0,29.0,30.0,21.0,30.0,20.0,30.0,1.0,17.0,9.0,29.0,18.0,30.0,23.0,30.0,28.0,6.0,30.0,Regular Season
houston rockets,2019-20,4,1610612745.0,14.0,7.0,7.0,0.5,48.0,40.9,90.9,0.45,13.8,40.3,0.342,21.4,27.3,0.783,10.4,34.6,45.0,21.5,14.9,7.5,5.2,6.1,21.9,21.9,117.0,0.7,21.0,16.0,13.0,16.0,19.0,18.0,6.0,25.0,6.0,2.0,23.0,2.0,1.0,12.0,13.0,17.0,13.0,29.0,23.0,15.0,10.0,29.0,24.0,8.0,5.0,16.0,Regular Season,1610612745.0,14.0,7.0,7.0,0.5,672.0,108.9,111.8,108.5,111.3,0.4,0.5,0.525,1.44,15.4,0.264,0.714,0.489,0.143,0.526,0.569,107.3,104.57,87.14,1465.0,0.483,21.0,16.0,13.0,16.0,25.0,16.0,13.0,16.0,29.0,29.0,29.0,16.0,25.0,24.0,19.0,19.0,16.0,3.0,19.0,Regular Season
indiana pacers,2019-20,4,1610612754.0,14.0,9.0,5.0,0.643,48.4,43.4,86.5,0.502,10.2,26.2,0.39,15.4,19.9,0.777,8.6,31.3,39.9,27.9,12.1,7.6,4.7,3.7,18.8,18.4,112.5,1.5,21.0,8.0,7.0,9.0,8.0,5.0,26.0,1.0,28.0,30.0,1.0,27.0,29.0,14.0,27.0,28.0,29.0,3.0,4.0,14.0,17.0,2.0,4.0,28.0,17.0,14.0,Regular Season,1610612754.0,14.0,9.0,5.0,0.643,677.0,113.9,115.0,110.4,113.3,3.4,1.7,0.641,2.29,20.5,0.236,0.722,0.481,0.124,0.561,0.591,98.9,97.21,81.0,1370.0,0.521,21.0,8.0,7.0,9.0,24.0,5.0,23.0,13.0,4.0,1.0,1.0,27.0,21.0,28.0,5.0,3.0,4.0,28.0,10.0,Regular Season
la clippers,2019-20,4,1610612746.0,13.0,9.0,4.0,0.692,48.0,41.9,89.7,0.467,11.7,32.2,0.364,20.8,27.2,0.768,11.5,36.8,48.3,24.5,13.8,5.8,5.2,4.9,22.1,23.8,116.4,3.1,27.0,8.0,3.0,7.0,19.0,12.0,13.0,16.0,15.0,19.0,11.0,4.0,2.0,18.0,2.0,3.0,2.0,14.0,14.0,25.0,9.0,14.0,25.0,1.0,7.0,9.0,Regular Season,1610612746.0,13.0,9.0,4.0,0.692,624.0,112.0,115.0,109.1,111.5,2.9,3.5,0.585,1.77,17.5,0.286,0.711,0.504,0.137,0.533,0.573,103.9,101.42,84.52,1316.0,0.516,27.0,8.0,3.0,7.0,27.0,4.0,16.0,8.0,15.0,13.0,16.0,8.0,26.0,13.0,14.0,14.0,11.0,11.0,11.0,Regular Season
los angeles lakers,2019-20,4,1610612747.0,14.0,10.0,4.0,0.714,48.0,43.6,89.5,0.487,11.3,30.3,0.373,18.1,24.8,0.732,11.4,35.9,47.4,25.3,14.4,8.2,7.1,4.4,19.9,20.9,116.6,6.4,21.0,7.0,3.0,5.0,19.0,3.0,16.0,4.0,20.0,26.0,6.0,13.0,9.0,25.0,4.0,6.0,3.0,10.0,19.0,10.0,1.0,8.0,14.0,11.0,6.0,4.0,Regular Season,1610612747.0,14.0,10.0,4.0,0.714,672.0,112.7,114.3,105.6,107.8,7.1,6.5,0.58,1.75,17.9,0.275,0.727,0.506,0.141,0.55,0.581,103.9,102.11,85.09,1428.0,0.542,21.0,7.0,3.0,5.0,25.0,8.0,5.0,4.0,17.0,14.0,12.0,11.0,17.0,11.0,18.0,8.0,9.0,8.0,4.0,Regular Season
memphis grizzlies,2019-20,4,1610612763.0,15.0,11.0,4.0,0.733,48.0,45.1,90.4,0.499,11.3,30.9,0.366,17.5,22.2,0.79,8.9,36.5,45.5,28.6,14.4,8.5,6.6,4.5,20.5,20.5,119.0,4.5,8.0,3.0,3.0,3.0,19.0,1.0,9.0,2.0,19.0,24.0,9.0,17.0,22.0,10.0,25.0,4.0,8.0,1.0,17.0,8.0,2.0,12.0,19.0,14.0,3.0,7.0,Regular Season,1610612763.0,15.0,11.0,4.0,0.733,720.0,112.7,114.2,107.3,110.0,5.3,4.2,0.635,1.99,19.8,0.252,0.723,0.499,0.138,0.561,0.594,106.1,104.13,86.78,1563.0,0.545,8.0,3.0,3.0,3.0,16.0,9.0,9.0,7.0,7.0,5.0,2.0,22.0,20.0,15.0,15.0,2.0,2.0,4.0,3.0,Regular Season
miami heat,2019-20,4,1610612748.0,14.0,8.0,6.0,0.571,48.7,39.9,84.4,0.472,13.1,36.7,0.358,18.1,22.5,0.803,7.4,37.1,44.5,25.1,12.8,5.5,4.1,4.4,19.1,18.6,110.9,2.3,21.0,12.0,11.0,12.0,3.0,25.0,30.0,8.0,8.0,9.0,16.0,15.0,19.0,8.0,30.0,2.0,19.0,11.0,9.0,29.0,23.0,10.0,7.0,26.0,19.0,10.0,Regular Season,1610612748.0,14.0,8.0,6.0,0.571,682.0,111.2,113.5,109.2,111.4,2.0,2.1,0.631,1.97,18.8,0.238,0.761,0.513,0.131,0.55,0.588,98.2,96.18,80.15,1368.0,0.511,21.0,12.0,11.0,12.0,21.0,12.0,15.0,10.0,9.0,7.0,5.0,24.0,2.0,8.0,12.0,7.0,5.0,29.0,13.0,Regular Season
milwaukee bucks,2019-20,4,1610612749.0,13.0,11.0,2.0,0.846,48.0,43.5,90.6,0.48,13.4,37.5,0.357,19.6,26.5,0.741,8.0,42.9,50.9,26.2,13.5,6.5,6.2,4.5,18.7,22.2,119.9,9.6,27.0,3.0,1.0,1.0,19.0,4.0,8.0,6.0,7.0,7.0,17.0,7.0,4.0,23.0,29.0,1.0,1.0,6.0,13.0,22.0,5.0,13.0,3.0,5.0,2.0,1.0,Regular Season,1610612749.0,13.0,11.0,2.0,0.846,624.0,111.2,112.6,102.4,103.8,8.8,8.8,0.604,1.94,18.4,0.207,0.791,0.516,0.127,0.553,0.586,107.7,106.42,88.69,1385.0,0.565,27.0,3.0,1.0,1.0,27.0,15.0,1.0,2.0,13.0,8.0,10.0,30.0,1.0,3.0,6.0,5.0,7.0,1.0,1.0,Regular Season
minnesota timberwolves,2019-20,4,1610612750.0,15.0,3.0,12.0,0.2,48.3,40.2,91.3,0.44,14.1,40.9,0.344,15.8,22.0,0.718,10.9,33.9,44.8,26.4,15.4,8.3,5.6,5.9,21.0,19.4,110.3,-3.9,8.0,27.0,27.0,28.0,9.0,21.0,2.0,27.0,4.0,1.0,21.0,25.0,23.0,29.0,9.0,21.0,14.0,5.0,26.0,9.0,6.0,28.0,22.0,22.0,21.0,22.0,Regular Season,1610612750.0,15.0,3.0,12.0,0.2,725.0,104.5,107.4,109.7,111.0,-5.2,-3.6,0.657,1.71,18.4,0.274,0.748,0.495,0.15,0.517,0.546,104.0,102.06,85.05,1540.0,0.469,8.0,27.0,27.0,28.0,10.0,23.0,12.0,22.0,3.0,18.0,8.0,13.0,7.0,17.0,26.0,26.0,26.0,9.0,23.0,Regular Season
new orleans pelicans,2019-20,4,1610612740.0,15.0,9.0,6.0,0.6,48.7,44.1,91.1,0.484,14.1,36.5,0.387,19.6,26.7,0.735,11.2,35.7,46.9,27.9,16.1,6.9,6.2,4.0,20.2,22.6,121.9,3.2,8.0,8.0,11.0,11.0,6.0,2.0,4.0,5.0,3.0,10.0,2.0,8.0,3.0,24.0,6.0,7.0,4.0,2.0,29.0,20.0,4.0,5.0,17.0,3.0,1.0,8.0,Regular Season,1610612740.0,15.0,9.0,6.0,0.6,730.0,113.0,115.6,110.2,112.9,2.9,2.8,0.632,1.73,18.8,0.304,0.71,0.514,0.153,0.561,0.592,106.3,103.82,86.52,1581.0,0.524,8.0,8.0,11.0,11.0,8.0,3.0,22.0,9.0,8.0,16.0,4.0,2.0,27.0,7.0,28.0,4.0,3.0,5.0,8.0,Regular Season
new york knicks,2019-20,4,1610612752.0,16.0,4.0,12.0,0.25,48.0,41.3,91.4,0.451,9.1,28.7,0.316,14.2,20.5,0.692,11.5,34.3,45.8,21.8,13.4,7.3,4.6,5.4,20.9,18.6,105.8,-6.8,3.0,26.0,27.0,26.0,19.0,17.0,1.0,24.0,29.0,28.0,30.0,29.0,27.0,30.0,3.0,20.0,7.0,28.0,12.0,17.0,19.0,21.0,21.0,27.0,27.0,26.0,Regular Season,1610612752.0,16.0,4.0,12.0,0.25,768.0,103.3,106.0,111.7,112.8,-8.5,-6.8,0.529,1.62,16.0,0.29,0.751,0.51,0.135,0.501,0.526,101.6,99.75,83.12,1596.0,0.454,3.0,26.0,27.0,26.0,6.0,28.0,21.0,26.0,28.0,23.0,28.0,5.0,5.0,10.0,13.0,27.0,30.0,17.0,28.0,Regular Season
oklahoma city thunder,2019-20,4,1610612760.0,17.0,12.0,5.0,0.706,48.3,41.7,87.3,0.478,11.7,30.9,0.378,19.9,24.2,0.82,8.1,36.1,44.2,23.5,12.8,7.3,4.8,4.1,16.9,23.1,115.0,5.9,1.0,1.0,7.0,6.0,17.0,14.0,22.0,7.0,14.0,22.0,4.0,5.0,11.0,3.0,28.0,5.0,23.0,21.0,8.0,18.0,16.0,7.0,1.0,2.0,9.0,5.0,Regular Season,1610612760.0,17.0,12.0,5.0,0.706,821.0,112.1,114.7,107.6,109.3,4.5,5.4,0.564,1.84,17.3,0.263,0.753,0.515,0.127,0.545,0.587,101.4,99.39,82.83,1704.0,0.551,1.0,1.0,7.0,6.0,1.0,7.0,8.0,5.0,23.0,11.0,19.0,17.0,4.0,6.0,7.0,9.0,6.0,19.0,2.0,Regular Season
orlando magic,2019-20,4,1610612753.0,15.0,7.0,8.0,0.467,48.0,38.4,89.3,0.43,10.9,32.5,0.335,17.1,22.7,0.753,11.4,35.3,46.7,22.3,12.1,8.6,4.3,4.9,17.5,19.0,104.7,0.1,8.0,16.0,17.0,17.0,19.0,28.0,17.0,28.0,24.0,18.0,26.0,19.0,16.0,21.0,5.0,10.0,5.0,27.0,3.0,6.0,22.0,15.0,2.0,24.0,29.0,18.0,Regular Season,1610612753.0,15.0,7.0,8.0,0.467,720.0,104.7,106.9,104.5,106.9,0.2,0.1,0.58,1.84,16.6,0.275,0.759,0.506,0.124,0.491,0.527,100.1,97.9,81.58,1469.0,0.496,8.0,16.0,17.0,17.0,16.0,26.0,4.0,18.0,18.0,12.0,27.0,12.0,3.0,12.0,4.0,29.0,29.0,25.0,17.0,Regular Season
philadelphia 76ers,2019-20,4,1610612755.0,13.0,8.0,5.0,0.615,48.0,39.9,86.5,0.461,10.7,32.8,0.326,15.8,21.6,0.73,9.5,35.0,44.5,25.5,12.8,8.2,4.9,3.2,20.0,20.2,106.3,1.6,27.0,12.0,7.0,10.0,19.0,24.0,25.0,22.0,26.0,17.0,28.0,26.0,24.0,26.0,22.0,13.0,20.0,9.0,10.0,11.0,14.0,1.0,15.0,16.0,25.0,13.0,Regular Season,1610612755.0,13.0,8.0,5.0,0.615,624.0,106.9,107.0,103.2,105.6,3.7,1.4,0.638,1.98,18.6,0.238,0.737,0.49,0.129,0.523,0.553,100.4,99.27,82.72,1292.0,0.529,27.0,12.0,7.0,10.0,27.0,25.0,3.0,14.0,5.0,6.0,6.0,25.0,13.0,22.0,11.0,22.0,25.0,20.0,6.0,Regular Season
phoenix suns,2019-20,4,1610612756.0,15.0,7.0,8.0,0.467,48.0,40.0,85.3,0.469,8.7,26.3,0.33,21.5,26.0,0.828,10.1,34.7,44.8,24.6,15.0,7.7,4.5,5.6,22.5,22.2,110.2,0.2,8.0,16.0,17.0,17.0,19.0,23.0,28.0,11.0,30.0,29.0,27.0,1.0,5.0,2.0,14.0,16.0,14.0,13.0,24.0,13.0,20.0,25.0,27.0,6.0,22.0,17.0,Regular Season,1610612756.0,15.0,7.0,8.0,0.467,720.0,108.4,109.0,105.1,108.6,3.3,0.4,0.615,1.64,17.8,0.266,0.728,0.504,0.148,0.52,0.57,103.1,101.17,84.31,1516.0,0.515,8.0,16.0,17.0,17.0,16.0,20.0,7.0,17.0,10.0,22.0,14.0,14.0,16.0,14.0,24.0,24.0,15.0,14.0,12.0,Regular Season
portland trail blazers,2019-20,4,1610612757.0,15.0,8.0,7.0,0.533,48.3,42.1,91.3,0.462,12.8,35.1,0.364,17.9,22.9,0.784,10.0,35.1,45.1,20.6,11.8,5.7,6.4,5.3,19.7,20.5,115.0,-1.9,8.0,12.0,13.0,14.0,9.0,9.0,3.0,21.0,11.0,11.0,10.0,16.0,14.0,11.0,16.0,12.0,12.0,30.0,2.0,27.0,3.0,20.0,11.0,13.0,9.0,20.0,Regular Season,1610612757.0,15.0,8.0,7.0,0.533,725.0,111.5,114.2,113.3,115.3,-1.8,-1.2,0.489,1.75,15.3,0.258,0.702,0.485,0.117,0.532,0.567,102.5,100.37,83.64,1511.0,0.49,8.0,12.0,13.0,14.0,10.0,10.0,27.0,19.0,30.0,15.0,30.0,20.0,29.0,27.0,2.0,15.0,17.0,15.0,18.0,Regular Season
sacramento kings,2019-20,4,1610612758.0,14.0,6.0,8.0,0.429,48.7,42.1,89.8,0.469,12.9,34.6,0.374,15.9,20.9,0.761,9.2,34.4,43.6,24.3,14.4,7.9,3.9,3.9,23.0,19.5,113.1,-1.9,21.0,20.0,17.0,20.0,3.0,8.0,12.0,10.0,10.0,12.0,5.0,24.0,25.0,19.0,24.0,19.0,24.0,15.0,16.0,12.0,26.0,3.0,29.0,21.0,16.0,19.0,Regular Season,1610612758.0,14.0,6.0,8.0,0.429,682.0,108.6,109.8,109.3,111.6,-0.7,-1.7,0.576,1.69,17.5,0.237,0.743,0.487,0.139,0.541,0.571,103.1,101.52,84.6,1442.0,0.482,21.0,20.0,17.0,20.0,21.0,18.0,17.0,20.0,20.0,21.0,15.0,26.0,11.0,25.0,16.0,10.0,13.0,10.0,20.0,Regular Season
san antonio spurs,2019-20,4,1610612759.0,15.0,7.0,8.0,0.467,48.0,40.7,87.0,0.467,11.5,31.3,0.368,21.2,24.9,0.85,8.9,35.5,44.4,24.0,11.5,6.3,5.1,4.0,19.7,19.9,114.1,0.8,8.0,16.0,17.0,17.0,19.0,20.0,23.0,15.0,16.0,21.0,7.0,3.0,8.0,1.0,25.0,9.0,21.0,18.0,1.0,23.0,11.0,5.0,11.0,17.0,12.0,15.0,Regular Season,1610612759.0,15.0,7.0,8.0,0.467,720.0,113.4,114.9,112.2,113.8,1.2,1.1,0.59,2.08,17.9,0.233,0.744,0.495,0.116,0.534,0.582,100.7,99.4,82.83,1489.0,0.507,8.0,16.0,17.0,17.0,16.0,6.0,25.0,15.0,14.0,2.0,13.0,28.0,10.0,18.0,1.0,13.0,8.0,18.0,15.0,Regular Season
toronto raptors,2019-20,4,1610612761.0,15.0,12.0,3.0,0.8,48.3,42.1,90.9,0.464,13.9,37.8,0.367,15.9,20.7,0.768,10.1,34.5,44.5,26.8,12.9,9.6,4.4,5.7,22.2,18.9,114.1,8.0,8.0,1.0,2.0,2.0,9.0,9.0,5.0,17.0,5.0,4.0,8.0,23.0,26.0,17.0,14.0,18.0,18.0,4.0,11.0,2.0,21.0,27.0,26.0,25.0,12.0,3.0,Regular Season,1610612761.0,15.0,12.0,3.0,0.8,725.0,110.9,113.2,102.4,105.1,8.5,8.2,0.636,2.07,19.1,0.261,0.726,0.492,0.128,0.54,0.57,102.5,100.14,83.45,1511.0,0.529,8.0,1.0,2.0,2.0,10.0,13.0,2.0,3.0,6.0,3.0,3.0,19.0,19.0,20.0,9.0,11.0,14.0,16.0,7.0,Regular Season
utah jazz,2019-20,4,1610612762.0,15.0,11.0,4.0,0.733,48.3,43.3,87.5,0.495,14.4,37.7,0.382,17.1,22.6,0.755,9.7,35.6,45.3,23.5,12.7,5.7,4.1,4.5,19.1,19.3,118.1,9.6,8.0,3.0,3.0,3.0,9.0,6.0,20.0,3.0,2.0,5.0,3.0,19.0,17.0,20.0,20.0,8.0,9.0,20.0,7.0,27.0,25.0,11.0,5.0,23.0,4.0,2.0,Regular Season,1610612762.0,15.0,11.0,4.0,0.733,725.0,117.6,119.9,108.7,110.1,8.8,9.7,0.543,1.85,17.4,0.29,0.75,0.526,0.129,0.577,0.606,99.5,97.85,81.54,1478.0,0.542,8.0,3.0,3.0,3.0,10.0,1.0,10.0,1.0,26.0,10.0,17.0,6.0,6.0,1.0,10.0,1.0,1.0,26.0,5.0,Regular Season
washington wizards,2019-20,4,1610612764.0,15.0,6.0,9.0,0.4,48.3,41.9,89.5,0.468,10.6,29.4,0.361,19.5,25.1,0.779,10.7,32.7,43.3,23.3,14.8,6.7,5.0,4.4,22.7,22.3,113.9,-7.1,8.0,20.0,21.0,21.0,9.0,13.0,15.0,13.0,27.0,27.0,14.0,9.0,7.0,13.0,11.0,27.0,25.0,22.0,22.0,21.0,12.0,9.0,28.0,4.0,15.0,27.0,Regular Season,1610612764.0,15.0,6.0,9.0,0.4,725.0,108.8,110.4,114.8,117.6,-6.1,-7.2,0.556,1.57,16.6,0.283,0.709,0.494,0.144,0.527,0.566,104.3,102.29,85.24,1547.0,0.467,8.0,20.0,21.0,21.0,10.0,17.0,30.0,27.0,25.0,25.0,26.0,10.0,28.0,19.0,20.0,18.0,18.0,7.0,24.0,Regular Season
atlanta hawks,2019-20,5,1610612737.0,13.0,6.0,7.0,0.462,48.8,42.4,90.6,0.468,13.3,36.3,0.367,22.1,25.8,0.854,9.3,33.7,43.0,25.8,14.2,7.4,5.1,6.8,21.1,21.6,120.2,-2.9,1.0,10.0,19.0,14.0,7.0,7.0,10.0,13.0,13.0,9.0,15.0,1.0,5.0,1.0,21.0,17.0,17.0,12.0,17.0,21.0,15.0,30.0,22.0,7.0,2.0,19.0,Regular Season,1610612737.0,13.0,6.0,7.0,0.462,634.0,112.5,115.0,115.1,117.4,-2.6,-2.4,0.608,1.82,18.0,0.254,0.701,0.48,0.135,0.541,0.589,105.2,103.0,85.84,1358.0,0.489,1.0,10.0,19.0,14.0,1.0,5.0,28.0,18.0,17.0,12.0,17.0,18.0,26.0,24.0,14.0,15.0,5.0,5.0,21.0,Regular Season
boston celtics,2019-20,5,1610612738.0,12.0,9.0,3.0,0.75,49.3,41.5,88.8,0.467,13.3,33.3,0.4,20.8,26.3,0.794,10.3,37.3,47.6,20.8,13.3,8.0,4.6,5.9,22.2,21.1,117.2,6.5,4.0,2.0,4.0,4.0,2.0,17.0,18.0,15.0,12.0,17.0,2.0,4.0,4.0,13.0,12.0,6.0,7.0,29.0,10.0,13.0,19.0,28.0,27.0,9.0,9.0,6.0,Regular Season,1610612738.0,12.0,9.0,3.0,0.75,591.0,113.3,114.5,106.6,108.2,6.7,6.3,0.502,1.57,15.2,0.272,0.748,0.515,0.129,0.542,0.584,101.0,99.7,83.08,1228.0,0.536,4.0,2.0,4.0,4.0,4.0,6.0,9.0,6.0,28.0,25.0,29.0,15.0,10.0,9.0,11.0,14.0,12.0,20.0,4.0,Regular Season
brooklyn nets,2019-20,5,1610612751.0,12.0,5.0,7.0,0.417,48.4,40.6,91.7,0.443,14.1,39.6,0.356,17.2,22.7,0.757,11.8,38.7,50.5,25.7,13.6,5.7,4.3,5.0,20.2,19.1,112.4,4.7,4.0,16.0,19.0,21.0,13.0,22.0,4.0,27.0,8.0,4.0,22.0,17.0,11.0,21.0,4.0,2.0,3.0,13.0,13.0,28.0,22.0,16.0,15.0,23.0,16.0,8.0,Regular Season,1610612751.0,12.0,5.0,7.0,0.417,581.0,108.7,112.6,106.1,108.2,2.7,4.4,0.632,1.89,18.1,0.315,0.753,0.535,0.136,0.52,0.553,101.6,98.85,82.38,1198.0,0.518,4.0,16.0,19.0,21.0,5.0,14.0,8.0,8.0,8.0,10.0,15.0,3.0,8.0,4.0,16.0,25.0,25.0,25.0,10.0,Regular Season
charlotte hornets,2019-20,5,1610612766.0,11.0,5.0,6.0,0.455,48.0,36.3,85.3,0.425,10.8,32.9,0.329,14.5,20.3,0.717,11.1,33.9,45.0,22.3,14.3,6.5,3.7,5.2,16.5,19.0,97.9,-8.9,10.0,16.0,13.0,16.0,16.0,30.0,28.0,30.0,24.0,19.0,27.0,28.0,25.0,26.0,9.0,16.0,12.0,25.0,18.0,26.0,25.0,20.0,1.0,24.0,30.0,29.0,Regular Season,1610612766.0,11.0,5.0,6.0,0.455,528.0,100.5,102.5,109.6,111.8,-9.1,-9.3,0.614,1.56,16.8,0.286,0.72,0.499,0.149,0.489,0.52,97.4,95.55,79.62,1051.0,0.449,10.0,16.0,13.0,16.0,19.0,30.0,14.0,29.0,14.0,26.0,25.0,9.0,18.0,16.0,21.0,30.0,30.0,29.0,28.0,Regular Season
chicago bulls,2019-20,5,1610612741.0,9.0,1.0,8.0,0.111,48.0,42.1,88.9,0.474,13.8,35.6,0.388,13.8,20.0,0.689,12.3,26.8,39.1,23.9,17.8,10.4,3.2,5.1,23.3,19.3,111.8,-8.1,30.0,30.0,25.0,30.0,16.0,11.0,17.0,8.0,9.0,11.0,6.0,29.0,27.0,28.0,3.0,30.0,30.0,24.0,30.0,1.0,29.0,19.0,30.0,17.0,19.0,28.0,Regular Season,1610612741.0,9.0,1.0,8.0,0.111,432.0,108.4,110.7,118.3,119.4,-9.9,-8.7,0.567,1.34,17.0,0.324,0.674,0.484,0.176,0.551,0.572,102.2,100.72,83.94,909.0,0.43,30.0,30.0,25.0,30.0,30.0,19.0,30.0,28.0,25.0,30.0,24.0,2.0,30.0,22.0,30.0,8.0,16.0,12.0,30.0,Regular Season
cleveland cavaliers,2019-20,5,1610612739.0,11.0,4.0,7.0,0.364,48.9,42.4,89.1,0.476,11.9,32.3,0.369,14.9,20.0,0.745,10.8,33.1,43.9,26.5,17.5,6.8,3.5,6.3,18.2,19.3,111.5,-5.8,10.0,23.0,19.0,23.0,4.0,8.0,15.0,5.0,18.0,22.0,14.0,26.0,27.0,22.0,10.0,21.0,16.0,9.0,28.0,22.0,27.0,29.0,3.0,18.0,21.0,26.0,Regular Season,1610612739.0,11.0,4.0,7.0,0.364,538.0,106.7,109.4,113.8,115.3,-7.1,-5.9,0.627,1.52,18.6,0.303,0.741,0.518,0.171,0.542,0.57,101.9,100.01,83.35,1122.0,0.458,10.0,23.0,19.0,23.0,11.0,22.0,25.0,25.0,9.0,27.0,9.0,6.0,13.0,8.0,29.0,13.0,17.0,15.0,26.0,Regular Season
dallas mavericks,2019-20,5,1610612742.0,12.0,7.0,5.0,0.583,48.0,41.4,88.7,0.467,16.9,42.2,0.401,18.6,22.4,0.829,9.0,36.3,45.3,25.5,12.3,5.3,5.5,3.9,19.3,20.1,118.3,6.2,4.0,5.0,11.0,11.0,16.0,18.0,20.0,16.0,2.0,2.0,1.0,8.0,15.0,3.0,22.0,8.0,11.0,14.0,4.0,29.0,8.0,7.0,9.0,13.0,6.0,7.0,Regular Season,1610612742.0,12.0,7.0,5.0,0.583,576.0,116.3,118.1,110.1,112.4,6.2,5.8,0.616,2.08,18.5,0.247,0.739,0.501,0.122,0.563,0.6,101.8,100.0,83.33,1202.0,0.528,4.0,5.0,11.0,11.0,7.0,1.0,15.0,7.0,12.0,4.0,10.0,22.0,14.0,14.0,4.0,2.0,2.0,16.0,7.0,Regular Season
denver nuggets,2019-20,5,1610612743.0,10.0,6.0,4.0,0.6,49.0,44.2,86.0,0.514,10.9,28.5,0.382,16.2,20.9,0.775,9.4,33.1,42.5,27.2,13.8,7.8,5.2,3.0,20.4,19.7,115.5,2.6,26.0,10.0,7.0,9.0,3.0,2.0,25.0,1.0,23.0,26.0,8.0,23.0,24.0,17.0,20.0,20.0,20.0,6.0,15.0,16.0,10.0,1.0,18.0,14.0,12.0,10.0,Regular Season,1610612743.0,10.0,6.0,4.0,0.6,490.0,116.0,117.3,112.0,114.2,4.0,3.1,0.615,1.97,19.8,0.274,0.714,0.509,0.14,0.577,0.607,98.2,96.69,80.57,985.0,0.527,26.0,10.0,7.0,9.0,26.0,2.0,22.0,10.0,13.0,6.0,4.0,13.0,23.0,11.0,17.0,1.0,1.0,28.0,8.0,Regular Season
detroit pistons,2019-20,5,1610612765.0,11.0,3.0,8.0,0.273,48.9,38.5,87.2,0.441,12.3,34.3,0.358,13.4,16.8,0.795,11.5,29.8,41.3,24.4,15.0,6.5,3.7,5.6,19.5,18.2,102.5,-5.8,10.0,27.0,25.0,27.0,4.0,29.0,23.0,29.0,17.0,15.0,20.0,30.0,30.0,10.0,5.0,29.0,23.0,22.0,20.0,25.0,25.0,24.0,11.0,26.0,29.0,26.0,Regular Season,1610612765.0,11.0,3.0,8.0,0.273,538.0,104.5,107.1,111.7,113.3,-7.2,-6.2,0.634,1.62,18.0,0.302,0.718,0.497,0.157,0.511,0.542,95.7,93.9,78.25,1053.0,0.443,10.0,27.0,25.0,27.0,11.0,27.0,20.0,27.0,7.0,24.0,18.0,7.0,22.0,17.0,25.0,27.0,28.0,30.0,29.0,Regular Season
golden state warriors,2019-20,5,1610612744.0,11.0,3.0,8.0,0.273,48.0,39.5,85.7,0.461,10.3,32.6,0.315,17.2,21.5,0.797,8.5,31.5,40.1,27.5,16.4,9.0,5.7,3.9,20.7,19.2,106.5,-10.3,10.0,27.0,25.0,27.0,16.0,28.0,26.0,21.0,25.0,20.0,29.0,15.0,20.0,8.0,23.0,27.0,29.0,4.0,26.0,5.0,3.0,6.0,20.0,20.0,27.0,30.0,Regular Season,1610612744.0,11.0,3.0,8.0,0.273,528.0,103.4,105.2,111.9,114.8,-8.5,-9.6,0.697,1.68,19.7,0.222,0.72,0.467,0.162,0.521,0.56,103.7,101.5,84.58,1114.0,0.459,10.0,27.0,25.0,27.0,19.0,28.0,23.0,30.0,3.0,19.0,5.0,28.0,19.0,28.0,26.0,22.0,21.0,10.0,25.0,Regular Season
houston rockets,2019-20,5,1610612745.0,11.0,9.0,2.0,0.818,48.5,41.7,90.7,0.46,17.5,48.9,0.359,18.3,22.3,0.82,7.6,32.7,40.4,20.9,12.8,10.2,5.6,5.0,20.6,17.5,119.3,7.9,10.0,2.0,2.0,2.0,8.0,14.0,9.0,22.0,1.0,1.0,18.0,9.0,16.0,5.0,30.0,23.0,27.0,27.0,7.0,2.0,6.0,16.0,19.0,30.0,4.0,5.0,Regular Season,1610612745.0,11.0,9.0,2.0,0.818,533.0,112.8,115.8,105.5,108.1,7.4,7.7,0.501,1.63,15.5,0.219,0.687,0.453,0.124,0.557,0.593,104.7,102.03,85.03,1133.0,0.507,10.0,2.0,2.0,2.0,14.0,4.0,7.0,4.0,29.0,23.0,28.0,29.0,29.0,30.0,5.0,5.0,3.0,7.0,14.0,Regular Season
indiana pacers,2019-20,5,1610612754.0,12.0,5.0,7.0,0.417,48.0,41.3,87.3,0.473,9.3,28.8,0.321,14.7,19.3,0.759,8.3,34.7,42.9,26.2,13.4,7.5,5.2,3.8,19.3,19.0,106.4,-0.9,4.0,16.0,19.0,21.0,16.0,19.0,22.0,10.0,28.0,25.0,28.0,27.0,29.0,20.0,26.0,11.0,19.0,11.0,12.0,20.0,12.0,5.0,10.0,24.0,28.0,15.0,Regular Season,1610612754.0,12.0,5.0,7.0,0.417,576.0,105.4,107.3,106.3,108.1,-0.8,-0.7,0.634,1.95,19.2,0.236,0.719,0.484,0.135,0.526,0.556,101.0,99.25,82.71,1190.0,0.51,4.0,16.0,19.0,21.0,7.0,26.0,6.0,15.0,6.0,8.0,7.0,25.0,21.0,21.0,13.0,20.0,23.0,21.0,12.0,Regular Season
la clippers,2019-20,5,1610612746.0,11.0,7.0,4.0,0.636,48.9,43.2,91.3,0.473,13.7,35.2,0.39,18.0,21.9,0.822,9.8,38.6,48.5,26.3,13.6,6.6,5.1,4.7,21.8,19.1,118.1,8.0,10.0,5.0,7.0,7.0,4.0,5.0,5.0,9.0,10.0,13.0,5.0,10.0,19.0,4.0,15.0,3.0,5.0,10.0,14.0,24.0,14.0,14.0,26.0,21.0,7.0,4.0,Regular Season,1610612746.0,11.0,7.0,4.0,0.636,538.0,112.8,113.4,104.6,106.1,8.2,7.2,0.608,1.93,18.4,0.249,0.75,0.512,0.131,0.548,0.585,103.1,102.02,85.02,1146.0,0.533,10.0,5.0,7.0,7.0,11.0,10.0,4.0,5.0,16.0,9.0,12.0,21.0,9.0,10.0,12.0,11.0,9.0,8.0,6.0,Regular Season
los angeles lakers,2019-20,5,1610612747.0,11.0,9.0,2.0,0.818,48.5,43.8,88.8,0.493,11.8,33.4,0.354,18.0,26.5,0.68,11.4,37.0,48.4,27.5,15.8,8.9,5.5,3.0,19.7,23.2,117.5,9.4,10.0,2.0,2.0,2.0,8.0,4.0,19.0,2.0,19.0,16.0,24.0,10.0,3.0,30.0,6.0,7.0,6.0,5.0,25.0,6.0,7.0,1.0,13.0,3.0,8.0,2.0,Regular Season,1610612747.0,11.0,9.0,2.0,0.818,533.0,112.0,113.9,103.7,105.6,8.3,8.3,0.627,1.74,18.8,0.309,0.78,0.544,0.153,0.56,0.585,103.6,101.76,84.8,1134.0,0.557,10.0,2.0,2.0,2.0,14.0,7.0,3.0,3.0,10.0,16.0,8.0,4.0,2.0,2.0,24.0,4.0,10.0,9.0,2.0,Regular Season
memphis grizzlies,2019-20,5,1610612763.0,11.0,5.0,6.0,0.455,48.0,42.0,93.5,0.449,7.7,26.4,0.293,16.1,22.5,0.717,12.6,37.9,50.5,24.8,13.9,7.5,5.5,5.5,19.8,19.4,107.8,-2.5,10.0,16.0,13.0,16.0,16.0,12.0,1.0,26.0,30.0,29.0,30.0,24.0,13.0,27.0,2.0,5.0,2.0,19.0,16.0,18.0,9.0,22.0,14.0,16.0,26.0,17.0,Regular Season,1610612763.0,11.0,5.0,6.0,0.455,528.0,103.0,105.1,105.9,107.4,-2.9,-2.3,0.591,1.78,17.3,0.307,0.744,0.527,0.136,0.49,0.521,104.4,102.59,85.49,1128.0,0.499,10.0,16.0,13.0,16.0,19.0,29.0,5.0,17.0,23.0,14.0,23.0,5.0,12.0,6.0,15.0,29.0,29.0,6.0,16.0,Regular Season
miami heat,2019-20,5,1610612748.0,13.0,6.0,7.0,0.462,48.4,40.5,86.6,0.468,14.8,37.4,0.395,19.9,25.7,0.775,8.5,34.5,43.0,28.4,12.8,8.1,4.9,4.1,20.4,22.5,115.8,2.0,1.0,10.0,19.0,14.0,15.0,24.0,24.0,12.0,5.0,7.0,3.0,5.0,7.0,16.0,25.0,13.0,17.0,2.0,9.0,12.0,17.0,9.0,17.0,5.0,11.0,11.0,Regular Season,1610612748.0,13.0,6.0,7.0,0.462,629.0,113.2,115.9,111.5,113.7,1.7,2.2,0.7,2.21,20.3,0.245,0.76,0.502,0.129,0.553,0.591,101.3,99.21,82.67,1299.0,0.522,1.0,10.0,19.0,14.0,2.0,3.0,21.0,11.0,2.0,2.0,2.0,23.0,5.0,12.0,10.0,6.0,4.0,22.0,9.0,Regular Season
milwaukee bucks,2019-20,5,1610612749.0,11.0,10.0,1.0,0.909,48.5,44.4,93.4,0.475,14.5,38.8,0.375,17.5,22.1,0.794,9.5,44.7,54.2,26.8,15.6,6.8,6.1,4.0,19.2,20.1,120.8,15.2,10.0,1.0,1.0,1.0,8.0,1.0,2.0,6.0,6.0,6.0,12.0,14.0,18.0,11.0,18.0,1.0,1.0,8.0,24.0,22.0,1.0,8.0,7.0,12.0,1.0,1.0,Regular Season,1610612749.0,11.0,10.0,1.0,0.909,533.0,110.6,112.5,96.4,98.3,14.2,14.2,0.605,1.72,18.3,0.253,0.785,0.537,0.146,0.553,0.586,108.4,106.4,88.67,1181.0,0.589,10.0,1.0,1.0,1.0,14.0,15.0,1.0,1.0,18.0,18.0,13.0,19.0,1.0,3.0,20.0,7.0,8.0,2.0,1.0,Regular Season
minnesota timberwolves,2019-20,5,1610612750.0,11.0,2.0,9.0,0.182,48.0,41.5,91.1,0.456,15.0,41.7,0.359,22.0,28.5,0.773,8.5,31.7,40.3,25.0,15.0,9.4,5.7,5.6,22.3,22.7,120.1,-5.5,10.0,29.0,29.0,29.0,16.0,16.0,6.0,25.0,3.0,3.0,17.0,2.0,1.0,18.0,23.0,26.0,28.0,17.0,20.0,4.0,3.0,24.0,28.0,4.0,3.0,24.0,Regular Season,1610612750.0,11.0,2.0,9.0,0.182,528.0,109.1,113.0,116.6,117.8,-7.5,-4.8,0.602,1.67,17.3,0.25,0.724,0.472,0.141,0.538,0.58,108.9,106.41,88.67,1169.0,0.464,10.0,29.0,29.0,29.0,19.0,12.0,29.0,23.0,20.0,20.0,22.0,20.0,16.0,26.0,18.0,17.0,14.0,1.0,24.0,Regular Season
new orleans pelicans,2019-20,5,1610612740.0,10.0,6.0,4.0,0.6,48.0,44.2,90.9,0.486,13.5,35.3,0.382,17.1,23.8,0.718,11.2,38.6,49.8,32.0,17.6,8.3,5.1,5.8,19.6,19.6,119.0,3.9,26.0,10.0,7.0,9.0,16.0,2.0,8.0,3.0,11.0,12.0,9.0,18.0,9.0,25.0,8.0,4.0,4.0,1.0,29.0,11.0,13.0,27.0,12.0,15.0,5.0,9.0,Regular Season,1610612740.0,10.0,6.0,4.0,0.6,480.0,110.4,112.7,106.1,109.1,4.4,3.6,0.724,1.82,21.1,0.291,0.746,0.527,0.167,0.561,0.587,108.2,105.55,87.96,1056.0,0.533,26.0,10.0,7.0,9.0,27.0,13.0,10.0,9.0,1.0,13.0,1.0,8.0,11.0,5.0,28.0,3.0,7.0,3.0,5.0,Regular Season
new york knicks,2019-20,5,1610612752.0,11.0,5.0,6.0,0.455,49.4,42.5,89.5,0.475,8.1,23.9,0.338,16.5,23.9,0.688,12.8,34.6,47.5,24.7,15.1,7.9,4.5,5.5,21.7,20.4,109.5,-2.7,10.0,16.0,13.0,16.0,1.0,6.0,14.0,7.0,29.0,30.0,26.0,22.0,8.0,29.0,1.0,12.0,8.0,20.0,22.0,14.0,20.0,23.0,24.0,11.0,23.0,18.0,Regular Season,1610612752.0,11.0,5.0,6.0,0.455,543.0,107.0,109.0,110.3,111.7,-3.3,-2.7,0.582,1.64,17.4,0.336,0.767,0.546,0.15,0.52,0.547,99.2,97.68,81.4,1105.0,0.49,10.0,16.0,13.0,16.0,10.0,24.0,13.0,19.0,24.0,21.0,20.0,1.0,4.0,1.0,22.0,24.0,26.0,27.0,20.0,Regular Season
oklahoma city thunder,2019-20,5,1610612760.0,10.0,7.0,3.0,0.7,48.0,40.7,84.5,0.482,9.7,27.3,0.355,21.2,26.7,0.794,7.9,33.0,40.9,20.9,11.9,7.6,4.6,3.1,19.2,23.2,112.3,0.8,26.0,5.0,4.0,5.0,16.0,21.0,30.0,4.0,27.0,28.0,23.0,3.0,2.0,12.0,29.0,22.0,25.0,28.0,2.0,17.0,18.0,3.0,8.0,2.0,17.0,13.0,Regular Season,1610612760.0,10.0,7.0,3.0,0.7,480.0,112.0,113.5,110.3,112.5,1.7,1.0,0.514,1.76,16.1,0.227,0.708,0.474,0.12,0.539,0.583,100.7,99.0,82.5,989.0,0.511,26.0,5.0,4.0,5.0,27.0,9.0,17.0,13.0,27.0,15.0,26.0,26.0,25.0,25.0,2.0,16.0,13.0,23.0,11.0,Regular Season
orlando magic,2019-20,5,1610612753.0,12.0,6.0,6.0,0.5,48.4,41.8,89.8,0.465,12.5,35.8,0.35,16.5,21.2,0.78,10.0,33.9,43.9,27.9,12.8,8.4,6.1,5.3,16.6,18.2,112.5,-1.3,4.0,10.0,13.0,13.0,13.0,13.0,12.0,17.0,16.0,10.0,25.0,21.0,21.0,15.0,14.0,15.0,15.0,3.0,6.0,8.0,2.0,21.0,2.0,27.0,15.0,16.0,Regular Season,1610612753.0,12.0,6.0,6.0,0.5,581.0,110.5,111.8,110.7,113.3,-0.2,-1.5,0.669,2.19,19.8,0.262,0.753,0.501,0.127,0.535,0.568,101.4,99.72,83.1,1208.0,0.504,4.0,10.0,13.0,13.0,5.0,17.0,19.0,16.0,5.0,3.0,3.0,17.0,7.0,13.0,8.0,18.0,18.0,19.0,15.0,Regular Season
philadelphia 76ers,2019-20,5,1610612755.0,11.0,6.0,5.0,0.545,48.5,39.7,89.8,0.442,11.7,32.2,0.364,17.6,22.5,0.782,11.3,34.1,45.4,24.4,12.5,7.8,5.7,3.8,18.6,19.1,108.8,-3.5,10.0,10.0,11.0,12.0,8.0,26.0,11.0,28.0,21.0,23.0,16.0,13.0,12.0,14.0,7.0,14.0,10.0,22.0,5.0,15.0,3.0,4.0,6.0,21.0,24.0,21.0,Regular Season,1610612755.0,11.0,6.0,5.0,0.545,533.0,107.8,109.0,109.3,112.5,-1.5,-3.5,0.613,1.96,17.6,0.275,0.72,0.493,0.125,0.508,0.546,100.9,98.88,82.4,1098.0,0.496,10.0,10.0,11.0,12.0,14.0,23.0,16.0,21.0,15.0,7.0,19.0,12.0,20.0,18.0,6.0,28.0,27.0,24.0,17.0,Regular Season
phoenix suns,2019-20,5,1610612756.0,13.0,4.0,9.0,0.308,48.0,39.6,85.5,0.463,10.1,28.2,0.357,18.8,22.2,0.851,10.2,30.9,41.2,26.8,16.4,8.4,4.2,5.8,20.9,21.9,108.2,-4.6,1.0,23.0,29.0,26.0,16.0,27.0,27.0,18.0,26.0,27.0,21.0,7.0,17.0,2.0,13.0,28.0,24.0,7.0,27.0,9.0,23.0,26.0,21.0,6.0,25.0,22.0,Regular Season,1610612756.0,13.0,4.0,9.0,0.308,624.0,106.6,108.8,110.5,112.6,-3.9,-3.8,0.678,1.64,19.3,0.277,0.695,0.486,0.165,0.522,0.568,101.7,99.77,83.14,1292.0,0.491,1.0,23.0,29.0,26.0,3.0,25.0,18.0,22.0,4.0,22.0,6.0,10.0,28.0,20.0,27.0,21.0,19.0,18.0,19.0,Regular Season
portland trail blazers,2019-20,5,1610612757.0,12.0,4.0,8.0,0.333,48.0,42.2,91.1,0.463,12.6,32.6,0.386,15.0,20.2,0.744,10.7,33.4,44.1,19.3,12.8,6.3,5.0,4.6,20.3,18.1,111.9,-5.7,4.0,23.0,25.0,25.0,16.0,10.0,7.0,19.0,15.0,21.0,7.0,25.0,26.0,23.0,11.0,18.0,14.0,30.0,8.0,27.0,16.0,12.0,16.0,28.0,18.0,25.0,Regular Season,1610612757.0,12.0,4.0,8.0,0.333,576.0,109.6,111.0,114.7,117.0,-5.1,-6.0,0.458,1.51,14.5,0.264,0.723,0.491,0.127,0.532,0.56,102.3,100.67,83.89,1210.0,0.452,4.0,23.0,25.0,25.0,7.0,18.0,27.0,26.0,30.0,28.0,30.0,16.0,17.0,19.0,9.0,19.0,20.0,13.0,27.0,Regular Season
sacramento kings,2019-20,5,1610612758.0,11.0,7.0,4.0,0.636,48.0,40.5,87.6,0.463,14.5,36.8,0.393,17.2,23.6,0.727,8.2,32.6,40.8,25.1,12.1,7.5,3.5,4.6,21.7,21.2,112.7,1.4,10.0,5.0,7.0,7.0,16.0,23.0,21.0,20.0,7.0,8.0,4.0,15.0,10.0,24.0,27.0,24.0,26.0,16.0,3.0,18.0,27.0,13.0,24.0,8.0,14.0,12.0,Regular Season,1610612758.0,11.0,7.0,4.0,0.636,528.0,110.6,112.3,108.5,110.7,2.1,1.7,0.619,2.08,18.4,0.223,0.729,0.47,0.12,0.545,0.575,102.3,100.5,83.75,1104.0,0.494,10.0,5.0,7.0,7.0,19.0,16.0,12.0,12.0,11.0,5.0,11.0,27.0,15.0,27.0,3.0,12.0,15.0,14.0,18.0,Regular Season
san antonio spurs,2019-20,5,1610612759.0,11.0,4.0,7.0,0.364,48.0,40.9,89.5,0.457,11.0,29.4,0.375,16.9,20.9,0.809,8.2,33.4,41.5,24.5,10.5,8.4,4.4,5.0,18.4,17.9,109.7,-5.2,10.0,23.0,19.0,23.0,16.0,20.0,13.0,24.0,22.0,24.0,13.0,19.0,23.0,6.0,27.0,19.0,22.0,21.0,1.0,10.0,21.0,16.0,4.0,29.0,22.0,23.0,Regular Season,1610612759.0,11.0,4.0,7.0,0.364,528.0,108.5,109.9,113.5,115.1,-5.0,-5.2,0.598,2.32,18.2,0.218,0.775,0.483,0.106,0.518,0.556,101.2,99.82,83.18,1098.0,0.474,10.0,23.0,19.0,23.0,19.0,20.0,24.0,24.0,21.0,1.0,14.0,30.0,3.0,23.0,1.0,26.0,24.0,17.0,23.0,Regular Season
toronto raptors,2019-20,5,1610612761.0,10.0,7.0,3.0,0.7,48.0,41.6,89.0,0.467,14.8,39.1,0.379,16.8,21.1,0.796,9.5,35.1,44.6,25.1,14.5,8.8,5.2,4.9,21.7,19.2,114.8,8.8,26.0,5.0,4.0,5.0,16.0,15.0,16.0,14.0,4.0,5.0,10.0,20.0,22.0,9.0,17.0,10.0,13.0,15.0,19.0,7.0,10.0,15.0,23.0,19.0,13.0,3.0,Regular Season,1610612761.0,10.0,7.0,3.0,0.7,480.0,111.1,113.6,101.8,105.2,9.4,8.4,0.603,1.73,18.0,0.275,0.708,0.5,0.143,0.551,0.584,103.7,100.95,84.12,1011.0,0.536,26.0,5.0,4.0,5.0,27.0,8.0,2.0,2.0,19.0,17.0,16.0,11.0,24.0,15.0,19.0,9.0,11.0,11.0,3.0,Regular Season
utah jazz,2019-20,5,1610612762.0,11.0,5.0,6.0,0.455,48.0,40.3,85.3,0.472,13.3,35.1,0.378,17.9,22.5,0.798,9.6,36.1,45.7,21.2,15.1,5.0,3.1,4.3,18.5,20.5,111.7,-3.4,10.0,16.0,13.0,16.0,16.0,25.0,28.0,11.0,14.0,14.0,11.0,12.0,13.0,7.0,16.0,9.0,9.0,26.0,22.0,30.0,30.0,11.0,5.0,10.0,20.0,20.0,Regular Season,1610612762.0,11.0,5.0,6.0,0.455,528.0,111.1,113.3,115.1,116.7,-4.0,-3.4,0.526,1.4,16.0,0.272,0.757,0.521,0.153,0.55,0.587,100.3,98.64,82.2,1085.0,0.485,10.0,16.0,13.0,16.0,19.0,11.0,26.0,20.0,26.0,29.0,27.0,14.0,6.0,7.0,23.0,10.0,6.0,26.0,22.0,Regular Season
washington wizards,2019-20,5,1610612764.0,11.0,5.0,6.0,0.455,48.5,42.3,92.5,0.457,11.8,33.0,0.358,19.6,25.7,0.763,9.5,32.5,41.9,25.0,13.4,10.0,4.1,4.2,22.5,24.2,116.0,-0.1,10.0,16.0,13.0,16.0,8.0,9.0,3.0,23.0,19.0,18.0,19.0,6.0,6.0,19.0,18.0,25.0,21.0,17.0,11.0,3.0,24.0,10.0,29.0,1.0,10.0,14.0,Regular Season,1610612764.0,11.0,5.0,6.0,0.455,533.0,107.7,109.6,108.1,109.6,-0.3,0.0,0.591,1.87,17.4,0.241,0.697,0.463,0.126,0.521,0.559,106.6,104.87,87.39,1164.0,0.508,10.0,16.0,13.0,16.0,14.0,21.0,11.0,14.0,22.0,11.0,21.0,24.0,27.0,29.0,7.0,23.0,22.0,4.0,13.0,Regular Season
atlanta hawks,2019-20,6,1610612737.0,5.0,1.0,4.0,0.2,51.0,42.2,96.4,0.438,13.8,40.0,0.345,16.8,21.8,0.771,12.6,33.6,46.2,25.4,16.4,6.2,4.4,6.6,24.2,19.6,115.0,-12.4,8.0,28.0,25.0,28.0,1.0,9.0,2.0,26.0,8.0,3.0,21.0,21.0,19.0,16.0,2.0,14.0,7.0,11.0,27.0,26.0,16.0,29.0,29.0,20.0,10.0,30.0,Regular Season,1610612737.0,5.0,1.0,4.0,0.2,255.0,104.7,107.9,118.7,117.7,-14.0,-9.9,0.602,1.55,17.1,0.287,0.734,0.496,0.154,0.509,0.542,102.2,101.08,84.24,533.0,0.413,8.0,28.0,25.0,28.0,8.0,25.0,27.0,29.0,16.0,26.0,22.0,7.0,16.0,17.0,23.0,27.0,26.0,11.0,30.0,Regular Season
boston celtics,2019-20,6,1610612738.0,5.0,2.0,3.0,0.4,49.0,39.6,93.6,0.423,12.4,37.8,0.328,17.2,21.6,0.796,12.2,33.4,45.6,20.0,12.4,8.8,5.6,6.0,20.6,21.2,108.8,-1.2,8.0,17.0,14.0,18.0,3.0,21.0,3.0,30.0,17.0,10.0,25.0,17.0,20.0,11.0,5.0,16.0,9.0,30.0,3.0,8.0,8.0,28.0,15.0,11.0,25.0,16.0,Regular Season,1610612738.0,5.0,2.0,3.0,0.4,245.0,105.3,108.6,107.3,110.2,-2.0,-1.6,0.505,1.61,14.5,0.317,0.692,0.497,0.124,0.489,0.528,100.8,97.96,81.63,501.0,0.492,8.0,17.0,14.0,18.0,9.0,23.0,13.0,19.0,30.0,21.0,30.0,4.0,29.0,16.0,3.0,30.0,30.0,25.0,21.0,Regular Season
brooklyn nets,2019-20,6,1610612751.0,5.0,4.0,1.0,0.8,49.0,38.6,88.0,0.439,12.0,39.4,0.305,23.0,30.0,0.767,12.6,38.2,50.8,22.8,16.6,5.0,4.0,4.6,21.4,23.6,112.2,-1.2,8.0,1.0,1.0,1.0,3.0,26.0,12.0,25.0,23.0,6.0,29.0,4.0,3.0,17.0,2.0,4.0,3.0,23.0,28.0,30.0,17.0,12.0,21.0,3.0,18.0,16.0,Regular Season,1610612751.0,5.0,4.0,1.0,0.8,245.0,106.7,109.1,107.5,109.7,-0.8,-0.5,0.591,1.37,16.1,0.308,0.746,0.531,0.161,0.507,0.554,103.2,101.0,84.16,514.0,0.496,8.0,1.0,1.0,1.0,9.0,21.0,12.0,16.0,17.0,29.0,27.0,5.0,10.0,4.0,29.0,28.0,24.0,12.0,18.0,Regular Season
charlotte hornets,2019-20,6,1610612766.0,6.0,2.0,4.0,0.333,49.7,39.0,85.2,0.458,14.0,35.2,0.398,17.2,21.0,0.817,10.7,29.7,40.3,25.2,12.8,6.8,3.8,4.8,17.2,19.3,109.2,0.7,2.0,17.0,25.0,25.0,2.0,25.0,23.0,21.0,7.0,17.0,6.0,19.0,23.0,7.0,10.0,26.0,24.0,12.0,6.0,25.0,21.0,18.0,2.0,21.0,23.0,12.0,Regular Season,1610612766.0,6.0,2.0,4.0,0.333,298.0,113.0,113.9,112.4,113.6,0.6,0.3,0.645,1.96,18.8,0.28,0.701,0.485,0.134,0.54,0.578,93.3,92.46,77.05,575.0,0.494,2.0,17.0,25.0,25.0,2.0,10.0,17.0,14.0,9.0,5.0,8.0,9.0,26.0,23.0,10.0,18.0,17.0,30.0,20.0,Regular Season
chicago bulls,2019-20,6,1610612741.0,5.0,2.0,3.0,0.4,48.0,42.0,92.2,0.456,10.8,34.4,0.314,12.0,16.6,0.723,11.4,29.4,40.8,24.2,13.8,10.2,5.0,5.4,23.4,18.0,106.8,-1.8,8.0,17.0,14.0,18.0,10.0,13.0,4.0,23.0,27.0,20.0,27.0,30.0,30.0,25.0,9.0,27.0,23.0,15.0,14.0,1.0,12.0,24.0,27.0,28.0,27.0,20.0,Regular Season,1610612741.0,5.0,2.0,3.0,0.4,240.0,104.8,106.4,106.8,108.4,-2.0,-2.0,0.576,1.75,17.4,0.282,0.714,0.475,0.137,0.514,0.537,101.8,100.3,83.58,502.0,0.469,8.0,17.0,14.0,18.0,14.0,29.0,7.0,20.0,21.0,14.0,17.0,8.0,23.0,26.0,12.0,25.0,28.0,15.0,26.0,Regular Season
cleveland cavaliers,2019-20,6,1610612739.0,5.0,2.0,3.0,0.4,49.0,41.2,86.0,0.479,12.2,33.0,0.37,17.0,23.6,0.72,11.8,32.2,44.0,27.8,15.6,7.4,2.8,5.2,18.6,22.2,111.6,-3.8,8.0,17.0,14.0,18.0,3.0,17.0,20.0,11.0,20.0,23.0,14.0,20.0,13.0,26.0,8.0,22.0,13.0,6.0,24.0,19.0,28.0,22.0,5.0,5.0,19.0,25.0,Regular Season,1610612739.0,5.0,2.0,3.0,0.4,245.0,111.4,110.9,114.6,114.9,-3.2,-4.0,0.675,1.78,19.7,0.275,0.738,0.501,0.155,0.55,0.579,98.4,98.45,82.04,503.0,0.488,8.0,17.0,14.0,18.0,9.0,17.0,21.0,24.0,4.0,12.0,6.0,11.0,14.0,12.0,24.0,14.0,15.0,22.0,22.0,Regular Season
dallas mavericks,2019-20,6,1610612742.0,7.0,4.0,3.0,0.571,48.7,42.3,91.9,0.46,15.1,43.0,0.352,14.1,19.9,0.712,9.0,38.6,47.6,25.6,13.7,8.6,6.3,5.1,16.3,19.1,113.9,7.1,1.0,1.0,14.0,13.0,9.0,8.0,6.0,19.0,5.0,1.0,18.0,28.0,25.0,27.0,20.0,3.0,6.0,10.0,13.0,11.0,3.0,21.0,1.0,24.0,12.0,5.0,Regular Season,1610612742.0,7.0,4.0,3.0,0.571,341.0,108.1,111.2,102.5,104.3,5.6,6.8,0.605,1.86,18.1,0.262,0.767,0.515,0.134,0.543,0.566,103.2,100.86,84.05,717.0,0.533,1.0,1.0,14.0,13.0,1.0,16.0,4.0,5.0,14.0,7.0,14.0,15.0,5.0,9.0,9.0,17.0,20.0,13.0,5.0,Regular Season
denver nuggets,2019-20,6,1610612743.0,6.0,3.0,3.0,0.5,48.0,42.2,85.8,0.491,12.0,32.3,0.371,12.8,17.3,0.74,9.5,32.7,42.2,28.0,15.5,8.5,3.8,2.8,21.3,19.3,109.2,-0.5,2.0,7.0,14.0,14.0,10.0,11.0,21.0,2.0,23.0,25.0,12.0,29.0,29.0,20.0,15.0,19.0,19.0,4.0,23.0,12.0,21.0,3.0,20.0,21.0,23.0,15.0,Regular Season,1610612743.0,6.0,3.0,3.0,0.5,288.0,109.8,111.2,110.2,111.7,-0.4,-0.5,0.664,1.81,20.4,0.254,0.743,0.5,0.158,0.561,0.584,99.5,98.17,81.81,589.0,0.505,2.0,7.0,14.0,14.0,4.0,15.0,15.0,15.0,6.0,9.0,3.0,19.0,11.0,13.0,26.0,5.0,12.0,24.0,15.0,Regular Season
detroit pistons,2019-20,6,1610612765.0,5.0,0.0,5.0,0.0,48.0,36.2,83.2,0.435,13.4,37.6,0.356,14.6,21.6,0.676,7.4,29.2,36.6,24.0,13.2,7.2,3.2,5.6,22.4,18.2,100.4,-9.8,8.0,30.0,30.0,30.0,10.0,30.0,26.0,27.0,11.0,11.0,17.0,26.0,20.0,30.0,25.0,28.0,29.0,18.0,7.0,21.0,27.0,25.0,25.0,27.0,30.0,29.0,Regular Season,1610612765.0,5.0,0.0,5.0,0.0,240.0,101.9,106.8,116.4,117.2,-14.5,-10.4,0.663,1.82,18.2,0.273,0.696,0.47,0.14,0.516,0.542,96.6,94.0,78.33,470.0,0.421,8.0,30.0,30.0,30.0,14.0,28.0,26.0,30.0,7.0,8.0,12.0,13.0,27.0,27.0,15.0,24.0,27.0,29.0,29.0,Regular Season
golden state warriors,2019-20,6,1610612744.0,5.0,2.0,3.0,0.4,48.0,41.0,85.6,0.479,12.2,36.8,0.332,18.6,25.2,0.738,9.6,32.2,41.8,29.0,13.2,5.2,3.4,3.4,21.2,22.0,112.8,-5.2,8.0,17.0,14.0,18.0,10.0,18.0,22.0,12.0,20.0,15.0,24.0,11.0,10.0,21.0,14.0,22.0,20.0,1.0,7.0,29.0,25.0,5.0,19.0,7.0,17.0,26.0,Regular Season,1610612744.0,5.0,2.0,3.0,0.4,240.0,112.5,114.2,118.5,118.2,-6.0,-4.1,0.707,2.2,20.7,0.257,0.74,0.496,0.134,0.55,0.583,99.9,99.3,82.75,494.0,0.481,8.0,17.0,14.0,18.0,14.0,8.0,28.0,26.0,2.0,3.0,2.0,17.0,13.0,18.0,8.0,13.0,14.0,21.0,23.0,Regular Season
houston rockets,2019-20,6,1610612745.0,5.0,1.0,4.0,0.2,48.0,37.8,87.0,0.434,13.2,42.6,0.31,21.2,26.8,0.791,10.4,29.2,39.6,22.2,16.0,9.0,5.0,3.6,22.6,19.2,110.0,-8.0,8.0,28.0,25.0,28.0,10.0,27.0,15.0,28.0,12.0,2.0,28.0,6.0,5.0,12.0,11.0,28.0,25.0,26.0,25.0,7.0,12.0,7.0,26.0,23.0,20.0,28.0,Regular Season,1610612745.0,5.0,1.0,4.0,0.2,240.0,105.4,107.6,113.4,115.5,-8.1,-7.8,0.587,1.39,16.2,0.26,0.685,0.462,0.157,0.51,0.557,104.2,102.2,85.17,511.0,0.444,8.0,28.0,25.0,28.0,14.0,26.0,23.0,28.0,18.0,28.0,26.0,16.0,30.0,28.0,25.0,26.0,23.0,7.0,28.0,Regular Season
indiana pacers,2019-20,6,1610612754.0,5.0,3.0,2.0,0.6,48.0,42.2,86.2,0.49,9.4,25.4,0.37,15.6,19.8,0.788,7.8,35.2,43.0,22.8,14.8,8.0,5.8,4.8,19.4,18.0,109.4,-1.6,8.0,7.0,7.0,7.0,10.0,9.0,19.0,4.0,29.0,29.0,13.0,23.0,26.0,13.0,24.0,11.0,15.0,23.0,19.0,15.0,7.0,16.0,7.0,28.0,22.0,19.0,Regular Season,1610612754.0,5.0,3.0,2.0,0.6,240.0,107.3,108.1,107.3,109.5,0.1,-1.4,0.54,1.54,17.1,0.217,0.727,0.488,0.146,0.544,0.576,102.7,101.3,84.42,506.0,0.505,8.0,7.0,7.0,7.0,14.0,24.0,9.0,18.0,25.0,27.0,23.0,27.0,19.0,20.0,21.0,15.0,18.0,10.0,14.0,Regular Season
la clippers,2019-20,6,1610612746.0,5.0,4.0,1.0,0.8,48.0,40.4,84.4,0.479,12.8,35.0,0.366,26.2,32.4,0.809,9.4,36.8,46.2,21.2,12.8,5.6,4.0,4.6,21.8,24.0,119.8,10.2,8.0,1.0,1.0,1.0,10.0,20.0,25.0,13.0,15.0,18.0,16.0,1.0,1.0,10.0,18.0,6.0,7.0,28.0,5.0,28.0,17.0,12.0,22.0,2.0,5.0,2.0,Regular Season,1610612746.0,5.0,4.0,1.0,0.8,240.0,117.4,119.1,106.8,109.6,10.6,9.5,0.525,1.66,15.8,0.274,0.756,0.528,0.127,0.555,0.607,102.4,100.3,83.58,503.0,0.551,8.0,1.0,1.0,1.0,14.0,4.0,11.0,2.0,28.0,19.0,29.0,12.0,8.0,6.0,4.0,9.0,4.0,15.0,2.0,Regular Season
los angeles lakers,2019-20,6,1610612747.0,5.0,4.0,1.0,0.8,48.0,42.6,89.6,0.475,11.4,35.0,0.326,17.2,21.2,0.811,8.6,35.8,44.4,22.6,14.2,8.8,6.2,2.6,24.2,20.8,113.8,7.6,8.0,1.0,1.0,1.0,10.0,6.0,8.0,16.0,25.0,18.0,26.0,17.0,22.0,8.0,21.0,9.0,11.0,25.0,16.0,8.0,4.0,2.0,29.0,14.0,14.0,3.0,Regular Season,1610612747.0,5.0,4.0,1.0,0.8,240.0,108.9,110.5,101.8,103.1,7.1,7.4,0.531,1.59,16.5,0.237,0.713,0.487,0.138,0.539,0.575,104.4,103.0,85.83,515.0,0.546,8.0,1.0,1.0,1.0,14.0,19.0,2.0,4.0,27.0,23.0,24.0,22.0,24.0,21.0,13.0,19.0,19.0,4.0,3.0,Regular Season
memphis grizzlies,2019-20,6,1610612763.0,5.0,3.0,2.0,0.6,48.0,41.8,87.8,0.476,13.2,33.6,0.393,18.0,25.8,0.698,12.6,40.0,52.6,26.2,16.8,8.6,5.6,5.2,17.2,19.8,114.8,13.0,8.0,7.0,7.0,7.0,10.0,15.0,13.0,15.0,12.0,22.0,8.0,14.0,8.0,28.0,2.0,1.0,1.0,9.0,29.0,10.0,8.0,22.0,3.0,18.0,11.0,1.0,Regular Season,1610612763.0,5.0,3.0,2.0,0.6,240.0,111.1,112.3,98.1,100.4,13.0,11.9,0.627,1.56,18.1,0.333,0.717,0.543,0.164,0.551,0.579,103.6,101.8,84.83,511.0,0.585,8.0,7.0,7.0,7.0,14.0,13.0,1.0,1.0,11.0,25.0,13.0,1.0,22.0,1.0,30.0,12.0,16.0,9.0,1.0,Regular Season
miami heat,2019-20,6,1610612748.0,5.0,3.0,2.0,0.6,48.0,37.2,80.2,0.464,15.4,37.2,0.414,14.8,19.6,0.755,7.2,34.6,41.8,27.8,15.4,7.6,6.2,4.4,20.2,19.0,104.6,2.6,8.0,7.0,7.0,7.0,10.0,28.0,30.0,17.0,4.0,14.0,3.0,25.0,27.0,18.0,27.0,13.0,20.0,6.0,22.0,17.0,4.0,11.0,13.0,25.0,29.0,9.0,Regular Season,1610612748.0,5.0,3.0,2.0,0.6,240.0,107.8,109.0,103.7,106.5,4.1,2.5,0.747,1.81,20.8,0.217,0.727,0.484,0.16,0.56,0.589,97.7,95.9,79.92,480.0,0.533,8.0,7.0,7.0,7.0,14.0,22.0,5.0,11.0,1.0,10.0,1.0,27.0,18.0,24.0,28.0,7.0,11.0,27.0,7.0,Regular Season
milwaukee bucks,2019-20,6,1610612749.0,6.0,2.0,4.0,0.333,48.0,39.2,90.2,0.434,11.2,39.5,0.283,15.5,20.7,0.75,9.5,39.5,49.0,22.2,16.2,7.0,3.8,5.0,19.8,20.8,105.0,-3.7,2.0,17.0,25.0,25.0,10.0,24.0,7.0,29.0,26.0,5.0,30.0,24.0,24.0,19.0,15.0,2.0,4.0,27.0,26.0,22.0,21.0,20.0,9.0,13.0,28.0,24.0,Regular Season,1610612749.0,6.0,2.0,4.0,0.333,288.0,99.1,99.8,102.9,103.8,-3.7,-4.0,0.566,1.37,15.9,0.227,0.808,0.516,0.154,0.496,0.529,105.8,104.92,87.43,631.0,0.475,2.0,17.0,25.0,25.0,4.0,30.0,3.0,23.0,22.0,30.0,28.0,24.0,1.0,8.0,22.0,29.0,29.0,3.0,25.0,Regular Season
minnesota timberwolves,2019-20,6,1610612750.0,6.0,2.0,4.0,0.333,48.0,42.2,92.0,0.458,13.0,37.3,0.348,16.2,22.3,0.724,10.2,33.3,43.5,24.7,15.3,9.2,2.5,4.8,19.7,19.0,113.5,-6.8,2.0,17.0,25.0,25.0,10.0,11.0,5.0,20.0,14.0,13.0,20.0,22.0,17.0,24.0,12.0,17.0,14.0,13.0,21.0,6.0,30.0,18.0,8.0,25.0,15.0,27.0,Regular Season,1610612750.0,6.0,2.0,4.0,0.333,288.0,106.1,107.1,111.1,113.7,-5.0,-6.6,0.585,1.61,17.1,0.253,0.754,0.491,0.145,0.529,0.557,107.6,105.92,88.26,636.0,0.454,2.0,17.0,25.0,25.0,4.0,27.0,18.0,27.0,20.0,22.0,20.0,21.0,9.0,19.0,19.0,22.0,22.0,2.0,27.0,Regular Season
new orleans pelicans,2019-20,6,1610612740.0,5.0,2.0,3.0,0.4,49.0,44.8,98.0,0.457,12.6,38.0,0.332,18.0,26.0,0.692,13.6,37.4,51.0,29.0,17.4,8.4,4.0,7.4,20.0,22.2,120.2,0.4,8.0,17.0,14.0,18.0,3.0,1.0,1.0,22.0,16.0,9.0,23.0,14.0,7.0,29.0,1.0,5.0,2.0,1.0,30.0,13.0,17.0,30.0,10.0,5.0,3.0,14.0,Regular Season,1610612740.0,5.0,2.0,3.0,0.4,245.0,106.1,109.9,107.3,109.3,-1.2,0.6,0.647,1.67,18.5,0.332,0.759,0.537,0.159,0.521,0.549,110.1,107.27,89.39,547.0,0.498,8.0,17.0,14.0,18.0,9.0,20.0,8.0,12.0,8.0,17.0,11.0,2.0,6.0,2.0,27.0,23.0,25.0,1.0,17.0,Regular Season
new york knicks,2019-20,6,1610612752.0,6.0,3.0,3.0,0.5,48.8,42.8,88.3,0.485,8.0,23.7,0.338,19.5,26.7,0.731,11.8,36.3,48.2,24.2,14.5,7.8,5.5,4.2,20.8,21.2,113.2,-3.2,2.0,7.0,14.0,14.0,8.0,5.0,11.0,9.0,30.0,30.0,22.0,9.0,6.0,22.0,7.0,7.0,5.0,16.0,17.0,16.0,10.0,9.0,18.0,12.0,16.0,22.0,Regular Season,1610612752.0,6.0,3.0,3.0,0.5,293.0,110.2,110.8,110.5,114.8,-0.3,-4.0,0.564,1.67,17.1,0.304,0.737,0.524,0.142,0.53,0.565,102.2,100.01,83.34,613.0,0.513,2.0,7.0,14.0,14.0,3.0,18.0,20.0,25.0,23.0,17.0,21.0,6.0,15.0,7.0,16.0,21.0,21.0,19.0,11.0,Regular Season
oklahoma city thunder,2019-20,6,1610612760.0,4.0,3.0,1.0,0.75,48.0,40.5,82.8,0.489,10.3,27.0,0.38,18.5,25.5,0.725,6.0,32.3,38.3,20.8,13.3,9.3,7.0,4.8,20.0,22.0,109.8,4.0,29.0,7.0,1.0,6.0,10.0,19.0,27.0,5.0,28.0,28.0,11.0,13.0,9.0,23.0,29.0,21.0,27.0,29.0,10.0,5.0,1.0,15.0,10.0,7.0,21.0,7.0,Regular Season,1610612760.0,4.0,3.0,1.0,0.75,192.0,108.4,112.6,105.2,106.8,3.2,5.7,0.512,1.57,16.2,0.211,0.722,0.483,0.136,0.551,0.584,100.9,98.25,81.87,390.0,0.527,29.0,7.0,1.0,6.0,29.0,12.0,6.0,6.0,29.0,24.0,25.0,29.0,21.0,25.0,11.0,11.0,13.0,23.0,8.0,Regular Season
orlando magic,2019-20,6,1610612753.0,5.0,3.0,2.0,0.6,48.0,43.8,89.4,0.49,12.2,31.2,0.391,19.8,24.0,0.825,9.4,32.4,41.8,28.0,12.0,7.0,3.8,4.8,17.8,21.4,119.6,2.6,8.0,7.0,7.0,7.0,10.0,3.0,9.0,3.0,20.0,26.0,9.0,8.0,12.0,6.0,18.0,20.0,20.0,4.0,2.0,22.0,24.0,16.0,4.0,10.0,6.0,9.0,Regular Season,1610612753.0,5.0,3.0,2.0,0.6,240.0,116.6,119.4,114.2,116.8,2.4,2.6,0.639,2.33,19.9,0.28,0.741,0.506,0.12,0.558,0.598,102.5,100.2,83.5,501.0,0.52,8.0,7.0,7.0,7.0,14.0,3.0,25.0,10.0,10.0,2.0,5.0,10.0,12.0,11.0,2.0,8.0,7.0,18.0,9.0,Regular Season
philadelphia 76ers,2019-20,6,1610612755.0,5.0,2.0,3.0,0.4,48.0,43.2,88.6,0.488,16.2,37.4,0.433,17.4,22.2,0.784,12.0,31.0,43.0,26.4,12.6,7.0,2.6,4.2,20.4,19.8,120.0,2.4,8.0,17.0,14.0,18.0,10.0,4.0,10.0,8.0,1.0,12.0,2.0,16.0,18.0,15.0,6.0,25.0,15.0,8.0,4.0,22.0,29.0,10.0,14.0,18.0,4.0,11.0,Regular Season,1610612755.0,5.0,2.0,3.0,0.4,240.0,121.3,124.0,120.7,121.2,0.6,2.7,0.611,2.1,19.0,0.324,0.788,0.536,0.13,0.579,0.61,98.2,96.9,80.75,484.0,0.495,8.0,17.0,14.0,18.0,14.0,1.0,30.0,9.0,12.0,4.0,7.0,3.0,2.0,3.0,5.0,2.0,3.0,26.0,19.0,Regular Season
phoenix suns,2019-20,6,1610612756.0,4.0,2.0,2.0,0.5,48.0,41.5,87.0,0.477,16.0,39.0,0.41,22.5,25.0,0.9,9.5,33.5,43.0,28.8,15.0,6.0,4.8,5.8,20.8,22.5,121.5,-1.5,29.0,17.0,7.0,14.0,10.0,16.0,15.0,14.0,2.0,8.0,4.0,5.0,11.0,1.0,15.0,15.0,15.0,3.0,20.0,27.0,14.0,26.0,16.0,4.0,1.0,18.0,Regular Season,1610612756.0,4.0,2.0,2.0,0.5,192.0,117.4,118.2,117.8,119.4,-0.4,-1.2,0.693,1.92,20.1,0.255,0.767,0.512,0.146,0.569,0.62,104.0,102.88,85.73,411.0,0.512,29.0,17.0,7.0,14.0,29.0,5.0,29.0,17.0,3.0,6.0,4.0,18.0,4.0,10.0,20.0,4.0,2.0,5.0,12.0,Regular Season
portland trail blazers,2019-20,6,1610612757.0,5.0,3.0,2.0,0.6,48.0,44.2,86.8,0.509,13.8,34.0,0.406,18.6,23.0,0.809,8.2,36.2,44.4,23.8,13.2,7.4,6.6,3.6,20.0,20.2,120.8,7.6,8.0,7.0,7.0,7.0,10.0,2.0,17.0,1.0,8.0,21.0,5.0,11.0,15.0,9.0,22.0,8.0,11.0,20.0,7.0,19.0,2.0,7.0,10.0,16.0,2.0,3.0,Regular Season,1610612757.0,5.0,3.0,2.0,0.6,240.0,118.5,121.0,112.2,113.4,6.3,7.6,0.538,1.8,17.7,0.253,0.704,0.499,0.132,0.589,0.623,101.4,99.8,83.17,499.0,0.535,8.0,7.0,7.0,7.0,14.0,2.0,16.0,3.0,26.0,11.0,16.0,20.0,25.0,14.0,6.0,1.0,1.0,20.0,4.0,Regular Season
sacramento kings,2019-20,6,1610612758.0,5.0,3.0,2.0,0.6,48.0,42.4,86.8,0.488,12.4,32.6,0.38,19.4,22.8,0.851,10.0,35.4,45.4,23.6,14.0,8.4,4.6,3.4,22.0,20.6,116.6,0.6,8.0,7.0,7.0,7.0,10.0,7.0,17.0,6.0,17.0,24.0,10.0,10.0,16.0,4.0,13.0,10.0,10.0,21.0,15.0,13.0,15.0,5.0,24.0,15.0,7.0,13.0,Regular Season,1610612758.0,5.0,3.0,2.0,0.6,240.0,115.6,115.7,113.4,115.3,2.2,0.4,0.557,1.69,17.4,0.266,0.782,0.53,0.139,0.56,0.602,101.5,100.7,83.92,504.0,0.513,8.0,7.0,7.0,7.0,14.0,6.0,22.0,13.0,24.0,16.0,18.0,14.0,3.0,5.0,14.0,6.0,6.0,14.0,10.0,Regular Season
san antonio spurs,2019-20,6,1610612759.0,5.0,2.0,3.0,0.4,49.0,42.0,87.2,0.482,12.4,31.2,0.397,20.2,23.4,0.863,4.6,33.0,37.6,24.6,10.4,9.4,6.2,3.2,20.8,20.2,116.6,-3.2,8.0,17.0,14.0,18.0,3.0,13.0,14.0,10.0,17.0,26.0,7.0,7.0,14.0,2.0,30.0,18.0,28.0,14.0,1.0,2.0,4.0,4.0,17.0,16.0,7.0,23.0,Regular Season,1610612759.0,5.0,2.0,3.0,0.4,245.0,112.9,114.3,115.3,116.8,-2.4,-2.5,0.586,2.37,18.5,0.149,0.724,0.441,0.102,0.553,0.598,101.5,100.21,83.51,510.0,0.501,8.0,17.0,14.0,18.0,9.0,7.0,24.0,22.0,19.0,1.0,10.0,30.0,20.0,30.0,1.0,10.0,9.0,17.0,16.0,Regular Season
toronto raptors,2019-20,6,1610612761.0,5.0,4.0,1.0,0.8,48.0,39.2,84.8,0.462,13.8,39.4,0.35,24.0,28.0,0.857,7.2,35.0,42.2,23.6,13.6,9.4,3.4,4.6,21.8,21.8,116.2,3.2,8.0,1.0,1.0,1.0,10.0,23.0,24.0,18.0,8.0,6.0,19.0,3.0,4.0,3.0,27.0,12.0,18.0,21.0,11.0,2.0,25.0,12.0,22.0,9.0,9.0,8.0,Regular Season,1610612761.0,5.0,4.0,1.0,0.8,240.0,112.2,113.5,108.8,110.4,3.5,3.1,0.602,1.74,17.3,0.225,0.757,0.499,0.133,0.544,0.598,103.7,102.4,85.33,512.0,0.508,8.0,1.0,1.0,1.0,14.0,11.0,14.0,8.0,15.0,15.0,19.0,25.0,7.0,15.0,7.0,16.0,8.0,6.0,13.0,Regular Season
utah jazz,2019-20,6,1610612762.0,5.0,4.0,1.0,0.8,48.0,39.4,80.8,0.488,14.6,39.6,0.369,14.6,18.6,0.785,7.4,32.2,39.6,24.0,13.6,7.6,5.4,2.4,19.0,17.2,108.0,4.6,8.0,1.0,1.0,1.0,10.0,22.0,29.0,7.0,6.0,4.0,15.0,26.0,28.0,14.0,25.0,22.0,25.0,18.0,11.0,17.0,11.0,1.0,6.0,30.0,26.0,6.0,Regular Season,1610612762.0,5.0,4.0,1.0,0.8,240.0,113.5,113.9,106.5,109.5,6.9,4.4,0.609,1.76,18.7,0.235,0.694,0.485,0.143,0.578,0.607,96.1,94.6,78.83,474.0,0.533,8.0,1.0,1.0,1.0,14.0,9.0,10.0,7.0,13.0,13.0,9.0,23.0,28.0,22.0,17.0,3.0,5.0,28.0,6.0,Regular Season
washington wizards,2019-20,6,1610612764.0,6.0,3.0,3.0,0.5,48.0,36.3,82.2,0.442,15.8,36.0,0.44,25.3,30.5,0.831,7.8,28.3,36.2,24.2,14.7,9.3,4.0,5.8,23.5,25.2,113.8,-2.0,2.0,7.0,14.0,14.0,10.0,29.0,28.0,24.0,3.0,16.0,1.0,2.0,2.0,5.0,23.0,30.0,30.0,16.0,18.0,4.0,17.0,27.0,28.0,1.0,13.0,21.0,Regular Season,1610612764.0,6.0,3.0,3.0,0.5,288.0,111.1,111.4,112.2,113.7,-1.1,-2.3,0.665,1.65,17.7,0.222,0.732,0.461,0.144,0.539,0.595,102.8,102.0,85.0,613.0,0.475,2.0,7.0,14.0,14.0,4.0,14.0,19.0,21.0,5.0,20.0,15.0,26.0,17.0,29.0,18.0,20.0,10.0,8.0,24.0,Regular Season
atlanta hawks,2019-20,10,1610612737.0,5.0,1.0,4.0,0.2,51.0,42.2,96.4,0.438,13.8,40.0,0.345,16.8,21.8,0.771,12.6,33.6,46.2,25.4,16.4,6.2,4.4,6.6,24.2,19.6,115.0,-12.4,8.0,28.0,25.0,28.0,1.0,9.0,2.0,26.0,8.0,3.0,21.0,21.0,19.0,16.0,2.0,14.0,7.0,11.0,27.0,26.0,16.0,29.0,29.0,20.0,10.0,30.0,Regular Season,1610612737.0,5.0,1.0,4.0,0.2,255.0,104.7,107.9,118.7,117.7,-14.0,-9.9,0.602,1.55,17.1,0.287,0.734,0.496,0.154,0.509,0.542,102.2,101.08,84.24,533.0,0.413,8.0,28.0,25.0,28.0,8.0,25.0,27.0,29.0,16.0,26.0,22.0,7.0,16.0,17.0,23.0,27.0,26.0,11.0,30.0,Regular Season
boston celtics,2019-20,10,1610612738.0,3.0,1.0,2.0,0.333,45.3,39.7,85.0,0.467,10.0,30.0,0.333,15.0,24.0,0.625,8.7,34.3,43.0,22.3,17.7,10.3,2.3,4.0,25.3,24.3,104.3,-8.3,1.0,12.0,12.0,12.0,3.0,6.0,11.0,4.0,17.0,18.0,15.0,21.0,15.0,22.0,13.0,15.0,15.0,16.0,15.0,3.0,20.0,7.0,15.0,10.0,13.0,21.0,Pre Season,1610612738.0,3.0,1.0,2.0,0.333,136.0,99.8,100.6,107.1,107.6,-7.3,-7.0,0.563,1.26,16.4,0.212,0.754,0.474,0.17,0.525,0.546,111.1,110.29,91.91,311.0,0.453,1.0,12.0,12.0,12.0,3.0,18.0,14.0,21.0,20.0,16.0,17.0,19.0,12.0,19.0,14.0,9.0,15.0,5.0,20.0,Pre Season
brooklyn nets,2019-20,10,1610612751.0,3.0,1.0,2.0,0.333,45.3,36.0,86.0,0.419,10.7,34.7,0.308,17.0,25.3,0.671,7.7,33.7,41.3,22.7,14.7,11.3,5.0,7.3,26.0,24.0,99.7,-10.3,1.0,12.0,12.0,12.0,3.0,16.0,8.0,19.0,15.0,13.0,19.0,17.0,12.0,20.0,17.0,19.0,18.0,13.0,7.0,2.0,7.0,21.0,17.0,12.0,21.0,22.0,Pre Season,1610612751.0,3.0,1.0,2.0,0.333,136.0,95.7,97.4,103.8,107.8,-8.1,-10.4,0.63,1.55,16.7,0.216,0.718,0.457,0.143,0.481,0.513,111.3,108.18,90.15,307.0,0.451,1.0,12.0,12.0,12.0,3.0,21.0,15.0,22.0,9.0,9.0,12.0,17.0,20.0,22.0,9.0,19.0,19.0,8.0,21.0,Pre Season
charlotte hornets,2019-20,10,1610612766.0,6.0,2.0,4.0,0.333,49.7,39.0,85.2,0.458,14.0,35.2,0.398,17.2,21.0,0.817,10.7,29.7,40.3,25.2,12.8,6.8,3.8,4.8,17.2,19.3,109.2,0.7,2.0,17.0,25.0,25.0,2.0,25.0,23.0,21.0,7.0,17.0,6.0,19.0,23.0,7.0,10.0,26.0,24.0,12.0,6.0,25.0,21.0,18.0,2.0,21.0,23.0,12.0,Regular Season,1610612766.0,6.0,2.0,4.0,0.333,298.0,113.0,113.9,112.4,113.6,0.6,0.3,0.645,1.96,18.8,0.28,0.701,0.485,0.134,0.54,0.578,93.3,92.46,77.05,575.0,0.494,2.0,17.0,25.0,25.0,2.0,10.0,17.0,14.0,9.0,5.0,8.0,9.0,26.0,23.0,10.0,18.0,17.0,30.0,20.0,Regular Season
chicago bulls,2019-20,10,1610612741.0,5.0,2.0,3.0,0.4,48.0,42.0,92.2,0.456,10.8,34.4,0.314,12.0,16.6,0.723,11.4,29.4,40.8,24.2,13.8,10.2,5.0,5.4,23.4,18.0,106.8,-1.8,8.0,17.0,14.0,18.0,10.0,13.0,4.0,23.0,27.0,20.0,27.0,30.0,30.0,25.0,9.0,27.0,23.0,15.0,14.0,1.0,12.0,24.0,27.0,28.0,27.0,20.0,Regular Season,1610612741.0,5.0,2.0,3.0,0.4,240.0,104.8,106.4,106.8,108.4,-2.0,-2.0,0.576,1.75,17.4,0.282,0.714,0.475,0.137,0.514,0.537,101.8,100.3,83.58,502.0,0.469,8.0,17.0,14.0,18.0,14.0,29.0,7.0,20.0,21.0,14.0,17.0,8.0,23.0,26.0,12.0,25.0,28.0,15.0,26.0,Regular Season
cleveland cavaliers,2019-20,10,1610612739.0,5.0,2.0,3.0,0.4,49.0,41.2,86.0,0.479,12.2,33.0,0.37,17.0,23.6,0.72,11.8,32.2,44.0,27.8,15.6,7.4,2.8,5.2,18.6,22.2,111.6,-3.8,8.0,17.0,14.0,18.0,3.0,17.0,20.0,11.0,20.0,23.0,14.0,20.0,13.0,26.0,8.0,22.0,13.0,6.0,24.0,19.0,28.0,22.0,5.0,5.0,19.0,25.0,Regular Season,1610612739.0,5.0,2.0,3.0,0.4,245.0,111.4,110.9,114.6,114.9,-3.2,-4.0,0.675,1.78,19.7,0.275,0.738,0.501,0.155,0.55,0.579,98.4,98.45,82.04,503.0,0.488,8.0,17.0,14.0,18.0,9.0,17.0,21.0,24.0,4.0,12.0,6.0,11.0,14.0,12.0,24.0,14.0,15.0,22.0,22.0,Regular Season
dallas mavericks,2019-20,10,1610612742.0,3.0,2.0,1.0,0.667,47.0,40.0,88.7,0.451,13.7,39.0,0.35,18.7,26.7,0.7,9.0,36.7,45.7,23.3,12.7,4.7,4.0,4.3,24.0,26.7,112.3,0.0,1.0,3.0,3.0,3.0,1.0,4.0,5.0,8.0,6.0,6.0,10.0,11.0,8.0,16.0,10.0,8.0,10.0,10.0,2.0,21.0,13.0,11.0,11.0,1.0,5.0,10.0,Pre Season,1610612742.0,3.0,2.0,1.0,0.667,141.0,107.9,109.1,107.4,108.7,0.5,0.4,0.583,1.84,16.9,0.215,0.708,0.471,0.123,0.528,0.559,106.5,105.36,87.8,309.0,0.49,1.0,3.0,3.0,3.0,1.0,5.0,17.0,9.0,17.0,3.0,11.0,18.0,21.0,20.0,2.0,8.0,13.0,18.0,11.0,Pre Season
denver nuggets,2019-20,10,1610612743.0,3.0,1.0,2.0,0.333,45.3,34.7,76.0,0.456,11.0,30.0,0.367,20.7,29.0,0.713,10.0,36.3,46.3,21.7,22.3,8.0,7.0,2.7,20.0,23.7,101.0,-4.0,1.0,12.0,12.0,12.0,3.0,20.0,22.0,7.0,14.0,18.0,6.0,7.0,3.0,14.0,6.0,10.0,8.0,18.0,22.0,13.0,2.0,4.0,2.0,15.0,18.0,15.0,Pre Season,1610612743.0,3.0,1.0,2.0,0.333,136.0,99.9,100.7,102.9,105.4,-3.0,-4.7,0.625,0.97,16.0,0.308,0.744,0.543,0.223,0.529,0.569,107.6,105.88,88.24,301.0,0.49,1.0,12.0,12.0,12.0,3.0,17.0,12.0,17.0,10.0,22.0,20.0,2.0,13.0,1.0,22.0,7.0,9.0,17.0,10.0,Pre Season
detroit pistons,2019-20,10,1610612765.0,5.0,0.0,5.0,0.0,48.0,36.2,83.2,0.435,13.4,37.6,0.356,14.6,21.6,0.676,7.4,29.2,36.6,24.0,13.2,7.2,3.2,5.6,22.4,18.2,100.4,-9.8,8.0,30.0,30.0,30.0,10.0,30.0,26.0,27.0,11.0,11.0,17.0,26.0,20.0,30.0,25.0,28.0,29.0,18.0,7.0,21.0,27.0,25.0,25.0,27.0,30.0,29.0,Regular Season,1610612765.0,5.0,0.0,5.0,0.0,240.0,101.9,106.8,116.4,117.2,-14.5,-10.4,0.663,1.82,18.2,0.273,0.696,0.47,0.14,0.516,0.542,96.6,94.0,78.33,470.0,0.421,8.0,30.0,30.0,30.0,14.0,28.0,26.0,30.0,7.0,8.0,12.0,13.0,27.0,27.0,15.0,24.0,27.0,29.0,29.0,Regular Season
golden state warriors,2019-20,10,1610612744.0,5.0,2.0,3.0,0.4,48.0,41.0,85.6,0.479,12.2,36.8,0.332,18.6,25.2,0.738,9.6,32.2,41.8,29.0,13.2,5.2,3.4,3.4,21.2,22.0,112.8,-5.2,8.0,17.0,14.0,18.0,10.0,18.0,22.0,12.0,20.0,15.0,24.0,11.0,10.0,21.0,14.0,22.0,20.0,1.0,7.0,29.0,25.0,5.0,19.0,7.0,17.0,26.0,Regular Season,1610612744.0,5.0,2.0,3.0,0.4,240.0,112.5,114.2,118.5,118.2,-6.0,-4.1,0.707,2.2,20.7,0.257,0.74,0.496,0.134,0.55,0.583,99.9,99.3,82.75,494.0,0.481,8.0,17.0,14.0,18.0,14.0,8.0,28.0,26.0,2.0,3.0,2.0,17.0,13.0,18.0,8.0,13.0,14.0,21.0,23.0,Regular Season
houston rockets,2019-20,10,1610612745.0,3.0,2.0,1.0,0.667,45.3,36.3,85.7,0.424,19.7,52.0,0.378,20.7,23.7,0.873,9.0,35.7,44.7,23.0,19.3,10.3,2.3,4.7,27.0,23.3,113.0,9.7,1.0,3.0,3.0,3.0,3.0,13.0,10.0,16.0,1.0,1.0,4.0,7.0,16.0,1.0,10.0,11.0,12.0,12.0,19.0,3.0,20.0,14.0,21.0,16.0,4.0,3.0,Pre Season,1610612745.0,3.0,2.0,1.0,0.667,136.0,106.2,106.9,97.2,97.5,9.0,9.5,0.633,1.19,16.5,0.217,0.763,0.49,0.183,0.539,0.588,112.6,112.06,93.38,317.0,0.52,1.0,3.0,3.0,3.0,3.0,7.0,3.0,3.0,8.0,19.0,15.0,16.0,8.0,15.0,18.0,5.0,4.0,3.0,7.0,Pre Season
indiana pacers,2019-20,10,1610612754.0,3.0,2.0,1.0,0.667,45.3,40.0,89.0,0.449,10.3,29.3,0.352,16.3,19.7,0.831,9.3,38.3,47.7,23.3,14.7,6.0,4.7,6.3,21.3,17.7,106.7,1.0,1.0,3.0,3.0,3.0,3.0,4.0,4.0,10.0,16.0,20.0,9.0,19.0,21.0,5.0,8.0,4.0,4.0,10.0,7.0,18.0,9.0,20.0,4.0,22.0,10.0,9.0,Pre Season,1610612754.0,3.0,2.0,1.0,0.667,136.0,103.6,103.9,101.4,103.6,2.1,0.3,0.583,1.59,17.0,0.237,0.818,0.529,0.143,0.507,0.546,109.7,108.35,90.29,308.0,0.489,1.0,3.0,3.0,3.0,3.0,13.0,9.0,10.0,17.0,7.0,10.0,14.0,2.0,3.0,8.0,15.0,14.0,6.0,12.0,Pre Season
la clippers,2019-20,10,1610612746.0,3.0,2.0,1.0,0.667,45.3,35.3,84.0,0.421,15.0,43.3,0.346,16.3,23.3,0.7,7.7,38.0,45.7,21.7,13.7,4.7,4.7,2.3,25.0,24.3,102.0,3.3,1.0,3.0,3.0,3.0,3.0,19.0,13.0,17.0,2.0,3.0,11.0,19.0,18.0,16.0,17.0,6.0,10.0,18.0,3.0,21.0,9.0,2.0,13.0,10.0,17.0,4.0,Pre Season,1610612746.0,3.0,2.0,1.0,0.667,136.0,101.7,104.8,100.6,102.8,1.2,2.0,0.613,1.59,16.5,0.239,0.728,0.491,0.14,0.51,0.541,105.0,102.35,85.29,292.0,0.522,1.0,3.0,3.0,3.0,3.0,10.0,8.0,7.0,13.0,8.0,14.0,13.0,18.0,13.0,6.0,14.0,16.0,21.0,6.0,Pre Season
los angeles lakers,2019-20,10,1610612747.0,3.0,2.0,1.0,0.667,45.3,41.0,79.3,0.517,9.3,23.3,0.4,24.0,32.3,0.742,9.3,35.3,44.7,21.3,15.3,8.3,3.3,4.0,28.0,26.0,115.3,3.3,1.0,3.0,3.0,3.0,3.0,1.0,20.0,1.0,20.0,22.0,1.0,2.0,2.0,12.0,8.0,12.0,12.0,20.0,10.0,10.0,14.0,7.0,22.0,4.0,2.0,4.0,Pre Season,1610612747.0,3.0,2.0,1.0,0.667,136.0,115.8,116.1,109.9,113.1,5.9,3.0,0.52,1.39,16.1,0.275,0.698,0.507,0.154,0.576,0.616,106.7,105.0,87.5,298.0,0.537,1.0,3.0,3.0,3.0,3.0,1.0,21.0,4.0,22.0,13.0,18.0,4.0,22.0,10.0,10.0,1.0,1.0,19.0,4.0,Pre Season
memphis grizzlies,2019-20,10,1610612763.0,3.0,1.0,2.0,0.333,45.3,36.7,87.3,0.42,13.0,35.7,0.364,18.7,25.3,0.737,9.0,39.7,48.7,25.7,18.7,8.3,4.7,5.0,23.3,23.0,105.0,-1.3,1.0,12.0,12.0,12.0,3.0,10.0,7.0,18.0,10.0,11.0,7.0,11.0,12.0,13.0,10.0,2.0,2.0,4.0,17.0,10.0,9.0,17.0,9.0,17.0,12.0,12.0,Pre Season,1610612763.0,3.0,1.0,2.0,0.333,136.0,97.1,98.7,100.4,100.6,-3.3,-1.9,0.7,1.38,17.6,0.265,0.837,0.543,0.176,0.494,0.533,113.3,112.24,93.53,319.0,0.483,1.0,12.0,12.0,12.0,3.0,20.0,6.0,13.0,2.0,14.0,5.0,8.0,1.0,2.0,16.0,18.0,18.0,1.0,14.0,Pre Season
miami heat,2019-20,10,1610612748.0,3.0,1.0,2.0,0.333,45.3,34.7,79.7,0.435,13.3,44.0,0.303,21.7,27.0,0.802,5.3,34.3,39.7,27.7,17.3,5.3,3.0,2.0,20.3,26.7,104.3,-4.7,1.0,12.0,12.0,12.0,3.0,20.0,18.0,14.0,8.0,2.0,20.0,6.0,6.0,7.0,22.0,15.0,22.0,1.0,14.0,20.0,15.0,1.0,3.0,1.0,13.0,17.0,Pre Season,1610612748.0,3.0,1.0,2.0,0.333,136.0,100.8,103.0,106.8,107.9,-6.1,-5.0,0.798,1.6,20.2,0.168,0.806,0.477,0.171,0.519,0.57,108.8,107.12,89.26,304.0,0.481,1.0,12.0,12.0,12.0,3.0,14.0,16.0,18.0,1.0,6.0,1.0,22.0,4.0,18.0,15.0,11.0,8.0,13.0,16.0,Pre Season
milwaukee bucks,2019-20,10,1610612749.0,3.0,2.0,1.0,0.667,45.3,36.3,80.7,0.45,14.0,41.0,0.341,29.0,37.0,0.784,8.3,38.3,46.7,22.7,18.7,8.7,5.0,5.3,24.3,26.3,115.7,2.7,1.0,3.0,3.0,3.0,3.0,13.0,17.0,9.0,5.0,4.0,14.0,1.0,1.0,8.0,15.0,4.0,7.0,13.0,17.0,7.0,7.0,18.0,12.0,3.0,1.0,7.0,Pre Season,1610612749.0,3.0,2.0,1.0,0.667,136.0,107.8,109.1,104.4,106.6,3.4,2.5,0.624,1.21,16.1,0.25,0.767,0.521,0.176,0.537,0.597,114.1,112.24,93.53,318.0,0.528,1.0,3.0,3.0,3.0,3.0,4.0,13.0,6.0,11.0,18.0,19.0,12.0,5.0,6.0,17.0,6.0,3.0,1.0,5.0,Pre Season
minnesota timberwolves,2019-20,10,1610612750.0,6.0,2.0,4.0,0.333,48.0,42.2,92.0,0.458,13.0,37.3,0.348,16.2,22.3,0.724,10.2,33.3,43.5,24.7,15.3,9.2,2.5,4.8,19.7,19.0,113.5,-6.8,2.0,17.0,25.0,25.0,10.0,11.0,5.0,20.0,14.0,13.0,20.0,22.0,17.0,24.0,12.0,17.0,14.0,13.0,21.0,6.0,30.0,18.0,8.0,25.0,15.0,27.0,Regular Season,1610612750.0,6.0,2.0,4.0,0.333,288.0,106.1,107.1,111.1,113.7,-5.0,-6.6,0.585,1.61,17.1,0.253,0.754,0.491,0.145,0.529,0.557,107.6,105.92,88.26,636.0,0.454,2.0,17.0,25.0,25.0,4.0,27.0,18.0,27.0,20.0,22.0,20.0,21.0,9.0,19.0,19.0,22.0,22.0,2.0,27.0,Regular Season
new orleans pelicans,2019-20,10,1610612740.0,3.0,3.0,0.0,1.0,45.3,40.3,84.7,0.476,15.0,38.3,0.391,18.3,23.7,0.775,5.7,34.7,40.3,27.7,14.0,8.7,5.7,4.3,22.3,25.7,114.0,22.3,1.0,1.0,1.0,1.0,3.0,3.0,12.0,2.0,2.0,8.0,2.0,13.0,16.0,9.0,20.0,13.0,20.0,1.0,5.0,7.0,5.0,11.0,6.0,5.0,3.0,1.0,Pre Season,1610612740.0,3.0,3.0,0.0,1.0,136.0,110.2,112.5,88.7,90.8,21.5,21.7,0.686,1.98,20.0,0.22,0.731,0.488,0.138,0.565,0.599,109.4,107.12,89.26,304.0,0.658,1.0,1.0,1.0,1.0,3.0,2.0,1.0,1.0,4.0,2.0,2.0,15.0,17.0,16.0,5.0,2.0,2.0,13.0,1.0,Pre Season
new york knicks,2019-20,10,1610612752.0,6.0,3.0,3.0,0.5,48.8,42.8,88.3,0.485,8.0,23.7,0.338,19.5,26.7,0.731,11.8,36.3,48.2,24.2,14.5,7.8,5.5,4.2,20.8,21.2,113.2,-3.2,2.0,7.0,14.0,14.0,8.0,5.0,11.0,9.0,30.0,30.0,22.0,9.0,6.0,22.0,7.0,7.0,5.0,16.0,17.0,16.0,10.0,9.0,18.0,12.0,16.0,22.0,Regular Season,1610612752.0,6.0,3.0,3.0,0.5,293.0,110.2,110.8,110.5,114.8,-0.3,-4.0,0.564,1.67,17.1,0.304,0.737,0.524,0.142,0.53,0.565,102.2,100.01,83.34,613.0,0.513,2.0,7.0,14.0,14.0,3.0,18.0,20.0,25.0,23.0,17.0,21.0,6.0,15.0,7.0,16.0,21.0,21.0,19.0,11.0,Regular Season
oklahoma city thunder,2019-20,10,1610612760.0,3.0,3.0,0.0,1.0,45.3,39.3,84.0,0.468,13.7,36.0,0.38,18.0,26.7,0.675,10.3,36.7,47.0,23.7,16.0,9.7,5.3,4.3,17.3,25.3,110.3,10.0,1.0,1.0,1.0,1.0,3.0,7.0,13.0,3.0,6.0,10.0,3.0,15.0,8.0,19.0,4.0,8.0,6.0,7.0,11.0,5.0,6.0,11.0,1.0,6.0,6.0,2.0,Pre Season,1610612760.0,3.0,3.0,0.0,1.0,136.0,108.8,108.9,97.7,99.0,11.1,9.9,0.602,1.48,17.3,0.262,0.736,0.51,0.158,0.55,0.576,108.0,107.29,89.41,304.0,0.561,1.0,1.0,1.0,1.0,3.0,6.0,4.0,2.0,14.0,11.0,8.0,9.0,16.0,8.0,11.0,3.0,6.0,12.0,2.0,Pre Season
orlando magic,2019-20,10,1610612753.0,3.0,1.0,2.0,0.333,45.3,36.7,91.0,0.403,10.0,34.7,0.288,22.0,27.3,0.805,13.7,29.3,43.0,24.0,11.0,8.3,2.7,5.7,21.7,24.0,105.3,-4.0,1.0,12.0,12.0,12.0,3.0,10.0,3.0,20.0,17.0,13.0,21.0,5.0,5.0,6.0,2.0,22.0,15.0,6.0,1.0,10.0,18.0,19.0,5.0,12.0,11.0,15.0,Pre Season,1610612753.0,3.0,1.0,2.0,0.333,136.0,105.0,109.7,112.3,113.5,-7.3,-3.8,0.655,2.18,17.4,0.316,0.738,0.491,0.115,0.458,0.511,104.7,101.82,84.85,288.0,0.459,1.0,12.0,12.0,12.0,3.0,3.0,22.0,15.0,6.0,1.0,6.0,1.0,15.0,12.0,1.0,20.0,20.0,22.0,19.0,Pre Season
philadelphia 76ers,2019-20,10,1610612755.0,3.0,1.0,2.0,0.333,47.0,37.7,96.3,0.391,12.0,36.3,0.33,13.3,19.3,0.69,12.3,43.3,55.7,26.0,15.0,9.0,6.3,4.7,26.3,20.0,100.7,-0.3,1.0,12.0,12.0,12.0,1.0,9.0,1.0,22.0,12.0,9.0,16.0,22.0,22.0,18.0,3.0,1.0,1.0,3.0,9.0,6.0,4.0,14.0,20.0,20.0,19.0,11.0,Pre Season,1610612755.0,3.0,1.0,2.0,0.333,141.0,93.6,95.0,94.0,95.9,-0.4,-0.9,0.69,1.73,17.6,0.27,0.756,0.507,0.142,0.453,0.48,109.7,107.91,89.93,318.0,0.507,1.0,12.0,12.0,12.0,1.0,22.0,2.0,11.0,3.0,4.0,4.0,5.0,11.0,9.0,7.0,21.0,21.0,9.0,9.0,Pre Season
phoenix suns,2019-20,10,1610612756.0,3.0,2.0,1.0,0.667,45.3,36.7,83.7,0.438,11.3,35.7,0.318,22.3,26.7,0.838,8.0,33.0,41.0,22.7,17.0,13.3,3.0,3.7,23.7,25.0,107.0,3.3,1.0,3.0,3.0,3.0,3.0,10.0,15.0,12.0,13.0,11.0,18.0,4.0,8.0,4.0,16.0,20.0,19.0,13.0,13.0,1.0,15.0,5.0,10.0,8.0,9.0,4.0,Pre Season,1610612756.0,3.0,2.0,1.0,0.667,136.0,102.5,104.9,101.0,102.0,1.5,2.9,0.618,1.33,16.6,0.255,0.815,0.52,0.167,0.506,0.561,109.6,107.82,89.85,306.0,0.537,1.0,3.0,3.0,3.0,3.0,9.0,7.0,5.0,12.0,15.0,13.0,11.0,3.0,7.0,13.0,16.0,11.0,10.0,3.0,Pre Season
portland trail blazers,2019-20,10,1610612757.0,3.0,0.0,3.0,0.0,45.3,38.0,86.0,0.442,10.0,30.3,0.33,18.0,25.3,0.711,10.3,34.3,44.7,22.3,16.0,7.3,7.0,4.0,22.7,21.7,104.0,-6.7,1.0,21.0,21.0,21.0,3.0,8.0,8.0,11.0,17.0,17.0,17.0,15.0,12.0,15.0,4.0,15.0,12.0,16.0,11.0,14.0,2.0,7.0,7.0,19.0,15.0,20.0,Pre Season,1610612757.0,3.0,0.0,3.0,0.0,136.0,101.2,104.3,109.0,109.9,-7.9,-5.6,0.588,1.4,16.5,0.268,0.724,0.492,0.161,0.5,0.535,108.2,106.06,88.38,299.0,0.465,1.0,21.0,21.0,21.0,3.0,11.0,19.0,19.0,16.0,12.0,16.0,7.0,19.0,11.0,12.0,17.0,17.0,16.0,18.0,Pre Season
sacramento kings,2019-20,10,1610612758.0,3.0,1.0,2.0,0.333,45.3,36.3,83.3,0.436,13.3,39.0,0.342,23.0,27.0,0.852,5.7,34.3,40.0,23.7,14.0,6.7,2.3,3.7,26.0,24.0,109.0,-3.3,1.0,12.0,12.0,12.0,3.0,13.0,16.0,13.0,8.0,6.0,13.0,3.0,6.0,2.0,20.0,15.0,21.0,7.0,5.0,16.0,20.0,5.0,17.0,12.0,8.0,14.0,Pre Season,1610612758.0,3.0,1.0,2.0,0.333,136.0,105.3,106.9,107.0,109.4,-1.7,-2.6,0.651,1.69,17.8,0.172,0.764,0.467,0.137,0.516,0.572,110.4,108.35,90.29,306.0,0.481,1.0,12.0,12.0,12.0,3.0,8.0,18.0,14.0,7.0,5.0,3.0,21.0,7.0,21.0,4.0,12.0,7.0,6.0,15.0,Pre Season
san antonio spurs,2019-20,10,1610612759.0,3.0,1.0,2.0,0.333,45.3,41.0,88.0,0.466,8.7,25.3,0.342,19.0,22.7,0.838,10.0,38.0,48.0,24.3,19.3,6.0,8.3,4.0,25.0,22.3,109.7,-6.3,1.0,12.0,12.0,12.0,3.0,1.0,6.0,5.0,22.0,21.0,12.0,10.0,19.0,3.0,6.0,6.0,3.0,5.0,19.0,18.0,1.0,7.0,13.0,18.0,7.0,18.0,Pre Season,1610612759.0,3.0,1.0,2.0,0.333,136.0,102.2,104.1,108.7,110.1,-6.5,-6.0,0.593,1.26,17.1,0.27,0.756,0.523,0.184,0.515,0.56,113.3,111.53,92.94,316.0,0.483,1.0,12.0,12.0,12.0,3.0,12.0,20.0,20.0,15.0,17.0,9.0,5.0,10.0,5.0,19.0,13.0,12.0,4.0,13.0,Pre Season
toronto raptors,2019-20,10,1610612761.0,3.0,2.0,1.0,0.667,45.3,34.7,79.7,0.435,14.3,40.3,0.355,19.7,26.0,0.756,8.7,39.0,47.7,23.7,20.7,6.7,4.3,4.7,23.0,24.7,103.3,2.0,1.0,3.0,3.0,3.0,3.0,20.0,18.0,14.0,4.0,5.0,8.0,9.0,11.0,10.0,13.0,3.0,4.0,7.0,21.0,16.0,12.0,14.0,8.0,9.0,16.0,8.0,Pre Season,1610612761.0,3.0,2.0,1.0,0.667,136.0,100.2,101.6,98.1,100.0,2.1,1.6,0.683,1.15,17.3,0.259,0.766,0.525,0.203,0.525,0.567,109.3,107.47,89.56,305.0,0.516,1.0,3.0,3.0,3.0,3.0,16.0,5.0,8.0,5.0,20.0,7.0,10.0,6.0,4.0,21.0,10.0,10.0,11.0,8.0,Pre Season
utah jazz,2019-20,10,1610612762.0,3.0,2.0,1.0,0.667,45.3,35.7,77.0,0.463,12.3,33.0,0.374,16.7,22.3,0.746,7.0,34.7,41.7,20.0,18.3,7.0,2.7,2.3,25.3,20.0,100.3,-2.0,1.0,3.0,3.0,3.0,3.0,18.0,21.0,6.0,11.0,15.0,5.0,18.0,20.0,11.0,19.0,13.0,17.0,22.0,16.0,15.0,18.0,2.0,15.0,20.0,20.0,13.0,Pre Season,1610612762.0,3.0,2.0,1.0,0.667,136.0,102.2,102.4,101.2,103.7,1.0,-1.3,0.561,1.09,16.0,0.174,0.76,0.482,0.187,0.543,0.578,105.5,104.12,86.76,294.0,0.471,1.0,3.0,3.0,3.0,3.0,15.0,10.0,12.0,21.0,21.0,21.0,20.0,9.0,17.0,20.0,4.0,5.0,20.0,17.0,Pre Season
washington wizards,2019-20,10,1610612764.0,3.0,0.0,3.0,0.0,45.3,36.0,91.7,0.393,9.0,33.0,0.273,18.3,27.7,0.663,14.7,31.7,46.3,20.7,13.7,8.7,3.0,7.3,26.0,25.3,99.3,-6.3,1.0,21.0,21.0,21.0,3.0,16.0,2.0,21.0,21.0,15.0,22.0,13.0,4.0,21.0,1.0,21.0,8.0,21.0,3.0,7.0,15.0,21.0,17.0,6.0,22.0,18.0,Pre Season,1610612764.0,3.0,0.0,3.0,0.0,136.0,96.6,99.7,104.1,104.3,-7.5,-4.6,0.574,1.51,14.9,0.298,0.741,0.491,0.137,0.442,0.478,108.2,106.41,88.68,299.0,0.428,1.0,21.0,21.0,21.0,3.0,19.0,11.0,16.0,19.0,10.0,22.0,3.0,14.0,14.0,3.0,22.0,22.0,15.0,22.0,Pre Season
atlanta hawks,2019-20,11,1610612737.0,5.0,1.0,4.0,0.2,51.0,42.2,96.4,0.438,13.8,40.0,0.345,16.8,21.8,0.771,12.6,33.6,46.2,25.4,16.4,6.2,4.4,6.6,24.2,19.6,115.0,-12.4,8.0,28.0,25.0,28.0,1.0,9.0,2.0,26.0,8.0,3.0,21.0,21.0,19.0,16.0,2.0,14.0,7.0,11.0,27.0,26.0,16.0,29.0,29.0,20.0,10.0,30.0,Regular Season,1610612737.0,5.0,1.0,4.0,0.2,255.0,104.7,107.9,118.7,117.7,-14.0,-9.9,0.602,1.55,17.1,0.287,0.734,0.496,0.154,0.509,0.542,102.2,101.08,84.24,533.0,0.413,8.0,28.0,25.0,28.0,8.0,25.0,27.0,29.0,16.0,26.0,22.0,7.0,16.0,17.0,23.0,27.0,26.0,11.0,30.0,Regular Season
boston celtics,2019-20,11,1610612738.0,7.0,5.0,2.0,0.714,48.7,42.9,88.9,0.482,14.3,37.1,0.385,19.9,24.7,0.803,10.1,36.6,46.7,25.4,15.1,8.3,6.1,4.7,22.4,20.4,119.9,9.4,7.0,4.0,3.0,4.0,5.0,7.0,12.0,7.0,8.0,8.0,7.0,10.0,12.0,8.0,8.0,6.0,5.0,10.0,13.0,6.0,1.0,14.0,10.0,19.0,7.0,2.0,Regular Season,1610612738.0,7.0,5.0,2.0,0.714,341.0,114.4,118.2,105.9,108.0,8.5,10.2,0.593,1.68,18.1,0.28,0.716,0.51,0.149,0.563,0.601,103.0,100.36,83.64,710.0,0.542,7.0,4.0,3.0,4.0,9.0,5.0,7.0,2.0,15.0,12.0,9.0,7.0,19.0,6.0,16.0,3.0,3.0,19.0,2.0,Regular Season
brooklyn nets,2019-20,11,1610612751.0,7.0,5.0,2.0,0.714,48.0,43.7,92.0,0.475,14.9,40.1,0.37,17.9,23.4,0.762,8.9,35.0,43.9,27.4,13.1,6.7,4.1,4.9,23.3,23.3,120.1,1.4,7.0,4.0,3.0,4.0,10.0,5.0,3.0,9.0,4.0,4.0,8.0,19.0,15.0,19.0,17.0,10.0,14.0,3.0,5.0,17.0,15.0,16.0,16.0,7.0,3.0,9.0,Regular Season,1610612751.0,7.0,5.0,2.0,0.714,336.0,112.7,116.6,112.6,114.9,0.1,1.7,0.627,2.09,19.2,0.25,0.725,0.486,0.128,0.556,0.587,106.0,103.14,85.95,721.0,0.508,7.0,4.0,3.0,4.0,14.0,7.0,17.0,8.0,6.0,4.0,3.0,15.0,17.0,19.0,5.0,7.0,8.0,8.0,9.0,Regular Season
charlotte hornets,2019-20,11,1610612766.0,6.0,2.0,4.0,0.333,49.7,39.0,85.2,0.458,14.0,35.2,0.398,17.2,21.0,0.817,10.7,29.7,40.3,25.2,12.8,6.8,3.8,4.8,17.2,19.3,109.2,0.7,2.0,17.0,25.0,25.0,2.0,25.0,23.0,21.0,7.0,17.0,6.0,19.0,23.0,7.0,10.0,26.0,24.0,12.0,6.0,25.0,21.0,18.0,2.0,21.0,23.0,12.0,Regular Season,1610612766.0,6.0,2.0,4.0,0.333,298.0,113.0,113.9,112.4,113.6,0.6,0.3,0.645,1.96,18.8,0.28,0.701,0.485,0.134,0.54,0.578,93.3,92.46,77.05,575.0,0.494,2.0,17.0,25.0,25.0,2.0,10.0,17.0,14.0,9.0,5.0,8.0,9.0,26.0,23.0,10.0,18.0,17.0,30.0,20.0,Regular Season
chicago bulls,2019-20,11,1610612741.0,5.0,2.0,3.0,0.4,48.0,42.0,92.2,0.456,10.8,34.4,0.314,12.0,16.6,0.723,11.4,29.4,40.8,24.2,13.8,10.2,5.0,5.4,23.4,18.0,106.8,-1.8,8.0,17.0,14.0,18.0,10.0,13.0,4.0,23.0,27.0,20.0,27.0,30.0,30.0,25.0,9.0,27.0,23.0,15.0,14.0,1.0,12.0,24.0,27.0,28.0,27.0,20.0,Regular Season,1610612741.0,5.0,2.0,3.0,0.4,240.0,104.8,106.4,106.8,108.4,-2.0,-2.0,0.576,1.75,17.4,0.282,0.714,0.475,0.137,0.514,0.537,101.8,100.3,83.58,502.0,0.469,8.0,17.0,14.0,18.0,14.0,29.0,7.0,20.0,21.0,14.0,17.0,8.0,23.0,26.0,12.0,25.0,28.0,15.0,26.0,Regular Season
cleveland cavaliers,2019-20,11,1610612739.0,5.0,2.0,3.0,0.4,49.0,41.2,86.0,0.479,12.2,33.0,0.37,17.0,23.6,0.72,11.8,32.2,44.0,27.8,15.6,7.4,2.8,5.2,18.6,22.2,111.6,-3.8,8.0,17.0,14.0,18.0,3.0,17.0,20.0,11.0,20.0,23.0,14.0,20.0,13.0,26.0,8.0,22.0,13.0,6.0,24.0,19.0,28.0,22.0,5.0,5.0,19.0,25.0,Regular Season,1610612739.0,5.0,2.0,3.0,0.4,245.0,111.4,110.9,114.6,114.9,-3.2,-4.0,0.675,1.78,19.7,0.275,0.738,0.501,0.155,0.55,0.579,98.4,98.45,82.04,503.0,0.488,8.0,17.0,14.0,18.0,9.0,17.0,21.0,24.0,4.0,12.0,6.0,11.0,14.0,12.0,24.0,14.0,15.0,22.0,22.0,Regular Season
dallas mavericks,2019-20,11,1610612742.0,7.0,3.0,4.0,0.429,49.4,41.0,91.4,0.448,12.7,38.1,0.333,24.0,28.7,0.836,9.4,35.6,45.0,25.6,10.9,4.9,3.6,4.6,21.4,25.3,118.7,-4.3,7.0,11.0,9.0,11.0,2.0,13.0,4.0,17.0,14.0,6.0,18.0,1.0,3.0,3.0,14.0,8.0,10.0,7.0,2.0,22.0,19.0,12.0,5.0,2.0,10.0,17.0,Regular Season,1610612742.0,7.0,3.0,4.0,0.429,346.0,112.5,116.1,117.7,119.3,-5.1,-3.2,0.624,2.36,18.1,0.256,0.749,0.496,0.106,0.518,0.57,102.0,99.75,83.12,716.0,0.486,7.0,11.0,9.0,11.0,7.0,8.0,20.0,16.0,7.0,2.0,10.0,14.0,10.0,17.0,2.0,17.0,15.0,21.0,16.0,Regular Season
denver nuggets,2019-20,11,1610612743.0,8.0,3.0,5.0,0.375,49.9,43.8,88.8,0.493,11.8,32.1,0.366,19.3,24.5,0.786,10.9,32.1,43.0,28.5,14.4,7.1,4.4,4.0,22.8,24.4,118.5,-4.8,1.0,11.0,14.0,14.0,1.0,4.0,14.0,1.0,17.0,18.0,12.0,14.0,14.0,11.0,6.0,21.0,17.0,1.0,8.0,12.0,12.0,8.0,13.0,4.0,11.0,19.0,Regular Season,1610612743.0,8.0,3.0,5.0,0.375,399.0,115.0,116.9,120.2,121.7,-5.1,-4.8,0.651,1.98,19.9,0.292,0.706,0.498,0.142,0.559,0.595,98.9,97.5,81.25,811.0,0.496,1.0,11.0,14.0,14.0,1.0,6.0,22.0,20.0,2.0,6.0,1.0,3.0,21.0,16.0,9.0,5.0,5.0,22.0,13.0,Regular Season
detroit pistons,2019-20,11,1610612765.0,5.0,0.0,5.0,0.0,48.0,36.2,83.2,0.435,13.4,37.6,0.356,14.6,21.6,0.676,7.4,29.2,36.6,24.0,13.2,7.2,3.2,5.6,22.4,18.2,100.4,-9.8,8.0,30.0,30.0,30.0,10.0,30.0,26.0,27.0,11.0,11.0,17.0,26.0,20.0,30.0,25.0,28.0,29.0,18.0,7.0,21.0,27.0,25.0,25.0,27.0,30.0,29.0,Regular Season,1610612765.0,5.0,0.0,5.0,0.0,240.0,101.9,106.8,116.4,117.2,-14.5,-10.4,0.663,1.82,18.2,0.273,0.696,0.47,0.14,0.516,0.542,96.6,94.0,78.33,470.0,0.421,8.0,30.0,30.0,30.0,14.0,28.0,26.0,30.0,7.0,8.0,12.0,13.0,27.0,27.0,15.0,24.0,27.0,29.0,29.0,Regular Season
golden state warriors,2019-20,11,1610612744.0,5.0,2.0,3.0,0.4,48.0,41.0,85.6,0.479,12.2,36.8,0.332,18.6,25.2,0.738,9.6,32.2,41.8,29.0,13.2,5.2,3.4,3.4,21.2,22.0,112.8,-5.2,8.0,17.0,14.0,18.0,10.0,18.0,22.0,12.0,20.0,15.0,24.0,11.0,10.0,21.0,14.0,22.0,20.0,1.0,7.0,29.0,25.0,5.0,19.0,7.0,17.0,26.0,Regular Season,1610612744.0,5.0,2.0,3.0,0.4,240.0,112.5,114.2,118.5,118.2,-6.0,-4.1,0.707,2.2,20.7,0.257,0.74,0.496,0.134,0.55,0.583,99.9,99.3,82.75,494.0,0.481,8.0,17.0,14.0,18.0,14.0,8.0,28.0,26.0,2.0,3.0,2.0,17.0,13.0,18.0,8.0,13.0,14.0,21.0,23.0,Regular Season
houston rockets,2019-20,11,1610612745.0,7.0,3.0,4.0,0.429,48.0,36.0,86.9,0.414,17.3,54.4,0.318,20.6,24.7,0.832,4.9,33.7,38.6,22.3,15.6,10.6,4.6,5.0,21.9,21.4,109.9,-4.4,7.0,11.0,9.0,11.0,10.0,22.0,17.0,22.0,1.0,1.0,20.0,8.0,12.0,4.0,22.0,16.0,22.0,20.0,16.0,1.0,9.0,17.0,6.0,16.0,18.0,18.0,Regular Season,1610612745.0,7.0,3.0,4.0,0.429,336.0,101.3,102.4,105.1,106.5,-3.8,-4.1,0.619,1.43,16.2,0.151,0.715,0.427,0.145,0.514,0.562,108.6,107.29,89.4,751.0,0.456,7.0,11.0,9.0,11.0,14.0,21.0,5.0,17.0,8.0,19.0,20.0,22.0,20.0,22.0,13.0,18.0,18.0,1.0,20.0,Regular Season
indiana pacers,2019-20,11,1610612754.0,8.0,6.0,2.0,0.75,48.0,41.9,89.1,0.47,11.9,32.4,0.367,14.6,18.6,0.785,7.9,34.8,42.6,25.3,14.3,9.1,5.3,5.5,21.4,20.3,110.3,2.1,1.0,3.0,3.0,3.0,10.0,11.0,11.0,10.0,16.0,16.0,11.0,22.0,22.0,12.0,21.0,11.0,19.0,12.0,6.0,3.0,3.0,21.0,4.0,22.0,17.0,8.0,Regular Season,1610612754.0,8.0,6.0,2.0,0.75,384.0,106.3,107.6,102.4,105.7,3.9,1.8,0.603,1.77,18.3,0.218,0.689,0.464,0.139,0.536,0.566,104.6,102.38,85.31,820.0,0.523,1.0,3.0,3.0,3.0,3.0,16.0,4.0,7.0,14.0,8.0,8.0,21.0,22.0,21.0,6.0,13.0,17.0,9.0,6.0,Regular Season
la clippers,2019-20,11,1610612746.0,7.0,5.0,2.0,0.714,48.7,42.3,87.4,0.484,14.4,35.9,0.402,21.0,26.7,0.786,8.9,37.7,46.6,23.6,11.9,7.0,2.1,3.0,21.9,22.9,120.0,7.0,7.0,4.0,3.0,4.0,5.0,9.0,16.0,6.0,5.0,12.0,5.0,7.0,7.0,10.0,17.0,4.0,6.0,16.0,4.0,13.0,22.0,1.0,6.0,9.0,5.0,3.0,Regular Season,1610612746.0,7.0,5.0,2.0,0.714,341.0,117.4,118.3,109.6,111.3,7.8,7.1,0.557,1.99,17.3,0.236,0.766,0.512,0.117,0.566,0.605,101.1,100.01,83.34,710.0,0.54,7.0,4.0,3.0,4.0,9.0,4.0,11.0,3.0,20.0,5.0,14.0,19.0,4.0,5.0,4.0,1.0,1.0,20.0,3.0,Regular Season
los angeles lakers,2019-20,11,1610612747.0,7.0,2.0,5.0,0.286,48.0,38.6,86.9,0.444,9.7,32.1,0.302,20.0,27.9,0.718,11.1,31.0,42.1,21.7,15.7,9.3,5.0,3.3,20.7,23.4,106.9,-8.3,7.0,16.0,14.0,16.0,10.0,17.0,17.0,18.0,21.0,17.0,22.0,9.0,4.0,22.0,4.0,22.0,20.0,21.0,18.0,2.0,6.0,3.0,1.0,6.0,21.0,21.0,Regular Season,1610612747.0,7.0,2.0,5.0,0.286,336.0,103.1,105.2,110.4,112.9,-7.4,-7.7,0.563,1.38,15.8,0.28,0.754,0.499,0.155,0.5,0.539,104.0,101.79,84.82,711.0,0.448,7.0,16.0,14.0,16.0,14.0,19.0,13.0,21.0,19.0,20.0,21.0,8.0,8.0,13.0,18.0,20.0,21.0,10.0,21.0,Regular Season
memphis grizzlies,2019-20,11,1610612763.0,7.0,2.0,5.0,0.286,48.0,40.7,89.7,0.454,10.7,33.9,0.316,17.3,22.1,0.781,9.3,36.7,46.0,26.1,15.4,6.7,4.3,4.3,23.7,22.1,109.4,-0.4,7.0,16.0,14.0,16.0,10.0,14.0,8.0,13.0,19.0,14.0,21.0,20.0,19.0,14.0,15.0,5.0,8.0,5.0,15.0,17.0,13.0,10.0,20.0,14.0,19.0,11.0,Regular Season,1610612763.0,7.0,2.0,5.0,0.286,336.0,103.6,105.4,103.8,105.6,-0.2,-0.3,0.642,1.69,18.4,0.239,0.755,0.499,0.149,0.514,0.55,105.7,103.93,86.61,727.0,0.508,7.0,16.0,14.0,16.0,14.0,18.0,3.0,11.0,3.0,10.0,6.0,17.0,7.0,12.0,15.0,19.0,19.0,4.0,10.0,Regular Season
miami heat,2019-20,11,1610612748.0,8.0,3.0,5.0,0.375,48.0,38.0,84.3,0.451,13.9,39.9,0.348,21.3,25.9,0.821,8.5,34.5,43.0,25.4,15.0,8.4,5.1,3.4,22.3,23.0,111.1,0.6,1.0,11.0,14.0,14.0,10.0,18.0,21.0,16.0,9.0,5.0,16.0,5.0,9.0,6.0,19.0,14.0,17.0,11.0,12.0,5.0,5.0,4.0,9.0,8.0,15.0,10.0,Regular Season,1610612748.0,8.0,3.0,5.0,0.375,384.0,108.8,110.0,107.9,110.1,0.9,-0.1,0.668,1.69,18.5,0.237,0.731,0.482,0.149,0.533,0.581,102.3,100.69,83.91,808.0,0.514,1.0,11.0,14.0,14.0,3.0,14.0,8.0,10.0,1.0,11.0,5.0,18.0,16.0,20.0,14.0,14.0,12.0,17.0,7.0,Regular Season
milwaukee bucks,2019-20,11,1610612749.0,7.0,2.0,5.0,0.286,48.7,41.6,89.4,0.465,14.4,41.3,0.349,21.3,29.1,0.73,9.6,42.6,52.1,25.6,16.9,5.3,4.6,3.4,22.6,24.6,118.9,-0.7,7.0,16.0,14.0,16.0,5.0,12.0,10.0,12.0,5.0,3.0,15.0,4.0,1.0,20.0,12.0,1.0,1.0,7.0,20.0,21.0,9.0,5.0,11.0,3.0,8.0,12.0,Regular Season,1610612749.0,7.0,2.0,5.0,0.286,341.0,108.5,109.2,108.5,110.7,0.0,-1.5,0.615,1.52,17.4,0.245,0.774,0.523,0.155,0.546,0.581,108.3,106.84,89.03,762.0,0.506,7.0,16.0,14.0,16.0,9.0,15.0,9.0,12.0,10.0,17.0,13.0,16.0,2.0,4.0,19.0,10.0,11.0,2.0,12.0,Regular Season
minnesota timberwolves,2019-20,11,1610612750.0,6.0,2.0,4.0,0.333,48.0,42.2,92.0,0.458,13.0,37.3,0.348,16.2,22.3,0.724,10.2,33.3,43.5,24.7,15.3,9.2,2.5,4.8,19.7,19.0,113.5,-6.8,2.0,17.0,25.0,25.0,10.0,11.0,5.0,20.0,14.0,13.0,20.0,22.0,17.0,24.0,12.0,17.0,14.0,13.0,21.0,6.0,30.0,18.0,8.0,25.0,15.0,27.0,Regular Season,1610612750.0,6.0,2.0,4.0,0.333,288.0,106.1,107.1,111.1,113.7,-5.0,-6.6,0.585,1.61,17.1,0.253,0.754,0.491,0.145,0.529,0.557,107.6,105.92,88.26,636.0,0.454,2.0,17.0,25.0,25.0,4.0,27.0,18.0,27.0,20.0,22.0,20.0,21.0,9.0,19.0,19.0,22.0,22.0,2.0,27.0,Regular Season
new orleans pelicans,2019-20,11,1610612740.0,7.0,2.0,5.0,0.286,48.0,42.3,86.0,0.492,10.7,30.9,0.347,19.1,26.3,0.728,9.0,33.0,42.0,26.0,17.4,5.9,4.0,4.7,22.0,25.4,114.4,-5.4,7.0,16.0,14.0,16.0,10.0,9.0,20.0,2.0,19.0,20.0,17.0,15.0,8.0,21.0,16.0,18.0,21.0,6.0,21.0,20.0,16.0,14.0,8.0,1.0,12.0,20.0,Regular Season,1610612740.0,7.0,2.0,5.0,0.286,336.0,108.0,110.9,115.1,115.2,-7.1,-4.3,0.615,1.49,18.3,0.267,0.721,0.499,0.169,0.554,0.586,105.1,103.57,86.31,722.0,0.487,7.0,16.0,14.0,16.0,14.0,11.0,18.0,18.0,11.0,18.0,7.0,10.0,18.0,14.0,21.0,8.0,9.0,6.0,15.0,Regular Season
new york knicks,2019-20,11,1610612752.0,6.0,3.0,3.0,0.5,48.8,42.8,88.3,0.485,8.0,23.7,0.338,19.5,26.7,0.731,11.8,36.3,48.2,24.2,14.5,7.8,5.5,4.2,20.8,21.2,113.2,-3.2,2.0,7.0,14.0,14.0,8.0,5.0,11.0,9.0,30.0,30.0,22.0,9.0,6.0,22.0,7.0,7.0,5.0,16.0,17.0,16.0,10.0,9.0,18.0,12.0,16.0,22.0,Regular Season,1610612752.0,6.0,3.0,3.0,0.5,293.0,110.2,110.8,110.5,114.8,-0.3,-4.0,0.564,1.67,17.1,0.304,0.737,0.524,0.142,0.53,0.565,102.2,100.01,83.34,613.0,0.513,2.0,7.0,14.0,14.0,3.0,18.0,20.0,25.0,23.0,17.0,21.0,6.0,15.0,7.0,16.0,21.0,21.0,19.0,11.0,Regular Season
oklahoma city thunder,2019-20,11,1610612760.0,8.0,4.0,4.0,0.5,49.3,37.6,88.6,0.425,13.0,36.6,0.355,19.4,24.8,0.783,9.5,35.3,44.8,20.3,15.6,7.9,4.0,3.5,23.1,22.4,107.6,-1.8,1.0,8.0,9.0,9.0,4.0,20.0,15.0,20.0,13.0,10.0,13.0,13.0,11.0,13.0,13.0,9.0,11.0,22.0,17.0,9.0,16.0,7.0,15.0,13.0,20.0,13.0,Regular Season,1610612760.0,8.0,4.0,4.0,0.5,394.0,101.9,103.9,104.3,105.4,-2.4,-1.6,0.538,1.3,14.8,0.256,0.732,0.491,0.151,0.498,0.541,102.6,101.06,84.21,829.0,0.472,1.0,8.0,9.0,9.0,2.0,20.0,2.0,13.0,21.0,22.0,22.0,13.0,15.0,18.0,17.0,21.0,20.0,14.0,17.0,Regular Season
orlando magic,2019-20,11,1610612753.0,7.0,2.0,5.0,0.286,48.7,39.3,86.9,0.452,12.3,34.7,0.354,21.9,27.7,0.789,10.1,34.6,44.7,22.4,14.7,6.9,3.0,3.4,24.0,21.0,112.7,-3.0,7.0,16.0,14.0,16.0,5.0,16.0,17.0,14.0,15.0,13.0,14.0,3.0,6.0,9.0,8.0,13.0,12.0,19.0,10.0,15.0,20.0,5.0,21.0,18.0,14.0,15.0,Regular Season,1610612753.0,7.0,2.0,5.0,0.286,341.0,108.8,110.0,110.8,113.0,-2.1,-2.9,0.571,1.52,16.3,0.261,0.754,0.505,0.144,0.523,0.569,102.5,100.93,84.11,717.0,0.464,7.0,16.0,14.0,16.0,9.0,13.0,14.0,15.0,18.0,16.0,19.0,12.0,9.0,10.0,10.0,16.0,16.0,15.0,19.0,Regular Season
philadelphia 76ers,2019-20,11,1610612755.0,8.0,4.0,4.0,0.5,48.0,43.6,89.5,0.487,13.3,31.9,0.416,19.6,25.4,0.773,11.4,33.9,45.3,25.3,14.3,6.9,5.0,5.4,23.4,21.6,120.1,3.8,1.0,8.0,9.0,9.0,10.0,6.0,9.0,4.0,12.0,19.0,2.0,12.0,10.0,17.0,2.0,15.0,9.0,12.0,6.0,14.0,6.0,20.0,18.0,15.0,4.0,5.0,Regular Season,1610612755.0,8.0,4.0,4.0,0.5,384.0,116.0,118.6,112.7,114.8,3.3,3.8,0.579,1.77,17.8,0.306,0.747,0.525,0.141,0.561,0.597,103.4,101.31,84.43,810.0,0.51,1.0,8.0,9.0,9.0,3.0,3.0,16.0,5.0,17.0,8.0,12.0,1.0,11.0,3.0,8.0,4.0,4.0,12.0,8.0,Regular Season
phoenix suns,2019-20,11,1610612756.0,7.0,7.0,0.0,1.0,48.0,44.9,91.4,0.491,13.3,32.4,0.41,18.9,21.1,0.892,10.1,38.4,48.6,27.4,11.3,6.0,3.7,4.6,20.9,20.3,121.9,13.1,7.0,1.0,1.0,1.0,10.0,1.0,4.0,3.0,11.0,15.0,4.0,16.0,20.0,1.0,8.0,3.0,2.0,3.0,3.0,19.0,18.0,12.0,2.0,20.0,2.0,1.0,Regular Season,1610612756.0,7.0,7.0,0.0,1.0,336.0,119.6,121.0,106.1,107.9,13.5,13.0,0.611,2.43,19.5,0.266,0.785,0.534,0.112,0.563,0.605,102.1,100.71,83.93,705.0,0.565,7.0,1.0,1.0,1.0,14.0,2.0,6.0,1.0,12.0,1.0,2.0,11.0,1.0,1.0,3.0,2.0,2.0,16.0,1.0,Regular Season
portland trail blazers,2019-20,11,1610612757.0,7.0,5.0,2.0,0.714,48.0,44.3,94.3,0.47,15.7,38.1,0.412,19.7,23.4,0.841,11.3,33.0,44.3,23.6,10.1,7.7,4.4,4.0,22.6,22.9,124.0,2.3,7.0,4.0,3.0,4.0,10.0,3.0,1.0,11.0,3.0,6.0,3.0,11.0,15.0,2.0,3.0,18.0,13.0,16.0,1.0,10.0,11.0,8.0,11.0,9.0,1.0,7.0,Regular Season,1610612757.0,7.0,5.0,2.0,0.714,336.0,119.9,122.3,118.2,120.7,1.6,1.6,0.532,2.32,16.9,0.299,0.743,0.51,0.1,0.553,0.593,103.2,101.14,84.29,710.0,0.507,7.0,4.0,3.0,4.0,14.0,1.0,21.0,9.0,22.0,3.0,17.0,2.0,12.0,8.0,1.0,9.0,6.0,13.0,11.0,Regular Season
sacramento kings,2019-20,11,1610612758.0,7.0,3.0,4.0,0.429,48.7,44.9,92.4,0.485,13.4,36.3,0.37,15.7,20.3,0.775,10.1,33.4,43.6,27.7,14.7,8.1,2.9,3.1,24.3,21.3,118.9,-2.1,7.0,11.0,9.0,11.0,5.0,1.0,2.0,5.0,10.0,11.0,9.0,21.0,21.0,16.0,8.0,17.0,15.0,2.0,10.0,8.0,21.0,2.0,22.0,17.0,8.0,14.0,Regular Season,1610612758.0,7.0,3.0,4.0,0.429,341.0,112.2,113.4,113.8,115.6,-1.6,-2.2,0.618,1.88,19.1,0.27,0.737,0.5,0.14,0.558,0.586,104.5,103.25,86.04,734.0,0.492,7.0,11.0,9.0,11.0,9.0,10.0,19.0,14.0,9.0,7.0,4.0,9.0,14.0,11.0,7.0,6.0,10.0,7.0,14.0,Regular Season
san antonio spurs,2019-20,11,1610612759.0,7.0,4.0,3.0,0.571,48.0,42.6,88.9,0.479,11.1,26.7,0.417,23.7,29.0,0.818,10.9,36.1,47.0,24.7,15.3,8.3,5.9,4.4,21.1,22.9,120.0,3.3,7.0,8.0,8.0,8.0,10.0,8.0,12.0,8.0,18.0,22.0,1.0,2.0,2.0,7.0,7.0,7.0,3.0,14.0,14.0,6.0,2.0,11.0,3.0,9.0,5.0,6.0,Regular Season,1610612759.0,7.0,4.0,3.0,0.571,336.0,113.2,113.8,109.6,111.2,3.5,2.7,0.581,1.62,17.2,0.285,0.759,0.528,0.145,0.542,0.59,106.3,105.21,87.68,738.0,0.523,7.0,8.0,8.0,8.0,14.0,9.0,10.0,6.0,16.0,13.0,16.0,4.0,6.0,2.0,12.0,11.0,7.0,3.0,5.0,Regular Season
toronto raptors,2019-20,11,1610612761.0,8.0,7.0,1.0,0.875,48.0,37.6,83.3,0.452,14.4,36.8,0.391,21.3,27.8,0.766,8.4,38.5,46.9,24.0,17.9,8.9,5.3,7.0,22.9,23.6,110.9,4.5,1.0,1.0,2.0,2.0,10.0,20.0,22.0,15.0,7.0,9.0,6.0,5.0,5.0,18.0,20.0,2.0,4.0,15.0,22.0,4.0,3.0,22.0,14.0,5.0,16.0,4.0,Regular Season,1610612761.0,8.0,7.0,1.0,0.875,384.0,105.6,106.9,100.3,102.7,5.3,4.2,0.638,1.34,17.3,0.228,0.769,0.51,0.172,0.538,0.581,105.5,103.69,86.41,830.0,0.525,1.0,1.0,2.0,2.0,3.0,17.0,1.0,4.0,5.0,21.0,15.0,20.0,3.0,7.0,22.0,12.0,13.0,5.0,4.0,Regular Season
utah jazz,2019-20,11,1610612762.0,7.0,2.0,5.0,0.286,49.4,40.0,90.4,0.442,16.0,43.3,0.37,18.4,22.3,0.827,11.1,32.3,43.4,25.6,16.4,7.1,4.3,5.0,23.4,22.6,114.4,-3.9,7.0,16.0,14.0,16.0,2.0,15.0,6.0,19.0,2.0,2.0,10.0,17.0,18.0,5.0,4.0,20.0,16.0,7.0,19.0,11.0,13.0,17.0,19.0,12.0,12.0,16.0,Regular Season,1610612762.0,7.0,2.0,5.0,0.286,346.0,108.4,110.2,112.8,114.5,-4.4,-4.3,0.639,1.56,17.9,0.282,0.762,0.508,0.158,0.531,0.571,102.1,100.58,83.81,727.0,0.466,7.0,16.0,14.0,16.0,7.0,12.0,15.0,19.0,4.0,15.0,11.0,5.0,5.0,9.0,20.0,15.0,14.0,18.0,18.0,Regular Season
washington wizards,2019-20,11,1610612764.0,7.0,1.0,6.0,0.143,48.0,38.0,90.3,0.421,9.7,29.4,0.33,18.1,23.3,0.779,11.4,34.7,46.1,23.1,14.6,6.9,4.9,5.3,23.3,20.3,103.9,-9.1,7.0,22.0,22.0,22.0,10.0,18.0,7.0,21.0,21.0,21.0,19.0,18.0,17.0,15.0,1.0,12.0,7.0,18.0,9.0,15.0,8.0,19.0,16.0,20.0,22.0,22.0,Regular Season,1610612764.0,7.0,1.0,6.0,0.143,336.0,100.2,102.4,110.1,111.4,-9.9,-9.0,0.609,1.59,16.5,0.281,0.74,0.499,0.144,0.475,0.517,103.2,101.43,84.52,710.0,0.444,7.0,22.0,22.0,22.0,14.0,22.0,12.0,22.0,13.0,14.0,18.0,6.0,13.0,15.0,11.0,22.0,22.0,11.0,22.0,Regular Season
atlanta hawks,2019-20,12,1610612737.0,5.0,1.0,4.0,0.2,51.0,42.2,96.4,0.438,13.8,40.0,0.345,16.8,21.8,0.771,12.6,33.6,46.2,25.4,16.4,6.2,4.4,6.6,24.2,19.6,115.0,-12.4,8.0,28.0,25.0,28.0,1.0,9.0,2.0,26.0,8.0,3.0,21.0,21.0,19.0,16.0,2.0,14.0,7.0,11.0,27.0,26.0,16.0,29.0,29.0,20.0,10.0,30.0,Regular Season,1610612737.0,5.0,1.0,4.0,0.2,255.0,104.7,107.9,118.7,117.7,-14.0,-9.9,0.602,1.55,17.1,0.287,0.734,0.496,0.154,0.509,0.542,102.2,101.08,84.24,533.0,0.413,8.0,28.0,25.0,28.0,8.0,25.0,27.0,29.0,16.0,26.0,22.0,7.0,16.0,17.0,23.0,27.0,26.0,11.0,30.0,Regular Season
boston celtics,2019-20,12,1610612738.0,12.0,5.0,7.0,0.417,49.3,38.4,84.7,0.454,12.1,36.7,0.33,19.3,23.6,0.816,8.8,36.8,45.5,23.7,14.3,6.6,4.7,5.1,21.7,21.8,108.2,1.7,2.0,4.0,9.0,6.0,2.0,2.0,3.0,4.0,5.0,4.0,8.0,4.0,5.0,2.0,5.0,3.0,3.0,4.0,7.0,8.0,3.0,7.0,6.0,6.0,3.0,2.0,Playoffs,1610612738.0,12.0,5.0,7.0,0.417,591.0,107.5,110.3,104.9,108.1,2.6,2.2,0.616,1.65,17.7,0.262,0.759,0.519,0.146,0.525,0.569,98.5,95.8,79.83,1177.0,0.519,2.0,4.0,9.0,6.0,2.0,3.0,4.0,2.0,4.0,3.0,4.0,4.0,4.0,3.0,6.0,6.0,6.0,6.0,3.0,Playoffs
brooklyn nets,2019-20,12,1610612751.0,7.0,5.0,2.0,0.714,48.0,43.7,92.0,0.475,14.9,40.1,0.37,17.9,23.4,0.762,8.9,35.0,43.9,27.4,13.1,6.7,4.1,4.9,23.3,23.3,120.1,1.4,7.0,4.0,3.0,4.0,10.0,5.0,3.0,9.0,4.0,4.0,8.0,19.0,15.0,19.0,17.0,10.0,14.0,3.0,5.0,17.0,15.0,16.0,16.0,7.0,3.0,9.0,Regular Season,1610612751.0,7.0,5.0,2.0,0.714,336.0,112.7,116.6,112.6,114.9,0.1,1.7,0.627,2.09,19.2,0.25,0.725,0.486,0.128,0.556,0.587,106.0,103.14,85.95,721.0,0.508,7.0,4.0,3.0,4.0,14.0,7.0,17.0,8.0,6.0,4.0,3.0,15.0,17.0,19.0,5.0,7.0,8.0,8.0,9.0,Regular Season
charlotte hornets,2019-20,12,1610612766.0,6.0,2.0,4.0,0.333,49.7,39.0,85.2,0.458,14.0,35.2,0.398,17.2,21.0,0.817,10.7,29.7,40.3,25.2,12.8,6.8,3.8,4.8,17.2,19.3,109.2,0.7,2.0,17.0,25.0,25.0,2.0,25.0,23.0,21.0,7.0,17.0,6.0,19.0,23.0,7.0,10.0,26.0,24.0,12.0,6.0,25.0,21.0,18.0,2.0,21.0,23.0,12.0,Regular Season,1610612766.0,6.0,2.0,4.0,0.333,298.0,113.0,113.9,112.4,113.6,0.6,0.3,0.645,1.96,18.8,0.28,0.701,0.485,0.134,0.54,0.578,93.3,92.46,77.05,575.0,0.494,2.0,17.0,25.0,25.0,2.0,10.0,17.0,14.0,9.0,5.0,8.0,9.0,26.0,23.0,10.0,18.0,17.0,30.0,20.0,Regular Season
chicago bulls,2019-20,12,1610612741.0,5.0,2.0,3.0,0.4,48.0,42.0,92.2,0.456,10.8,34.4,0.314,12.0,16.6,0.723,11.4,29.4,40.8,24.2,13.8,10.2,5.0,5.4,23.4,18.0,106.8,-1.8,8.0,17.0,14.0,18.0,10.0,13.0,4.0,23.0,27.0,20.0,27.0,30.0,30.0,25.0,9.0,27.0,23.0,15.0,14.0,1.0,12.0,24.0,27.0,28.0,27.0,20.0,Regular Season,1610612741.0,5.0,2.0,3.0,0.4,240.0,104.8,106.4,106.8,108.4,-2.0,-2.0,0.576,1.75,17.4,0.282,0.714,0.475,0.137,0.514,0.537,101.8,100.3,83.58,502.0,0.469,8.0,17.0,14.0,18.0,14.0,29.0,7.0,20.0,21.0,14.0,17.0,8.0,23.0,26.0,12.0,25.0,28.0,15.0,26.0,Regular Season
cleveland cavaliers,2019-20,12,1610612739.0,5.0,2.0,3.0,0.4,49.0,41.2,86.0,0.479,12.2,33.0,0.37,17.0,23.6,0.72,11.8,32.2,44.0,27.8,15.6,7.4,2.8,5.2,18.6,22.2,111.6,-3.8,8.0,17.0,14.0,18.0,3.0,17.0,20.0,11.0,20.0,23.0,14.0,20.0,13.0,26.0,8.0,22.0,13.0,6.0,24.0,19.0,28.0,22.0,5.0,5.0,19.0,25.0,Regular Season,1610612739.0,5.0,2.0,3.0,0.4,245.0,111.4,110.9,114.6,114.9,-3.2,-4.0,0.675,1.78,19.7,0.275,0.738,0.501,0.155,0.55,0.579,98.4,98.45,82.04,503.0,0.488,8.0,17.0,14.0,18.0,9.0,17.0,21.0,24.0,4.0,12.0,6.0,11.0,14.0,12.0,24.0,14.0,15.0,22.0,22.0,Regular Season
dallas mavericks,2019-20,12,1610612742.0,7.0,3.0,4.0,0.429,49.4,41.0,91.4,0.448,12.7,38.1,0.333,24.0,28.7,0.836,9.4,35.6,45.0,25.6,10.9,4.9,3.6,4.6,21.4,25.3,118.7,-4.3,7.0,11.0,9.0,11.0,2.0,13.0,4.0,17.0,14.0,6.0,18.0,1.0,3.0,3.0,14.0,8.0,10.0,7.0,2.0,22.0,19.0,12.0,5.0,2.0,10.0,17.0,Regular Season,1610612742.0,7.0,3.0,4.0,0.429,346.0,112.5,116.1,117.7,119.3,-5.1,-3.2,0.624,2.36,18.1,0.256,0.749,0.496,0.106,0.518,0.57,102.0,99.75,83.12,716.0,0.486,7.0,11.0,9.0,11.0,7.0,8.0,20.0,16.0,7.0,2.0,10.0,14.0,10.0,17.0,2.0,17.0,15.0,21.0,16.0,Regular Season
denver nuggets,2019-20,12,1610612743.0,13.0,6.0,7.0,0.462,48.0,37.5,80.6,0.466,10.4,30.3,0.343,18.5,23.1,0.8,8.5,31.8,40.3,22.6,14.8,6.9,3.7,4.4,22.7,23.1,103.9,-1.3,1.0,3.0,9.0,4.0,5.0,5.0,7.0,2.0,8.0,10.0,4.0,6.0,7.0,3.0,6.0,9.0,9.0,5.0,8.0,5.0,8.0,4.0,9.0,2.0,5.0,5.0,Playoffs,1610612743.0,13.0,6.0,7.0,0.462,624.0,107.1,108.8,107.7,110.2,-0.6,-1.5,0.602,1.53,17.4,0.27,0.715,0.498,0.155,0.53,0.572,97.4,95.5,79.58,1242.0,0.498,1.0,3.0,9.0,4.0,1.0,4.0,7.0,6.0,5.0,6.0,5.0,3.0,10.0,6.0,7.0,4.0,4.0,8.0,5.0,Playoffs
detroit pistons,2019-20,12,1610612765.0,5.0,0.0,5.0,0.0,48.0,36.2,83.2,0.435,13.4,37.6,0.356,14.6,21.6,0.676,7.4,29.2,36.6,24.0,13.2,7.2,3.2,5.6,22.4,18.2,100.4,-9.8,8.0,30.0,30.0,30.0,10.0,30.0,26.0,27.0,11.0,11.0,17.0,26.0,20.0,30.0,25.0,28.0,29.0,18.0,7.0,21.0,27.0,25.0,25.0,27.0,30.0,29.0,Regular Season,1610612765.0,5.0,0.0,5.0,0.0,240.0,101.9,106.8,116.4,117.2,-14.5,-10.4,0.663,1.82,18.2,0.273,0.696,0.47,0.14,0.516,0.542,96.6,94.0,78.33,470.0,0.421,8.0,30.0,30.0,30.0,14.0,28.0,26.0,30.0,7.0,8.0,12.0,13.0,27.0,27.0,15.0,24.0,27.0,29.0,29.0,Regular Season
golden state warriors,2019-20,12,1610612744.0,5.0,2.0,3.0,0.4,48.0,41.0,85.6,0.479,12.2,36.8,0.332,18.6,25.2,0.738,9.6,32.2,41.8,29.0,13.2,5.2,3.4,3.4,21.2,22.0,112.8,-5.2,8.0,17.0,14.0,18.0,10.0,18.0,22.0,12.0,20.0,15.0,24.0,11.0,10.0,21.0,14.0,22.0,20.0,1.0,7.0,29.0,25.0,5.0,19.0,7.0,17.0,26.0,Regular Season,1610612744.0,5.0,2.0,3.0,0.4,240.0,112.5,114.2,118.5,118.2,-6.0,-4.1,0.707,2.2,20.7,0.257,0.74,0.496,0.134,0.55,0.583,99.9,99.3,82.75,494.0,0.481,8.0,17.0,14.0,18.0,14.0,8.0,28.0,26.0,2.0,3.0,2.0,17.0,13.0,18.0,8.0,13.0,14.0,21.0,23.0,Regular Season
houston rockets,2019-20,12,1610612745.0,1.0,1.0,0.0,1.0,48.0,51.0,104.0,0.49,23.0,66.0,0.348,15.0,19.0,0.789,20.0,47.0,67.0,42.0,14.0,9.0,11.0,2.0,21.0,16.0,140.0,69.0,1.0,1.0,1.0,1.0,1.0,1.0,1.0,1.0,1.0,1.0,1.0,1.0,1.0,1.0,1.0,1.0,1.0,1.0,1.0,1.0,1.0,1.0,2.0,2.0,1.0,1.0,Pre Season,1610612745.0,1.0,1.0,0.0,1.0,48.0,131.6,133.3,66.8,68.9,64.9,64.4,0.824,3.0,24.6,0.463,0.81,0.643,0.133,0.601,0.623,106.4,104.0,86.67,105.0,0.846,1.0,1.0,1.0,1.0,1.0,1.0,1.0,1.0,1.0,1.0,1.0,1.0,1.0,1.0,1.0,1.0,1.0,1.0,1.0,Pre Season
indiana pacers,2019-20,12,1610612754.0,8.0,6.0,2.0,0.75,48.0,41.9,89.1,0.47,11.9,32.4,0.367,14.6,18.6,0.785,7.9,34.8,42.6,25.3,14.3,9.1,5.3,5.5,21.4,20.3,110.3,2.1,1.0,3.0,3.0,3.0,10.0,11.0,11.0,10.0,16.0,16.0,11.0,22.0,22.0,12.0,21.0,11.0,19.0,12.0,6.0,3.0,3.0,21.0,4.0,22.0,17.0,8.0,Regular Season,1610612754.0,8.0,6.0,2.0,0.75,384.0,106.3,107.6,102.4,105.7,3.9,1.8,0.603,1.77,18.3,0.218,0.689,0.464,0.139,0.536,0.566,104.6,102.38,85.31,820.0,0.523,1.0,3.0,3.0,3.0,3.0,16.0,4.0,7.0,14.0,8.0,8.0,21.0,22.0,21.0,6.0,13.0,17.0,9.0,6.0,Regular Season
la clippers,2019-20,12,1610612746.0,7.0,3.0,4.0,0.429,48.0,37.3,83.1,0.448,10.4,31.3,0.333,18.1,23.1,0.784,10.1,31.9,42.0,21.1,13.9,7.7,4.0,4.4,21.6,22.1,103.1,-0.4,5.0,5.0,6.0,5.0,5.0,6.0,5.0,6.0,7.0,8.0,7.0,7.0,6.0,6.0,2.0,8.0,6.0,7.0,4.0,4.0,5.0,5.0,5.0,4.0,7.0,4.0,Playoffs,1610612746.0,7.0,3.0,4.0,0.429,336.0,106.3,107.8,107.7,108.2,-1.4,-0.4,0.567,1.53,16.3,0.28,0.741,0.503,0.145,0.511,0.553,96.6,95.71,79.76,670.0,0.488,5.0,5.0,6.0,5.0,5.0,5.0,5.0,5.0,8.0,7.0,7.0,2.0,7.0,5.0,5.0,7.0,7.0,7.0,6.0,Playoffs
los angeles lakers,2019-20,12,1610612747.0,11.0,9.0,2.0,0.818,48.0,40.8,81.5,0.501,11.4,31.1,0.365,19.6,24.9,0.788,9.0,33.5,42.5,25.8,15.9,8.3,5.9,3.0,23.4,22.0,112.6,6.9,3.0,1.0,3.0,1.0,5.0,1.0,6.0,1.0,6.0,9.0,2.0,3.0,3.0,4.0,4.0,5.0,5.0,1.0,9.0,2.0,2.0,1.0,10.0,5.0,1.0,1.0,Playoffs,1610612747.0,11.0,9.0,2.0,0.818,528.0,113.4,116.3,106.8,109.0,6.6,7.3,0.633,1.62,19.1,0.298,0.769,0.541,0.164,0.571,0.609,99.2,96.91,80.76,1065.0,0.552,3.0,1.0,3.0,1.0,4.0,1.0,6.0,1.0,3.0,4.0,1.0,1.0,2.0,1.0,9.0,1.0,1.0,5.0,1.0,Playoffs
memphis grizzlies,2019-20,12,1610612763.0,7.0,2.0,5.0,0.286,48.0,40.7,89.7,0.454,10.7,33.9,0.316,17.3,22.1,0.781,9.3,36.7,46.0,26.1,15.4,6.7,4.3,4.3,23.7,22.1,109.4,-0.4,7.0,16.0,14.0,16.0,10.0,14.0,8.0,13.0,19.0,14.0,21.0,20.0,19.0,14.0,15.0,5.0,8.0,5.0,15.0,17.0,13.0,10.0,20.0,14.0,19.0,11.0,Regular Season,1610612763.0,7.0,2.0,5.0,0.286,336.0,103.6,105.4,103.8,105.6,-0.2,-0.3,0.642,1.69,18.4,0.239,0.755,0.499,0.149,0.514,0.55,105.7,103.93,86.61,727.0,0.508,7.0,16.0,14.0,16.0,14.0,18.0,3.0,11.0,3.0,10.0,6.0,17.0,7.0,12.0,15.0,19.0,19.0,4.0,10.0,Regular Season
miami heat,2019-20,12,1610612748.0,11.0,7.0,4.0,0.636,48.9,38.3,84.4,0.454,13.3,38.9,0.341,21.2,25.6,0.826,7.3,33.7,41.0,25.7,12.5,6.6,4.4,4.3,20.6,23.0,111.0,0.4,3.0,2.0,6.0,2.0,4.0,3.0,4.0,5.0,4.0,3.0,5.0,1.0,2.0,1.0,8.0,4.0,8.0,2.0,2.0,7.0,4.0,3.0,3.0,3.0,2.0,3.0,Playoffs,1610612748.0,11.0,7.0,4.0,0.636,538.0,110.0,112.3,109.8,111.9,0.2,0.5,0.672,2.05,19.0,0.23,0.721,0.481,0.127,0.532,0.58,99.0,97.03,80.85,1087.0,0.51,3.0,2.0,6.0,2.0,3.0,2.0,8.0,3.0,2.0,1.0,2.0,8.0,8.0,9.0,2.0,3.0,3.0,4.0,4.0,Playoffs
milwaukee bucks,2019-20,12,1610612749.0,4.0,1.0,3.0,0.25,49.3,38.0,89.0,0.427,9.5,32.5,0.292,21.0,27.0,0.778,11.8,33.5,45.3,21.0,11.8,7.8,4.0,4.5,22.5,21.0,106.5,-5.8,8.0,8.0,4.0,8.0,2.0,4.0,1.0,8.0,9.0,7.0,9.0,2.0,1.0,7.0,1.0,6.0,4.0,8.0,1.0,3.0,5.0,6.0,8.0,7.0,4.0,10.0,Playoffs,1610612749.0,4.0,1.0,3.0,0.25,197.0,105.6,107.0,111.3,112.3,-5.7,-5.2,0.553,1.79,15.6,0.255,0.769,0.488,0.118,0.48,0.528,98.3,97.22,81.02,398.0,0.451,8.0,8.0,4.0,8.0,8.0,6.0,9.0,9.0,9.0,2.0,9.0,5.0,2.0,7.0,1.0,9.0,8.0,3.0,9.0,Playoffs
minnesota timberwolves,2019-20,12,1610612750.0,6.0,2.0,4.0,0.333,48.0,42.2,92.0,0.458,13.0,37.3,0.348,16.2,22.3,0.724,10.2,33.3,43.5,24.7,15.3,9.2,2.5,4.8,19.7,19.0,113.5,-6.8,2.0,17.0,25.0,25.0,10.0,11.0,5.0,20.0,14.0,13.0,20.0,22.0,17.0,24.0,12.0,17.0,14.0,13.0,21.0,6.0,30.0,18.0,8.0,25.0,15.0,27.0,Regular Season,1610612750.0,6.0,2.0,4.0,0.333,288.0,106.1,107.1,111.1,113.7,-5.0,-6.6,0.585,1.61,17.1,0.253,0.754,0.491,0.145,0.529,0.557,107.6,105.92,88.26,636.0,0.454,2.0,17.0,25.0,25.0,4.0,27.0,18.0,27.0,20.0,22.0,20.0,21.0,9.0,19.0,19.0,22.0,22.0,2.0,27.0,Regular Season
new orleans pelicans,2019-20,12,1610612740.0,7.0,2.0,5.0,0.286,48.0,42.3,86.0,0.492,10.7,30.9,0.347,19.1,26.3,0.728,9.0,33.0,42.0,26.0,17.4,5.9,4.0,4.7,22.0,25.4,114.4,-5.4,7.0,16.0,14.0,16.0,10.0,9.0,20.0,2.0,19.0,20.0,17.0,15.0,8.0,21.0,16.0,18.0,21.0,6.0,21.0,20.0,16.0,14.0,8.0,1.0,12.0,20.0,Regular Season,1610612740.0,7.0,2.0,5.0,0.286,336.0,108.0,110.9,115.1,115.2,-7.1,-4.3,0.615,1.49,18.3,0.267,0.721,0.499,0.169,0.554,0.586,105.1,103.57,86.31,722.0,0.487,7.0,16.0,14.0,16.0,14.0,11.0,18.0,18.0,11.0,18.0,7.0,10.0,18.0,14.0,21.0,8.0,9.0,6.0,15.0,Regular Season
new york knicks,2019-20,12,1610612752.0,6.0,3.0,3.0,0.5,48.8,42.8,88.3,0.485,8.0,23.7,0.338,19.5,26.7,0.731,11.8,36.3,48.2,24.2,14.5,7.8,5.5,4.2,20.8,21.2,113.2,-3.2,2.0,7.0,14.0,14.0,8.0,5.0,11.0,9.0,30.0,30.0,22.0,9.0,6.0,22.0,7.0,7.0,5.0,16.0,17.0,16.0,10.0,9.0,18.0,12.0,16.0,22.0,Regular Season,1610612752.0,6.0,3.0,3.0,0.5,293.0,110.2,110.8,110.5,114.8,-0.3,-4.0,0.564,1.67,17.1,0.304,0.737,0.524,0.142,0.53,0.565,102.2,100.01,83.34,613.0,0.513,2.0,7.0,14.0,14.0,3.0,18.0,20.0,25.0,23.0,17.0,21.0,6.0,15.0,7.0,16.0,21.0,21.0,19.0,11.0,Regular Season
oklahoma city thunder,2019-20,12,1610612760.0,1.0,0.0,1.0,0.0,48.0,35.0,76.0,0.461,16.0,34.0,0.471,16.0,21.0,0.762,7.0,39.0,46.0,24.0,22.0,6.0,4.0,7.0,16.0,24.0,102.0,-2.0,9.0,9.0,1.0,9.0,5.0,8.0,10.0,3.0,1.0,5.0,1.0,8.0,8.0,9.0,9.0,1.0,2.0,3.0,10.0,9.0,5.0,10.0,2.0,1.0,8.0,6.0,Playoffs,1610612760.0,1.0,0.0,1.0,0.0,48.0,101.8,104.1,106.8,104.0,-5.1,0.1,0.686,1.09,18.2,0.227,0.759,0.52,0.224,0.566,0.598,98.8,99.0,82.5,98.0,0.524,9.0,9.0,1.0,9.0,9.0,8.0,2.0,4.0,1.0,10.0,3.0,9.0,5.0,2.0,10.0,2.0,2.0,1.0,2.0,Playoffs
orlando magic,2019-20,12,1610612753.0,7.0,2.0,5.0,0.286,48.7,39.3,86.9,0.452,12.3,34.7,0.354,21.9,27.7,0.789,10.1,34.6,44.7,22.4,14.7,6.9,3.0,3.4,24.0,21.0,112.7,-3.0,7.0,16.0,14.0,16.0,5.0,16.0,17.0,14.0,15.0,13.0,14.0,3.0,6.0,9.0,8.0,13.0,12.0,19.0,10.0,15.0,20.0,5.0,21.0,18.0,14.0,15.0,Regular Season,1610612753.0,7.0,2.0,5.0,0.286,341.0,108.8,110.0,110.8,113.0,-2.1,-2.9,0.571,1.52,16.3,0.261,0.754,0.505,0.144,0.523,0.569,102.5,100.93,84.11,717.0,0.464,7.0,16.0,14.0,16.0,9.0,13.0,14.0,15.0,18.0,16.0,19.0,12.0,9.0,10.0,10.0,16.0,16.0,15.0,19.0,Regular Season
philadelphia 76ers,2019-20,12,1610612755.0,8.0,4.0,4.0,0.5,48.0,43.6,89.5,0.487,13.3,31.9,0.416,19.6,25.4,0.773,11.4,33.9,45.3,25.3,14.3,6.9,5.0,5.4,23.4,21.6,120.1,3.8,1.0,8.0,9.0,9.0,10.0,6.0,9.0,4.0,12.0,19.0,2.0,12.0,10.0,17.0,2.0,15.0,9.0,12.0,6.0,14.0,6.0,20.0,18.0,15.0,4.0,5.0,Regular Season,1610612755.0,8.0,4.0,4.0,0.5,384.0,116.0,118.6,112.7,114.8,3.3,3.8,0.579,1.77,17.8,0.306,0.747,0.525,0.141,0.561,0.597,103.4,101.31,84.43,810.0,0.51,1.0,8.0,9.0,9.0,3.0,3.0,16.0,5.0,17.0,8.0,12.0,1.0,11.0,3.0,8.0,4.0,4.0,12.0,8.0,Regular Season
phoenix suns,2019-20,12,1610612756.0,7.0,7.0,0.0,1.0,48.0,44.9,91.4,0.491,13.3,32.4,0.41,18.9,21.1,0.892,10.1,38.4,48.6,27.4,11.3,6.0,3.7,4.6,20.9,20.3,121.9,13.1,7.0,1.0,1.0,1.0,10.0,1.0,4.0,3.0,11.0,15.0,4.0,16.0,20.0,1.0,8.0,3.0,2.0,3.0,3.0,19.0,18.0,12.0,2.0,20.0,2.0,1.0,Regular Season,1610612756.0,7.0,7.0,0.0,1.0,336.0,119.6,121.0,106.1,107.9,13.5,13.0,0.611,2.43,19.5,0.266,0.785,0.534,0.112,0.563,0.605,102.1,100.71,83.93,705.0,0.565,7.0,1.0,1.0,1.0,14.0,2.0,6.0,1.0,12.0,1.0,2.0,11.0,1.0,1.0,3.0,2.0,2.0,16.0,1.0,Regular Season
portland trail blazers,2019-20,12,1610612757.0,7.0,5.0,2.0,0.714,48.0,44.3,94.3,0.47,15.7,38.1,0.412,19.7,23.4,0.841,11.3,33.0,44.3,23.6,10.1,7.7,4.4,4.0,22.6,22.9,124.0,2.3,7.0,4.0,3.0,4.0,10.0,3.0,1.0,11.0,3.0,6.0,3.0,11.0,15.0,2.0,3.0,18.0,13.0,16.0,1.0,10.0,11.0,8.0,11.0,9.0,1.0,7.0,Regular Season,1610612757.0,7.0,5.0,2.0,0.714,336.0,119.9,122.3,118.2,120.7,1.6,1.6,0.532,2.32,16.9,0.299,0.743,0.51,0.1,0.553,0.593,103.2,101.14,84.29,710.0,0.507,7.0,4.0,3.0,4.0,14.0,1.0,21.0,9.0,22.0,3.0,17.0,2.0,12.0,8.0,1.0,9.0,6.0,13.0,11.0,Regular Season
sacramento kings,2019-20,12,1610612758.0,7.0,3.0,4.0,0.429,48.7,44.9,92.4,0.485,13.4,36.3,0.37,15.7,20.3,0.775,10.1,33.4,43.6,27.7,14.7,8.1,2.9,3.1,24.3,21.3,118.9,-2.1,7.0,11.0,9.0,11.0,5.0,1.0,2.0,5.0,10.0,11.0,9.0,21.0,21.0,16.0,8.0,17.0,15.0,2.0,10.0,8.0,21.0,2.0,22.0,17.0,8.0,14.0,Regular Season,1610612758.0,7.0,3.0,4.0,0.429,341.0,112.2,113.4,113.8,115.6,-1.6,-2.2,0.618,1.88,19.1,0.27,0.737,0.5,0.14,0.558,0.586,104.5,103.25,86.04,734.0,0.492,7.0,11.0,9.0,11.0,9.0,10.0,19.0,14.0,9.0,7.0,4.0,9.0,14.0,11.0,7.0,6.0,10.0,7.0,14.0,Regular Season
san antonio spurs,2019-20,12,1610612759.0,7.0,4.0,3.0,0.571,48.0,42.6,88.9,0.479,11.1,26.7,0.417,23.7,29.0,0.818,10.9,36.1,47.0,24.7,15.3,8.3,5.9,4.4,21.1,22.9,120.0,3.3,7.0,8.0,8.0,8.0,10.0,8.0,12.0,8.0,18.0,22.0,1.0,2.0,2.0,7.0,7.0,7.0,3.0,14.0,14.0,6.0,2.0,11.0,3.0,9.0,5.0,6.0,Regular Season,1610612759.0,7.0,4.0,3.0,0.571,336.0,113.2,113.8,109.6,111.2,3.5,2.7,0.581,1.62,17.2,0.285,0.759,0.528,0.145,0.542,0.59,106.3,105.21,87.68,738.0,0.523,7.0,8.0,8.0,8.0,14.0,9.0,10.0,6.0,16.0,13.0,16.0,4.0,6.0,2.0,12.0,11.0,7.0,3.0,5.0,Regular Season
toronto raptors,2019-20,12,1610612761.0,6.0,3.0,3.0,0.5,49.7,36.5,87.5,0.417,13.3,39.8,0.335,14.3,18.5,0.775,7.7,33.5,41.2,21.5,13.7,6.7,6.0,5.5,22.2,19.3,100.7,-3.2,6.0,5.0,4.0,3.0,1.0,7.0,2.0,9.0,3.0,2.0,6.0,9.0,9.0,8.0,7.0,6.0,7.0,6.0,3.0,6.0,1.0,8.0,7.0,9.0,9.0,8.0,Playoffs,1610612761.0,6.0,3.0,3.0,0.5,298.0,99.0,102.0,103.7,106.5,-4.6,-4.5,0.589,1.57,16.3,0.235,0.771,0.487,0.139,0.493,0.526,97.5,94.79,78.99,592.0,0.456,6.0,5.0,4.0,3.0,6.0,9.0,3.0,8.0,7.0,5.0,6.0,7.0,1.0,8.0,3.0,8.0,9.0,9.0,8.0,Playoffs
utah jazz,2019-20,12,1610612762.0,1.0,0.0,1.0,0.0,48.0,30.0,79.0,0.38,8.0,34.0,0.235,10.0,15.0,0.667,10.0,38.0,48.0,16.0,14.0,6.0,3.0,4.0,14.0,18.0,78.0,-2.0,9.0,9.0,1.0,9.0,5.0,10.0,9.0,10.0,10.0,5.0,10.0,10.0,10.0,10.0,3.0,2.0,1.0,10.0,5.0,9.0,10.0,2.0,1.0,10.0,10.0,6.0,Playoffs,1610612762.0,1.0,0.0,1.0,0.0,48.0,87.1,87.6,87.2,90.9,-0.2,-3.3,0.533,1.14,13.7,0.245,0.759,0.505,0.157,0.43,0.456,90.7,88.5,73.75,89.0,0.479,9.0,9.0,1.0,9.0,9.0,10.0,1.0,7.0,10.0,9.0,10.0,6.0,5.0,4.0,8.0,10.0,10.0,10.0,7.0,Playoffs
washington wizards,2019-20,12,1610612764.0,7.0,1.0,6.0,0.143,48.0,38.0,90.3,0.421,9.7,29.4,0.33,18.1,23.3,0.779,11.4,34.7,46.1,23.1,14.6,6.9,4.9,5.3,23.3,20.3,103.9,-9.1,7.0,22.0,22.0,22.0,10.0,18.0,7.0,21.0,21.0,21.0,19.0,18.0,17.0,15.0,1.0,12.0,7.0,18.0,9.0,15.0,8.0,19.0,16.0,20.0,22.0,22.0,Regular Season,1610612764.0,7.0,1.0,6.0,0.143,336.0,100.2,102.4,110.1,111.4,-9.9,-9.0,0.609,1.59,16.5,0.281,0.74,0.499,0.144,0.475,0.517,103.2,101.43,84.52,710.0,0.444,7.0,22.0,22.0,22.0,14.0,22.0,12.0,22.0,13.0,14.0,18.0,6.0,13.0,15.0,11.0,22.0,22.0,11.0,22.0,Regular Season
