TEAM_ID,TEAM_ABBREVIATION,TEAM_NAME,GAME_ID,GAME_DATE,MATCHUP,WL,MIN,PTS,FGM,FGA,FG_PCT,FG3M,FG3A,FG3_PCT,FTM,FTA,FT_PCT,OREB,DREB,REB,AST,TOV,STL,BLK,PF,PLUS_MINUS
1610612761,TOR,Toronto Raptors,0021900001,2019-10-22,TOR vs. NOP,W,265,130,42,103,0.408,14,40,0.35,32,38,0.842,16,41,57,23,17,7,3,24,8
1610612746,LAC,LA Clippers,0021900002,2019-10-22,LAC vs. LAL,W,240,112,42,81,0.519,11,31,0.355,17,24,0.708,11,34,45,24,14,8,5,25,10
1610612747,LAL,Los Angeles Lakers,0021900002,2019-10-22,LAL @ LAC,L,240,102,37,85,0.435,13,33,0.394,15,21,0.714,9,32,41,20,15,4,7,24,-10
1610612740,NOP,New Orleans Pelicans,0021900001,2019-10-22,NOP @ TOR,L,265,122,43,102,0.422,19,45,0.422,17,20,0.85,16,37,53,30,19,4,9,34,-8
1610612743,DEN,Denver Nuggets,0021900013,2019-10-23,DEN @ POR,W,240,108,34,81,0.42,18,32,0.563,22,27,0.815,11,34,45,24,20,11,4,23,8
1610612738,BOS,Boston Celtics,0021900008,2019-10-23,BOS @ PHI,L,240,93,33,90,0.367,7,26,0.269,20,34,0.588,10,31,41,18,11,4,2,29,-14
1610612755,PHI,Philadelphia 76ers,0021900008,2019-10-23,PHI vs. BOS,W,240,107,37,85,0.435,7,29,0.241,26,36,0.722,12,50,62,24,17,6,7,34,14
1610612750,MIN,Minnesota Timberwolves,0021900006,2019-10-23,MIN @ BKN,W,265,127,46,108,0.426,13,43,0.302,22,28,0.786,12,40,52,23,13,9,4,22,1
1610612760,OKC,Oklahoma City Thunder,0021900011,2019-10-23,OKC @ UTA,L,240,95,32,83,0.386,10,27,0.37,21,31,0.677,7,41,48,15,16,5,4,23,-5
1610612762,UTA,Utah Jazz,0021900011,2019-10-23,UTA vs. OKC,W,240,100,40,90,0.444,6,24,0.25,14,20,0.7,11,38,49,15,11,4,5,31,5
1610612758,SAC,Sacramento Kings,0021900012,2019-10-23,SAC @ PHX,L,240,95,34,87,0.391,10,29,0.345,17,26,0.654,12,35,47,17,27,5,5,24,-29
1610612765,DET,Detroit Pistons,0021900004,2019-10-23,DET @ IND,W,240,119,41,78,0.526,11,24,0.458,26,33,0.788,10,35,45,26,18,5,6,21,9
1610612739,CLE,Cleveland Cavaliers,0021900005,2019-10-23,CLE @ ORL,L,240,85,33,88,0.375,9,34,0.265,10,15,0.667,10,44,54,20,16,8,2,15,-9
1610612759,SAS,San Antonio Spurs,0021900010,2019-10-23,SAS vs. NYK,W,240,120,42,83,0.506,7,21,0.333,29,36,0.806,10,41,51,22,21,6,5,18,9
1610612741,CHI,Chicago Bulls,0021900003,2019-10-23,CHI @ CHA,L,240,125,49,105,0.467,9,30,0.3,18,22,0.818,20,29,49,25,12,11,4,20,-1
1610612766,CHA,Charlotte Hornets,0021900003,2019-10-23,CHA vs. CHI,W,240,126,45,88,0.511,23,44,0.523,13,16,0.813,9,32,41,28,19,3,4,18,1
1610612742,DAL,Dallas Mavericks,0021900009,2019-10-23,DAL vs. WAS,W,240,108,35,76,0.461,11,36,0.306,27,33,0.818,5,41,46,17,20,6,5,22,8
1610612764,WAS,Washington Wizards,0021900009,2019-10-23,WAS @ DAL,L,240,100,37,93,0.398,11,41,0.268,15,18,0.833,11,36,47,26,17,6,3,32,-8
1610612763,MEM,Memphis Grizzlies,0021900007,2019-10-23,MEM @ MIA,L,240,101,38,89,0.427,5,32,0.156,20,30,0.667,9,31,40,22,24,9,7,31,-19
1610612754,IND,Indiana Pacers,0021900004,2019-10-23,IND vs. DET,L,240,110,41,89,0.461,8,21,0.381,20,24,0.833,10,26,36,26,15,8,6,28,-9
1610612752,NYK,New York Knicks,0021900010,2019-10-23,NYK @ SAS,L,240,111,44,94,0.468,10,30,0.333,13,18,0.722,5,34,39,24,14,16,1,32,-9
1610612748,MIA,Miami Heat,0021900007,2019-10-23,MIA vs. MEM,W,240,120,40,85,0.471,7,18,0.389,33,39,0.846,11,40,51,18,21,9,8,33,19
1610612753,ORL,Orlando Magic,0021900005,2019-10-23,ORL vs. CLE,W,240,94,37,86,0.43,9,30,0.3,11,19,0.579,7,39,46,24,13,12,4,18,9
1610612756,PHX,Phoenix Suns,0021900012,2019-10-23,PHX vs. SAC,W,240,124,49,98,0.5,11,33,0.333,15,18,0.833,9,35,44,31,14,13,9,25,29
1610612757,POR,Portland Trail Blazers,0021900013,2019-10-23,POR vs. DEN,L,240,100,36,87,0.414,7,28,0.25,21,23,0.913,13,35,48,13,20,9,4,25,-8
1610612751,BKN,Brooklyn Nets,0021900006,2019-10-23,BKN vs. MIN,L,265,126,48,101,0.475,15,34,0.441,15,26,0.577,10,38,48,19,16,8,9,30,-1
1610612765,DET,Detroit Pistons,0021900014,2019-10-24,DET vs. ATL,L,240,100,35,85,0.412,10,37,0.27,20,22,0.909,9,30,39,20,14,6,5,20,-17
1610612744,GSW,Golden State Warriors,0021900016,2019-10-24,GSW vs. LAC,L,240,122,39,99,0.394,15,42,0.357,29,30,0.967,15,27,42,27,13,7,0,21,-19
1610612745,HOU,Houston Rockets,0021900015,2019-10-24,HOU vs. MIL,L,240,111,33,90,0.367,16,48,0.333,29,39,0.744,10,47,57,25,14,6,6,25,-6
1610612749,MIL,Milwaukee Bucks,0021900015,2019-10-24,MIL @ HOU,W,240,117,46,99,0.465,16,46,0.348,9,18,0.5,6,47,53,31,11,7,10,27,6
1610612737,ATL,Atlanta Hawks,0021900014,2019-10-24,ATL @ DET,W,240,117,44,86,0.512,11,31,0.355,18,21,0.857,8,34,42,27,13,9,2,15,17
1610612746,LAC,LA Clippers,0021900016,2019-10-24,LAC @ GSW,W,240,141,50,80,0.625,18,32,0.563,23,30,0.767,3,36,39,33,20,7,5,24,19
1610612743,DEN,Denver Nuggets,0021900023,2019-10-25,DEN vs. PHX,W,265,108,36,92,0.391,7,27,0.259,29,36,0.806,8,37,45,21,14,7,12,26,1
1610612756,PHX,Phoenix Suns,0021900023,2019-10-25,PHX @ DEN,L,265,107,34,86,0.395,8,28,0.286,31,32,0.969,10,44,54,25,18,5,1,35,-1
1610612763,MEM,Memphis Grizzlies,0021900020,2019-10-25,MEM vs. CHI,L,240,102,39,94,0.415,10,29,0.345,14,20,0.7,15,41,56,24,18,8,6,21,-8
1610612747,LAL,Los Angeles Lakers,0021900025,2019-10-25,LAL vs. UTA,W,240,95,34,86,0.395,8,26,0.308,19,24,0.792,11,31,42,19,14,14,9,21,9
1610612752,NYK,New York Knicks,0021900019,2019-10-25,NYK @ BKN,L,240,109,38,81,0.469,17,25,0.68,16,28,0.571,9,30,39,17,26,14,4,31,-4
1610612751,BKN,Brooklyn Nets,0021900019,2019-10-25,BKN vs. NYK,W,240,113,37,78,0.474,16,37,0.432,23,34,0.676,11,35,46,21,26,11,2,26,4
1610612741,CHI,Chicago Bulls,0021900020,2019-10-25,CHI @ MEM,W,240,110,40,93,0.43,12,42,0.286,18,24,0.75,9,36,45,18,14,14,7,21,8
1610612762,UTA,Utah Jazz,0021900025,2019-10-25,UTA @ LAL,L,240,86,29,70,0.414,8,25,0.32,20,21,0.952,3,37,40,19,23,8,2,25,-9
1610612761,TOR,Toronto Raptors,0021900017,2019-10-25,TOR @ BOS,L,240,106,37,78,0.474,18,36,0.5,14,17,0.824,5,41,46,22,23,2,6,28,-6
1610612766,CHA,Charlotte Hornets,0021900018,2019-10-25,CHA vs. MIN,L,240,99,37,84,0.44,12,29,0.414,13,26,0.5,9,33,42,26,20,6,5,29,-22
1610612764,WAS,Washington Wizards,0021900022,2019-10-25,WAS @ OKC,W,240,97,39,97,0.402,11,41,0.268,8,10,0.8,8,39,47,21,15,9,6,21,12
1610612760,OKC,Oklahoma City Thunder,0021900022,2019-10-25,OKC vs. WAS,L,240,85,33,83,0.398,5,23,0.217,14,22,0.636,7,42,49,14,19,7,6,18,-12
1610612750,MIN,Minnesota Timberwolves,0021900018,2019-10-25,MIN @ CHA,W,240,121,43,91,0.473,12,38,0.316,23,31,0.742,13,39,52,30,17,11,6,21,22
1610612740,NOP,New Orleans Pelicans,0021900021,2019-10-25,NOP vs. DAL,L,240,116,45,98,0.459,15,41,0.366,11,15,0.733,12,36,48,30,14,6,3,22,-7
1610612758,SAC,Sacramento Kings,0021900024,2019-10-25,SAC vs. POR,L,240,112,37,87,0.425,15,37,0.405,23,27,0.852,13,30,43,17,17,10,2,26,-10
1610612742,DAL,Dallas Mavericks,0021900021,2019-10-25,DAL @ NOP,W,240,123,45,93,0.484,14,40,0.35,19,26,0.731,12,37,49,23,11,8,7,19,7
1610612738,BOS,Boston Celtics,0021900017,2019-10-25,BOS vs. TOR,W,240,112,42,109,0.385,13,38,0.342,15,16,0.938,21,35,56,21,10,10,8,20,6
1610612757,POR,Portland Trail Blazers,0021900024,2019-10-25,POR @ SAC,W,240,122,46,85,0.541,11,30,0.367,19,22,0.864,5,35,40,23,16,8,5,23,10
1610612761,TOR,Toronto Raptors,0021900031,2019-10-26,TOR @ CHI,W,240,108,38,82,0.463,15,42,0.357,17,18,0.944,10,49,59,27,24,9,12,25,24
1610612755,PHI,Philadelphia 76ers,0021900027,2019-10-26,PHI @ DET,W,240,117,42,87,0.483,13,34,0.382,20,30,0.667,6,32,38,30,22,14,3,26,6
1610612754,IND,Indiana Pacers,0021900030,2019-10-26,IND @ CLE,L,240,99,39,87,0.448,10,28,0.357,11,13,0.846,6,30,36,23,17,7,3,27,-11
1610612741,CHI,Chicago Bulls,0021900031,2019-10-26,CHI vs. TOR,L,240,84,29,97,0.299,9,35,0.257,17,25,0.68,12,33,45,18,15,9,2,22,-24
1610612746,LAC,LA Clippers,0021900035,2019-10-26,LAC @ PHX,L,240,122,40,87,0.46,11,32,0.344,31,39,0.795,10,31,41,20,12,8,4,32,-8
1610612737,ATL,Atlanta Hawks,0021900028,2019-10-26,ATL vs. ORL,W,240,103,43,84,0.512,9,30,0.3,8,15,0.533,9,43,52,22,18,5,9,26,4
1610612752,NYK,New York Knicks,0021900029,2019-10-26,NYK vs. BOS,L,240,95,31,82,0.378,7,27,0.259,26,34,0.765,16,39,55,15,24,7,4,26,-23
1610612748,MIA,Miami Heat,0021900026,2019-10-26,MIA @ MIL,W,265,131,46,101,0.455,16,44,0.364,23,36,0.639,8,46,54,33,18,7,3,30,5
1610612749,MIL,Milwaukee Bucks,0021900026,2019-10-26,MIL vs. MIA,L,265,126,41,94,0.436,17,54,0.315,27,35,0.771,5,42,47,22,18,8,4,32,-5
1610612738,BOS,Boston Celtics,0021900029,2019-10-26,BOS @ NYK,W,240,118,42,93,0.452,15,41,0.366,19,29,0.655,13,33,46,24,13,14,9,26,23
1610612745,HOU,Houston Rockets,0021900032,2019-10-26,HOU vs. NOP,W,240,126,43,94,0.457,13,45,0.289,27,30,0.9,9,36,45,27,19,7,4,22,3
1610612740,NOP,New Orleans Pelicans,0021900032,2019-10-26,NOP @ HOU,L,240,123,46,100,0.46,18,50,0.36,13,16,0.813,9,33,42,27,17,9,2,30,-3
1610612765,DET,Detroit Pistons,0021900027,2019-10-26,DET vs. PHI,L,240,111,41,76,0.539,8,19,0.421,21,36,0.583,5,30,35,20,23,11,7,28,-6
1610612762,UTA,Utah Jazz,0021900034,2019-10-26,UTA vs. SAC,W,240,113,44,78,0.564,18,37,0.486,7,12,0.583,2,41,43,28,21,6,1,22,32
1610612759,SAS,San Antonio Spurs,0021900033,2019-10-26,SAS vs. WAS,W,240,124,50,108,0.463,10,28,0.357,14,17,0.824,21,32,53,29,9,6,7,19,2
1610612739,CLE,Cleveland Cavaliers,0021900030,2019-10-26,CLE vs. IND,W,240,110,40,80,0.5,11,31,0.355,19,29,0.655,12,32,44,23,19,9,7,20,11
1610612758,SAC,Sacramento Kings,0021900034,2019-10-26,SAC @ UTA,L,240,81,30,81,0.37,7,26,0.269,14,17,0.824,6,25,31,16,18,5,3,19,-32
1610612764,WAS,Washington Wizards,0021900033,2019-10-26,WAS @ SAS,L,240,122,47,95,0.495,16,34,0.471,12,17,0.706,8,33,41,30,13,3,8,15,-2
1610612753,ORL,Orlando Magic,0021900028,2019-10-26,ORL @ ATL,L,240,99,35,99,0.354,5,31,0.161,24,26,0.923,17,29,46,15,10,8,7,15,-4
1610612756,PHX,Phoenix Suns,0021900035,2019-10-26,PHX vs. LAC,W,240,130,43,86,0.5,17,43,0.395,27,34,0.794,9,40,49,32,16,9,3,34,8
1610612757,POR,Portland Trail Blazers,0021900038,2019-10-27,POR @ DAL,W,240,121,45,87,0.517,9,22,0.409,22,26,0.846,7,41,48,13,16,6,4,30,2
1610612742,DAL,Dallas Mavericks,0021900038,2019-10-27,DAL vs. POR,L,240,119,37,94,0.394,13,50,0.26,32,41,0.78,12,34,46,27,12,7,3,22,-2
1610612760,OKC,Oklahoma City Thunder,0021900036,2019-10-27,OKC vs. GSW,W,240,120,44,78,0.564,15,32,0.469,17,22,0.773,8,42,50,24,24,8,5,26,28
1610612751,BKN,Brooklyn Nets,0021900037,2019-10-27,BKN @ MEM,L,265,133,44,101,0.436,15,45,0.333,30,37,0.811,11,42,53,28,17,6,5,22,-1
1610612748,MIA,Miami Heat,0021900039,2019-10-27,MIA @ MIN,L,240,109,42,85,0.494,15,36,0.417,10,15,0.667,7,34,41,25,23,7,9,23,-7
1610612750,MIN,Minnesota Timberwolves,0021900039,2019-10-27,MIN vs. MIA,W,240,116,39,91,0.429,13,45,0.289,25,33,0.758,14,32,46,24,16,12,1,17,7
1610612766,CHA,Charlotte Hornets,0021900040,2019-10-27,CHA @ LAL,L,240,101,35,91,0.385,10,35,0.286,21,23,0.913,13,32,45,19,16,7,4,20,-19
1610612763,MEM,Memphis Grizzlies,0021900037,2019-10-27,MEM vs. BKN,W,265,134,50,103,0.485,14,33,0.424,20,25,0.8,8,41,49,33,12,9,10,29,1
1610612744,GSW,Golden State Warriors,0021900036,2019-10-27,GSW @ OKC,L,240,92,30,92,0.326,5,33,0.152,27,31,0.871,12,27,39,17,15,13,2,15,-28
1610612747,LAL,Los Angeles Lakers,0021900040,2019-10-27,LAL vs. CHA,W,240,120,49,93,0.527,11,31,0.355,11,14,0.786,10,37,47,30,14,7,8,22,19
1610612761,TOR,Toronto Raptors,0021900044,2019-10-28,TOR vs. ORL,W,240,104,33,85,0.388,10,39,0.256,28,30,0.933,6,46,52,19,17,9,2,20,9
1610612753,ORL,Orlando Magic,0021900044,2019-10-28,ORL @ TOR,L,240,95,34,89,0.382,12,39,0.308,15,18,0.833,8,39,47,22,16,9,6,20,-9
1610612744,GSW,Golden State Warriors,0021900047,2019-10-28,GSW @ NOP,W,240,134,51,104,0.49,14,35,0.4,18,24,0.75,19,42,61,37,18,8,2,22,11
1610612759,SAS,San Antonio Spurs,0021900048,2019-10-28,SAS vs. POR,W,240,113,41,85,0.482,7,22,0.318,24,32,0.75,7,43,50,25,18,5,9,19,3
1610612757,POR,Portland Trail Blazers,0021900048,2019-10-28,POR @ SAS,L,240,110,39,100,0.39,10,33,0.303,22,27,0.815,9,40,49,19,10,4,8,27,-3
1610612749,MIL,Milwaukee Bucks,0021900046,2019-10-28,MIL vs. CLE,W,240,129,48,92,0.522,17,38,0.447,16,24,0.667,8,42,50,29,12,9,7,15,17
1610612756,PHX,Phoenix Suns,0021900049,2019-10-28,PHX vs. UTA,L,240,95,33,80,0.413,13,34,0.382,16,23,0.696,3,37,40,23,16,7,3,31,-1
1610612765,DET,Detroit Pistons,0021900041,2019-10-28,DET vs. IND,W,240,96,37,81,0.457,13,24,0.542,9,10,0.9,9,39,48,21,20,2,3,18,2
1610612746,LAC,LA Clippers,0021900051,2019-10-28,LAC vs. CHA,W,240,111,40,83,0.482,12,33,0.364,19,21,0.905,9,35,44,23,22,11,8,24,15
1610612740,NOP,New Orleans Pelicans,0021900047,2019-10-28,NOP vs. GSW,L,240,123,48,103,0.466,15,47,0.319,12,22,0.545,11,30,41,36,15,13,7,20,-11
1610612741,CHI,Chicago Bulls,0021900042,2019-10-28,CHI @ NYK,L,240,98,36,85,0.424,9,35,0.257,17,21,0.81,8,30,38,19,10,6,5,22,-7
1610612758,SAC,Sacramento Kings,0021900050,2019-10-28,SAC vs. DEN,L,240,94,36,91,0.396,12,37,0.324,10,16,0.625,15,33,48,25,13,6,8,21,-7
1610612739,CLE,Cleveland Cavaliers,0021900046,2019-10-28,CLE @ MIL,L,240,112,45,100,0.45,12,39,0.308,10,12,0.833,10,38,48,19,12,2,3,22,-17
1610612743,DEN,Denver Nuggets,0021900050,2019-10-28,DEN @ SAC,W,240,101,36,98,0.367,10,36,0.278,19,21,0.905,19,35,54,19,12,8,5,18,7
1610612754,IND,Indiana Pacers,0021900041,2019-10-28,IND @ DET,L,240,94,39,94,0.415,6,21,0.286,10,13,0.769,13,32,45,24,8,11,4,18,-2
1610612762,UTA,Utah Jazz,0021900049,2019-10-28,UTA @ PHX,W,240,96,27,71,0.38,10,31,0.323,32,39,0.821,6,43,49,19,23,8,5,26,1
1610612760,OKC,Oklahoma City Thunder,0021900045,2019-10-28,OKC @ HOU,L,240,112,41,94,0.436,13,35,0.371,17,24,0.708,16,36,52,22,15,7,3,27,-4
1610612766,CHA,Charlotte Hornets,0021900051,2019-10-28,CHA @ LAC,L,240,96,36,83,0.434,14,39,0.359,10,14,0.714,9,29,38,24,22,5,3,23,-15
1610612745,HOU,Houston Rockets,0021900045,2019-10-28,HOU vs. OKC,W,240,116,39,90,0.433,10,44,0.227,28,33,0.848,9,31,40,21,14,6,6,24,4
1610612752,NYK,New York Knicks,0021900042,2019-10-28,NYK vs. CHI,W,240,105,38,91,0.418,9,29,0.31,20,32,0.625,25,38,63,19,17,3,6,19,7
1610612737,ATL,Atlanta Hawks,0021900043,2019-10-28,ATL vs. PHI,L,240,103,36,84,0.429,9,27,0.333,22,32,0.688,8,37,45,23,21,12,3,25,-2
1610612755,PHI,Philadelphia 76ers,0021900043,2019-10-28,PHI @ ATL,W,240,105,37,88,0.42,11,41,0.268,20,25,0.8,12,37,49,22,22,12,11,29,2
1610612737,ATL,Atlanta Hawks,0021900052,2019-10-29,ATL @ MIA,L,240,97,35,83,0.422,11,39,0.282,16,24,0.667,9,24,33,28,20,14,7,29,-15
1610612747,LAL,Los Angeles Lakers,0021900054,2019-10-29,LAL vs. MEM,W,240,120,40,86,0.465,7,26,0.269,33,39,0.846,10,44,54,25,18,9,8,19,29
1610612743,DEN,Denver Nuggets,0021900053,2019-10-29,DEN vs. DAL,L,240,106,43,91,0.473,11,32,0.344,9,13,0.692,14,36,50,24,11,6,1,24,-3
1610612763,MEM,Memphis Grizzlies,0021900054,2019-10-29,MEM @ LAL,L,240,91,31,95,0.326,7,34,0.206,22,23,0.957,13,33,46,20,21,10,3,27,-29
1610612742,DAL,Dallas Mavericks,0021900053,2019-10-29,DAL @ DEN,W,240,109,41,84,0.488,13,37,0.351,14,24,0.583,10,32,42,29,9,6,5,14,3
1610612748,MIA,Miami Heat,0021900052,2019-10-29,MIA vs. ATL,W,240,112,33,73,0.452,13,31,0.419,33,45,0.733,13,36,49,19,28,11,6,22,15
1610612761,TOR,Toronto Raptors,0021900060,2019-10-30,TOR vs. DET,W,240,125,51,86,0.593,13,27,0.481,10,12,0.833,3,31,34,30,15,12,2,22,12
1610612749,MIL,Milwaukee Bucks,0021900058,2019-10-30,MIL @ BOS,L,240,105,38,82,0.463,14,45,0.311,15,24,0.625,5,40,45,21,15,3,4,21,-11
1610612762,UTA,Utah Jazz,0021900063,2019-10-30,UTA vs. LAC,W,240,110,44,80,0.55,11,24,0.458,11,16,0.688,3,33,36,23,15,12,5,18,14
1610612760,OKC,Oklahoma City Thunder,0021900062,2019-10-30,OKC vs. POR,L,240,99,33,84,0.393,4,27,0.148,29,37,0.784,13,42,55,15,19,8,2,21,-3
1610612739,CLE,Cleveland Cavaliers,0021900055,2019-10-30,CLE vs. CHI,W,240,117,41,78,0.526,10,24,0.417,25,31,0.806,10,37,47,25,19,3,7,21,6
1610612755,PHI,Philadelphia 76ers,0021900057,2019-10-30,PHI vs. MIN,W,240,117,43,92,0.467,9,25,0.36,22,28,0.786,16,40,56,24,22,14,6,27,22
1610612753,ORL,Orlando Magic,0021900056,2019-10-30,ORL vs. NYK,W,240,95,37,88,0.42,12,32,0.375,9,12,0.75,14,38,52,24,9,5,6,17,12
1610612754,IND,Indiana Pacers,0021900059,2019-10-30,IND @ BKN,W,240,118,45,96,0.469,11,26,0.423,17,20,0.85,11,30,41,25,9,9,2,24,10
1610612756,PHX,Phoenix Suns,0021900065,2019-10-30,PHX @ GSW,W,240,121,44,96,0.458,15,36,0.417,18,21,0.857,13,32,45,33,17,12,4,22,11
1610612752,NYK,New York Knicks,0021900056,2019-10-30,NYK @ ORL,L,240,83,31,82,0.378,7,31,0.226,14,20,0.7,10,34,44,19,11,1,10,15,-12
1610612765,DET,Detroit Pistons,0021900060,2019-10-30,DET @ TOR,L,240,113,41,88,0.466,14,30,0.467,17,23,0.739,11,31,42,30,20,5,1,15,-12
1610612738,BOS,Boston Celtics,0021900058,2019-10-30,BOS vs. MIL,W,240,116,41,92,0.446,17,41,0.415,17,21,0.81,5,40,45,25,10,4,4,20,11
1610612764,WAS,Washington Wizards,0021900061,2019-10-30,WAS vs. HOU,L,240,158,57,91,0.626,20,36,0.556,24,29,0.828,11,29,40,31,19,6,4,27,-1
1610612757,POR,Portland Trail Blazers,0021900062,2019-10-30,POR @ OKC,W,240,102,34,86,0.395,17,35,0.486,17,24,0.708,9,40,49,19,19,9,8,30,3
1610612746,LAC,LA Clippers,0021900063,2019-10-30,LAC @ UTA,L,240,96,39,82,0.476,8,23,0.348,10,12,0.833,6,30,36,19,20,3,4,22,-14
1610612751,BKN,Brooklyn Nets,0021900059,2019-10-30,BKN vs. IND,L,240,108,41,93,0.441,10,31,0.323,16,26,0.615,18,36,54,21,20,6,5,19,-10
1610612744,GSW,Golden State Warriors,0021900065,2019-10-30,GSW vs. PHX,L,240,110,36,82,0.439,8,28,0.286,30,36,0.833,7,36,43,24,18,8,6,22,-11
1610612766,CHA,Charlotte Hornets,0021900064,2019-10-30,CHA @ SAC,W,240,118,46,84,0.548,16,32,0.5,10,14,0.714,10,36,46,30,21,8,3,17,7
1610612741,CHI,Chicago Bulls,0021900055,2019-10-30,CHI @ CLE,L,240,111,39,90,0.433,14,39,0.359,19,23,0.826,9,23,32,25,7,6,5,24,-6
1610612758,SAC,Sacramento Kings,0021900064,2019-10-30,SAC vs. CHA,L,240,111,44,96,0.458,14,46,0.304,9,12,0.75,10,29,39,26,15,11,5,19,-7
1610612745,HOU,Houston Rockets,0021900061,2019-10-30,HOU @ WAS,W,240,159,55,103,0.534,23,54,0.426,26,33,0.788,19,25,44,34,13,10,5,24,1
1610612750,MIN,Minnesota Timberwolves,0021900057,2019-10-30,MIN @ PHI,L,240,95,32,81,0.395,10,35,0.286,21,28,0.75,6,28,34,12,22,13,6,21,-22
1610612737,ATL,Atlanta Hawks,0021900066,2019-10-31,ATL vs. MIA,L,240,97,36,88,0.409,7,34,0.206,18,26,0.692,16,34,50,20,16,5,5,15,-9
1610612740,NOP,New Orleans Pelicans,0021900067,2019-10-31,NOP vs. DEN,W,240,122,41,77,0.532,15,33,0.455,25,32,0.781,2,35,37,30,16,7,4,21,15
1610612746,LAC,LA Clippers,0021900068,2019-10-31,LAC vs. SAS,W,240,103,39,91,0.429,5,26,0.192,20,27,0.741,11,36,47,16,12,9,1,23,6
1610612748,MIA,Miami Heat,0021900066,2019-10-31,MIA @ ATL,W,240,106,40,84,0.476,14,37,0.378,12,19,0.632,9,32,41,29,14,12,9,18,9
1610612759,SAS,San Antonio Spurs,0021900068,2019-10-31,SAS @ LAC,L,240,97,36,80,0.45,7,21,0.333,18,27,0.667,9,40,49,15,19,6,5,28,-6
1610612743,DEN,Denver Nuggets,0021900067,2019-10-31,DEN @ NOP,L,240,107,43,89,0.483,7,26,0.269,14,16,0.875,5,30,35,24,15,5,3,24,-15
1610612762,UTA,Utah Jazz,0021900075,2019-11-01,UTA @ SAC,L,240,101,35,73,0.479,11,28,0.393,20,27,0.741,6,30,36,18,17,12,5,18,-1
1610612751,BKN,Brooklyn Nets,0021900069,2019-11-01,BKN vs. HOU,W,240,123,42,85,0.494,19,32,0.594,20,28,0.714,10,45,55,26,22,8,7,21,7
1610612741,CHI,Chicago Bulls,0021900073,2019-11-01,CHI vs. DET,W,240,112,39,89,0.438,16,40,0.4,18,23,0.783,11,31,42,29,17,6,1,18,6
1610612742,DAL,Dallas Mavericks,0021900074,2019-11-01,DAL vs. LAL,L,265,110,40,102,0.392,14,36,0.389,16,23,0.696,18,43,61,23,23,5,1,21,-9
1610612758,SAC,Sacramento Kings,0021900075,2019-11-01,SAC vs. UTA,W,240,102,41,84,0.488,8,29,0.276,12,17,0.706,11,27,38,15,17,8,3,23,1
1610612752,NYK,New York Knicks,0021900072,2019-11-01,NYK @ BOS,L,240,102,37,93,0.398,14,38,0.368,14,21,0.667,16,35,51,22,13,9,4,23,-2
1610612745,HOU,Houston Rockets,0021900069,2019-11-01,HOU @ BKN,L,240,116,41,99,0.414,12,48,0.25,22,27,0.815,9,31,40,21,12,13,4,21,-7
1610612765,DET,Detroit Pistons,0021900073,2019-11-01,DET @ CHI,L,240,106,41,85,0.482,6,29,0.207,18,24,0.75,10,37,47,21,16,11,8,21,-6
1610612738,BOS,Boston Celtics,0021900072,2019-11-01,BOS vs. NYK,W,240,104,33,74,0.446,11,34,0.324,27,29,0.931,3,41,44,21,14,7,4,16,2
1610612739,CLE,Cleveland Cavaliers,0021900070,2019-11-01,CLE @ IND,L,240,95,32,87,0.368,11,32,0.344,20,25,0.8,3,42,45,20,16,9,1,21,-7
1610612759,SAS,San Antonio Spurs,0021900076,2019-11-01,SAS @ GSW,W,240,127,44,93,0.473,13,35,0.371,26,30,0.867,16,36,52,23,11,4,2,19,17
1610612744,GSW,Golden State Warriors,0021900076,2019-11-01,GSW vs. SAS,L,240,110,39,84,0.464,13,28,0.464,19,21,0.905,7,32,39,25,11,4,2,22,-17
1610612754,IND,Indiana Pacers,0021900070,2019-11-01,IND vs. CLE,W,240,102,39,96,0.406,5,27,0.185,19,21,0.905,13,45,58,20,14,8,10,24,7
1610612749,MIL,Milwaukee Bucks,0021900071,2019-11-01,MIL @ ORL,W,240,123,47,93,0.505,17,47,0.362,12,18,0.667,11,47,58,24,14,11,4,19,32
1610612747,LAL,Los Angeles Lakers,0021900074,2019-11-01,LAL @ DAL,W,265,119,47,96,0.49,9,32,0.281,16,21,0.762,6,35,41,24,11,11,7,21,9
1610612753,ORL,Orlando Magic,0021900071,2019-11-01,ORL vs. MIL,L,240,91,34,91,0.374,12,37,0.324,11,17,0.647,10,30,40,21,16,8,3,16,-32
1610612753,ORL,Orlando Magic,0021900079,2019-11-02,ORL vs. DEN,L,240,87,37,86,0.43,6,29,0.207,7,11,0.636,10,37,47,22,16,8,7,25,-4
1610612756,PHX,Phoenix Suns,0021900081,2019-11-02,PHX @ MEM,W,240,114,44,88,0.5,14,34,0.412,12,16,0.75,4,28,32,26,17,9,2,20,9
1610612760,OKC,Oklahoma City Thunder,0021900077,2019-11-02,OKC vs. NOP,W,240,115,41,90,0.456,15,37,0.405,18,23,0.783,8,36,44,20,12,8,11,20,11
1610612766,CHA,Charlotte Hornets,0021900083,2019-11-02,CHA @ GSW,W,240,93,36,85,0.424,5,29,0.172,16,23,0.696,16,32,48,18,13,6,1,15,6
1610612755,PHI,Philadelphia 76ers,0021900084,2019-11-02,PHI @ POR,W,240,129,54,107,0.505,11,33,0.333,10,12,0.833,13,33,46,36,11,11,8,23,1
1610612744,GSW,Golden State Warriors,0021900083,2019-11-02,GSW vs. CHA,L,240,87,34,77,0.442,9,28,0.321,10,13,0.769,5,35,40,23,18,5,5,22,-6
1610612763,MEM,Memphis Grizzlies,0021900081,2019-11-02,MEM vs. PHX,L,240,105,42,86,0.488,9,28,0.321,12,19,0.632,13,33,46,26,20,9,8,23,-9
1610612750,MIN,Minnesota Timberwolves,0021900080,2019-11-02,MIN @ WAS,W,240,131,51,94,0.543,17,39,0.436,12,17,0.706,3,44,47,33,22,9,10,23,22
1610612765,DET,Detroit Pistons,0021900078,2019-11-02,DET vs. BKN,W,240,113,41,91,0.451,8,27,0.296,23,29,0.793,5,36,41,21,8,8,7,18,4
1610612761,TOR,Toronto Raptors,0021900082,2019-11-02,TOR @ MIL,L,240,105,34,84,0.405,15,36,0.417,22,25,0.88,7,35,42,24,14,5,6,22,-10
1610612757,POR,Portland Trail Blazers,0021900084,2019-11-02,POR vs. PHI,L,240,128,45,78,0.577,19,34,0.559,19,25,0.76,4,32,36,21,18,7,4,21,-1
1610612751,BKN,Brooklyn Nets,0021900078,2019-11-02,BKN @ DET,L,240,109,43,93,0.462,10,32,0.313,13,17,0.765,10,38,48,24,15,4,4,24,-4
1610612749,MIL,Milwaukee Bucks,0021900082,2019-11-02,MIL vs. TOR,W,240,115,41,89,0.461,13,38,0.342,20,25,0.8,10,41,51,30,12,4,7,22,10
1610612740,NOP,New Orleans Pelicans,0021900077,2019-11-02,NOP @ OKC,L,240,104,40,94,0.426,11,32,0.344,13,22,0.591,17,39,56,25,16,7,5,25,-11
1610612764,WAS,Washington Wizards,0021900080,2019-11-02,WAS vs. MIN,L,240,109,37,95,0.389,12,35,0.343,23,27,0.852,8,31,39,21,17,11,4,18,-22
1610612743,DEN,Denver Nuggets,0021900079,2019-11-02,DEN @ ORL,W,240,91,27,73,0.37,9,28,0.321,28,39,0.718,7,34,41,15,14,8,3,14,4
1610612742,DAL,Dallas Mavericks,0021900089,2019-11-03,DAL @ CLE,W,240,131,50,94,0.532,20,41,0.488,11,13,0.846,11,40,51,34,14,5,6,21,20
1610612752,NYK,New York Knicks,0021900087,2019-11-03,NYK vs. SAC,L,240,92,32,80,0.4,8,31,0.258,20,31,0.645,9,29,38,18,13,6,5,23,-21
1610612745,HOU,Houston Rockets,0021900086,2019-11-03,HOU @ MIA,L,240,100,31,79,0.392,14,48,0.292,24,31,0.774,4,34,38,19,22,6,5,24,-29
1610612759,SAS,San Antonio Spurs,0021900088,2019-11-03,SAS vs. LAL,L,240,96,33,83,0.398,6,25,0.24,24,29,0.828,8,39,47,23,18,11,4,18,-7
1610612746,LAC,LA Clippers,0021900090,2019-11-03,LAC vs. UTA,W,240,105,36,92,0.391,7,32,0.219,26,34,0.765,18,36,54,15,9,7,6,25,11
1610612739,CLE,Cleveland Cavaliers,0021900089,2019-11-03,CLE vs. DAL,L,240,111,39,96,0.406,18,48,0.375,15,22,0.682,12,29,41,24,9,9,4,14,-20
1610612741,CHI,Chicago Bulls,0021900085,2019-11-03,CHI @ IND,L,240,95,36,84,0.429,9,29,0.31,14,25,0.56,6,36,42,27,18,8,2,21,-13
1610612748,MIA,Miami Heat,0021900086,2019-11-03,MIA vs. HOU,W,240,129,47,89,0.528,18,41,0.439,17,22,0.773,5,41,46,38,18,14,7,21,29
1610612754,IND,Indiana Pacers,0021900085,2019-11-03,IND vs. CHI,W,240,108,40,85,0.471,8,26,0.308,20,27,0.741,10,39,49,28,18,6,10,24,13
1610612747,LAL,Los Angeles Lakers,0021900088,2019-11-03,LAL @ SAS,W,240,103,42,87,0.483,6,24,0.25,13,19,0.684,7,39,46,21,18,8,10,22,7
1610612758,SAC,Sacramento Kings,0021900087,2019-11-03,SAC @ NYK,W,240,113,41,85,0.482,15,39,0.385,16,25,0.64,10,40,50,25,14,7,5,29,21
1610612762,UTA,Utah Jazz,0021900090,2019-11-03,UTA @ LAC,L,240,94,31,78,0.397,10,31,0.323,22,31,0.71,6,31,37,16,15,4,6,30,-11
1610612751,BKN,Brooklyn Nets,0021900092,2019-11-04,BKN vs. NOP,W,240,135,49,92,0.533,16,41,0.39,21,28,0.75,12,33,45,32,23,13,3,18,10
1610612749,MIL,Milwaukee Bucks,0021900094,2019-11-04,MIL @ MIN,W,240,134,50,93,0.538,14,39,0.359,20,30,0.667,11,46,57,24,17,8,6,20,28
1610612757,POR,Portland Trail Blazers,0021900096,2019-11-04,POR @ GSW,L,240,118,47,105,0.448,13,40,0.325,11,14,0.786,16,28,44,16,6,5,6,23,-9
1610612740,NOP,New Orleans Pelicans,0021900092,2019-11-04,NOP @ BKN,L,240,125,48,97,0.495,13,32,0.406,16,21,0.762,10,29,39,18,21,16,5,26,-10
1610612755,PHI,Philadelphia 76ers,0021900095,2019-11-04,PHI @ PHX,L,240,109,42,89,0.472,13,29,0.448,12,20,0.6,9,29,38,21,20,11,2,29,-5
1610612744,GSW,Golden State Warriors,0021900096,2019-11-04,GSW vs. POR,W,240,127,42,86,0.488,10,26,0.385,33,36,0.917,8,39,47,28,10,4,4,17,9
1610612750,MIN,Minnesota Timberwolves,0021900094,2019-11-04,MIN vs. MIL,L,240,106,37,103,0.359,13,43,0.302,19,22,0.864,13,34,47,20,16,12,4,23,-28
1610612764,WAS,Washington Wizards,0021900091,2019-11-04,WAS vs. DET,W,240,115,43,93,0.462,8,29,0.276,21,25,0.84,13,28,41,27,12,9,7,23,16
1610612745,HOU,Houston Rockets,0021900093,2019-11-04,HOU @ MEM,W,240,107,35,93,0.376,17,50,0.34,20,29,0.69,14,37,51,20,18,6,5,21,7
1610612765,DET,Detroit Pistons,0021900091,2019-11-04,DET @ WAS,L,240,99,34,82,0.415,13,27,0.481,18,23,0.783,13,29,42,21,21,4,9,20,-16
1610612763,MEM,Memphis Grizzlies,0021900093,2019-11-04,MEM vs. HOU,L,240,100,40,94,0.426,3,25,0.12,17,21,0.81,13,38,51,19,15,13,7,21,-7
1610612756,PHX,Phoenix Suns,0021900095,2019-11-04,PHX vs. PHI,W,240,114,41,77,0.532,11,28,0.393,21,27,0.778,5,35,40,24,20,6,5,24,5
1610612759,SAS,San Antonio Spurs,0021900099,2019-11-05,SAS @ ATL,L,240,100,38,91,0.418,8,33,0.242,16,23,0.696,11,30,41,18,15,9,8,17,-8
1610612739,CLE,Cleveland Cavaliers,0021900098,2019-11-05,CLE vs. BOS,L,240,113,40,95,0.421,13,33,0.394,20,22,0.909,11,32,43,22,9,3,6,18,-6
1610612743,DEN,Denver Nuggets,0021900102,2019-11-05,DEN vs. MIA,W,240,109,45,86,0.523,9,23,0.391,10,16,0.625,9,38,47,35,20,10,3,21,20
1610612760,OKC,Oklahoma City Thunder,0021900101,2019-11-05,OKC vs. ORL,W,240,102,37,86,0.43,12,33,0.364,16,20,0.8,7,31,38,21,9,9,5,23,8
1610612766,CHA,Charlotte Hornets,0021900097,2019-11-05,CHA vs. IND,W,265,122,42,88,0.477,10,31,0.323,28,42,0.667,10,27,37,22,13,7,4,17,2
1610612754,IND,Indiana Pacers,0021900097,2019-11-05,IND @ CHA,L,265,120,51,94,0.543,12,30,0.4,6,7,0.857,7,36,43,27,18,5,7,34,-2
1610612741,CHI,Chicago Bulls,0021900100,2019-11-05,CHI vs. LAL,L,240,112,43,85,0.506,14,32,0.438,12,23,0.522,7,35,42,22,16,11,4,21,-6
1610612738,BOS,Boston Celtics,0021900098,2019-11-05,BOS @ CLE,W,240,119,48,85,0.565,12,30,0.4,11,15,0.733,4,41,45,24,14,5,12,23,6
1610612753,ORL,Orlando Magic,0021900101,2019-11-05,ORL @ OKC,L,240,94,32,82,0.39,3,22,0.136,27,31,0.871,16,37,53,15,14,5,8,24,-8
1610612747,LAL,Los Angeles Lakers,0021900100,2019-11-05,LAL @ CHI,W,240,118,45,92,0.489,11,33,0.333,17,24,0.708,12,37,49,26,16,10,10,18,6
1610612737,ATL,Atlanta Hawks,0021900099,2019-11-05,ATL vs. SAS,W,240,108,43,90,0.478,11,30,0.367,11,16,0.688,9,39,48,22,18,9,5,20,8
1610612748,MIA,Miami Heat,0021900102,2019-11-05,MIA @ DEN,L,240,89,32,88,0.364,9,29,0.31,16,25,0.64,13,31,44,23,15,12,5,21,-20
1610612744,GSW,Golden State Warriors,0021900107,2019-11-06,GSW @ HOU,L,240,112,38,96,0.396,13,33,0.394,23,28,0.821,16,35,51,22,11,7,1,12,-17
1610612752,NYK,New York Knicks,0021900103,2019-11-06,NYK @ DET,L,240,102,39,80,0.488,11,25,0.44,13,21,0.619,5,25,30,24,14,9,4,20,-20
1610612753,ORL,Orlando Magic,0021900109,2019-11-06,ORL @ DAL,L,240,106,39,80,0.488,6,24,0.25,22,28,0.786,10,34,44,25,18,14,10,30,-1
1610612762,UTA,Utah Jazz,0021900110,2019-11-06,UTA vs. PHI,W,240,106,41,89,0.461,8,22,0.364,16,24,0.667,14,36,50,21,13,9,4,21,2
1610612741,CHI,Chicago Bulls,0021900105,2019-11-06,CHI @ ATL,W,240,113,41,82,0.5,13,33,0.394,18,27,0.667,7,36,43,26,20,11,9,30,20
1610612758,SAC,Sacramento Kings,0021900106,2019-11-06,SAC @ TOR,L,240,120,42,95,0.442,20,44,0.455,16,21,0.762,12,31,43,23,14,8,7,23,-4
1610612746,LAC,LA Clippers,0021900111,2019-11-06,LAC vs. MIL,L,240,124,41,98,0.418,13,31,0.419,29,36,0.806,14,40,54,21,19,4,3,28,-5
1610612761,TOR,Toronto Raptors,0021900106,2019-11-06,TOR vs. SAC,W,240,124,43,78,0.551,14,29,0.483,24,29,0.828,2,35,37,28,14,10,4,20,4
1610612745,HOU,Houston Rockets,0021900107,2019-11-06,HOU vs. GSW,W,240,129,48,97,0.495,21,45,0.467,12,19,0.632,11,39,50,31,13,7,9,20,17
1610612754,IND,Indiana Pacers,0021900104,2019-11-06,IND vs. WAS,W,240,121,44,94,0.468,12,30,0.4,21,26,0.808,13,35,48,35,13,8,3,25,15
1610612763,MEM,Memphis Grizzlies,0021900108,2019-11-06,MEM vs. MIN,W,240,137,50,88,0.568,12,23,0.522,25,30,0.833,8,41,49,34,17,4,3,22,16
1610612755,PHI,Philadelphia 76ers,0021900110,2019-11-06,PHI @ UTA,L,240,104,33,80,0.413,8,25,0.32,30,34,0.882,7,35,42,20,16,9,3,20,-2
1610612737,ATL,Atlanta Hawks,0021900105,2019-11-06,ATL vs. CHI,L,240,93,30,74,0.405,6,30,0.2,27,35,0.771,6,35,41,18,24,7,3,26,-20
1610612749,MIL,Milwaukee Bucks,0021900111,2019-11-06,MIL @ LAC,W,240,129,42,98,0.429,18,49,0.367,27,34,0.794,14,40,54,18,15,7,11,28,5
1610612765,DET,Detroit Pistons,0021900103,2019-11-06,DET vs. NYK,W,240,122,44,79,0.557,15,30,0.5,19,24,0.792,8,35,43,37,17,7,1,17,20
1610612750,MIN,Minnesota Timberwolves,0021900108,2019-11-06,MIN @ MEM,L,240,121,43,96,0.448,16,45,0.356,19,26,0.731,10,26,36,29,11,9,7,22,-16
1610612742,DAL,Dallas Mavericks,0021900109,2019-11-06,DAL vs. ORL,W,240,107,36,84,0.429,11,31,0.355,24,30,0.8,12,31,43,20,17,4,1,23,1
1610612764,WAS,Washington Wizards,0021900104,2019-11-06,WAS @ IND,L,240,106,37,95,0.389,13,40,0.325,19,19,1.0,16,32,48,24,17,3,3,26,-15
1610612757,POR,Portland Trail Blazers,0021900115,2019-11-07,POR @ LAC,L,240,101,39,104,0.375,11,39,0.282,12,16,0.75,17,34,51,18,14,7,4,27,-6
1610612760,OKC,Oklahoma City Thunder,0021900113,2019-11-07,OKC @ SAS,L,240,112,42,80,0.525,10,21,0.476,18,24,0.75,4,27,31,26,13,7,2,14,-9
1610612759,SAS,San Antonio Spurs,0021900113,2019-11-07,SAS vs. OKC,W,240,121,51,94,0.543,9,20,0.45,10,11,0.909,12,35,47,32,13,5,3,21,9
1610612746,LAC,LA Clippers,0021900115,2019-11-07,LAC vs. POR,W,240,107,39,89,0.438,4,23,0.174,25,30,0.833,13,44,57,20,17,6,12,14,6
1610612738,BOS,Boston Celtics,0021900112,2019-11-07,BOS @ CHA,W,240,108,40,93,0.43,10,33,0.303,18,23,0.783,11,41,52,29,13,13,5,19,21
1610612766,CHA,Charlotte Hornets,0021900112,2019-11-07,CHA vs. BOS,L,240,87,33,86,0.384,6,31,0.194,15,21,0.714,9,40,49,21,21,7,9,19,-21
1610612756,PHX,Phoenix Suns,0021900114,2019-11-07,PHX vs. MIA,L,240,108,37,84,0.44,11,32,0.344,23,31,0.742,10,30,40,22,15,4,3,21,-16
1610612748,MIA,Miami Heat,0021900114,2019-11-07,MIA @ PHX,W,240,124,45,82,0.549,15,28,0.536,19,24,0.792,5,36,41,22,15,9,5,28,16
1610612753,ORL,Orlando Magic,0021900117,2019-11-08,ORL vs. MEM,W,240,118,44,93,0.473,7,28,0.25,23,27,0.852,12,45,57,24,9,10,10,17,32
1610612737,ATL,Atlanta Hawks,0021900119,2019-11-08,ATL vs. SAC,L,240,109,46,87,0.529,9,28,0.321,8,14,0.571,11,23,34,23,13,8,6,19,-12
1610612757,POR,Portland Trail Blazers,0021900125,2019-11-08,POR vs. BKN,L,240,115,40,97,0.412,11,30,0.367,24,25,0.96,13,35,48,11,11,3,9,24,-4
1610612744,GSW,Golden State Warriors,0021900120,2019-11-08,GSW @ MIN,L,265,119,43,103,0.417,10,35,0.286,23,24,0.958,13,36,49,18,20,12,9,26,-6
1610612758,SAC,Sacramento Kings,0021900119,2019-11-08,SAC @ ATL,W,240,121,42,76,0.553,18,31,0.581,19,22,0.864,9,27,36,27,15,7,7,19,12
1610612747,LAL,Los Angeles Lakers,0021900126,2019-11-08,LAL vs. MIA,W,240,95,40,89,0.449,8,32,0.25,7,8,0.875,10,38,48,30,18,6,5,24,15
1610612752,NYK,New York Knicks,0021900122,2019-11-08,NYK @ DAL,W,240,106,37,89,0.416,14,28,0.5,18,31,0.581,14,42,56,19,12,9,3,20,4
1610612763,MEM,Memphis Grizzlies,0021900117,2019-11-08,MEM @ ORL,L,240,86,32,86,0.372,11,29,0.379,11,13,0.846,4,32,36,23,18,3,5,22,-32
1610612743,DEN,Denver Nuggets,0021900123,2019-11-08,DEN vs. PHI,W,240,100,39,87,0.448,9,22,0.409,13,17,0.765,7,34,41,28,10,10,11,16,3
1610612761,TOR,Toronto Raptors,0021900121,2019-11-08,TOR @ NOP,W,240,122,41,93,0.441,19,43,0.442,21,24,0.875,10,43,53,27,17,9,3,24,18
1610612754,IND,Indiana Pacers,0021900116,2019-11-08,IND vs. DET,W,240,112,43,83,0.518,4,15,0.267,22,25,0.88,10,34,44,23,13,6,8,16,6
1610612765,DET,Detroit Pistons,0021900116,2019-11-08,DET @ IND,L,240,106,39,86,0.453,13,33,0.394,15,18,0.833,10,30,40,27,17,6,4,26,-6
1610612749,MIL,Milwaukee Bucks,0021900124,2019-11-08,MIL @ UTA,L,240,100,34,95,0.358,10,36,0.278,22,30,0.733,16,38,54,14,13,8,4,26,-3
1610612739,CLE,Cleveland Cavaliers,0021900118,2019-11-08,CLE @ WAS,W,240,113,41,90,0.456,6,27,0.222,25,29,0.862,17,31,48,18,13,10,5,17,13
1610612740,NOP,New Orleans Pelicans,0021900121,2019-11-08,NOP vs. TOR,L,240,104,40,99,0.404,10,41,0.244,14,21,0.667,14,39,53,21,18,7,6,23,-18
1610612742,DAL,Dallas Mavericks,0021900122,2019-11-08,DAL vs. NYK,L,240,102,37,90,0.411,14,44,0.318,14,17,0.824,7,40,47,18,13,4,6,21,-4
1610612748,MIA,Miami Heat,0021900126,2019-11-08,MIA @ LAL,L,240,80,28,80,0.35,6,35,0.171,18,24,0.75,8,29,37,18,13,9,2,12,-15
1610612751,BKN,Brooklyn Nets,0021900125,2019-11-08,BKN @ POR,W,240,119,41,99,0.414,16,37,0.432,21,30,0.7,16,35,51,18,9,6,9,25,4
1610612762,UTA,Utah Jazz,0021900124,2019-11-08,UTA vs. MIL,W,240,103,34,84,0.405,15,36,0.417,20,29,0.69,11,45,56,15,20,3,1,27,3
1610612755,PHI,Philadelphia 76ers,0021900123,2019-11-08,PHI @ DEN,L,240,97,38,86,0.442,13,26,0.5,8,17,0.471,11,38,49,28,18,8,8,19,-3
1610612750,MIN,Minnesota Timberwolves,0021900120,2019-11-08,MIN vs. GSW,W,265,125,48,111,0.432,9,36,0.25,20,29,0.69,20,39,59,20,19,10,10,23,6
1610612764,WAS,Washington Wizards,0021900118,2019-11-08,WAS vs. CLE,L,240,100,45,96,0.469,7,31,0.226,3,6,0.5,17,30,47,26,19,5,5,24,-13
1610612738,BOS,Boston Celtics,0021900127,2019-11-09,BOS @ SAS,W,240,135,48,94,0.511,14,37,0.378,25,28,0.893,7,36,43,28,9,11,11,25,20
1610612760,OKC,Oklahoma City Thunder,0021900131,2019-11-09,OKC vs. GSW,W,240,114,43,79,0.544,14,30,0.467,14,17,0.824,7,35,42,30,19,7,5,17,6
1610612740,NOP,New Orleans Pelicans,0021900128,2019-11-09,NOP @ CHA,W,240,115,40,75,0.533,14,33,0.424,21,30,0.7,9,36,45,25,26,13,6,28,5
1610612766,CHA,Charlotte Hornets,0021900128,2019-11-09,CHA vs. NOP,L,240,110,36,88,0.409,12,35,0.343,26,34,0.765,13,29,42,27,22,10,2,27,-5
1610612741,CHI,Chicago Bulls,0021900129,2019-11-09,CHI vs. HOU,L,240,94,37,98,0.378,4,32,0.125,16,18,0.889,11,35,46,21,15,14,5,22,-23
1610612745,HOU,Houston Rockets,0021900129,2019-11-09,HOU @ CHI,W,240,117,39,83,0.47,19,44,0.432,20,28,0.714,9,46,55,18,24,12,7,21,23
1610612759,SAS,San Antonio Spurs,0021900127,2019-11-09,SAS vs. BOS,L,240,115,39,99,0.394,14,30,0.467,23,30,0.767,21,36,57,24,15,1,8,22,-20
1610612763,MEM,Memphis Grizzlies,0021900130,2019-11-09,MEM vs. DAL,L,240,122,50,95,0.526,12,36,0.333,10,14,0.714,10,29,39,31,16,10,6,22,-16
1610612744,GSW,Golden State Warriors,0021900131,2019-11-09,GSW @ OKC,L,240,108,42,85,0.494,7,22,0.318,17,17,1.0,6,28,34,22,15,9,6,18,-6
1610612742,DAL,Dallas Mavericks,0021900130,2019-11-09,DAL @ MEM,W,240,138,52,97,0.536,18,42,0.429,16,20,0.8,12,35,47,27,15,8,5,14,16
1610612747,LAL,Los Angeles Lakers,0021900139,2019-11-10,LAL vs. TOR,L,240,104,41,94,0.436,10,30,0.333,12,19,0.632,13,38,51,31,12,6,7,20,-9
1610612743,DEN,Denver Nuggets,0021900132,2019-11-10,DEN @ MIN,W,265,100,39,101,0.386,11,28,0.393,11,17,0.647,14,43,57,26,20,6,4,30,2
1610612757,POR,Portland Trail Blazers,0021900138,2019-11-10,POR vs. ATL,W,265,124,45,104,0.433,12,36,0.333,22,28,0.786,16,45,61,19,17,10,9,22,11
1610612755,PHI,Philadelphia 76ers,0021900134,2019-11-10,PHI vs. CHA,W,240,114,46,84,0.548,10,28,0.357,12,16,0.75,10,39,49,29,21,9,5,16,8
1610612737,ATL,Atlanta Hawks,0021900138,2019-11-10,ATL @ POR,L,265,113,42,104,0.404,11,41,0.268,18,25,0.72,11,37,48,21,16,11,8,26,-11
1610612749,MIL,Milwaukee Bucks,0021900135,2019-11-10,MIL @ OKC,W,240,121,47,83,0.566,11,28,0.393,16,18,0.889,5,43,48,27,22,9,4,21,2
1610612760,OKC,Oklahoma City Thunder,0021900135,2019-11-10,OKC vs. MIL,L,240,119,45,91,0.495,17,42,0.405,12,17,0.706,5,30,35,31,15,11,4,20,-2
1610612761,TOR,Toronto Raptors,0021900139,2019-11-10,TOR @ LAL,W,240,113,43,89,0.483,12,36,0.333,15,22,0.682,7,36,43,26,15,6,8,17,9
1610612750,MIN,Minnesota Timberwolves,0021900132,2019-11-10,MIN vs. DEN,L,265,98,34,97,0.351,6,45,0.133,24,33,0.727,15,38,53,22,13,9,10,23,-2
1610612752,NYK,New York Knicks,0021900136,2019-11-10,NYK vs. CLE,L,240,87,31,86,0.36,9,31,0.29,16,25,0.64,17,35,52,19,21,11,8,26,-21
1610612756,PHX,Phoenix Suns,0021900137,2019-11-10,PHX vs. BKN,W,240,138,52,99,0.525,19,42,0.452,15,19,0.789,5,37,42,37,7,8,7,17,26
1610612753,ORL,Orlando Magic,0021900133,2019-11-10,ORL vs. IND,L,240,102,41,89,0.461,15,36,0.417,5,6,0.833,7,30,37,27,11,5,11,10,-7
1610612766,CHA,Charlotte Hornets,0021900134,2019-11-10,CHA @ PHI,L,240,106,38,84,0.452,14,33,0.424,16,22,0.727,6,25,31,22,13,9,1,19,-8
1610612754,IND,Indiana Pacers,0021900133,2019-11-10,IND @ ORL,W,240,109,48,91,0.527,9,20,0.45,4,5,0.8,10,33,43,31,9,6,3,13,7
1610612751,BKN,Brooklyn Nets,0021900137,2019-11-10,BKN @ PHX,L,240,112,44,91,0.484,8,34,0.235,16,17,0.941,5,38,43,27,17,4,2,24,-26
1610612739,CLE,Cleveland Cavaliers,0021900136,2019-11-10,CLE @ NYK,W,240,108,36,82,0.439,8,28,0.286,28,31,0.903,9,36,45,20,14,11,2,19,21
1610612763,MEM,Memphis Grizzlies,0021900143,2019-11-11,MEM @ SAS,W,240,113,44,87,0.506,11,28,0.393,14,20,0.7,9,38,47,32,11,7,5,20,4
1610612745,HOU,Houston Rockets,0021900142,2019-11-11,HOU @ NOP,W,240,122,44,85,0.518,12,41,0.293,22,32,0.688,7,40,47,16,19,9,6,22,6
1610612738,BOS,Boston Celtics,0021900141,2019-11-11,BOS vs. DAL,W,240,116,41,86,0.477,15,35,0.429,19,25,0.76,10,36,46,25,9,4,5,27,10
1610612746,LAC,LA Clippers,0021900145,2019-11-11,LAC vs. TOR,W,240,98,34,92,0.37,8,36,0.222,22,30,0.733,20,46,66,25,22,9,7,21,10
1610612750,MIN,Minnesota Timberwolves,0021900140,2019-11-11,MIN @ DET,W,240,120,45,89,0.506,15,34,0.441,15,19,0.789,11,34,45,25,17,7,6,23,6
1610612765,DET,Detroit Pistons,0021900140,2019-11-11,DET vs. MIN,L,240,114,39,87,0.448,16,32,0.5,20,25,0.8,12,27,39,25,17,9,5,22,-6
1610612744,GSW,Golden State Warriors,0021900144,2019-11-11,GSW vs. UTA,L,240,108,45,94,0.479,10,31,0.323,8,14,0.571,8,36,44,23,10,8,2,24,-14
1610612740,NOP,New Orleans Pelicans,0021900142,2019-11-11,NOP vs. HOU,L,240,116,41,95,0.432,14,45,0.311,20,27,0.741,12,34,46,26,17,8,3,23,-6
1610612742,DAL,Dallas Mavericks,0021900141,2019-11-11,DAL @ BOS,L,240,106,37,89,0.416,11,42,0.262,21,28,0.75,13,33,46,22,8,2,5,26,-10
1610612762,UTA,Utah Jazz,0021900144,2019-11-11,UTA @ GSW,W,240,122,40,81,0.494,16,35,0.457,26,32,0.813,5,38,43,30,12,3,3,16,14
1610612761,TOR,Toronto Raptors,0021900145,2019-11-11,TOR @ LAC,L,240,88,34,85,0.4,11,30,0.367,9,15,0.6,5,33,38,25,15,9,8,24,-10
1610612759,SAS,San Antonio Spurs,0021900143,2019-11-11,SAS vs. MEM,L,240,109,42,90,0.467,12,30,0.4,13,17,0.765,7,35,42,29,14,4,4,17,-4
1610612739,CLE,Cleveland Cavaliers,0021900147,2019-11-12,CLE @ PHI,L,240,97,38,86,0.442,5,21,0.238,16,20,0.8,9,36,45,13,14,10,0,13,-1
1610612758,SAC,Sacramento Kings,0021900153,2019-11-12,SAC vs. POR,W,240,107,38,86,0.442,11,32,0.344,20,26,0.769,11,35,46,24,14,9,5,25,8
1610612737,ATL,Atlanta Hawks,0021900150,2019-11-12,ATL @ DEN,W,240,125,44,83,0.53,15,34,0.441,22,34,0.647,10,35,45,30,15,1,5,21,4
1610612760,OKC,Oklahoma City Thunder,0021900146,2019-11-12,OKC @ IND,L,240,85,29,82,0.354,6,25,0.24,21,24,0.875,9,31,40,19,15,9,4,16,-26
1610612755,PHI,Philadelphia 76ers,0021900147,2019-11-12,PHI vs. CLE,W,240,98,40,89,0.449,8,38,0.211,10,13,0.769,11,35,46,24,14,8,8,20,1
1610612754,IND,Indiana Pacers,0021900146,2019-11-12,IND vs. OKC,W,240,111,46,94,0.489,7,23,0.304,12,13,0.923,11,39,50,21,15,6,4,20,26
1610612765,DET,Detroit Pistons,0021900148,2019-11-12,DET @ MIA,L,240,108,34,78,0.436,15,41,0.366,25,37,0.676,8,24,32,27,16,9,9,28,-9
1610612743,DEN,Denver Nuggets,0021900150,2019-11-12,DEN vs. ATL,L,240,121,46,104,0.442,11,41,0.268,18,22,0.818,15,25,40,31,3,7,5,24,-4
1610612741,CHI,Chicago Bulls,0021900149,2019-11-12,CHI vs. NYK,W,240,120,41,81,0.506,14,33,0.424,24,31,0.774,9,37,46,22,20,9,2,25,18
1610612756,PHX,Phoenix Suns,0021900151,2019-11-12,PHX vs. LAL,L,240,115,43,91,0.473,16,38,0.421,13,17,0.765,6,33,39,32,11,3,4,22,-8
1610612747,LAL,Los Angeles Lakers,0021900151,2019-11-12,LAL @ PHX,W,240,123,51,95,0.537,10,25,0.4,11,21,0.524,8,36,44,39,10,4,4,21,8
1610612762,UTA,Utah Jazz,0021900152,2019-11-12,UTA vs. BKN,W,240,119,43,92,0.467,6,26,0.231,27,35,0.771,11,35,46,16,11,7,4,18,5
1610612751,BKN,Brooklyn Nets,0021900152,2019-11-12,BKN @ UTA,L,240,114,41,90,0.456,11,37,0.297,21,25,0.84,10,33,43,19,17,5,8,29,-5
1610612752,NYK,New York Knicks,0021900149,2019-11-12,NYK @ CHI,L,240,102,36,88,0.409,10,32,0.313,20,31,0.645,13,25,38,27,18,12,1,28,-18
1610612757,POR,Portland Trail Blazers,0021900153,2019-11-12,POR @ SAC,L,240,99,34,77,0.442,8,30,0.267,23,30,0.767,7,33,40,15,17,4,5,19,-8
1610612748,MIA,Miami Heat,0021900148,2019-11-12,MIA vs. DET,W,240,117,41,77,0.532,14,32,0.438,21,27,0.778,8,34,42,34,20,6,1,30,9
1610612747,LAL,Los Angeles Lakers,0021900159,2019-11-13,LAL vs. GSW,W,240,120,48,89,0.539,9,20,0.45,15,18,0.833,13,38,51,31,19,8,6,18,26
1610612766,CHA,Charlotte Hornets,0021900154,2019-11-13,CHA vs. MEM,L,240,117,43,87,0.494,16,36,0.444,15,19,0.789,7,27,34,27,15,8,5,12,-2
1610612761,TOR,Toronto Raptors,0021900160,2019-11-13,TOR @ POR,W,240,114,42,92,0.457,14,32,0.438,16,17,0.941,14,36,50,20,14,4,9,20,8
1610612750,MIN,Minnesota Timberwolves,0021900158,2019-11-13,MIN vs. SAS,W,240,129,45,91,0.495,11,34,0.324,28,34,0.824,13,37,50,25,10,11,4,25,15
1610612745,HOU,Houston Rockets,0021900157,2019-11-13,HOU vs. LAC,W,240,102,33,86,0.384,14,42,0.333,22,27,0.815,9,44,53,12,10,7,6,17,9
1610612763,MEM,Memphis Grizzlies,0021900154,2019-11-13,MEM @ CHA,W,240,119,48,89,0.539,17,35,0.486,6,9,0.667,11,34,45,32,24,9,5,21,2
1610612755,PHI,Philadelphia 76ers,0021900155,2019-11-13,PHI @ ORL,L,240,97,40,91,0.44,8,30,0.267,9,13,0.692,8,39,47,25,15,5,5,27,-15
1610612757,POR,Portland Trail Blazers,0021900160,2019-11-13,POR vs. TOR,L,240,106,38,96,0.396,17,48,0.354,13,16,0.813,11,32,43,24,12,3,7,16,-8
1610612759,SAS,San Antonio Spurs,0021900158,2019-11-13,SAS @ MIN,L,240,114,44,90,0.489,3,17,0.176,23,29,0.793,10,34,44,24,12,4,4,23,-15
1610612753,ORL,Orlando Magic,0021900155,2019-11-13,ORL vs. PHI,W,240,112,38,86,0.442,10,32,0.313,26,34,0.765,9,39,48,27,13,6,2,22,15
1610612744,GSW,Golden State Warriors,0021900159,2019-11-13,GSW @ LAL,L,240,94,36,89,0.404,9,35,0.257,13,17,0.765,10,23,33,29,17,8,7,14,-26
1610612764,WAS,Washington Wizards,0021900156,2019-11-13,WAS @ BOS,L,240,133,50,96,0.521,11,29,0.379,22,27,0.815,9,27,36,28,9,5,4,23,-7
1610612738,BOS,Boston Celtics,0021900156,2019-11-13,BOS vs. WAS,W,240,140,49,96,0.51,16,36,0.444,26,29,0.897,10,34,44,32,12,5,5,26,7
1610612746,LAC,LA Clippers,0021900157,2019-11-13,LAC @ HOU,L,240,93,38,98,0.388,10,33,0.303,7,14,0.5,11,42,53,17,13,3,3,21,-9
1610612752,NYK,New York Knicks,0021900162,2019-11-14,NYK vs. DAL,W,240,106,42,94,0.447,13,30,0.433,9,11,0.818,15,38,53,20,15,6,2,27,3
1610612756,PHX,Phoenix Suns,0021900165,2019-11-14,PHX vs. ATL,W,240,128,41,85,0.482,15,39,0.385,31,38,0.816,7,32,39,32,20,6,2,24,16
1610612740,NOP,New Orleans Pelicans,0021900164,2019-11-14,NOP vs. LAC,W,240,132,47,98,0.48,18,34,0.529,20,29,0.69,18,33,51,26,14,11,5,25,5
1610612742,DAL,Dallas Mavericks,0021900162,2019-11-14,DAL @ NYK,L,240,103,36,84,0.429,8,36,0.222,23,31,0.742,12,32,44,21,12,8,7,16,-3
1610612743,DEN,Denver Nuggets,0021900166,2019-11-14,DEN vs. BKN,W,240,101,43,101,0.426,10,33,0.303,5,10,0.5,14,48,62,26,7,4,3,14,8
1610612739,CLE,Cleveland Cavaliers,0021900161,2019-11-14,CLE vs. MIA,L,240,97,36,85,0.424,8,32,0.25,17,21,0.81,11,30,41,18,18,14,2,16,-11
1610612748,MIA,Miami Heat,0021900161,2019-11-14,MIA @ CLE,W,240,108,43,79,0.544,12,30,0.4,10,11,0.909,4,37,41,31,19,10,7,21,11
1610612741,CHI,Chicago Bulls,0021900163,2019-11-14,CHI @ MIL,L,240,115,38,93,0.409,18,43,0.419,21,25,0.84,10,35,45,25,20,14,1,29,-9
1610612749,MIL,Milwaukee Bucks,0021900163,2019-11-14,MIL vs. CHI,W,240,124,42,88,0.477,6,33,0.182,34,47,0.723,17,41,58,24,22,9,4,22,9
1610612737,ATL,Atlanta Hawks,0021900165,2019-11-14,ATL @ PHX,L,240,112,40,91,0.44,8,31,0.258,24,30,0.8,15,34,49,25,22,15,5,31,-16
1610612751,BKN,Brooklyn Nets,0021900166,2019-11-14,BKN @ DEN,L,240,93,36,95,0.379,8,38,0.211,13,16,0.813,7,44,51,19,7,3,2,14,-8
1610612746,LAC,LA Clippers,0021900164,2019-11-14,LAC @ NOP,L,240,127,46,84,0.548,11,24,0.458,24,31,0.774,6,31,37,28,16,6,6,22,-5
1610612755,PHI,Philadelphia 76ers,0021900172,2019-11-15,PHI @ OKC,L,265,119,45,90,0.5,14,32,0.438,15,22,0.682,13,30,43,24,16,6,0,32,-8
1610612738,BOS,Boston Celtics,0021900173,2019-11-15,BOS @ GSW,W,240,105,37,91,0.407,13,33,0.394,18,23,0.783,11,36,47,24,14,13,5,24,5
1610612766,CHA,Charlotte Hornets,0021900167,2019-11-15,CHA vs. DET,W,240,109,43,96,0.448,13,35,0.371,10,16,0.625,14,27,41,22,11,10,3,17,3
1610612750,MIN,Minnesota Timberwolves,0021900171,2019-11-15,MIN vs. WAS,L,240,116,42,89,0.472,11,37,0.297,21,29,0.724,9,34,43,26,20,6,5,20,-21
1610612764,WAS,Washington Wizards,0021900171,2019-11-15,WAS @ MIN,W,240,137,54,100,0.54,10,28,0.357,19,25,0.76,13,38,51,38,14,10,5,22,21
1610612763,MEM,Memphis Grizzlies,0021900170,2019-11-15,MEM vs. UTA,W,240,107,43,96,0.448,10,35,0.286,11,13,0.846,9,37,46,25,11,6,5,23,1
1610612754,IND,Indiana Pacers,0021900169,2019-11-15,IND @ HOU,L,240,102,37,82,0.451,8,33,0.242,20,26,0.769,8,34,42,24,17,2,2,25,-9
1610612745,HOU,Houston Rockets,0021900169,2019-11-15,HOU vs. IND,W,240,111,36,89,0.404,14,46,0.304,25,29,0.862,10,34,44,12,8,11,3,23,9
1610612760,OKC,Oklahoma City Thunder,0021900172,2019-11-15,OKC vs. PHI,W,265,127,41,76,0.539,10,24,0.417,35,41,0.854,6,30,36,22,13,7,3,23,8
1610612744,GSW,Golden State Warriors,0021900173,2019-11-15,GSW vs. BOS,L,240,100,34,82,0.415,5,28,0.179,27,34,0.794,12,43,55,17,20,8,4,19,-5
1610612762,UTA,Utah Jazz,0021900170,2019-11-15,UTA @ MEM,L,240,106,35,87,0.402,9,34,0.265,27,32,0.844,9,36,45,17,15,5,6,16,-1
1610612747,LAL,Los Angeles Lakers,0021900174,2019-11-15,LAL vs. SAC,W,240,99,34,81,0.42,11,37,0.297,20,22,0.909,10,31,41,22,13,11,6,18,2
1610612753,ORL,Orlando Magic,0021900168,2019-11-15,ORL vs. SAS,W,240,111,36,87,0.414,12,29,0.414,27,34,0.794,14,34,48,22,10,6,5,13,2
1610612765,DET,Detroit Pistons,0021900167,2019-11-15,DET @ CHA,L,240,106,40,81,0.494,15,35,0.429,11,11,1.0,7,35,42,25,21,3,3,19,-3
1610612759,SAS,San Antonio Spurs,0021900168,2019-11-15,SAS @ ORL,L,240,109,45,89,0.506,13,26,0.5,6,10,0.6,8,33,41,23,11,8,8,25,-2
1610612758,SAC,Sacramento Kings,0021900174,2019-11-15,SAC @ LAL,L,240,97,36,82,0.439,16,39,0.41,9,9,1.0,10,33,43,24,18,7,0,22,-2
1610612746,LAC,LA Clippers,0021900182,2019-11-16,LAC vs. ATL,W,240,150,50,93,0.538,17,33,0.515,33,35,0.943,12,41,53,30,21,10,12,28,49
1610612750,MIN,Minnesota Timberwolves,0021900179,2019-11-16,MIN vs. HOU,L,240,105,38,84,0.452,12,38,0.316,17,23,0.739,13,33,46,23,19,7,5,20,-20
1610612748,MIA,Miami Heat,0021900178,2019-11-16,MIA vs. NOP,W,240,109,44,81,0.543,9,24,0.375,12,13,0.923,9,36,45,25,21,13,3,6,15
1610612761,TOR,Toronto Raptors,0021900180,2019-11-16,TOR @ DAL,L,240,102,37,89,0.416,17,41,0.415,11,15,0.733,7,35,42,21,15,7,2,20,-8
1610612740,NOP,New Orleans Pelicans,0021900178,2019-11-16,NOP @ MIA,L,240,94,37,82,0.451,16,35,0.457,4,6,0.667,7,24,31,23,18,10,2,16,-15
1610612759,SAS,San Antonio Spurs,0021900181,2019-11-16,SAS vs. POR,L,240,116,41,88,0.466,5,18,0.278,29,34,0.853,7,36,43,25,10,8,7,17,-5
1610612754,IND,Indiana Pacers,0021900176,2019-11-16,IND vs. MIL,L,240,83,32,100,0.32,12,34,0.353,7,9,0.778,14,40,54,19,15,8,7,10,-19
1610612766,CHA,Charlotte Hornets,0021900177,2019-11-16,CHA @ NYK,W,240,103,36,87,0.414,17,48,0.354,14,19,0.737,12,30,42,22,10,5,3,18,1
1610612742,DAL,Dallas Mavericks,0021900180,2019-11-16,DAL vs. TOR,W,240,110,37,88,0.42,9,39,0.231,27,33,0.818,12,43,55,24,13,7,4,15,8
1610612741,CHI,Chicago Bulls,0021900175,2019-11-16,CHI vs. BKN,L,240,111,32,91,0.352,9,39,0.231,38,41,0.927,17,39,56,15,20,8,2,30,-6
1610612749,MIL,Milwaukee Bucks,0021900176,2019-11-16,MIL @ IND,W,240,102,43,96,0.448,11,39,0.282,5,7,0.714,8,47,55,23,15,6,8,13,19
1610612737,ATL,Atlanta Hawks,0021900182,2019-11-16,ATL @ LAC,L,240,101,34,90,0.378,6,24,0.25,27,37,0.73,14,24,38,19,19,11,10,27,-49
1610612752,NYK,New York Knicks,0021900177,2019-11-16,NYK vs. CHA,L,240,102,39,86,0.453,6,20,0.3,18,23,0.783,13,35,48,22,11,5,1,21,-1
1610612757,POR,Portland Trail Blazers,0021900181,2019-11-16,POR @ SAS,W,240,121,42,93,0.452,13,39,0.333,24,26,0.923,9,39,48,21,12,2,4,20,5
1610612745,HOU,Houston Rockets,0021900179,2019-11-16,HOU @ MIN,W,240,125,43,94,0.457,19,49,0.388,20,22,0.909,14,28,42,15,12,7,3,18,20
1610612751,BKN,Brooklyn Nets,0021900175,2019-11-16,BKN @ CHI,W,240,117,40,88,0.455,10,43,0.233,27,31,0.871,5,35,40,30,15,10,9,30,6
1610612747,LAL,Los Angeles Lakers,0021900188,2019-11-17,LAL vs. ATL,W,240,122,47,89,0.528,15,35,0.429,13,16,0.813,10,32,42,26,17,10,14,19,21
1610612755,PHI,Philadelphia 76ers,0021900183,2019-11-17,PHI @ CLE,W,240,114,46,84,0.548,9,23,0.391,13,17,0.765,4,40,44,33,14,6,11,22,19
1610612737,ATL,Atlanta Hawks,0021900188,2019-11-17,ATL @ LAL,L,240,101,37,86,0.43,8,28,0.286,19,25,0.76,9,28,37,16,20,11,2,19,-21
1610612744,GSW,Golden State Warriors,0021900187,2019-11-17,GSW @ NOP,L,240,100,37,91,0.407,7,25,0.28,19,23,0.826,9,34,43,23,12,7,3,19,-8
1610612738,BOS,Boston Celtics,0021900184,2019-11-17,BOS @ SAC,L,240,99,34,82,0.415,10,30,0.333,21,24,0.875,10,36,46,26,15,7,3,14,-1
1610612758,SAC,Sacramento Kings,0021900184,2019-11-17,SAC vs. BOS,W,240,100,38,89,0.427,14,35,0.4,10,12,0.833,10,35,45,22,12,8,7,24,1
1610612763,MEM,Memphis Grizzlies,0021900186,2019-11-17,MEM vs. DEN,L,240,114,39,84,0.464,16,36,0.444,20,24,0.833,9,36,45,29,16,4,3,17,-17
1610612739,CLE,Cleveland Cavaliers,0021900183,2019-11-17,CLE vs. PHI,L,240,95,34,90,0.378,6,25,0.24,21,24,0.875,11,31,42,14,15,9,5,21,-19
1610612740,NOP,New Orleans Pelicans,0021900187,2019-11-17,NOP vs. GSW,W,240,108,37,89,0.416,18,46,0.391,16,20,0.8,11,37,48,24,15,3,5,21,8
1610612764,WAS,Washington Wizards,0021900185,2019-11-17,WAS @ ORL,L,240,121,46,97,0.474,19,41,0.463,10,12,0.833,9,29,38,31,9,7,2,21,-4
1610612753,ORL,Orlando Magic,0021900185,2019-11-17,ORL vs. WAS,W,240,125,43,87,0.494,15,38,0.395,24,26,0.923,11,41,52,25,14,5,3,15,4
1610612743,DEN,Denver Nuggets,0021900186,2019-11-17,DEN @ MEM,W,240,131,49,89,0.551,18,32,0.563,15,23,0.652,6,33,39,36,12,10,10,24,17
1610612742,DAL,Dallas Mavericks,0021900194,2019-11-18,DAL vs. SAS,W,240,117,42,84,0.5,17,41,0.415,16,23,0.696,9,32,41,28,13,4,3,19,7
1610612762,UTA,Utah Jazz,0021900196,2019-11-18,UTA vs. MIN,L,240,102,35,96,0.365,12,31,0.387,20,26,0.769,12,41,53,20,14,5,5,23,-10
1610612752,NYK,New York Knicks,0021900189,2019-11-18,NYK vs. CLE,W,240,123,44,98,0.449,8,23,0.348,27,35,0.771,19,28,47,17,7,8,10,24,18
1610612761,TOR,Toronto Raptors,0021900191,2019-11-18,TOR vs. CHA,W,240,132,50,97,0.515,20,43,0.465,12,15,0.8,16,37,53,40,11,13,2,25,36
1610612739,CLE,Cleveland Cavaliers,0021900189,2019-11-18,CLE @ NYK,L,240,105,36,76,0.474,17,36,0.472,16,30,0.533,10,31,41,18,20,2,1,26,-18
1610612738,BOS,Boston Celtics,0021900195,2019-11-18,BOS @ PHX,W,240,99,37,89,0.416,12,41,0.293,13,17,0.765,11,41,52,22,17,12,5,21,14
1610612760,OKC,Oklahoma City Thunder,0021900197,2019-11-18,OKC @ LAC,L,240,88,28,75,0.373,7,27,0.259,25,28,0.893,9,36,45,17,17,12,4,19,-2
1610612759,SAS,San Antonio Spurs,0021900194,2019-11-18,SAS @ DAL,L,240,110,44,96,0.458,8,24,0.333,14,16,0.875,17,31,48,18,10,6,2,18,-7
1610612757,POR,Portland Trail Blazers,0021900193,2019-11-18,POR @ HOU,L,240,108,40,96,0.417,11,36,0.306,17,23,0.739,12,32,44,28,17,7,5,21,-24
1610612746,LAC,LA Clippers,0021900197,2019-11-18,LAC vs. OKC,W,240,90,35,87,0.402,10,36,0.278,10,14,0.714,13,36,49,23,17,7,5,25,2
1610612745,HOU,Houston Rockets,0021900193,2019-11-18,HOU vs. POR,W,240,132,47,100,0.47,17,45,0.378,21,26,0.808,17,41,58,24,16,9,10,21,24
1610612749,MIL,Milwaukee Bucks,0021900192,2019-11-18,MIL @ CHI,W,240,115,38,82,0.463,15,41,0.366,24,35,0.686,8,40,48,24,15,12,9,16,14
1610612750,MIN,Minnesota Timberwolves,0021900196,2019-11-18,MIN @ UTA,W,240,112,41,89,0.461,14,38,0.368,16,19,0.842,5,46,51,22,15,6,10,25,10
1610612741,CHI,Chicago Bulls,0021900192,2019-11-18,CHI vs. MIL,L,240,101,39,97,0.402,12,34,0.353,11,14,0.786,13,37,50,25,15,6,6,25,-14
1610612756,PHX,Phoenix Suns,0021900195,2019-11-18,PHX vs. BOS,L,240,85,33,82,0.402,10,36,0.278,9,12,0.75,8,37,45,22,19,7,6,17,-14
1610612754,IND,Indiana Pacers,0021900190,2019-11-18,IND @ BKN,W,240,115,44,101,0.436,14,33,0.424,13,17,0.765,15,48,63,26,10,5,8,22,29
1610612766,CHA,Charlotte Hornets,0021900191,2019-11-18,CHA @ TOR,L,240,96,33,78,0.423,15,45,0.333,15,24,0.625,9,28,37,26,20,3,8,19,-36
1610612751,BKN,Brooklyn Nets,0021900190,2019-11-18,BKN vs. IND,L,240,86,30,84,0.357,11,34,0.324,15,24,0.625,4,36,40,18,10,2,7,19,-29
1610612756,PHX,Phoenix Suns,0021900200,2019-11-19,PHX @ SAC,L,240,116,38,89,0.427,12,36,0.333,28,34,0.824,14,25,39,24,12,11,4,20,-4
1610612757,POR,Portland Trail Blazers,0021900199,2019-11-19,POR @ NOP,L,240,104,40,92,0.435,16,29,0.552,8,13,0.615,11,37,48,20,17,5,4,23,-11
1610612763,MEM,Memphis Grizzlies,0021900198,2019-11-19,MEM vs. GSW,L,240,95,36,88,0.409,9,25,0.36,14,19,0.737,7,30,37,26,14,6,4,23,-19
1610612747,LAL,Los Angeles Lakers,0021900201,2019-11-19,LAL vs. OKC,W,240,112,43,89,0.483,14,31,0.452,12,19,0.632,14,32,46,29,16,9,8,20,5
1610612740,NOP,New Orleans Pelicans,0021900199,2019-11-19,NOP vs. POR,W,240,115,41,93,0.441,13,36,0.361,20,24,0.833,16,37,53,24,13,10,5,15,11
1610612758,SAC,Sacramento Kings,0021900200,2019-11-19,SAC vs. PHX,W,240,120,42,79,0.532,13,31,0.419,23,25,0.92,8,35,43,28,19,7,7,26,4
1610612744,GSW,Golden State Warriors,0021900198,2019-11-19,GSW @ MEM,W,240,114,43,90,0.478,9,29,0.31,19,22,0.864,11,40,51,33,15,5,10,24,19
1610612760,OKC,Oklahoma City Thunder,0021900201,2019-11-19,OKC @ LAL,L,240,107,38,80,0.475,9,28,0.321,22,25,0.88,8,31,39,22,16,10,2,22,-5
1610612746,LAC,LA Clippers,0021900212,2019-11-20,LAC vs. BOS,W,265,107,39,93,0.419,17,45,0.378,12,16,0.75,14,39,53,26,23,12,9,18,3
1610612761,TOR,Toronto Raptors,0021900207,2019-11-20,TOR vs. ORL,W,240,113,45,87,0.517,9,27,0.333,14,19,0.737,10,37,47,26,13,5,5,21,16
1610612739,CLE,Cleveland Cavaliers,0021900206,2019-11-20,CLE @ MIA,L,240,100,37,87,0.425,12,38,0.316,14,16,0.875,10,24,34,19,19,13,2,23,-24
1610612751,BKN,Brooklyn Nets,0021900205,2019-11-20,BKN vs. CHA,W,240,101,36,90,0.4,10,39,0.256,19,23,0.826,13,40,53,19,17,11,1,21,10
1610612741,CHI,Chicago Bulls,0021900209,2019-11-20,CHI vs. DET,W,240,109,39,91,0.429,14,27,0.519,17,26,0.654,12,43,55,25,15,9,7,24,20
1610612752,NYK,New York Knicks,0021900202,2019-11-20,NYK @ PHI,L,240,104,40,84,0.476,13,25,0.52,11,15,0.733,7,35,42,17,14,8,6,25,-5
1610612766,CHA,Charlotte Hornets,0021900205,2019-11-20,CHA @ BKN,L,240,91,30,81,0.37,11,33,0.333,20,26,0.769,8,33,41,17,16,8,3,23,-10
1610612755,PHI,Philadelphia 76ers,0021900202,2019-11-20,PHI vs. NYK,W,240,109,39,89,0.438,13,32,0.406,18,26,0.692,10,34,44,30,10,5,5,14,5
1610612745,HOU,Houston Rockets,0021900211,2019-11-20,HOU @ DEN,L,240,95,32,76,0.421,12,38,0.316,19,25,0.76,9,34,43,19,21,9,2,22,-10
1610612742,DAL,Dallas Mavericks,0021900208,2019-11-20,DAL vs. GSW,W,240,142,51,90,0.567,22,38,0.579,18,23,0.783,8,42,50,33,12,7,7,21,48
1610612748,MIA,Miami Heat,0021900206,2019-11-20,MIA vs. CLE,W,240,124,41,78,0.526,19,37,0.514,23,31,0.742,12,32,44,25,24,8,5,20,24
1610612737,ATL,Atlanta Hawks,0021900204,2019-11-20,ATL vs. MIL,L,240,127,44,96,0.458,14,31,0.452,25,31,0.806,9,34,43,27,13,8,2,26,-8
1610612765,DET,Detroit Pistons,0021900209,2019-11-20,DET @ CHI,L,240,89,28,83,0.337,8,33,0.242,25,32,0.781,12,34,46,23,17,6,8,20,-20
1610612759,SAS,San Antonio Spurs,0021900203,2019-11-20,SAS @ WAS,L,240,132,49,93,0.527,12,32,0.375,22,29,0.759,12,29,41,32,12,8,8,13,-6
1610612738,BOS,Boston Celtics,0021900212,2019-11-20,BOS @ LAC,L,265,104,41,104,0.394,12,45,0.267,10,14,0.714,18,35,53,26,18,11,2,22,-3
1610612744,GSW,Golden State Warriors,0021900208,2019-11-20,GSW @ DAL,L,240,94,35,90,0.389,8,27,0.296,16,25,0.64,9,25,34,18,10,7,5,16,-48
1610612743,DEN,Denver Nuggets,0021900211,2019-11-20,DEN vs. HOU,W,240,105,44,94,0.468,9,27,0.333,8,15,0.533,15,33,48,29,15,13,4,21,10
1610612762,UTA,Utah Jazz,0021900210,2019-11-20,UTA @ MIN,W,240,103,35,86,0.407,14,33,0.424,19,27,0.704,13,38,51,22,11,7,6,21,8
1610612753,ORL,Orlando Magic,0021900207,2019-11-20,ORL @ TOR,L,240,97,35,91,0.385,9,32,0.281,18,28,0.643,16,27,43,26,14,9,8,16,-16
1610612749,MIL,Milwaukee Bucks,0021900204,2019-11-20,MIL @ ATL,W,240,135,46,87,0.529,17,43,0.395,26,34,0.765,8,38,46,25,19,6,8,25,8
1610612764,WAS,Washington Wizards,0021900203,2019-11-20,WAS vs. SAS,W,240,138,54,92,0.587,18,30,0.6,12,15,0.8,6,32,38,37,17,4,3,20,6
1610612750,MIN,Minnesota Timberwolves,0021900210,2019-11-20,MIN vs. UTA,L,240,95,35,89,0.393,14,45,0.311,11,21,0.524,12,39,51,13,14,5,9,20,-8
1610612749,MIL,Milwaukee Bucks,0021900213,2019-11-21,MIL vs. POR,W,240,137,50,106,0.472,16,43,0.372,21,26,0.808,18,40,58,32,12,7,3,20,8
1610612757,POR,Portland Trail Blazers,0021900213,2019-11-21,POR @ MIL,L,240,129,50,103,0.485,17,39,0.436,12,14,0.857,9,32,41,32,8,6,11,27,-8
1610612740,NOP,New Orleans Pelicans,0021900214,2019-11-21,NOP @ PHX,W,240,124,47,88,0.534,16,35,0.457,14,22,0.636,8,36,44,28,18,8,6,25,3
1610612756,PHX,Phoenix Suns,0021900214,2019-11-21,PHX vs. NOP,L,240,121,40,86,0.465,13,31,0.419,28,32,0.875,9,29,38,28,14,10,3,19,-3
1610612746,LAC,LA Clippers,0021900224,2019-11-22,LAC vs. HOU,W,240,122,45,87,0.517,13,33,0.394,19,24,0.792,10,37,47,27,19,9,4,32,3
1610612741,CHI,Chicago Bulls,0021900219,2019-11-22,CHI vs. MIA,L,240,108,41,90,0.456,10,30,0.333,16,20,0.8,14,27,41,23,13,11,3,24,-8
1610612738,BOS,Boston Celtics,0021900222,2019-11-22,BOS @ DEN,L,240,92,33,81,0.407,7,27,0.259,19,23,0.826,5,35,40,21,13,12,6,19,-4
1610612748,MIA,Miami Heat,0021900219,2019-11-22,MIA @ CHI,W,240,116,39,79,0.494,14,38,0.368,24,28,0.857,9,35,44,33,19,10,3,17,8
1610612759,SAS,San Antonio Spurs,0021900218,2019-11-22,SAS @ PHI,L,240,104,43,85,0.506,6,18,0.333,12,16,0.75,3,29,32,21,11,6,3,15,-11
1610612747,LAL,Los Angeles Lakers,0021900220,2019-11-22,LAL @ OKC,W,240,130,45,88,0.511,17,31,0.548,23,29,0.793,11,34,45,32,16,7,6,20,3
1610612743,DEN,Denver Nuggets,0021900222,2019-11-22,DEN vs. BOS,W,240,96,39,88,0.443,7,28,0.25,11,13,0.846,11,37,48,24,18,7,5,17,4
1610612764,WAS,Washington Wizards,0021900216,2019-11-22,WAS vs. CHA,W,240,125,48,91,0.527,14,34,0.412,15,20,0.75,6,35,41,34,11,10,3,13,7
1610612751,BKN,Brooklyn Nets,0021900217,2019-11-22,BKN vs. SAC,W,240,116,41,81,0.506,12,34,0.353,22,31,0.71,13,35,48,22,18,9,3,18,19
1610612737,ATL,Atlanta Hawks,0021900215,2019-11-22,ATL @ DET,L,240,103,38,88,0.432,10,37,0.27,17,17,1.0,10,24,34,26,20,12,2,18,-25
1610612745,HOU,Houston Rockets,0021900224,2019-11-22,HOU @ LAC,L,240,119,39,84,0.464,15,43,0.349,26,38,0.684,11,32,43,22,15,11,2,27,-3
1610612758,SAC,Sacramento Kings,0021900217,2019-11-22,SAC @ BKN,L,240,97,39,86,0.453,4,26,0.154,15,19,0.789,7,26,33,26,16,8,2,25,-19
1610612742,DAL,Dallas Mavericks,0021900221,2019-11-22,DAL vs. CLE,W,240,143,58,100,0.58,20,37,0.541,7,9,0.778,10,39,49,31,5,8,7,18,42
1610612765,DET,Detroit Pistons,0021900215,2019-11-22,DET vs. ATL,W,240,128,49,82,0.598,17,34,0.5,13,20,0.65,12,30,42,30,19,13,10,17,25
1610612744,GSW,Golden State Warriors,0021900223,2019-11-22,GSW @ UTA,L,240,109,43,94,0.457,12,28,0.429,11,12,0.917,6,31,37,28,9,11,3,18,-4
1610612762,UTA,Utah Jazz,0021900223,2019-11-22,UTA vs. GSW,W,240,113,43,85,0.506,14,32,0.438,13,16,0.813,8,40,48,23,21,4,10,14,4
1610612760,OKC,Oklahoma City Thunder,0021900220,2019-11-22,OKC vs. LAL,L,240,127,49,93,0.527,11,31,0.355,18,20,0.9,6,31,37,28,12,8,3,23,-3
1610612766,CHA,Charlotte Hornets,0021900216,2019-11-22,CHA @ WAS,L,240,118,48,93,0.516,14,34,0.412,8,8,1.0,7,37,44,24,16,9,5,18,-7
1610612755,PHI,Philadelphia 76ers,0021900218,2019-11-22,PHI vs. SAS,W,240,115,46,89,0.517,10,26,0.385,13,19,0.684,13,38,51,32,15,8,4,21,11
1610612739,CLE,Cleveland Cavaliers,0021900221,2019-11-22,CLE @ DAL,L,240,101,37,86,0.43,12,29,0.414,15,17,0.882,8,26,34,23,10,3,3,15,-42
1610612737,ATL,Atlanta Hawks,0021900228,2019-11-23,ATL vs. TOR,L,240,116,47,90,0.522,14,34,0.412,8,11,0.727,8,30,38,32,15,9,7,27,-3
1610612759,SAS,San Antonio Spurs,0021900229,2019-11-23,SAS @ NYK,W,240,111,40,75,0.533,12,23,0.522,19,28,0.679,9,38,47,26,22,7,3,17,7
1610612756,PHX,Phoenix Suns,0021900225,2019-11-23,PHX @ MIN,W,240,100,33,96,0.344,10,35,0.286,24,26,0.923,12,44,56,22,7,9,3,17,2
1610612765,DET,Detroit Pistons,0021900233,2019-11-23,DET @ MIL,L,240,90,37,91,0.407,10,35,0.286,6,10,0.6,6,34,40,22,16,7,3,18,-14
1610612757,POR,Portland Trail Blazers,0021900231,2019-11-23,POR @ CLE,L,240,104,39,87,0.448,14,40,0.35,12,16,0.75,6,32,38,21,10,6,6,20,-6
1610612752,NYK,New York Knicks,0021900229,2019-11-23,NYK vs. SAS,L,240,104,40,93,0.43,15,40,0.375,9,15,0.6,10,27,37,30,11,12,3,22,-7
1610612750,MIN,Minnesota Timberwolves,0021900225,2019-11-23,MIN vs. PHX,L,240,98,38,91,0.418,12,42,0.286,10,17,0.588,9,48,57,26,14,2,10,23,-2
1610612754,IND,Indiana Pacers,0021900227,2019-11-23,IND vs. ORL,W,240,111,43,79,0.544,10,24,0.417,15,16,0.938,7,35,42,26,19,6,6,14,5
1610612762,UTA,Utah Jazz,0021900234,2019-11-23,UTA vs. NOP,W,240,128,42,82,0.512,15,36,0.417,29,33,0.879,7,42,49,29,18,2,4,21,8
1610612763,MEM,Memphis Grizzlies,0021900232,2019-11-23,MEM vs. LAL,L,240,108,43,89,0.483,14,30,0.467,8,13,0.615,12,35,47,28,22,12,3,19,-1
1610612747,LAL,Los Angeles Lakers,0021900232,2019-11-23,LAL @ MEM,W,240,109,38,84,0.452,13,39,0.333,20,29,0.69,11,29,40,19,16,12,7,14,1
1610612748,MIA,Miami Heat,0021900230,2019-11-23,MIA @ PHI,L,240,86,30,75,0.4,6,24,0.25,20,27,0.741,9,29,38,12,18,6,4,16,-27
1610612755,PHI,Philadelphia 76ers,0021900230,2019-11-23,PHI vs. MIA,W,240,113,42,83,0.506,14,29,0.483,15,17,0.882,8,36,44,28,15,11,2,27,27
1610612753,ORL,Orlando Magic,0021900227,2019-11-23,ORL @ IND,L,240,106,43,92,0.467,13,31,0.419,7,9,0.778,7,26,33,24,14,11,5,16,-5
1610612766,CHA,Charlotte Hornets,0021900226,2019-11-23,CHA vs. CHI,L,240,115,44,80,0.55,12,28,0.429,15,22,0.682,10,33,43,26,20,5,7,17,-1
1610612741,CHI,Chicago Bulls,0021900226,2019-11-23,CHI @ CHA,W,240,116,43,95,0.453,22,47,0.468,8,12,0.667,13,26,39,27,13,12,3,20,1
1610612749,MIL,Milwaukee Bucks,0021900233,2019-11-23,MIL vs. DET,W,240,104,41,84,0.488,13,37,0.351,9,18,0.5,9,40,49,25,21,10,8,14,14
1610612739,CLE,Cleveland Cavaliers,0021900231,2019-11-23,CLE vs. POR,W,240,110,37,87,0.425,10,31,0.323,26,32,0.813,9,43,52,19,13,9,2,14,6
1610612740,NOP,New Orleans Pelicans,0021900234,2019-11-23,NOP @ UTA,L,240,120,42,101,0.416,17,41,0.415,19,20,0.95,9,29,38,21,10,7,6,24,-8
1610612761,TOR,Toronto Raptors,0021900228,2019-11-23,TOR @ ATL,W,240,119,40,88,0.455,13,37,0.351,26,30,0.867,12,30,42,22,17,5,5,16,3
1610612740,NOP,New Orleans Pelicans,0021900239,2019-11-24,NOP @ LAC,L,240,109,43,98,0.439,13,41,0.317,10,18,0.556,12,33,45,26,9,1,6,26,-25
1610612743,DEN,Denver Nuggets,0021900238,2019-11-24,DEN vs. PHX,W,240,116,43,91,0.473,14,31,0.452,16,23,0.696,19,33,52,24,11,4,2,16,12
1610612745,HOU,Houston Rockets,0021900235,2019-11-24,HOU vs. DAL,L,240,123,45,98,0.459,10,44,0.227,23,31,0.742,15,39,54,26,11,5,2,26,-14
1610612752,NYK,New York Knicks,0021900236,2019-11-24,NYK vs. BKN,L,240,101,37,80,0.463,18,35,0.514,9,16,0.563,9,34,43,22,19,6,4,29,-2
1610612758,SAC,Sacramento Kings,0021900237,2019-11-24,SAC @ WAS,W,240,113,39,81,0.481,11,31,0.355,24,28,0.857,6,33,39,22,14,9,5,17,7
1610612746,LAC,LA Clippers,0021900239,2019-11-24,LAC vs. NOP,W,240,134,46,98,0.469,16,43,0.372,26,33,0.788,16,40,56,27,8,4,5,21,25
1610612756,PHX,Phoenix Suns,0021900238,2019-11-24,PHX @ DEN,L,240,104,41,82,0.5,12,35,0.343,10,12,0.833,7,29,36,25,12,4,2,18,-12
1610612742,DAL,Dallas Mavericks,0021900235,2019-11-24,DAL @ HOU,W,240,137,49,102,0.48,17,44,0.386,22,28,0.786,12,34,46,28,12,9,5,22,14
1610612764,WAS,Washington Wizards,0021900237,2019-11-24,WAS vs. SAC,L,240,106,42,92,0.457,13,34,0.382,9,12,0.75,12,33,45,29,17,5,2,23,-7
1610612751,BKN,Brooklyn Nets,0021900236,2019-11-24,BKN @ NYK,W,240,103,31,77,0.403,14,38,0.368,27,34,0.794,7,28,35,18,12,6,1,16,2
1610612758,SAC,Sacramento Kings,0021900244,2019-11-25,SAC @ BOS,L,240,102,37,79,0.468,18,47,0.383,10,15,0.667,8,28,36,28,17,3,8,18,-1
1610612737,ATL,Atlanta Hawks,0021900243,2019-11-25,ATL vs. MIN,L,240,113,41,94,0.436,10,32,0.313,21,26,0.808,9,33,42,26,18,6,4,25,-12
1610612738,BOS,Boston Celtics,0021900244,2019-11-25,BOS vs. SAC,W,240,103,38,85,0.447,7,30,0.233,20,23,0.87,11,27,38,20,12,10,4,16,1
1610612755,PHI,Philadelphia 76ers,0021900246,2019-11-25,PHI @ TOR,L,240,96,36,88,0.409,15,40,0.375,9,16,0.563,14,37,51,25,16,7,3,20,-5
1610612747,LAL,Los Angeles Lakers,0021900249,2019-11-25,LAL @ SAS,W,240,114,44,89,0.494,14,33,0.424,12,18,0.667,10,30,40,28,9,7,6,18,10
1610612765,DET,Detroit Pistons,0021900241,2019-11-25,DET vs. ORL,W,240,103,34,79,0.43,14,38,0.368,21,25,0.84,9,40,49,23,15,6,5,20,15
1610612759,SAS,San Antonio Spurs,0021900249,2019-11-25,SAS vs. LAL,L,240,104,41,88,0.466,10,25,0.4,12,15,0.8,9,32,41,23,13,4,5,22,-10
1610612766,CHA,Charlotte Hornets,0021900245,2019-11-25,CHA @ MIA,L,240,100,36,87,0.414,9,33,0.273,19,25,0.76,10,25,35,25,14,11,0,24,-17
1610612761,TOR,Toronto Raptors,0021900246,2019-11-25,TOR vs. PHI,W,240,101,38,84,0.452,11,34,0.324,14,22,0.636,8,32,40,27,10,5,5,18,5
1610612763,MEM,Memphis Grizzlies,0021900242,2019-11-25,MEM @ IND,L,240,114,46,96,0.479,13,29,0.448,9,13,0.692,8,32,40,30,9,6,5,16,-12
1610612749,MIL,Milwaukee Bucks,0021900248,2019-11-25,MIL vs. UTA,W,240,122,43,97,0.443,13,41,0.317,23,29,0.793,15,34,49,21,9,6,6,15,4
1610612750,MIN,Minnesota Timberwolves,0021900243,2019-11-25,MIN @ ATL,W,240,125,41,90,0.456,15,35,0.429,28,36,0.778,14,33,47,27,14,10,6,25,12
1610612754,IND,Indiana Pacers,0021900242,2019-11-25,IND vs. MEM,W,240,126,51,94,0.543,18,33,0.545,6,10,0.6,10,37,47,29,13,6,6,11,12
1610612757,POR,Portland Trail Blazers,0021900247,2019-11-25,POR @ CHI,W,240,117,46,89,0.517,8,27,0.296,17,22,0.773,13,42,55,23,15,8,5,20,23
1610612744,GSW,Golden State Warriors,0021900250,2019-11-25,GSW vs. OKC,L,240,97,37,89,0.416,9,20,0.45,14,16,0.875,9,32,41,27,13,10,7,17,-3
1610612751,BKN,Brooklyn Nets,0021900240,2019-11-25,BKN @ CLE,W,240,108,44,94,0.468,11,34,0.324,9,11,0.818,12,36,48,29,10,8,10,21,2
1610612739,CLE,Cleveland Cavaliers,0021900240,2019-11-25,CLE vs. BKN,L,240,106,40,94,0.426,13,32,0.406,13,20,0.65,12,33,45,24,12,5,4,14,-2
1610612748,MIA,Miami Heat,0021900245,2019-11-25,MIA vs. CHA,W,240,117,40,77,0.519,13,31,0.419,24,28,0.857,8,41,49,29,19,9,3,23,17
1610612741,CHI,Chicago Bulls,0021900247,2019-11-25,CHI vs. POR,L,240,94,36,86,0.419,9,39,0.231,13,20,0.65,8,29,37,24,17,8,4,20,-23
1610612753,ORL,Orlando Magic,0021900241,2019-11-25,ORL @ DET,L,240,88,32,84,0.381,8,25,0.32,16,22,0.727,8,33,41,15,10,8,7,21,-15
1610612760,OKC,Oklahoma City Thunder,0021900250,2019-11-25,OKC @ GSW,W,240,100,40,85,0.471,11,32,0.344,9,11,0.818,9,34,43,26,16,5,13,16,3
1610612762,UTA,Utah Jazz,0021900248,2019-11-25,UTA @ MIL,L,240,118,43,85,0.506,21,45,0.467,11,12,0.917,4,36,40,29,17,4,6,23,-4
1610612764,WAS,Washington Wizards,0021900252,2019-11-26,WAS @ DEN,L,240,104,40,95,0.421,10,40,0.25,14,21,0.667,5,31,36,26,12,9,3,22,-13
1610612742,DAL,Dallas Mavericks,0021900251,2019-11-26,DAL vs. LAC,L,240,99,30,79,0.38,11,38,0.289,28,35,0.8,9,37,46,16,20,12,2,21,-15
1610612743,DEN,Denver Nuggets,0021900252,2019-11-26,DEN vs. WAS,W,240,117,47,90,0.522,6,24,0.25,17,23,0.739,10,48,58,31,21,8,6,20,13
1610612746,LAC,LA Clippers,0021900251,2019-11-26,LAC @ DAL,W,240,114,41,97,0.423,11,33,0.333,21,30,0.7,17,39,56,22,14,12,3,27,15
1610612766,CHA,Charlotte Hornets,0021900254,2019-11-27,CHA vs. DET,W,240,102,39,88,0.443,7,30,0.233,17,20,0.85,10,31,41,27,4,3,7,18,1
1610612757,POR,Portland Trail Blazers,0021900265,2019-11-27,POR vs. OKC,W,240,136,49,94,0.521,14,30,0.467,24,24,1.0,10,44,54,23,9,3,1,32,17
1610612750,MIN,Minnesota Timberwolves,0021900262,2019-11-27,MIN @ SAS,W,240,113,37,85,0.435,18,40,0.45,21,27,0.778,7,46,53,28,11,4,6,19,12
1610612739,CLE,Cleveland Cavaliers,0021900255,2019-11-27,CLE vs. ORL,L,240,104,37,81,0.457,11,34,0.324,19,22,0.864,12,37,49,20,25,5,0,15,-12
1610612744,GSW,Golden State Warriors,0021900266,2019-11-27,GSW vs. CHI,W,240,104,37,81,0.457,11,29,0.379,19,26,0.731,13,41,54,31,21,12,9,17,14
1610612751,BKN,Brooklyn Nets,0021900253,2019-11-27,BKN @ BOS,L,240,110,40,90,0.444,21,56,0.375,9,19,0.474,11,27,38,32,17,5,6,22,-11
1610612762,UTA,Utah Jazz,0021900256,2019-11-27,UTA @ IND,L,240,102,36,83,0.434,10,32,0.313,20,25,0.8,10,30,40,19,16,7,2,21,-19
1610612749,MIL,Milwaukee Bucks,0021900261,2019-11-27,MIL vs. ATL,W,240,111,42,88,0.477,10,34,0.294,17,27,0.63,10,37,47,25,14,6,11,23,9
1610612761,TOR,Toronto Raptors,0021900258,2019-11-27,TOR vs. NYK,W,240,126,46,94,0.489,21,41,0.512,13,17,0.765,17,35,52,26,12,6,4,18,28
1610612741,CHI,Chicago Bulls,0021900266,2019-11-27,CHI @ GSW,L,240,90,34,89,0.382,10,29,0.345,12,18,0.667,14,28,42,20,18,14,4,20,-14
1610612760,OKC,Oklahoma City Thunder,0021900265,2019-11-27,OKC @ POR,L,240,119,39,88,0.443,11,35,0.314,30,38,0.789,8,30,38,19,6,4,2,21,-17
1610612756,PHX,Phoenix Suns,0021900263,2019-11-27,PHX vs. WAS,L,240,132,48,93,0.516,15,38,0.395,21,24,0.875,12,28,40,29,15,7,6,21,-8
1610612752,NYK,New York Knicks,0021900258,2019-11-27,NYK @ TOR,L,240,98,33,88,0.375,12,41,0.293,20,24,0.833,15,30,45,19,18,6,4,17,-28
1610612748,MIA,Miami Heat,0021900259,2019-11-27,MIA @ HOU,L,240,108,37,80,0.463,14,37,0.378,20,27,0.741,8,33,41,22,19,8,3,24,-9
1610612747,LAL,Los Angeles Lakers,0021900264,2019-11-27,LAL @ NOP,W,240,114,44,85,0.518,8,24,0.333,18,25,0.72,7,30,37,25,16,9,6,24,4
1610612764,WAS,Washington Wizards,0021900263,2019-11-27,WAS @ PHX,W,240,140,51,89,0.573,19,35,0.543,19,20,0.95,4,30,34,32,16,9,5,20,8
1610612765,DET,Detroit Pistons,0021900254,2019-11-27,DET @ CHA,L,240,101,41,88,0.466,10,32,0.313,9,15,0.6,9,37,46,23,9,2,2,18,-1
1610612746,LAC,LA Clippers,0021900260,2019-11-27,LAC @ MEM,W,240,121,44,95,0.463,14,41,0.341,19,25,0.76,13,30,43,30,16,11,6,24,2
1610612737,ATL,Atlanta Hawks,0021900261,2019-11-27,ATL @ MIL,L,240,102,38,94,0.404,11,34,0.324,15,22,0.682,14,35,49,22,19,4,5,25,-9
1610612740,NOP,New Orleans Pelicans,0021900264,2019-11-27,NOP vs. LAL,L,240,110,34,84,0.405,17,40,0.425,25,30,0.833,13,29,42,20,20,7,4,23,-4
1610612758,SAC,Sacramento Kings,0021900257,2019-11-27,SAC @ PHI,L,240,91,39,95,0.411,9,34,0.265,4,9,0.444,8,34,42,22,11,9,3,19,-6
1610612763,MEM,Memphis Grizzlies,0021900260,2019-11-27,MEM vs. LAC,L,240,119,43,92,0.467,11,28,0.393,22,26,0.846,13,35,48,26,20,9,3,22,-2
1610612753,ORL,Orlando Magic,0021900255,2019-11-27,ORL @ CLE,W,240,116,45,93,0.484,12,33,0.364,14,17,0.824,6,28,34,23,11,13,6,22,12
1610612745,HOU,Houston Rockets,0021900259,2019-11-27,HOU vs. MIA,W,240,117,38,83,0.458,15,44,0.341,26,33,0.788,9,34,43,19,15,11,2,22,9
1610612754,IND,Indiana Pacers,0021900256,2019-11-27,IND vs. UTA,W,240,121,50,96,0.521,8,22,0.364,13,16,0.813,11,31,42,23,12,8,4,19,19
1610612759,SAS,San Antonio Spurs,0021900262,2019-11-27,SAS vs. MIN,L,240,101,41,97,0.423,5,29,0.172,14,17,0.824,8,38,46,25,6,4,8,18,-12
1610612755,PHI,Philadelphia 76ers,0021900257,2019-11-27,PHI vs. SAC,W,240,97,36,77,0.468,5,26,0.192,20,24,0.833,7,42,49,20,17,8,10,12,6
1610612738,BOS,Boston Celtics,0021900253,2019-11-27,BOS vs. BKN,W,240,121,43,97,0.443,13,34,0.382,22,24,0.917,19,36,55,23,14,10,5,17,11
1610612752,NYK,New York Knicks,0021900271,2019-11-29,NYK vs. PHI,L,240,95,34,78,0.436,8,20,0.4,19,33,0.576,9,28,37,14,14,5,4,33,-6
1610612740,NOP,New Orleans Pelicans,0021900275,2019-11-29,NOP @ OKC,L,240,104,39,87,0.448,11,38,0.289,15,21,0.714,7,37,44,19,14,8,3,12,-5
1610612754,IND,Indiana Pacers,0021900272,2019-11-29,IND vs. ATL,W,265,105,39,92,0.424,6,26,0.231,21,28,0.75,9,33,42,19,16,12,6,20,1
1610612737,ATL,Atlanta Hawks,0021900272,2019-11-29,ATL @ IND,L,265,104,39,90,0.433,9,32,0.281,17,18,0.944,10,38,48,14,24,10,3,27,-1
1610612764,WAS,Washington Wizards,0021900279,2019-11-29,WAS @ LAL,L,240,103,38,96,0.396,10,37,0.27,17,19,0.895,13,32,45,25,19,10,2,23,-22
1610612744,GSW,Golden State Warriors,0021900273,2019-11-29,GSW @ MIA,L,240,105,30,77,0.39,10,28,0.357,35,40,0.875,5,26,31,19,9,4,3,23,-17
1610612748,MIA,Miami Heat,0021900273,2019-11-29,MIA vs. GSW,W,240,122,44,82,0.537,13,25,0.52,21,28,0.75,10,39,49,23,16,7,3,30,17
1610612755,PHI,Philadelphia 76ers,0021900271,2019-11-29,PHI @ NYK,W,240,101,31,72,0.431,7,26,0.269,32,40,0.8,8,38,46,22,16,5,10,23,6
1610612766,CHA,Charlotte Hornets,0021900268,2019-11-29,CHA @ DET,W,240,110,40,83,0.482,19,38,0.5,11,15,0.733,11,26,37,26,10,8,6,17,3
1610612765,DET,Detroit Pistons,0021900268,2019-11-29,DET vs. CHA,L,240,107,41,83,0.494,15,35,0.429,10,20,0.5,14,31,45,27,14,5,4,16,-3
1610612741,CHI,Chicago Bulls,0021900278,2019-11-29,CHI @ POR,L,240,103,36,94,0.383,14,38,0.368,17,25,0.68,11,36,47,24,11,8,2,22,-4
1610612739,CLE,Cleveland Cavaliers,0021900270,2019-11-29,CLE vs. MIL,L,240,110,44,88,0.5,17,34,0.5,5,10,0.5,8,33,41,32,15,7,1,22,-9
1610612751,BKN,Brooklyn Nets,0021900267,2019-11-29,BKN vs. BOS,W,240,112,43,93,0.462,17,41,0.415,9,13,0.692,13,36,49,30,20,9,6,24,5
1610612756,PHX,Phoenix Suns,0021900277,2019-11-29,PHX vs. DAL,L,240,113,41,93,0.441,13,38,0.342,18,25,0.72,11,36,47,29,10,3,3,29,-7
1610612763,MEM,Memphis Grizzlies,0021900274,2019-11-29,MEM vs. UTA,L,240,94,37,94,0.394,10,34,0.294,10,17,0.588,15,40,55,22,12,1,8,17,-9
1610612762,UTA,Utah Jazz,0021900274,2019-11-29,UTA @ MEM,W,240,103,38,95,0.4,12,35,0.343,15,19,0.789,11,41,52,18,7,8,2,15,9
1610612738,BOS,Boston Celtics,0021900267,2019-11-29,BOS @ BKN,L,240,107,41,93,0.441,9,28,0.321,16,21,0.762,16,32,48,16,19,11,7,14,-5
1610612749,MIL,Milwaukee Bucks,0021900270,2019-11-29,MIL @ CLE,W,240,119,45,88,0.511,12,34,0.353,17,23,0.739,11,36,47,28,13,7,4,15,9
1610612760,OKC,Oklahoma City Thunder,0021900275,2019-11-29,OKC vs. NOP,W,240,109,43,90,0.478,13,34,0.382,10,16,0.625,6,36,42,27,11,6,8,17,5
1610612753,ORL,Orlando Magic,0021900269,2019-11-29,ORL vs. TOR,L,240,83,27,78,0.346,7,29,0.241,22,27,0.815,13,39,52,17,24,10,11,19,-7
1610612759,SAS,San Antonio Spurs,0021900276,2019-11-29,SAS vs. LAC,W,240,107,40,93,0.43,14,36,0.389,13,14,0.929,8,40,48,28,11,8,8,15,10
1610612742,DAL,Dallas Mavericks,0021900277,2019-11-29,DAL @ PHX,W,240,120,35,85,0.412,17,47,0.362,33,38,0.868,9,38,47,20,8,7,3,24,7
1610612757,POR,Portland Trail Blazers,0021900278,2019-11-29,POR vs. CHI,W,240,107,38,84,0.452,10,30,0.333,21,28,0.75,8,41,49,20,13,6,11,21,4
1610612747,LAL,Los Angeles Lakers,0021900279,2019-11-29,LAL vs. WAS,W,240,125,45,87,0.517,14,32,0.438,21,28,0.75,7,40,47,29,19,9,8,20,22
1610612746,LAC,LA Clippers,0021900276,2019-11-29,LAC @ SAS,L,240,97,36,92,0.391,12,33,0.364,13,13,1.0,9,39,48,23,15,6,5,17,-10
1610612761,TOR,Toronto Raptors,0021900269,2019-11-29,TOR @ ORL,W,240,90,31,84,0.369,11,38,0.289,17,28,0.607,11,35,46,21,14,16,4,20,7
1610612755,PHI,Philadelphia 76ers,0021900281,2019-11-30,PHI vs. IND,W,240,119,38,77,0.494,11,23,0.478,32,36,0.889,4,28,32,27,14,12,5,16,3
1610612754,IND,Indiana Pacers,0021900281,2019-11-30,IND @ PHI,L,240,116,42,76,0.553,11,22,0.5,21,25,0.84,3,28,31,22,20,7,3,24,-3
1610612745,HOU,Houston Rockets,0021900282,2019-11-30,HOU vs. ATL,W,240,158,52,89,0.584,25,51,0.49,29,34,0.853,13,39,52,30,15,9,2,23,47
1610612758,SAC,Sacramento Kings,0021900280,2019-11-30,SAC vs. DEN,W,265,100,37,96,0.385,8,33,0.242,18,21,0.857,13,37,50,22,16,12,4,23,3
1610612743,DEN,Denver Nuggets,0021900280,2019-11-30,DEN @ SAC,L,265,97,36,87,0.414,11,32,0.344,14,21,0.667,9,39,48,23,17,11,5,21,-3
1610612749,MIL,Milwaukee Bucks,0021900283,2019-11-30,MIL vs. CHA,W,240,137,54,96,0.563,20,44,0.455,9,15,0.6,7,46,53,41,7,7,3,13,41
1610612766,CHA,Charlotte Hornets,0021900283,2019-11-30,CHA @ MIL,L,240,96,37,101,0.366,15,45,0.333,7,8,0.875,15,38,53,21,12,4,1,18,-41
1610612737,ATL,Atlanta Hawks,0021900282,2019-11-30,ATL @ HOU,L,240,111,38,89,0.427,15,46,0.326,20,25,0.8,8,21,29,26,14,5,2,23,-47
1610612753,ORL,Orlando Magic,0021900290,2019-12-01,ORL vs. GSW,W,240,100,37,87,0.425,11,33,0.333,15,22,0.682,12,36,48,21,15,7,8,20,4
1610612765,DET,Detroit Pistons,0021900288,2019-12-01,DET vs. SAS,W,240,132,52,88,0.591,15,31,0.484,13,18,0.722,11,39,50,33,17,5,5,14,34
1610612740,NOP,New Orleans Pelicans,0021900289,2019-12-01,NOP vs. OKC,L,240,104,39,87,0.448,17,38,0.447,9,10,0.9,3,38,41,22,11,6,7,22,-3
1610612742,DAL,Dallas Mavericks,0021900287,2019-12-01,DAL @ LAL,W,240,114,42,97,0.433,17,49,0.347,13,18,0.722,16,35,51,24,13,11,1,20,14
1610612751,BKN,Brooklyn Nets,0021900284,2019-12-01,BKN vs. MIA,L,240,106,40,91,0.44,14,42,0.333,12,16,0.75,9,39,48,24,12,3,5,21,-3
1610612750,MIN,Minnesota Timberwolves,0021900286,2019-12-01,MIN vs. MEM,L,240,107,33,85,0.388,11,36,0.306,30,35,0.857,10,43,53,22,16,7,6,21,-8
1610612762,UTA,Utah Jazz,0021900291,2019-12-01,UTA @ TOR,L,240,110,38,90,0.422,13,35,0.371,21,29,0.724,15,36,51,21,18,5,3,17,-20
1610612752,NYK,New York Knicks,0021900285,2019-12-01,NYK vs. BOS,L,240,104,35,76,0.461,8,26,0.308,26,37,0.703,8,31,39,15,16,7,6,25,-9
1610612761,TOR,Toronto Raptors,0021900291,2019-12-01,TOR vs. UTA,W,240,130,47,90,0.522,19,36,0.528,17,21,0.81,7,36,43,36,14,14,8,24,20
1610612763,MEM,Memphis Grizzlies,0021900286,2019-12-01,MEM @ MIN,W,240,115,41,100,0.41,16,40,0.4,17,21,0.81,12,38,50,27,11,8,3,26,8
1610612759,SAS,San Antonio Spurs,0021900288,2019-12-01,SAS @ DET,L,240,98,36,88,0.409,7,26,0.269,19,22,0.864,7,24,31,20,8,11,6,15,-34
1610612760,OKC,Oklahoma City Thunder,0021900289,2019-12-01,OKC @ NOP,W,240,107,38,81,0.469,11,33,0.333,20,26,0.769,5,42,47,19,11,5,3,14,3
1610612746,LAC,LA Clippers,0021900292,2019-12-01,LAC vs. WAS,W,240,150,52,94,0.553,14,32,0.438,32,40,0.8,10,42,52,22,17,8,5,25,25
1610612764,WAS,Washington Wizards,0021900292,2019-12-01,WAS @ LAC,L,240,125,47,102,0.461,11,30,0.367,20,27,0.741,12,31,43,32,14,10,1,29,-25
1610612748,MIA,Miami Heat,0021900284,2019-12-01,MIA @ BKN,W,240,109,37,95,0.389,12,37,0.324,23,28,0.821,16,35,51,16,9,3,2,17,3
1610612738,BOS,Boston Celtics,0021900285,2019-12-01,BOS @ NYK,W,240,113,41,93,0.441,15,41,0.366,16,22,0.727,16,28,44,25,14,5,7,28,9
1610612747,LAL,Los Angeles Lakers,0021900287,2019-12-01,LAL vs. DAL,L,240,100,40,87,0.46,7,27,0.259,13,16,0.813,9,36,45,25,17,9,3,14,-14
1610612744,GSW,Golden State Warriors,0021900290,2019-12-01,GSW @ ORL,L,240,96,36,91,0.396,6,23,0.261,18,23,0.783,15,31,46,21,12,6,5,17,-4
1610612766,CHA,Charlotte Hornets,0021900293,2019-12-02,CHA vs. PHX,L,240,104,38,84,0.452,7,25,0.28,21,26,0.808,14,39,53,27,19,4,7,23,-5
1610612737,ATL,Atlanta Hawks,0021900295,2019-12-02,ATL vs. GSW,W,240,104,41,89,0.461,8,29,0.276,14,15,0.933,11,27,38,21,15,13,4,12,25
1610612758,SAC,Sacramento Kings,0021900298,2019-12-02,SAC vs. CHI,L,240,106,40,83,0.482,9,33,0.273,17,20,0.85,10,31,41,22,18,7,5,26,-7
1610612741,CHI,Chicago Bulls,0021900298,2019-12-02,CHI @ SAC,W,240,113,36,75,0.48,16,37,0.432,25,29,0.862,3,29,32,20,18,9,0,20,7
1610612754,IND,Indiana Pacers,0021900296,2019-12-02,IND @ MEM,W,240,117,44,88,0.5,16,38,0.421,13,15,0.867,8,36,44,31,15,4,2,22,13
1610612762,UTA,Utah Jazz,0021900294,2019-12-02,UTA @ PHI,L,240,94,38,81,0.469,5,22,0.227,13,20,0.65,5,37,42,23,20,6,8,26,-9
1610612744,GSW,Golden State Warriors,0021900295,2019-12-02,GSW @ ATL,L,240,79,33,83,0.398,3,17,0.176,10,12,0.833,18,28,46,17,25,11,8,20,-25
1610612749,MIL,Milwaukee Bucks,0021900297,2019-12-02,MIL vs. NYK,W,240,132,48,86,0.558,16,35,0.457,20,32,0.625,10,47,57,30,14,7,4,23,44
1610612763,MEM,Memphis Grizzlies,0021900296,2019-12-02,MEM vs. IND,L,240,104,38,89,0.427,10,38,0.263,18,19,0.947,8,30,38,23,12,5,6,20,-13
1610612755,PHI,Philadelphia 76ers,0021900294,2019-12-02,PHI vs. UTA,W,240,103,37,91,0.407,13,26,0.5,16,23,0.696,8,39,47,24,15,12,3,22,9
1610612756,PHX,Phoenix Suns,0021900293,2019-12-02,PHX @ CHA,W,240,109,39,88,0.443,9,42,0.214,22,30,0.733,9,28,37,30,8,12,7,21,5
1610612752,NYK,New York Knicks,0021900297,2019-12-02,NYK @ MIL,L,240,88,28,91,0.308,10,39,0.256,22,33,0.667,14,28,42,13,10,4,7,21,-44
1610612753,ORL,Orlando Magic,0021900300,2019-12-03,ORL @ WAS,W,240,127,46,90,0.511,15,31,0.484,20,27,0.741,8,40,48,26,13,3,4,18,7
1610612757,POR,Portland Trail Blazers,0021900305,2019-12-03,POR @ LAC,L,240,97,39,91,0.429,7,27,0.259,12,15,0.8,12,37,49,20,13,5,6,23,-20
1610612745,HOU,Houston Rockets,0021900303,2019-12-03,HOU @ SAS,L,290,133,42,111,0.378,15,51,0.294,34,36,0.944,18,42,60,22,17,11,7,30,-2
1610612761,TOR,Toronto Raptors,0021900301,2019-12-03,TOR vs. MIA,L,265,110,35,91,0.385,11,43,0.256,29,36,0.806,9,39,48,25,12,5,4,20,-11
1610612748,MIA,Miami Heat,0021900301,2019-12-03,MIA @ TOR,W,265,121,45,99,0.455,15,38,0.395,16,21,0.762,10,45,55,29,14,4,7,27,11
1610612759,SAS,San Antonio Spurs,0021900303,2019-12-03,SAS vs. HOU,W,290,135,50,106,0.472,13,30,0.433,22,32,0.688,12,44,56,35,21,10,8,27,2
1610612747,LAL,Los Angeles Lakers,0021900304,2019-12-03,LAL @ DEN,W,240,105,39,84,0.464,7,24,0.292,20,30,0.667,14,42,56,24,16,8,5,23,9
1610612743,DEN,Denver Nuggets,0021900304,2019-12-03,DEN vs. LAL,L,240,96,37,91,0.407,6,29,0.207,16,17,0.941,7,28,35,26,11,9,4,25,-9
1610612739,CLE,Cleveland Cavaliers,0021900299,2019-12-03,CLE vs. DET,L,240,94,38,90,0.422,8,27,0.296,10,14,0.714,12,28,40,16,14,6,6,11,-33
1610612746,LAC,LA Clippers,0021900305,2019-12-03,LAC vs. POR,W,240,117,43,94,0.457,17,34,0.5,14,25,0.56,11,38,49,25,11,7,3,15,20
1610612742,DAL,Dallas Mavericks,0021900302,2019-12-03,DAL @ NOP,W,240,118,38,88,0.432,19,45,0.422,23,27,0.852,10,41,51,22,12,5,8,14,21
1610612765,DET,Detroit Pistons,0021900299,2019-12-03,DET @ CLE,W,240,127,51,94,0.543,18,35,0.514,7,11,0.636,10,36,46,33,11,11,7,16,33
1610612740,NOP,New Orleans Pelicans,0021900302,2019-12-03,NOP vs. DAL,L,240,97,38,94,0.404,11,41,0.268,10,15,0.667,9,38,47,20,11,4,4,19,-21
1610612764,WAS,Washington Wizards,0021900300,2019-12-03,WAS vs. ORL,L,240,120,45,89,0.506,12,35,0.343,18,23,0.783,5,33,38,22,10,9,3,23,-7
1610612747,LAL,Los Angeles Lakers,0021900314,2019-12-04,LAL @ UTA,W,240,121,46,90,0.511,14,29,0.483,15,25,0.6,8,38,46,27,8,13,12,17,25
1610612751,BKN,Brooklyn Nets,0021900309,2019-12-04,BKN @ ATL,W,240,130,50,101,0.495,14,31,0.452,16,18,0.889,18,35,53,26,15,8,6,20,12
1610612741,CHI,Chicago Bulls,0021900311,2019-12-04,CHI vs. MEM,W,240,106,33,77,0.429,13,33,0.394,27,37,0.73,10,40,50,22,21,5,13,22,7
1610612737,ATL,Atlanta Hawks,0021900309,2019-12-04,ATL vs. BKN,L,240,118,48,90,0.533,9,26,0.346,13,21,0.619,9,26,35,24,16,8,9,19,-12
1610612760,OKC,Oklahoma City Thunder,0021900312,2019-12-04,OKC vs. IND,L,240,100,41,84,0.488,9,26,0.346,9,10,0.9,8,29,37,25,13,3,5,19,-7
1610612756,PHX,Phoenix Suns,0021900308,2019-12-04,PHX @ ORL,L,240,114,43,88,0.489,15,33,0.455,13,20,0.65,8,21,29,36,13,10,0,20,-14
1610612744,GSW,Golden State Warriors,0021900306,2019-12-04,GSW @ CHA,L,240,91,36,78,0.462,9,23,0.391,10,15,0.667,6,31,37,18,16,7,3,12,-15
1610612763,MEM,Memphis Grizzlies,0021900311,2019-12-04,MEM @ CHI,L,240,99,37,96,0.385,7,30,0.233,18,21,0.857,11,35,46,24,14,14,6,28,-7
1610612757,POR,Portland Trail Blazers,0021900315,2019-12-04,POR vs. SAC,W,240,127,47,84,0.56,16,32,0.5,17,21,0.81,6,37,43,28,12,6,10,18,11
1610612766,CHA,Charlotte Hornets,0021900306,2019-12-04,CHA vs. GSW,W,240,106,40,87,0.46,21,48,0.438,5,8,0.625,11,33,44,30,15,11,7,20,15
1610612765,DET,Detroit Pistons,0021900307,2019-12-04,DET vs. MIL,L,240,103,39,93,0.419,11,36,0.306,14,22,0.636,9,31,40,25,12,5,3,19,-24
1610612762,UTA,Utah Jazz,0021900314,2019-12-04,UTA vs. LAL,L,240,96,34,83,0.41,14,31,0.452,14,19,0.737,8,32,40,20,20,3,3,24,-25
1610612738,BOS,Boston Celtics,0021900310,2019-12-04,BOS vs. MIA,W,240,112,35,79,0.443,16,41,0.39,26,32,0.813,10,36,46,21,11,8,8,20,19
1610612758,SAC,Sacramento Kings,0021900315,2019-12-04,SAC @ POR,L,240,116,44,95,0.463,11,34,0.324,17,23,0.739,13,31,44,26,10,7,7,17,-11
1610612749,MIL,Milwaukee Bucks,0021900307,2019-12-04,MIL @ DET,W,240,127,44,90,0.489,14,35,0.4,25,27,0.926,10,45,55,25,16,7,8,18,24
1610612754,IND,Indiana Pacers,0021900312,2019-12-04,IND @ OKC,W,240,107,42,87,0.483,9,24,0.375,14,17,0.824,11,28,39,19,9,5,1,21,7
1610612753,ORL,Orlando Magic,0021900308,2019-12-04,ORL vs. PHX,W,240,128,49,85,0.576,14,25,0.56,16,20,0.8,11,34,45,27,19,9,7,19,14
1610612750,MIN,Minnesota Timberwolves,0021900313,2019-12-04,MIN @ DAL,L,240,114,37,89,0.416,17,38,0.447,23,26,0.885,15,29,44,23,13,5,7,21,-7
1610612748,MIA,Miami Heat,0021900310,2019-12-04,MIA @ BOS,L,240,93,34,77,0.442,14,38,0.368,11,17,0.647,8,32,40,20,19,7,2,25,-19
1610612742,DAL,Dallas Mavericks,0021900313,2019-12-04,DAL vs. MIN,W,240,121,46,92,0.5,11,37,0.297,18,23,0.783,13,32,45,24,9,5,5,16,7
1610612743,DEN,Denver Nuggets,0021900317,2019-12-05,DEN @ NYK,W,240,129,49,87,0.563,21,39,0.538,10,18,0.556,9,39,48,38,14,8,5,19,37
1610612761,TOR,Toronto Raptors,0021900318,2019-12-05,TOR vs. HOU,L,240,109,38,88,0.432,12,39,0.308,21,24,0.875,12,33,45,27,18,14,5,21,-10
1610612752,NYK,New York Knicks,0021900317,2019-12-05,NYK vs. DEN,L,240,92,34,83,0.41,9,34,0.265,15,23,0.652,5,28,33,23,14,9,7,16,-37
1610612764,WAS,Washington Wizards,0021900316,2019-12-05,WAS vs. PHI,W,240,119,41,90,0.456,11,27,0.407,26,32,0.813,13,28,41,25,12,9,1,20,6
1610612756,PHX,Phoenix Suns,0021900319,2019-12-05,PHX @ NOP,W,265,139,50,106,0.472,14,36,0.389,25,27,0.926,19,32,51,30,18,16,6,29,7
1610612745,HOU,Houston Rockets,0021900318,2019-12-05,HOU @ TOR,W,240,119,40,98,0.408,22,55,0.4,17,19,0.895,20,34,54,29,23,11,2,24,10
1610612755,PHI,Philadelphia 76ers,0021900316,2019-12-05,PHI @ WAS,L,240,113,41,77,0.532,13,28,0.464,18,24,0.75,8,36,44,25,21,7,6,24,-6
1610612740,NOP,New Orleans Pelicans,0021900319,2019-12-05,NOP vs. PHX,L,265,132,44,87,0.506,17,41,0.415,27,35,0.771,6,34,40,27,24,13,9,29,-7
1610612749,MIL,Milwaukee Bucks,0021900327,2019-12-06,MIL vs. LAC,W,240,119,44,94,0.468,14,36,0.389,17,21,0.81,13,40,53,29,16,11,6,23,28
1610612738,BOS,Boston Celtics,0021900323,2019-12-06,BOS vs. DEN,W,240,108,44,82,0.537,13,35,0.371,7,8,0.875,4,33,37,21,16,5,5,23,13
1610612757,POR,Portland Trail Blazers,0021900329,2019-12-06,POR vs. LAL,L,240,113,39,86,0.453,10,34,0.294,25,29,0.862,4,30,34,20,15,9,4,25,-23
1610612766,CHA,Charlotte Hornets,0021900320,2019-12-06,CHA vs. BKN,L,240,104,36,83,0.434,17,40,0.425,15,17,0.882,10,24,34,23,19,6,6,16,-7
1610612741,CHI,Chicago Bulls,0021900325,2019-12-06,CHI vs. GSW,L,240,98,39,88,0.443,17,41,0.415,3,5,0.6,10,27,37,21,15,11,2,20,-2
1610612765,DET,Detroit Pistons,0021900322,2019-12-06,DET vs. IND,W,240,108,39,87,0.448,11,25,0.44,19,26,0.731,14,37,51,21,18,7,5,17,7
1610612744,GSW,Golden State Warriors,0021900325,2019-12-06,GSW @ CHI,W,240,100,38,71,0.535,9,24,0.375,15,22,0.682,6,33,39,24,20,9,4,19,2
1610612760,OKC,Oklahoma City Thunder,0021900326,2019-12-06,OKC vs. MIN,W,265,139,49,88,0.557,5,18,0.278,36,40,0.9,9,30,39,19,10,8,9,20,12
1610612754,IND,Indiana Pacers,0021900322,2019-12-06,IND @ DET,L,240,101,38,83,0.458,9,24,0.375,16,20,0.8,5,28,33,24,12,8,9,18,-7
1610612764,WAS,Washington Wizards,0021900324,2019-12-06,WAS @ MIA,L,240,103,39,91,0.429,12,39,0.308,13,14,0.929,9,30,39,29,11,6,4,20,-9
1610612750,MIN,Minnesota Timberwolves,0021900326,2019-12-06,MIN @ OKC,L,265,127,50,96,0.521,13,38,0.342,14,20,0.7,10,26,36,25,13,8,2,29,-12
1610612753,ORL,Orlando Magic,0021900321,2019-12-06,ORL @ CLE,W,240,93,32,82,0.39,9,26,0.346,20,23,0.87,10,33,43,19,17,10,9,13,6
1610612758,SAC,Sacramento Kings,0021900328,2019-12-06,SAC @ SAS,L,265,104,40,102,0.392,9,34,0.265,15,18,0.833,16,36,52,19,15,10,3,20,-1
1610612743,DEN,Denver Nuggets,0021900323,2019-12-06,DEN @ BOS,L,240,95,39,94,0.415,5,30,0.167,12,15,0.8,12,29,41,18,14,5,4,15,-13
1610612739,CLE,Cleveland Cavaliers,0021900321,2019-12-06,CLE vs. ORL,L,240,87,35,83,0.422,10,34,0.294,7,10,0.7,10,35,45,22,18,9,7,19,-6
1610612759,SAS,San Antonio Spurs,0021900328,2019-12-06,SAS vs. SAC,W,265,105,41,96,0.427,11,32,0.344,12,17,0.706,13,39,52,25,16,10,5,16,1
1610612746,LAC,LA Clippers,0021900327,2019-12-06,LAC @ MIL,L,240,91,33,94,0.351,8,32,0.25,17,19,0.895,12,36,48,18,21,9,4,19,-28
1610612748,MIA,Miami Heat,0021900324,2019-12-06,MIA vs. WAS,W,240,112,42,86,0.488,10,28,0.357,18,24,0.75,11,39,50,28,14,6,7,13,9
1610612747,LAL,Los Angeles Lakers,0021900329,2019-12-06,LAL @ POR,W,240,136,46,85,0.541,17,36,0.472,27,33,0.818,3,42,45,26,19,10,8,23,23
1610612751,BKN,Brooklyn Nets,0021900320,2019-12-06,BKN @ CHA,W,240,111,42,88,0.477,15,38,0.395,12,15,0.8,15,34,49,35,18,12,5,21,7
1610612742,DAL,Dallas Mavericks,0021900330,2019-12-07,DAL vs. NOP,W,240,130,46,86,0.535,13,38,0.342,25,31,0.806,8,47,55,25,13,8,4,17,46
1610612745,HOU,Houston Rockets,0021900333,2019-12-07,HOU vs. PHX,W,240,115,41,91,0.451,11,40,0.275,22,30,0.733,10,41,51,21,16,10,7,28,6
1610612754,IND,Indiana Pacers,0021900331,2019-12-07,IND @ NYK,W,240,104,41,85,0.482,12,28,0.429,10,13,0.769,5,37,42,26,17,7,9,17,1
1610612755,PHI,Philadelphia 76ers,0021900332,2019-12-07,PHI vs. CLE,W,240,141,57,90,0.633,11,26,0.423,16,23,0.696,10,41,51,43,8,13,8,16,47
1610612756,PHX,Phoenix Suns,0021900333,2019-12-07,PHX @ HOU,L,240,109,40,96,0.417,11,35,0.314,18,28,0.643,13,38,51,29,16,4,3,25,-6
1610612752,NYK,New York Knicks,0021900331,2019-12-07,NYK vs. IND,L,240,103,39,96,0.406,10,31,0.323,15,21,0.714,15,37,52,24,11,11,6,14,-1
1610612762,UTA,Utah Jazz,0021900334,2019-12-07,UTA vs. MEM,W,240,126,45,80,0.563,19,34,0.559,17,18,0.944,9,32,41,32,22,8,0,25,14
1610612763,MEM,Memphis Grizzlies,0021900334,2019-12-07,MEM @ UTA,L,240,112,43,81,0.531,10,35,0.286,16,25,0.64,5,23,28,23,14,15,3,19,-14
1610612740,NOP,New Orleans Pelicans,0021900330,2019-12-07,NOP @ DAL,L,240,84,32,89,0.36,3,32,0.094,17,21,0.81,8,26,34,17,15,4,2,23,-46
1610612739,CLE,Cleveland Cavaliers,0021900332,2019-12-07,CLE @ PHI,L,240,94,36,96,0.375,9,35,0.257,13,17,0.765,11,24,35,20,18,4,0,17,-47
1610612766,CHA,Charlotte Hornets,0021900336,2019-12-08,CHA vs. ATL,L,240,107,36,90,0.4,11,31,0.355,24,29,0.828,13,31,44,22,11,8,3,17,-15
1610612764,WAS,Washington Wizards,0021900339,2019-12-08,WAS vs. LAC,L,240,119,40,88,0.455,14,33,0.424,25,30,0.833,8,30,38,28,14,5,3,22,-16
1610612755,PHI,Philadelphia 76ers,0021900338,2019-12-08,PHI vs. TOR,W,240,110,40,79,0.506,14,32,0.438,16,21,0.762,6,34,40,31,21,7,5,18,6
1610612757,POR,Portland Trail Blazers,0021900341,2019-12-08,POR vs. OKC,L,240,96,36,100,0.36,9,33,0.273,15,18,0.833,18,33,51,16,8,7,8,26,-12
1610612737,ATL,Atlanta Hawks,0021900336,2019-12-08,ATL @ CHA,W,240,122,44,91,0.484,18,45,0.4,16,17,0.941,11,37,48,28,14,8,8,24,15
1610612751,BKN,Brooklyn Nets,0021900335,2019-12-08,BKN vs. DEN,W,240,105,40,87,0.46,7,28,0.25,18,23,0.783,10,38,48,25,13,5,1,15,3
1610612742,DAL,Dallas Mavericks,0021900340,2019-12-08,DAL vs. SAC,L,240,106,41,86,0.477,17,44,0.386,7,8,0.875,10,30,40,24,13,3,1,11,-4
1610612761,TOR,Toronto Raptors,0021900338,2019-12-08,TOR @ PHI,L,240,104,38,88,0.432,11,33,0.333,17,20,0.85,13,29,42,21,18,13,4,22,-6
1610612760,OKC,Oklahoma City Thunder,0021900341,2019-12-08,OKC @ POR,W,240,108,35,85,0.412,11,32,0.344,27,34,0.794,13,41,54,12,10,7,2,22,12
1610612750,MIN,Minnesota Timberwolves,0021900342,2019-12-08,MIN @ LAL,L,240,125,44,84,0.524,15,37,0.405,22,26,0.846,6,25,31,27,16,5,6,18,-17
1610612743,DEN,Denver Nuggets,0021900335,2019-12-08,DEN @ BKN,L,240,102,36,89,0.404,18,42,0.429,12,14,0.857,7,30,37,25,13,4,5,23,-3
1610612758,SAC,Sacramento Kings,0021900340,2019-12-08,SAC @ DAL,W,240,110,44,85,0.518,13,34,0.382,9,11,0.818,7,28,35,24,11,7,1,16,4
1610612747,LAL,Los Angeles Lakers,0021900342,2019-12-08,LAL vs. MIN,W,240,142,55,94,0.585,14,31,0.452,18,20,0.9,10,31,41,32,11,9,1,19,17
1610612741,CHI,Chicago Bulls,0021900337,2019-12-08,CHI @ MIA,L,265,105,35,80,0.438,13,36,0.361,22,27,0.815,6,33,39,20,15,8,1,31,-5
1610612746,LAC,LA Clippers,0021900339,2019-12-08,LAC @ WAS,W,240,135,50,96,0.521,15,40,0.375,20,27,0.741,9,36,45,27,12,8,4,26,16
1610612748,MIA,Miami Heat,0021900337,2019-12-08,MIA vs. CHI,W,265,110,32,77,0.416,11,35,0.314,35,44,0.795,10,33,43,20,17,9,2,23,5
1610612756,PHX,Phoenix Suns,0021900349,2019-12-09,PHX vs. MIN,W,240,125,47,95,0.495,16,40,0.4,15,19,0.789,12,30,42,31,9,5,5,23,16
1610612739,CLE,Cleveland Cavaliers,0021900344,2019-12-09,CLE @ BOS,L,240,88,36,91,0.396,7,31,0.226,9,19,0.474,18,27,45,18,18,8,2,11,-22
1610612738,BOS,Boston Celtics,0021900344,2019-12-09,BOS vs. CLE,W,240,110,45,78,0.577,15,27,0.556,5,8,0.625,5,34,39,22,18,8,9,19,22
1610612763,MEM,Memphis Grizzlies,0021900351,2019-12-09,MEM @ GSW,W,240,110,41,82,0.5,15,40,0.375,13,17,0.765,1,41,42,29,20,13,6,20,8
1610612741,CHI,Chicago Bulls,0021900345,2019-12-09,CHI vs. TOR,L,240,92,35,89,0.393,12,46,0.261,10,14,0.714,9,36,45,30,17,6,4,20,-1
1610612744,GSW,Golden State Warriors,0021900351,2019-12-09,GSW vs. MEM,L,240,102,35,93,0.376,11,27,0.407,21,25,0.84,10,36,46,23,16,10,6,21,-8
1610612762,UTA,Utah Jazz,0021900350,2019-12-09,UTA vs. OKC,L,240,90,36,89,0.404,8,31,0.258,10,12,0.833,7,41,48,19,15,7,0,16,-14
1610612740,NOP,New Orleans Pelicans,0021900348,2019-12-09,NOP vs. DET,L,240,103,40,91,0.44,8,38,0.211,15,22,0.682,10,35,45,24,15,6,1,22,-2
1610612754,IND,Indiana Pacers,0021900343,2019-12-09,IND vs. LAC,L,240,99,34,97,0.351,10,35,0.286,21,28,0.75,14,42,56,16,13,7,3,21,-11
1610612758,SAC,Sacramento Kings,0021900346,2019-12-09,SAC @ HOU,W,240,119,40,88,0.455,20,45,0.444,19,22,0.864,9,28,37,24,10,14,5,17,1
1610612761,TOR,Toronto Raptors,0021900345,2019-12-09,TOR @ CHI,W,240,93,34,90,0.378,7,29,0.241,18,26,0.692,14,40,54,19,17,8,9,12,1
1610612765,DET,Detroit Pistons,0021900348,2019-12-09,DET @ NOP,W,240,105,36,85,0.424,11,35,0.314,22,27,0.815,10,36,46,15,19,6,3,20,2
1610612749,MIL,Milwaukee Bucks,0021900347,2019-12-09,MIL vs. ORL,W,240,110,43,92,0.467,16,41,0.39,8,15,0.533,10,44,54,30,15,7,4,19,9
1610612753,ORL,Orlando Magic,0021900347,2019-12-09,ORL @ MIL,L,240,101,35,92,0.38,10,31,0.323,21,26,0.808,9,35,44,24,12,8,10,18,-9
1610612746,LAC,LA Clippers,0021900343,2019-12-09,LAC @ IND,W,240,110,40,97,0.412,10,32,0.313,20,27,0.741,11,45,56,19,11,7,7,16,11
1610612745,HOU,Houston Rockets,0021900346,2019-12-09,HOU vs. SAC,L,240,118,41,84,0.488,17,50,0.34,19,23,0.826,11,40,51,25,19,4,6,20,-1
1610612750,MIN,Minnesota Timberwolves,0021900349,2019-12-09,MIN @ PHX,L,240,109,40,85,0.471,6,22,0.273,23,29,0.793,11,34,45,14,17,6,7,23,-16
1610612760,OKC,Oklahoma City Thunder,0021900350,2019-12-09,OKC @ UTA,W,240,104,40,85,0.471,8,28,0.286,16,19,0.842,2,44,46,21,11,9,7,20,14
1610612752,NYK,New York Knicks,0021900355,2019-12-10,NYK @ POR,L,240,87,32,91,0.352,7,38,0.184,16,26,0.615,11,36,47,16,11,5,3,18,-28
1610612764,WAS,Washington Wizards,0021900352,2019-12-10,WAS @ CHA,L,240,107,38,90,0.422,11,35,0.314,20,25,0.8,13,32,45,27,10,7,7,24,-7
1610612766,CHA,Charlotte Hornets,0021900352,2019-12-10,CHA vs. WAS,W,240,114,38,85,0.447,16,41,0.39,22,28,0.786,11,37,48,22,13,4,4,26,7
1610612748,MIA,Miami Heat,0021900354,2019-12-10,MIA vs. ATL,W,265,135,53,103,0.515,14,41,0.341,15,22,0.682,9,44,53,35,12,5,3,17,14
1610612755,PHI,Philadelphia 76ers,0021900353,2019-12-10,PHI vs. DEN,W,240,97,37,89,0.416,12,36,0.333,11,16,0.688,12,37,49,24,17,9,3,15,5
1610612743,DEN,Denver Nuggets,0021900353,2019-12-10,DEN @ PHI,L,240,92,37,85,0.435,7,27,0.259,11,12,0.917,5,33,38,29,14,12,9,14,-5
1610612737,ATL,Atlanta Hawks,0021900354,2019-12-10,ATL @ MIA,L,265,121,45,95,0.474,20,54,0.37,11,18,0.611,4,33,37,30,12,4,6,23,-14
1610612757,POR,Portland Trail Blazers,0021900355,2019-12-10,POR vs. NYK,W,240,115,39,90,0.433,17,41,0.415,20,24,0.833,11,47,58,20,12,6,7,21,28
1610612753,ORL,Orlando Magic,0021900358,2019-12-11,ORL vs. LAL,L,240,87,34,81,0.42,8,26,0.308,11,17,0.647,8,33,41,20,15,10,5,17,-9
1610612737,ATL,Atlanta Hawks,0021900361,2019-12-11,ATL @ CHI,L,240,102,35,83,0.422,13,38,0.342,19,26,0.731,10,31,41,26,23,7,5,20,-34
1610612750,MIN,Minnesota Timberwolves,0021900362,2019-12-11,MIN vs. UTA,L,240,116,40,91,0.44,15,41,0.366,21,26,0.808,15,27,42,18,12,9,3,19,-11
1610612761,TOR,Toronto Raptors,0021900359,2019-12-11,TOR vs. LAC,L,240,92,31,88,0.352,8,36,0.222,22,25,0.88,15,32,47,21,18,10,8,24,-20
1610612754,IND,Indiana Pacers,0021900357,2019-12-11,IND vs. BOS,W,240,122,41,85,0.482,10,25,0.4,30,36,0.833,5,31,36,27,10,11,4,18,5
1610612738,BOS,Boston Celtics,0021900357,2019-12-11,BOS @ IND,L,240,117,43,87,0.494,14,36,0.389,17,22,0.773,8,36,44,25,15,6,4,27,-5
1610612744,GSW,Golden State Warriors,0021900366,2019-12-11,GSW vs. NYK,L,265,122,45,104,0.433,10,37,0.27,22,30,0.733,14,32,46,27,8,10,6,25,-2
1610612752,NYK,New York Knicks,0021900366,2019-12-11,NYK @ GSW,W,265,124,43,90,0.478,12,29,0.414,26,34,0.765,12,46,58,25,19,5,7,24,2
1610612740,NOP,New Orleans Pelicans,0021900364,2019-12-11,NOP @ MIL,L,240,112,39,88,0.443,16,45,0.356,18,22,0.818,7,35,42,29,21,8,5,17,-15
1610612762,UTA,Utah Jazz,0021900362,2019-12-11,UTA @ MIN,W,240,127,47,83,0.566,16,35,0.457,17,22,0.773,11,34,45,23,16,4,7,22,11
1610612741,CHI,Chicago Bulls,0021900361,2019-12-11,CHI vs. ATL,W,240,136,54,94,0.574,11,24,0.458,17,19,0.895,7,35,42,32,13,15,7,25,34
1610612747,LAL,Los Angeles Lakers,0021900358,2019-12-11,LAL @ ORL,W,240,96,37,87,0.425,12,31,0.387,10,19,0.526,12,37,49,20,14,10,4,17,9
1610612758,SAC,Sacramento Kings,0021900365,2019-12-11,SAC vs. OKC,W,240,94,39,88,0.443,10,31,0.323,6,10,0.6,6,35,41,12,16,8,3,21,1
1610612739,CLE,Cleveland Cavaliers,0021900356,2019-12-11,CLE vs. HOU,L,240,110,46,89,0.517,13,32,0.406,5,8,0.625,9,27,36,29,17,8,4,15,-6
1610612760,OKC,Oklahoma City Thunder,0021900365,2019-12-11,OKC @ SAC,L,240,93,34,79,0.43,13,33,0.394,12,18,0.667,7,36,43,24,18,8,8,16,-1
1610612745,HOU,Houston Rockets,0021900356,2019-12-11,HOU @ CLE,W,240,116,43,87,0.494,17,42,0.405,13,13,1.0,11,25,36,18,13,10,6,14,6
1610612749,MIL,Milwaukee Bucks,0021900364,2019-12-11,MIL vs. NOP,W,240,127,50,93,0.538,19,39,0.487,8,9,0.889,5,38,43,27,15,13,2,17,15
1610612766,CHA,Charlotte Hornets,0021900360,2019-12-11,CHA @ BKN,W,240,113,36,88,0.409,15,35,0.429,26,32,0.813,15,32,47,20,8,2,6,23,5
1610612751,BKN,Brooklyn Nets,0021900360,2019-12-11,BKN vs. CHA,L,240,108,38,88,0.432,10,38,0.263,22,33,0.667,17,35,52,20,12,5,3,21,-5
1610612756,PHX,Phoenix Suns,0021900363,2019-12-11,PHX vs. MEM,L,240,108,37,93,0.398,9,34,0.265,25,30,0.833,8,36,44,29,12,6,4,20,-7
1610612746,LAC,LA Clippers,0021900359,2019-12-11,LAC @ TOR,W,240,112,38,86,0.442,12,40,0.3,24,27,0.889,12,38,50,29,18,8,5,21,20
1610612763,MEM,Memphis Grizzlies,0021900363,2019-12-11,MEM @ PHX,W,240,115,42,87,0.483,10,24,0.417,21,26,0.808,7,48,55,23,18,8,4,28,7
1610612739,CLE,Cleveland Cavaliers,0021900368,2019-12-12,CLE @ SAS,W,265,117,44,96,0.458,15,45,0.333,14,20,0.7,11,39,50,22,19,6,3,22,8
1610612743,DEN,Denver Nuggets,0021900370,2019-12-12,DEN vs. POR,W,240,114,42,88,0.477,18,36,0.5,12,19,0.632,15,33,48,25,11,6,2,13,15
1610612742,DAL,Dallas Mavericks,0021900369,2019-12-12,DAL @ DET,W,240,122,45,88,0.511,16,44,0.364,16,23,0.696,11,41,52,25,11,4,5,21,11
1610612759,SAS,San Antonio Spurs,0021900368,2019-12-12,SAS vs. CLE,L,265,109,42,86,0.488,5,16,0.313,20,25,0.8,2,34,36,19,12,11,7,21,-8
1610612765,DET,Detroit Pistons,0021900369,2019-12-12,DET vs. DAL,L,240,111,40,89,0.449,15,42,0.357,16,23,0.696,5,29,34,23,8,8,2,16,-11
1610612738,BOS,Boston Celtics,0021900367,2019-12-12,BOS vs. PHI,L,240,109,42,91,0.462,11,31,0.355,14,17,0.824,9,24,33,24,6,4,7,25,-6
1610612755,PHI,Philadelphia 76ers,0021900367,2019-12-12,PHI @ BOS,W,240,115,41,82,0.5,14,28,0.5,19,23,0.826,8,37,45,27,12,4,8,19,6
1610612757,POR,Portland Trail Blazers,0021900370,2019-12-12,POR @ DEN,L,240,99,41,86,0.477,9,30,0.3,8,11,0.727,7,28,35,22,9,4,7,16,-15
1610612752,NYK,New York Knicks,0021900378,2019-12-13,NYK @ SAC,W,240,103,44,95,0.463,9,30,0.3,6,10,0.6,14,34,48,24,9,7,3,18,2
1610612746,LAC,LA Clippers,0021900377,2019-12-13,LAC @ MIN,W,240,124,39,79,0.494,11,25,0.44,35,39,0.897,8,37,45,16,19,5,2,30,7
1610612747,LAL,Los Angeles Lakers,0021900374,2019-12-13,LAL @ MIA,W,240,113,43,87,0.494,12,37,0.324,15,23,0.652,14,36,50,26,19,5,9,23,3
1610612755,PHI,Philadelphia 76ers,0021900372,2019-12-13,PHI vs. NOP,W,240,116,43,87,0.494,7,20,0.35,23,34,0.676,9,38,47,24,11,7,8,24,7
1610612740,NOP,New Orleans Pelicans,0021900372,2019-12-13,NOP @ PHI,L,240,109,38,88,0.432,9,24,0.375,24,35,0.686,12,33,45,24,9,5,2,29,-7
1610612750,MIN,Minnesota Timberwolves,0021900377,2019-12-13,MIN vs. LAC,L,240,117,38,85,0.447,10,41,0.244,31,37,0.838,7,32,39,17,18,9,3,26,-7
1610612737,ATL,Atlanta Hawks,0021900373,2019-12-13,ATL vs. IND,L,240,100,39,94,0.415,6,28,0.214,16,23,0.696,12,38,50,24,15,6,4,20,-10
1610612753,ORL,Orlando Magic,0021900371,2019-12-13,ORL vs. HOU,L,240,107,40,91,0.44,15,37,0.405,12,16,0.75,13,24,37,24,7,3,6,15,-23
1610612754,IND,Indiana Pacers,0021900373,2019-12-13,IND @ ATL,W,240,110,46,92,0.5,7,22,0.318,11,15,0.733,6,40,46,28,15,7,0,21,10
1610612741,CHI,Chicago Bulls,0021900375,2019-12-13,CHI vs. CHA,L,240,73,27,90,0.3,7,34,0.206,12,14,0.857,11,34,45,20,14,11,7,20,-10
1610612763,MEM,Memphis Grizzlies,0021900376,2019-12-13,MEM vs. MIL,L,240,114,38,98,0.388,20,49,0.408,18,23,0.783,11,34,45,27,13,9,5,26,-13
1610612766,CHA,Charlotte Hornets,0021900375,2019-12-13,CHA @ CHI,W,240,83,30,79,0.38,6,31,0.194,17,21,0.81,11,49,60,21,21,9,5,16,10
1610612758,SAC,Sacramento Kings,0021900378,2019-12-13,SAC vs. NYK,L,240,101,39,83,0.47,17,39,0.436,6,8,0.75,8,33,41,19,14,0,3,18,-2
1610612748,MIA,Miami Heat,0021900374,2019-12-13,MIA vs. LAL,L,240,110,39,85,0.459,10,33,0.303,22,28,0.786,5,29,34,24,8,8,2,21,-3
1610612762,UTA,Utah Jazz,0021900379,2019-12-13,UTA vs. GSW,W,240,114,37,79,0.468,16,38,0.421,24,31,0.774,7,36,43,22,13,5,3,20,8
1610612745,HOU,Houston Rockets,0021900371,2019-12-13,HOU @ ORL,W,240,130,48,86,0.558,22,39,0.564,12,13,0.923,7,35,42,21,9,5,7,20,23
1610612744,GSW,Golden State Warriors,0021900379,2019-12-13,GSW @ UTA,L,240,106,41,91,0.451,9,29,0.31,15,22,0.682,14,34,48,19,12,9,7,26,-8
1610612749,MIL,Milwaukee Bucks,0021900376,2019-12-13,MIL @ MEM,W,240,127,44,87,0.506,11,30,0.367,28,33,0.848,9,46,55,22,17,4,3,21,13
1610612759,SAS,San Antonio Spurs,0021900380,2019-12-14,SAS @ PHX,W,265,121,44,106,0.415,8,30,0.267,25,34,0.735,10,52,62,23,11,6,9,22,2
1610612756,PHX,Phoenix Suns,0021900380,2019-12-14,PHX vs. SAS,L,265,119,45,103,0.437,10,40,0.25,19,26,0.731,6,53,59,29,10,5,5,24,-2
1610612751,BKN,Brooklyn Nets,0021900381,2019-12-14,BKN @ TOR,L,240,102,39,101,0.386,12,46,0.261,12,17,0.706,13,46,59,24,20,4,7,20,-8
1610612765,DET,Detroit Pistons,0021900386,2019-12-14,DET @ HOU,W,240,115,41,92,0.446,12,37,0.324,21,25,0.84,11,44,55,27,14,6,6,15,8
1610612761,TOR,Toronto Raptors,0021900381,2019-12-14,TOR vs. BKN,W,240,110,38,98,0.388,14,40,0.35,20,25,0.8,10,41,51,21,11,10,10,23,8
1610612748,MIA,Miami Heat,0021900384,2019-12-14,MIA @ DAL,W,265,122,39,91,0.429,16,40,0.4,28,34,0.824,5,44,49,27,10,8,3,18,4
1610612749,MIL,Milwaukee Bucks,0021900385,2019-12-14,MIL vs. CLE,W,240,125,46,85,0.541,14,37,0.378,19,26,0.731,8,33,41,26,12,12,6,17,17
1610612739,CLE,Cleveland Cavaliers,0021900385,2019-12-14,CLE @ MIL,L,240,108,41,90,0.456,15,35,0.429,11,15,0.733,12,33,45,27,18,10,3,19,-17
1610612763,MEM,Memphis Grizzlies,0021900383,2019-12-14,MEM vs. WAS,W,240,128,48,84,0.571,11,27,0.407,21,24,0.875,9,37,46,32,24,11,7,24,17
1610612746,LAC,LA Clippers,0021900382,2019-12-14,LAC @ CHI,L,240,106,35,80,0.438,10,22,0.455,26,36,0.722,8,32,40,20,15,9,4,17,-3
1610612741,CHI,Chicago Bulls,0021900382,2019-12-14,CHI vs. LAC,W,240,109,40,85,0.471,14,31,0.452,15,18,0.833,12,38,50,21,18,12,9,25,3
1610612743,DEN,Denver Nuggets,0021900387,2019-12-14,DEN vs. OKC,W,240,110,43,85,0.506,7,27,0.259,17,23,0.739,10,34,44,30,16,6,3,23,8
1610612742,DAL,Dallas Mavericks,0021900384,2019-12-14,DAL vs. MIA,L,265,118,45,101,0.446,17,44,0.386,11,17,0.647,8,40,48,30,11,4,3,27,-4
1610612760,OKC,Oklahoma City Thunder,0021900387,2019-12-14,OKC @ DEN,L,240,102,38,81,0.469,6,23,0.261,20,23,0.87,7,30,37,22,15,7,3,23,-8
1610612745,HOU,Houston Rockets,0021900386,2019-12-14,HOU vs. DET,L,240,107,41,102,0.402,13,45,0.289,12,18,0.667,11,35,46,18,11,9,8,19,-8
1610612764,WAS,Washington Wizards,0021900383,2019-12-14,WAS @ MEM,L,240,111,36,85,0.424,14,38,0.368,25,32,0.781,11,23,34,22,18,12,4,22,-17
1610612737,ATL,Atlanta Hawks,0021900390,2019-12-15,ATL vs. LAL,L,240,96,31,86,0.36,12,42,0.286,22,25,0.88,8,34,42,18,20,8,5,27,-5
1610612754,IND,Indiana Pacers,0021900389,2019-12-15,IND vs. CHA,W,240,107,40,88,0.455,10,35,0.286,17,20,0.85,8,43,51,30,9,6,9,25,22
1610612743,DEN,Denver Nuggets,0021900392,2019-12-15,DEN vs. NYK,W,240,111,44,94,0.468,10,28,0.357,13,19,0.684,17,31,48,27,9,5,6,9,6
1610612744,GSW,Golden State Warriors,0021900393,2019-12-15,GSW vs. SAC,L,240,79,30,76,0.395,6,25,0.24,13,18,0.722,7,18,25,24,21,14,1,17,-21
1610612740,NOP,New Orleans Pelicans,0021900388,2019-12-15,NOP vs. ORL,L,240,119,47,88,0.534,19,43,0.442,6,12,0.5,11,29,40,34,17,6,7,21,-11
1610612747,LAL,Los Angeles Lakers,0021900390,2019-12-15,LAL @ ATL,W,240,101,36,84,0.429,5,31,0.161,24,33,0.727,13,43,56,21,22,14,9,24,5
1610612751,BKN,Brooklyn Nets,0021900391,2019-12-15,BKN vs. PHI,W,240,109,43,94,0.457,9,24,0.375,14,18,0.778,12,39,51,22,16,9,1,23,20
1610612753,ORL,Orlando Magic,0021900388,2019-12-15,ORL @ NOP,W,240,130,46,89,0.517,17,34,0.5,21,26,0.808,8,31,39,32,10,8,2,15,11
1610612758,SAC,Sacramento Kings,0021900393,2019-12-15,SAC @ GSW,W,240,100,38,63,0.603,10,22,0.455,14,16,0.875,4,34,38,27,29,9,3,20,21
1610612766,CHA,Charlotte Hornets,0021900389,2019-12-15,CHA @ IND,L,240,85,28,91,0.308,5,32,0.156,24,35,0.686,17,39,56,18,12,4,5,21,-22
1610612752,NYK,New York Knicks,0021900392,2019-12-15,NYK @ DEN,L,240,105,44,94,0.468,8,32,0.25,9,10,0.9,14,33,47,20,11,9,2,19,-6
1610612755,PHI,Philadelphia 76ers,0021900391,2019-12-15,PHI @ BKN,L,240,89,37,86,0.43,5,26,0.192,10,17,0.588,7,31,38,19,16,9,13,20,-20
1610612756,PHX,Phoenix Suns,0021900400,2019-12-16,PHX vs. POR,L,240,110,41,90,0.456,12,34,0.353,16,19,0.842,11,33,44,31,21,11,5,21,-1
1610612764,WAS,Washington Wizards,0021900394,2019-12-16,WAS @ DET,W,240,133,49,88,0.557,18,34,0.529,17,21,0.81,7,28,35,31,16,6,5,27,14
1610612759,SAS,San Antonio Spurs,0021900396,2019-12-16,SAS @ HOU,L,240,107,39,91,0.429,12,33,0.364,17,20,0.85,8,45,53,23,18,5,4,22,-2
1610612749,MIL,Milwaukee Bucks,0021900398,2019-12-16,MIL vs. DAL,L,240,116,44,105,0.419,11,41,0.268,17,24,0.708,15,37,52,29,9,8,4,23,-4
1610612763,MEM,Memphis Grizzlies,0021900397,2019-12-16,MEM vs. MIA,W,240,118,42,86,0.488,13,36,0.361,21,30,0.7,16,29,45,28,17,4,6,20,7
1610612741,CHI,Chicago Bulls,0021900399,2019-12-16,CHI @ OKC,L,240,106,43,87,0.494,9,31,0.29,11,13,0.846,5,26,31,27,14,17,6,21,-3
1610612739,CLE,Cleveland Cavaliers,0021900395,2019-12-16,CLE @ TOR,L,240,113,44,90,0.489,12,35,0.343,13,17,0.765,9,30,39,30,11,6,1,15,-20
1610612760,OKC,Oklahoma City Thunder,0021900399,2019-12-16,OKC vs. CHI,W,240,109,35,69,0.507,16,34,0.471,23,28,0.821,9,33,42,21,26,8,6,15,3
1610612757,POR,Portland Trail Blazers,0021900400,2019-12-16,POR @ PHX,W,240,111,40,84,0.476,14,34,0.412,17,20,0.85,9,32,41,21,20,9,9,27,1
1610612742,DAL,Dallas Mavericks,0021900398,2019-12-16,DAL @ MIL,W,240,120,41,88,0.466,16,41,0.39,22,27,0.815,8,44,52,27,14,5,6,23,4
1610612748,MIA,Miami Heat,0021900397,2019-12-16,MIA @ MEM,L,240,111,37,81,0.457,11,24,0.458,26,31,0.839,7,28,35,22,14,9,7,26,-7
1610612745,HOU,Houston Rockets,0021900396,2019-12-16,HOU vs. SAS,W,240,109,40,98,0.408,11,43,0.256,18,27,0.667,14,44,58,20,13,9,6,19,2
1610612765,DET,Detroit Pistons,0021900394,2019-12-16,DET vs. WAS,L,240,119,41,86,0.477,13,39,0.333,24,34,0.706,12,24,36,29,14,6,4,19,-14
1610612761,TOR,Toronto Raptors,0021900395,2019-12-16,TOR vs. CLE,W,240,133,52,89,0.584,16,32,0.5,13,17,0.765,6,35,41,31,7,7,2,19,20
1610612758,SAC,Sacramento Kings,0021900401,2019-12-17,SAC @ CHA,L,240,102,38,91,0.418,14,39,0.359,12,13,0.923,10,23,33,23,10,10,5,22,-8
1610612740,NOP,New Orleans Pelicans,0021900404,2019-12-17,NOP vs. BKN,L,265,101,37,107,0.346,11,40,0.275,16,24,0.667,16,42,58,20,9,3,9,19,-7
1610612756,PHX,Phoenix Suns,0021900406,2019-12-17,PHX @ LAC,L,240,99,41,102,0.402,10,35,0.286,7,10,0.7,16,34,50,30,20,11,3,23,-21
1610612737,ATL,Atlanta Hawks,0021900403,2019-12-17,ATL @ NYK,L,240,120,45,99,0.455,15,43,0.349,15,20,0.75,9,27,36,20,11,7,3,21,-23
1610612746,LAC,LA Clippers,0021900406,2019-12-17,LAC vs. PHX,W,240,120,45,89,0.506,14,32,0.438,16,22,0.727,6,38,44,23,16,14,4,15,21
1610612752,NYK,New York Knicks,0021900403,2019-12-17,NYK vs. ATL,W,240,143,53,95,0.558,13,28,0.464,24,31,0.774,13,42,55,30,12,7,6,21,23
1610612762,UTA,Utah Jazz,0021900405,2019-12-17,UTA vs. ORL,W,240,109,42,90,0.467,15,36,0.417,10,16,0.625,10,48,58,27,14,3,3,16,7
1610612753,ORL,Orlando Magic,0021900405,2019-12-17,ORL @ UTA,L,240,102,42,93,0.452,7,35,0.2,11,15,0.733,4,37,41,21,3,6,5,18,-7
1610612751,BKN,Brooklyn Nets,0021900404,2019-12-17,BKN @ NOP,W,265,108,40,96,0.417,11,39,0.282,17,23,0.739,6,48,54,25,13,3,10,22,7
1610612754,IND,Indiana Pacers,0021900402,2019-12-17,IND vs. LAL,W,240,105,41,85,0.482,10,25,0.4,13,20,0.65,13,30,43,22,13,9,6,21,3
1610612766,CHA,Charlotte Hornets,0021900401,2019-12-17,CHA vs. SAC,W,240,110,39,81,0.481,13,30,0.433,19,27,0.704,16,35,51,26,19,5,8,18,8
1610612747,LAL,Los Angeles Lakers,0021900402,2019-12-17,LAL @ IND,L,240,102,43,91,0.473,8,31,0.258,8,17,0.471,14,28,42,28,13,5,6,19,-3
1610612739,CLE,Cleveland Cavaliers,0021900407,2019-12-18,CLE vs. CHA,W,240,100,40,74,0.541,7,26,0.269,13,17,0.765,10,38,48,25,25,7,3,21,2
1610612764,WAS,Washington Wizards,0021900409,2019-12-18,WAS vs. CHI,L,265,109,34,95,0.358,14,45,0.311,27,32,0.844,14,41,55,21,16,8,7,20,-1
1610612760,OKC,Oklahoma City Thunder,0021900412,2019-12-18,OKC vs. MEM,W,240,126,46,84,0.548,7,24,0.292,27,34,0.794,6,29,35,25,12,6,6,16,4
1610612753,ORL,Orlando Magic,0021900414,2019-12-18,ORL @ DEN,L,240,104,37,87,0.425,11,29,0.379,19,21,0.905,8,27,35,25,13,9,5,19,-9
1610612738,BOS,Boston Celtics,0021900413,2019-12-18,BOS @ DAL,W,240,109,35,86,0.407,12,38,0.316,27,30,0.9,14,40,54,13,16,3,4,21,6
1610612755,PHI,Philadelphia 76ers,0021900410,2019-12-18,PHI vs. MIA,L,240,104,38,90,0.422,12,39,0.308,16,18,0.889,15,26,41,24,13,9,5,17,-4
1610612763,MEM,Memphis Grizzlies,0021900412,2019-12-18,MEM @ OKC,L,240,122,50,99,0.505,10,26,0.385,12,15,0.8,15,32,47,27,15,5,2,25,-4
1610612761,TOR,Toronto Raptors,0021900408,2019-12-18,TOR @ DET,W,240,112,39,91,0.429,13,35,0.371,21,24,0.875,12,35,47,27,12,9,6,20,13
1610612740,NOP,New Orleans Pelicans,0021900411,2019-12-18,NOP @ MIN,W,240,107,38,86,0.442,14,33,0.424,17,21,0.81,11,44,55,23,19,6,4,19,8
1610612742,DAL,Dallas Mavericks,0021900413,2019-12-18,DAL vs. BOS,L,240,103,34,87,0.391,15,43,0.349,20,25,0.8,10,32,42,23,8,7,10,20,-6
1610612741,CHI,Chicago Bulls,0021900409,2019-12-18,CHI @ WAS,W,265,110,39,97,0.402,11,37,0.297,21,24,0.875,11,42,53,25,15,10,6,24,1
1610612743,DEN,Denver Nuggets,0021900414,2019-12-18,DEN vs. ORL,W,240,113,40,84,0.476,11,27,0.407,22,25,0.88,14,38,52,28,19,8,3,17,9
1610612766,CHA,Charlotte Hornets,0021900407,2019-12-18,CHA @ CLE,L,240,98,37,91,0.407,13,37,0.351,11,18,0.611,15,20,35,25,9,12,3,20,-2
1610612757,POR,Portland Trail Blazers,0021900415,2019-12-18,POR vs. GSW,W,240,122,44,97,0.454,9,31,0.29,25,28,0.893,14,43,57,19,11,6,8,22,10
1610612744,GSW,Golden State Warriors,0021900415,2019-12-18,GSW @ POR,L,240,112,41,103,0.398,16,38,0.421,14,23,0.609,17,33,50,24,8,7,7,23,-10
1610612748,MIA,Miami Heat,0021900410,2019-12-18,MIA @ PHI,W,240,108,40,85,0.471,12,31,0.387,16,20,0.8,11,36,47,26,16,6,4,14,4
1610612765,DET,Detroit Pistons,0021900408,2019-12-18,DET vs. TOR,L,240,99,39,87,0.448,6,35,0.171,15,22,0.682,10,38,48,19,15,7,6,17,-13
1610612750,MIN,Minnesota Timberwolves,0021900411,2019-12-18,MIN vs. NOP,L,240,99,36,95,0.379,10,39,0.256,17,27,0.63,12,31,43,20,11,9,3,18,-8
1610612746,LAC,LA Clippers,0021900419,2019-12-19,LAC vs. HOU,L,240,117,43,86,0.5,16,37,0.432,15,19,0.789,7,31,38,23,18,10,7,24,-5
1610612749,MIL,Milwaukee Bucks,0021900417,2019-12-19,MIL vs. LAL,W,240,111,36,77,0.468,16,39,0.41,23,32,0.719,8,32,40,22,14,14,7,25,7
1610612747,LAL,Los Angeles Lakers,0021900417,2019-12-19,LAL @ MIL,L,240,104,37,80,0.463,12,35,0.343,18,23,0.783,7,31,38,24,19,4,6,24,-7
1610612759,SAS,San Antonio Spurs,0021900418,2019-12-19,SAS vs. BKN,W,240,118,43,96,0.448,13,33,0.394,19,23,0.826,13,34,47,26,11,10,8,19,13
1610612751,BKN,Brooklyn Nets,0021900418,2019-12-19,BKN @ SAS,L,240,105,35,83,0.422,7,36,0.194,28,30,0.933,6,41,47,16,18,9,3,21,-13
1610612762,UTA,Utah Jazz,0021900416,2019-12-19,UTA @ ATL,W,240,111,39,83,0.47,6,24,0.25,27,38,0.711,13,40,53,18,19,8,6,17,5
1610612737,ATL,Atlanta Hawks,0021900416,2019-12-19,ATL vs. UTA,L,240,106,39,90,0.433,11,29,0.379,17,19,0.895,6,34,40,24,16,8,1,27,-5
1610612745,HOU,Houston Rockets,0021900419,2019-12-19,HOU @ LAC,W,240,122,43,86,0.5,14,37,0.378,22,29,0.759,10,33,43,23,18,9,4,20,5
1610612760,OKC,Oklahoma City Thunder,0021900426,2019-12-20,OKC vs. PHX,W,240,126,49,87,0.563,10,24,0.417,18,21,0.857,8,33,41,23,15,7,7,23,18
1610612750,MIN,Minnesota Timberwolves,0021900427,2019-12-20,MIN @ DEN,L,240,100,36,87,0.414,10,42,0.238,18,27,0.667,16,30,46,20,14,8,8,15,-9
1610612740,NOP,New Orleans Pelicans,0021900429,2019-12-20,NOP @ GSW,L,240,102,39,93,0.419,9,34,0.265,15,23,0.652,13,35,48,23,18,8,5,19,-4
1610612757,POR,Portland Trail Blazers,0021900428,2019-12-20,POR vs. ORL,W,240,118,42,84,0.5,17,36,0.472,17,19,0.895,11,43,54,16,21,4,11,24,15
1610612738,BOS,Boston Celtics,0021900422,2019-12-20,BOS vs. DET,W,240,114,45,86,0.523,9,27,0.333,15,21,0.714,13,38,51,24,20,13,9,19,21
1610612756,PHX,Phoenix Suns,0021900426,2019-12-20,PHX @ OKC,L,240,108,38,87,0.437,11,32,0.344,21,23,0.913,12,25,37,26,16,9,4,29,-18
1610612761,TOR,Toronto Raptors,0021900423,2019-12-20,TOR vs. WAS,W,240,122,38,78,0.487,12,30,0.4,34,44,0.773,6,36,42,26,17,6,3,25,4
1610612764,WAS,Washington Wizards,0021900423,2019-12-20,WAS @ TOR,L,240,118,40,87,0.46,14,39,0.359,24,32,0.75,8,31,39,24,15,6,1,28,-4
1610612742,DAL,Dallas Mavericks,0021900425,2019-12-20,DAL @ PHI,W,240,117,43,83,0.518,14,33,0.424,17,22,0.773,8,41,49,23,16,10,4,17,19
1610612744,GSW,Golden State Warriors,0021900429,2019-12-20,GSW vs. NOP,W,240,106,36,83,0.434,10,33,0.303,24,25,0.96,10,37,47,25,18,10,4,24,4
1610612752,NYK,New York Knicks,0021900424,2019-12-20,NYK @ MIA,L,240,114,41,94,0.436,10,34,0.294,22,33,0.667,13,28,41,23,8,11,2,25,-15
1610612754,IND,Indiana Pacers,0021900421,2019-12-20,IND vs. SAC,W,240,119,45,86,0.523,14,31,0.452,15,18,0.833,7,32,39,34,9,5,7,15,14
1610612763,MEM,Memphis Grizzlies,0021900420,2019-12-20,MEM @ CLE,L,240,107,44,102,0.431,14,41,0.341,5,7,0.714,10,36,46,31,7,9,8,17,-7
1610612743,DEN,Denver Nuggets,0021900427,2019-12-20,DEN vs. MIN,W,240,109,44,89,0.494,10,28,0.357,11,12,0.917,10,34,44,27,16,9,5,22,9
1610612758,SAC,Sacramento Kings,0021900421,2019-12-20,SAC @ IND,L,240,105,41,91,0.451,10,32,0.313,13,15,0.867,13,28,41,25,12,4,6,15,-14
1610612739,CLE,Cleveland Cavaliers,0021900420,2019-12-20,CLE vs. MEM,W,240,114,40,92,0.435,17,37,0.459,17,23,0.739,16,44,60,26,16,4,10,12,7
1610612753,ORL,Orlando Magic,0021900428,2019-12-20,ORL @ POR,L,240,103,39,106,0.368,7,28,0.25,18,26,0.692,18,30,48,21,10,14,5,16,-15
1610612765,DET,Detroit Pistons,0021900422,2019-12-20,DET @ BOS,L,240,93,34,85,0.4,11,31,0.355,14,19,0.737,11,25,36,21,25,13,2,16,-21
1610612755,PHI,Philadelphia 76ers,0021900425,2019-12-20,PHI vs. DAL,L,240,98,38,90,0.422,10,34,0.294,12,18,0.667,11,35,46,25,15,9,2,16,-19
1610612748,MIA,Miami Heat,0021900424,2019-12-20,MIA vs. NYK,W,240,129,43,77,0.558,18,38,0.474,25,34,0.735,9,42,51,34,18,6,3,22,15
1610612759,SAS,San Antonio Spurs,0021900436,2019-12-21,SAS vs. LAC,L,240,109,42,82,0.512,10,28,0.357,15,19,0.789,4,32,36,24,18,5,8,20,-25
1610612765,DET,Detroit Pistons,0021900432,2019-12-21,DET vs. CHI,L,240,107,40,87,0.46,16,35,0.457,11,12,0.917,6,23,29,30,16,14,4,20,-12
1610612766,CHA,Charlotte Hornets,0021900430,2019-12-21,CHA vs. UTA,L,240,107,39,85,0.459,12,29,0.414,17,22,0.773,11,25,36,20,14,13,4,25,-7
1610612763,MEM,Memphis Grizzlies,0021900435,2019-12-21,MEM vs. SAC,W,240,119,40,83,0.482,15,35,0.429,24,29,0.828,8,36,44,32,14,8,6,16,4
1610612745,HOU,Houston Rockets,0021900437,2019-12-21,HOU @ PHX,W,240,139,51,87,0.586,19,41,0.463,18,23,0.783,5,32,37,23,10,4,5,23,14
1610612762,UTA,Utah Jazz,0021900430,2019-12-21,UTA @ CHA,W,240,114,39,75,0.52,17,34,0.5,19,20,0.95,8,34,42,27,21,7,4,27,7
1610612758,SAC,Sacramento Kings,0021900435,2019-12-21,SAC @ MEM,L,240,115,43,100,0.43,11,36,0.306,18,24,0.75,18,33,51,22,13,10,3,23,-4
1610612764,WAS,Washington Wizards,0021900433,2019-12-21,WAS @ PHI,L,240,108,36,88,0.409,7,31,0.226,29,34,0.853,7,31,38,18,11,7,3,21,-17
1610612737,ATL,Atlanta Hawks,0021900431,2019-12-21,ATL @ BKN,L,240,112,39,105,0.371,11,48,0.229,23,27,0.852,14,38,52,17,10,7,5,22,-10
1610612746,LAC,LA Clippers,0021900436,2019-12-21,LAC @ SAS,W,240,134,54,99,0.545,12,36,0.333,14,19,0.737,13,30,43,32,12,11,2,19,25
1610612757,POR,Portland Trail Blazers,0021900438,2019-12-21,POR vs. MIN,W,240,113,40,94,0.426,13,35,0.371,20,25,0.8,12,33,45,19,15,9,13,21,7
1610612755,PHI,Philadelphia 76ers,0021900433,2019-12-21,PHI vs. WAS,W,240,125,49,94,0.521,14,33,0.424,13,21,0.619,16,37,53,28,14,7,4,26,17
1610612756,PHX,Phoenix Suns,0021900437,2019-12-21,PHX vs. HOU,L,240,125,47,91,0.516,8,28,0.286,23,30,0.767,10,31,41,26,10,5,1,18,-14
1610612752,NYK,New York Knicks,0021900434,2019-12-21,NYK vs. MIL,L,240,102,39,97,0.402,9,30,0.3,15,21,0.714,9,38,47,23,15,10,6,27,-21
1610612741,CHI,Chicago Bulls,0021900432,2019-12-21,CHI @ DET,W,240,119,40,77,0.519,18,35,0.514,21,25,0.84,11,35,46,21,21,8,4,13,12
1610612751,BKN,Brooklyn Nets,0021900431,2019-12-21,BKN vs. ATL,W,240,122,46,100,0.46,11,30,0.367,19,28,0.679,12,49,61,23,16,8,4,18,10
1610612750,MIN,Minnesota Timberwolves,0021900438,2019-12-21,MIN @ POR,L,240,106,38,87,0.437,15,37,0.405,15,16,0.938,7,32,39,16,17,8,8,18,-7
1610612749,MIL,Milwaukee Bucks,0021900434,2019-12-21,MIL @ NYK,W,240,123,41,85,0.482,18,43,0.419,23,35,0.657,8,44,52,26,19,9,14,16,21
1610612747,LAL,Los Angeles Lakers,0021900443,2019-12-22,LAL vs. DEN,L,240,104,39,83,0.47,10,29,0.345,16,22,0.727,18,27,45,18,19,7,9,25,-24
1610612749,MIL,Milwaukee Bucks,0021900441,2019-12-22,MIL vs. IND,W,240,117,44,104,0.423,15,44,0.341,14,17,0.824,16,45,61,31,10,10,9,7,28
1610612754,IND,Indiana Pacers,0021900441,2019-12-22,IND @ MIL,L,240,89,37,100,0.37,12,40,0.3,3,5,0.6,10,38,48,27,13,7,5,15,-28
1610612761,TOR,Toronto Raptors,0021900439,2019-12-22,TOR vs. DAL,W,240,110,37,94,0.394,10,34,0.294,26,31,0.839,14,37,51,21,12,12,5,21,3
1610612743,DEN,Denver Nuggets,0021900443,2019-12-22,DEN @ LAL,W,240,128,45,92,0.489,11,32,0.344,27,30,0.9,17,27,44,31,10,13,2,19,24
1610612766,CHA,Charlotte Hornets,0021900440,2019-12-22,CHA @ BOS,L,240,93,33,82,0.402,10,34,0.294,17,23,0.739,2,25,27,26,6,3,5,17,-26
1610612738,BOS,Boston Celtics,0021900440,2019-12-22,BOS vs. CHA,W,240,119,46,88,0.523,14,32,0.438,13,16,0.813,10,47,57,25,13,2,9,24,26
1610612746,LAC,LA Clippers,0021900442,2019-12-22,LAC @ OKC,L,240,112,40,86,0.465,11,27,0.407,21,24,0.875,10,32,42,22,17,7,2,23,-6
1610612742,DAL,Dallas Mavericks,0021900439,2019-12-22,DAL @ TOR,L,240,107,35,90,0.389,15,46,0.326,22,27,0.815,14,39,53,27,17,6,4,22,-3
1610612760,OKC,Oklahoma City Thunder,0021900442,2019-12-22,OKC vs. LAC,W,240,118,46,97,0.474,9,27,0.333,17,20,0.85,16,33,49,24,12,10,4,20,6
1610612750,MIN,Minnesota Timberwolves,0021900454,2019-12-23,MIN @ GSW,L,240,104,35,87,0.402,11,34,0.324,23,29,0.793,9,31,40,16,16,10,7,18,-9
1610612755,PHI,Philadelphia 76ers,0021900445,2019-12-23,PHI @ DET,W,240,125,52,95,0.547,12,30,0.4,9,11,0.818,17,31,48,33,12,8,8,21,16
1610612762,UTA,Utah Jazz,0021900449,2019-12-23,UTA @ MIA,L,240,104,39,90,0.433,12,36,0.333,14,18,0.778,10,35,45,17,12,10,6,21,-3
1610612759,SAS,San Antonio Spurs,0021900450,2019-12-23,SAS @ MEM,W,240,145,60,89,0.674,15,24,0.625,10,14,0.714,4,42,46,36,12,9,4,14,30
1610612756,PHX,Phoenix Suns,0021900451,2019-12-23,PHX vs. DEN,L,240,111,42,87,0.483,13,37,0.351,14,18,0.778,9,29,38,29,17,10,0,19,-2
1610612737,ATL,Atlanta Hawks,0021900444,2019-12-23,ATL @ CLE,L,240,118,45,95,0.474,15,42,0.357,13,17,0.765,5,32,37,23,16,11,7,20,-3
1610612765,DET,Detroit Pistons,0021900445,2019-12-23,DET vs. PHI,L,240,109,43,84,0.512,10,30,0.333,13,18,0.722,6,24,30,27,14,9,1,14,-16
1610612757,POR,Portland Trail Blazers,0021900452,2019-12-23,POR vs. NOP,L,240,94,37,91,0.407,4,29,0.138,16,18,0.889,8,40,48,17,11,6,6,17,-8
1610612754,IND,Indiana Pacers,0021900446,2019-12-23,IND vs. TOR,W,265,120,45,95,0.474,18,42,0.429,12,20,0.6,13,32,45,34,14,7,8,22,5
1610612744,GSW,Golden State Warriors,0021900454,2019-12-23,GSW vs. MIN,W,240,113,38,87,0.437,12,30,0.4,25,30,0.833,13,42,55,27,20,11,6,27,9
1610612739,CLE,Cleveland Cavaliers,0021900444,2019-12-23,CLE vs. ATL,W,240,121,50,96,0.521,11,29,0.379,10,12,0.833,7,36,43,19,23,8,6,16,3
1610612748,MIA,Miami Heat,0021900449,2019-12-23,MIA vs. UTA,W,240,107,37,90,0.411,9,25,0.36,24,27,0.889,13,43,56,16,14,8,3,16,3
1610612752,NYK,New York Knicks,0021900447,2019-12-23,NYK vs. WAS,L,240,115,44,93,0.473,15,36,0.417,12,15,0.8,11,33,44,29,14,4,10,25,-6
1610612753,ORL,Orlando Magic,0021900448,2019-12-23,ORL vs. CHI,W,240,103,39,81,0.481,10,26,0.385,15,23,0.652,6,40,46,23,13,10,13,15,8
1610612743,DEN,Denver Nuggets,0021900451,2019-12-23,DEN @ PHX,W,240,113,43,78,0.551,15,28,0.536,12,15,0.8,6,33,39,31,21,10,1,24,2
1610612740,NOP,New Orleans Pelicans,0021900452,2019-12-23,NOP @ POR,W,240,102,38,93,0.409,15,35,0.429,11,16,0.688,13,42,55,23,13,6,6,19,8
1610612741,CHI,Chicago Bulls,0021900448,2019-12-23,CHI @ ORL,L,240,95,35,88,0.398,13,37,0.351,12,15,0.8,11,36,47,20,17,7,5,17,-8
1610612758,SAC,Sacramento Kings,0021900453,2019-12-23,SAC vs. HOU,L,240,104,41,87,0.471,7,30,0.233,15,23,0.652,11,38,49,20,19,4,4,24,-9
1610612761,TOR,Toronto Raptors,0021900446,2019-12-23,TOR @ IND,L,265,115,43,94,0.457,11,40,0.275,18,24,0.75,12,38,50,30,16,6,8,22,-5
1610612764,WAS,Washington Wizards,0021900447,2019-12-23,WAS @ NYK,W,240,121,47,100,0.47,10,30,0.333,17,30,0.567,16,32,48,27,9,12,7,12,6
1610612745,HOU,Houston Rockets,0021900453,2019-12-23,HOU @ SAC,W,240,113,39,87,0.448,15,39,0.385,20,23,0.87,6,33,39,18,11,10,3,22,9
1610612763,MEM,Memphis Grizzlies,0021900450,2019-12-23,MEM vs. SAS,L,240,115,45,96,0.469,15,37,0.405,10,16,0.625,11,24,35,28,13,7,0,19,-30
1610612755,PHI,Philadelphia 76ers,0021900456,2019-12-25,PHI vs. MIL,W,240,121,44,101,0.436,21,44,0.477,12,15,0.8,14,35,49,29,8,9,7,12,12
1610612761,TOR,Toronto Raptors,0021900455,2019-12-25,TOR vs. BOS,L,240,102,38,80,0.475,8,23,0.348,18,22,0.818,7,27,34,17,17,13,7,13,-16
1610612738,BOS,Boston Celtics,0021900455,2019-12-25,BOS @ TOR,W,240,118,46,92,0.5,14,33,0.424,12,14,0.857,13,32,45,26,19,7,3,22,16
1610612740,NOP,New Orleans Pelicans,0021900459,2019-12-25,NOP @ DEN,W,240,112,41,90,0.456,18,43,0.419,12,12,1.0,14,38,52,23,19,9,5,14,12
1610612745,HOU,Houston Rockets,0021900457,2019-12-25,HOU @ GSW,L,240,104,37,100,0.37,16,51,0.314,14,16,0.875,14,35,49,19,12,8,3,25,-12
1610612747,LAL,Los Angeles Lakers,0021900458,2019-12-25,LAL vs. LAC,L,240,106,39,96,0.406,12,45,0.267,16,21,0.762,12,30,42,24,13,11,10,23,-5
1610612746,LAC,LA Clippers,0021900458,2019-12-25,LAC @ LAL,W,240,111,39,85,0.459,9,25,0.36,24,32,0.75,13,37,50,24,16,6,6,17,5
1610612749,MIL,Milwaukee Bucks,0021900456,2019-12-25,MIL @ PHI,L,240,109,45,95,0.474,13,33,0.394,6,8,0.75,8,39,47,23,10,6,6,15,-12
1610612743,DEN,Denver Nuggets,0021900459,2019-12-25,DEN vs. NOP,L,240,100,37,92,0.402,12,37,0.324,14,18,0.778,13,27,40,24,12,10,4,15,-12
1610612744,GSW,Golden State Warriors,0021900457,2019-12-25,GSW vs. HOU,W,240,116,41,87,0.471,9,28,0.321,25,28,0.893,11,43,54,27,16,7,8,18,12
1610612758,SAC,Sacramento Kings,0021900464,2019-12-26,SAC vs. MIN,L,290,104,37,107,0.346,9,39,0.231,21,25,0.84,16,51,67,20,12,8,8,23,-1
1610612750,MIN,Minnesota Timberwolves,0021900464,2019-12-26,MIN @ SAC,W,290,105,36,104,0.346,10,46,0.217,23,29,0.793,14,51,65,23,15,7,5,20,1
1610612764,WAS,Washington Wizards,0021900460,2019-12-26,WAS @ DET,L,240,102,38,92,0.413,7,24,0.292,19,27,0.704,18,26,44,18,12,7,5,25,-30
1610612762,UTA,Utah Jazz,0021900465,2019-12-26,UTA vs. POR,W,240,121,46,81,0.568,14,36,0.389,15,22,0.682,7,34,41,22,11,3,1,18,6
1610612763,MEM,Memphis Grizzlies,0021900462,2019-12-26,MEM @ OKC,W,240,110,46,84,0.548,10,25,0.4,8,11,0.727,8,42,50,26,16,6,8,14,13
1610612759,SAS,San Antonio Spurs,0021900463,2019-12-26,SAS @ DAL,L,240,98,40,83,0.482,8,29,0.276,10,15,0.667,5,40,45,18,13,9,7,16,-4
1610612742,DAL,Dallas Mavericks,0021900463,2019-12-26,DAL vs. SAS,W,240,102,38,90,0.422,16,40,0.4,10,15,0.667,13,39,52,22,14,7,3,11,4
1610612751,BKN,Brooklyn Nets,0021900461,2019-12-26,BKN vs. NYK,L,240,82,21,78,0.269,13,50,0.26,27,36,0.75,9,41,50,17,13,3,3,19,-12
1610612752,NYK,New York Knicks,0021900461,2019-12-26,NYK @ BKN,W,240,94,37,92,0.402,9,29,0.31,11,15,0.733,13,47,60,16,14,6,2,27,12
1610612757,POR,Portland Trail Blazers,0021900465,2019-12-26,POR @ UTA,L,240,115,43,89,0.483,15,34,0.441,14,19,0.737,11,32,43,14,12,4,1,21,-6
1610612765,DET,Detroit Pistons,0021900460,2019-12-26,DET vs. WAS,W,240,132,46,86,0.535,19,48,0.396,21,26,0.808,11,37,48,32,15,5,5,23,30
1610612760,OKC,Oklahoma City Thunder,0021900462,2019-12-26,OKC vs. MEM,L,240,97,38,92,0.413,10,35,0.286,11,13,0.846,7,27,34,23,9,11,4,14,-13
1610612749,MIL,Milwaukee Bucks,0021900469,2019-12-27,MIL @ ATL,W,240,112,46,91,0.505,11,28,0.393,9,13,0.692,6,50,56,29,18,9,8,13,26
1610612737,ATL,Atlanta Hawks,0021900469,2019-12-27,ATL vs. MIL,L,240,86,33,91,0.363,12,41,0.293,8,14,0.571,8,38,46,20,18,10,8,18,-26
1610612756,PHX,Phoenix Suns,0021900471,2019-12-27,PHX @ GSW,L,240,96,35,75,0.467,7,33,0.212,19,24,0.792,11,38,49,22,27,6,1,21,-9
1610612755,PHI,Philadelphia 76ers,0021900468,2019-12-27,PHI @ ORL,L,240,97,35,87,0.402,10,29,0.345,17,21,0.81,7,38,45,23,16,10,3,22,-1
1610612739,CLE,Cleveland Cavaliers,0021900466,2019-12-27,CLE @ BOS,L,240,117,44,85,0.518,9,23,0.391,20,29,0.69,6,32,38,22,11,7,3,17,-12
1610612760,OKC,Oklahoma City Thunder,0021900467,2019-12-27,OKC @ CHA,W,265,104,40,89,0.449,5,31,0.161,19,31,0.613,10,39,49,19,14,8,4,23,2
1610612766,CHA,Charlotte Hornets,0021900467,2019-12-27,CHA vs. OKC,L,265,102,42,101,0.416,7,39,0.179,11,18,0.611,17,37,54,26,15,8,4,27,-2
1610612744,GSW,Golden State Warriors,0021900471,2019-12-27,GSW vs. PHX,W,240,105,38,92,0.413,9,27,0.333,20,25,0.8,11,30,41,22,11,10,5,17,9
1610612748,MIA,Miami Heat,0021900470,2019-12-27,MIA vs. IND,W,240,113,40,89,0.449,16,38,0.421,17,19,0.895,14,42,56,29,13,3,2,12,1
1610612738,BOS,Boston Celtics,0021900466,2019-12-27,BOS vs. CLE,W,240,129,49,95,0.516,14,40,0.35,17,19,0.895,12,31,43,28,11,4,10,23,12
1610612753,ORL,Orlando Magic,0021900468,2019-12-27,ORL vs. PHI,W,240,98,37,88,0.42,10,30,0.333,14,23,0.609,10,38,48,26,16,4,5,21,1
1610612754,IND,Indiana Pacers,0021900470,2019-12-27,IND @ MIA,L,240,112,44,90,0.489,14,31,0.452,10,12,0.833,2,32,34,27,4,8,4,16,-1
1610612740,NOP,New Orleans Pelicans,0021900474,2019-12-28,NOP vs. IND,W,240,120,43,93,0.462,18,42,0.429,16,20,0.8,11,38,49,25,13,9,2,18,22
1610612752,NYK,New York Knicks,0021900476,2019-12-28,NYK @ WAS,W,240,107,38,85,0.447,11,31,0.355,20,26,0.769,11,45,56,25,22,5,5,25,7
1610612750,MIN,Minnesota Timberwolves,0021900479,2019-12-28,MIN vs. CLE,L,240,88,33,93,0.355,8,37,0.216,14,19,0.737,14,26,40,17,18,17,8,29,-6
1610612746,LAC,LA Clippers,0021900485,2019-12-28,LAC vs. UTA,L,240,107,35,95,0.368,12,40,0.3,25,27,0.926,16,30,46,22,8,9,4,18,-13
1610612757,POR,Portland Trail Blazers,0021900484,2019-12-28,POR vs. LAL,L,240,120,41,86,0.477,15,35,0.429,23,27,0.852,9,30,39,18,16,4,8,22,-8
1610612754,IND,Indiana Pacers,0021900474,2019-12-28,IND @ NOP,L,240,98,33,85,0.388,6,28,0.214,26,29,0.897,12,34,46,17,18,6,2,16,-22
1610612756,PHX,Phoenix Suns,0021900483,2019-12-28,PHX @ SAC,W,240,112,45,86,0.523,9,26,0.346,13,15,0.867,7,33,40,30,14,10,2,21,2
1610612741,CHI,Chicago Bulls,0021900477,2019-12-28,CHI vs. ATL,W,240,116,43,87,0.494,15,31,0.484,15,19,0.789,13,38,51,22,17,13,5,15,35
1610612763,MEM,Memphis Grizzlies,0021900472,2019-12-28,MEM @ DEN,L,240,110,41,84,0.488,9,30,0.3,19,25,0.76,11,34,45,32,17,5,5,24,-9
1610612762,UTA,Utah Jazz,0021900485,2019-12-28,UTA @ LAC,W,240,120,45,86,0.523,17,35,0.486,13,17,0.765,6,41,47,25,13,4,2,20,13
1610612744,GSW,Golden State Warriors,0021900482,2019-12-28,GSW vs. DAL,L,240,121,45,93,0.484,18,39,0.462,13,17,0.765,9,33,42,28,13,4,3,19,-20
1610612737,ATL,Atlanta Hawks,0021900477,2019-12-28,ATL @ CHI,L,240,81,32,86,0.372,9,34,0.265,8,11,0.727,9,30,39,24,21,8,5,16,-35
1610612739,CLE,Cleveland Cavaliers,0021900479,2019-12-28,CLE @ MIN,W,240,94,32,77,0.416,4,20,0.2,26,36,0.722,14,46,60,13,29,9,4,21,6
1610612748,MIA,Miami Heat,0021900475,2019-12-28,MIA vs. PHI,W,265,117,42,94,0.447,10,28,0.357,23,29,0.793,8,35,43,26,8,6,4,21,1
1610612764,WAS,Washington Wizards,0021900476,2019-12-28,WAS vs. NYK,L,240,100,33,96,0.344,10,25,0.4,24,31,0.774,14,35,49,16,12,15,3,22,-7
1610612738,BOS,Boston Celtics,0021900473,2019-12-28,BOS vs. TOR,L,240,97,31,78,0.397,7,32,0.219,28,36,0.778,7,24,31,18,15,11,4,17,-16
1610612755,PHI,Philadelphia 76ers,0021900475,2019-12-28,PHI @ MIA,L,265,116,42,89,0.472,10,30,0.333,22,29,0.759,8,39,47,24,11,5,4,24,-1
1610612759,SAS,San Antonio Spurs,0021900481,2019-12-28,SAS vs. DET,W,240,136,53,93,0.57,18,35,0.514,12,15,0.8,7,44,51,30,11,8,7,20,27
1610612747,LAL,Los Angeles Lakers,0021900484,2019-12-28,LAL @ POR,W,240,128,47,91,0.516,11,32,0.344,23,28,0.821,11,33,44,32,11,6,7,25,8
1610612742,DAL,Dallas Mavericks,0021900482,2019-12-28,DAL @ GSW,W,240,141,48,92,0.522,24,51,0.471,21,21,1.0,9,37,46,35,13,11,7,17,20
1610612765,DET,Detroit Pistons,0021900481,2019-12-28,DET @ SAS,L,240,109,40,90,0.444,12,36,0.333,17,30,0.567,10,30,40,20,11,9,5,15,-27
1610612751,BKN,Brooklyn Nets,0021900478,2019-12-28,BKN @ HOU,L,240,98,37,92,0.402,11,39,0.282,13,21,0.619,9,38,47,24,15,7,5,15,-10
1610612761,TOR,Toronto Raptors,0021900473,2019-12-28,TOR @ BOS,W,240,113,44,84,0.524,14,34,0.412,11,17,0.647,15,38,53,27,22,8,3,32,16
1610612758,SAC,Sacramento Kings,0021900483,2019-12-28,SAC vs. PHX,L,240,110,41,84,0.488,12,31,0.387,16,24,0.667,7,29,36,19,12,3,4,16,-2
1610612753,ORL,Orlando Magic,0021900480,2019-12-28,ORL @ MIL,L,240,100,35,87,0.402,14,35,0.4,16,19,0.842,5,29,34,21,11,16,7,17,-11
1610612743,DEN,Denver Nuggets,0021900472,2019-12-28,DEN vs. MEM,W,240,119,45,93,0.484,9,29,0.31,20,27,0.741,10,33,43,28,10,9,4,20,9
1610612749,MIL,Milwaukee Bucks,0021900480,2019-12-28,MIL vs. ORL,W,240,111,43,84,0.512,13,37,0.351,12,18,0.667,14,44,58,30,25,6,5,13,11
1610612745,HOU,Houston Rockets,0021900478,2019-12-28,HOU vs. BKN,W,240,108,44,101,0.436,13,42,0.31,7,16,0.438,16,38,54,16,14,7,6,15,10
1610612766,CHA,Charlotte Hornets,0021900487,2019-12-29,CHA @ MEM,L,240,104,37,86,0.43,9,31,0.29,21,32,0.656,11,31,42,23,14,8,4,19,-13
1610612763,MEM,Memphis Grizzlies,0021900487,2019-12-29,MEM vs. CHA,W,240,117,45,93,0.484,10,35,0.286,17,17,1.0,14,37,51,30,14,5,5,20,13
1610612761,TOR,Toronto Raptors,0021900486,2019-12-29,TOR vs. OKC,L,240,97,35,83,0.422,15,40,0.375,12,12,1.0,8,34,42,21,17,7,2,20,-1
1610612742,DAL,Dallas Mavericks,0021900490,2019-12-29,DAL @ LAL,L,240,95,32,89,0.36,13,43,0.302,18,20,0.9,13,32,45,17,19,11,4,23,-13
1610612760,OKC,Oklahoma City Thunder,0021900486,2019-12-29,OKC @ TOR,W,240,98,34,78,0.436,10,33,0.303,20,23,0.87,8,35,43,15,17,8,6,14,1
1610612745,HOU,Houston Rockets,0021900488,2019-12-29,HOU @ NOP,L,240,112,42,81,0.519,15,39,0.385,13,20,0.65,8,33,41,29,17,5,3,16,-15
1610612747,LAL,Los Angeles Lakers,0021900490,2019-12-29,LAL vs. DAL,W,240,108,38,78,0.487,9,23,0.391,23,28,0.821,6,33,39,28,16,12,7,23,13
1610612740,NOP,New Orleans Pelicans,0021900488,2019-12-29,NOP vs. HOU,W,240,127,50,102,0.49,18,44,0.409,9,13,0.692,14,32,46,32,9,9,4,17,15
1610612758,SAC,Sacramento Kings,0021900489,2019-12-29,SAC @ DEN,L,240,115,45,85,0.529,13,34,0.382,12,17,0.706,9,26,35,32,14,5,4,26,-5
1610612743,DEN,Denver Nuggets,0021900489,2019-12-29,DEN vs. SAC,W,240,120,42,81,0.519,8,29,0.276,28,31,0.903,10,27,37,23,12,6,4,18,5
1610612762,UTA,Utah Jazz,0021900495,2019-12-30,UTA vs. DET,W,240,104,39,83,0.47,10,26,0.385,16,20,0.8,9,37,46,20,15,7,6,21,23
1610612751,BKN,Brooklyn Nets,0021900494,2019-12-30,BKN @ MIN,L,265,115,40,99,0.404,15,41,0.366,20,27,0.741,7,51,58,22,17,4,6,25,-7
1610612757,POR,Portland Trail Blazers,0021900496,2019-12-30,POR vs. PHX,L,240,116,44,96,0.458,14,34,0.412,14,18,0.778,10,32,42,24,9,5,4,19,-6
1610612749,MIL,Milwaukee Bucks,0021900493,2019-12-30,MIL @ CHI,W,240,123,46,84,0.548,11,32,0.344,20,24,0.833,10,49,59,29,18,6,9,17,21
1610612741,CHI,Chicago Bulls,0021900493,2019-12-30,CHI vs. MIL,L,240,102,40,107,0.374,17,44,0.386,5,8,0.625,14,29,43,26,10,10,2,20,-21
1610612737,ATL,Atlanta Hawks,0021900491,2019-12-30,ATL @ ORL,W,240,101,39,81,0.481,9,29,0.31,14,17,0.824,11,41,52,21,21,8,4,20,8
1610612765,DET,Detroit Pistons,0021900495,2019-12-30,DET @ UTA,L,240,81,30,79,0.38,4,14,0.286,17,23,0.739,10,33,43,14,17,10,5,20,-23
1610612753,ORL,Orlando Magic,0021900491,2019-12-30,ORL vs. ATL,L,240,93,37,89,0.416,5,25,0.2,14,24,0.583,11,29,40,22,9,9,6,17,-8
1610612748,MIA,Miami Heat,0021900492,2019-12-30,MIA @ WAS,L,240,105,33,73,0.452,10,28,0.357,29,39,0.744,10,34,44,18,19,5,1,22,-18
1610612764,WAS,Washington Wizards,0021900492,2019-12-30,WAS vs. MIA,W,240,123,43,84,0.512,17,37,0.459,20,30,0.667,9,31,40,26,10,13,6,27,18
1610612750,MIN,Minnesota Timberwolves,0021900494,2019-12-30,MIN vs. BKN,W,265,122,42,104,0.404,17,44,0.386,21,29,0.724,11,49,60,20,14,12,8,22,7
1610612756,PHX,Phoenix Suns,0021900496,2019-12-30,PHX @ POR,W,240,122,44,92,0.478,13,23,0.565,21,22,0.955,10,34,44,29,11,6,4,17,6
1610612754,IND,Indiana Pacers,0021900498,2019-12-31,IND vs. PHI,W,240,115,42,86,0.488,11,25,0.44,20,26,0.769,5,33,38,35,6,3,6,16,18
1610612743,DEN,Denver Nuggets,0021900501,2019-12-31,DEN @ HOU,L,240,104,45,97,0.464,8,25,0.32,6,9,0.667,14,25,39,25,16,7,5,22,-26
1610612761,TOR,Toronto Raptors,0021900500,2019-12-31,TOR vs. CLE,W,240,117,40,84,0.476,17,39,0.436,20,25,0.8,10,35,45,29,12,5,7,15,20
1610612739,CLE,Cleveland Cavaliers,0021900500,2019-12-31,CLE @ TOR,L,240,97,37,87,0.425,10,38,0.263,13,16,0.813,8,33,41,21,15,5,4,19,-20
1610612758,SAC,Sacramento Kings,0021900499,2019-12-31,SAC vs. LAC,L,240,87,33,80,0.413,8,28,0.286,13,19,0.684,11,30,41,20,16,8,5,23,-18
1610612742,DAL,Dallas Mavericks,0021900503,2019-12-31,DAL @ OKC,L,240,101,33,93,0.355,15,51,0.294,20,27,0.741,17,32,49,19,11,5,4,24,-5
1610612766,CHA,Charlotte Hornets,0021900497,2019-12-31,CHA vs. BOS,L,240,92,34,86,0.395,12,34,0.353,12,16,0.75,8,33,41,25,17,7,4,16,-17
1610612745,HOU,Houston Rockets,0021900501,2019-12-31,HOU vs. DEN,W,240,130,46,87,0.529,16,34,0.471,22,31,0.71,13,30,43,20,15,6,7,17,26
1610612744,GSW,Golden State Warriors,0021900502,2019-12-31,GSW @ SAS,L,265,113,44,96,0.458,12,27,0.444,13,18,0.722,9,35,44,31,9,5,6,14,-4
1610612760,OKC,Oklahoma City Thunder,0021900503,2019-12-31,OKC vs. DAL,W,240,106,39,91,0.429,6,27,0.222,22,28,0.786,18,38,56,18,12,7,5,21,5
1610612755,PHI,Philadelphia 76ers,0021900498,2019-12-31,PHI @ IND,L,240,97,37,91,0.407,6,29,0.207,17,20,0.85,14,33,47,24,15,4,6,22,-18
1610612759,SAS,San Antonio Spurs,0021900502,2019-12-31,SAS vs. GSW,W,265,117,45,96,0.469,14,31,0.452,13,17,0.765,10,43,53,30,10,6,6,18,4
1610612738,BOS,Boston Celtics,0021900497,2019-12-31,BOS @ CHA,W,240,109,44,97,0.454,14,38,0.368,7,10,0.7,15,39,54,25,13,12,9,16,17
1610612746,LAC,LA Clippers,0021900499,2019-12-31,LAC @ SAC,W,240,105,36,88,0.409,12,36,0.333,21,22,0.955,14,37,51,21,12,9,2,17,18
1610612750,MIN,Minnesota Timberwolves,0021900506,2020-01-01,MIN @ MIL,L,240,104,34,91,0.374,15,46,0.326,21,28,0.75,6,42,48,18,12,7,8,25,-2
1610612764,WAS,Washington Wizards,0021900504,2020-01-01,WAS vs. ORL,L,240,101,33,87,0.379,9,31,0.29,26,31,0.839,9,37,46,18,13,5,4,23,-21
1610612757,POR,Portland Trail Blazers,0021900505,2020-01-01,POR @ NYK,L,240,93,37,94,0.394,10,32,0.313,9,15,0.6,10,37,47,17,9,4,5,11,-24
1610612749,MIL,Milwaukee Bucks,0021900506,2020-01-01,MIL vs. MIN,W,240,106,40,94,0.426,9,36,0.25,17,26,0.654,12,48,60,24,17,4,12,22,2
1610612752,NYK,New York Knicks,0021900505,2020-01-01,NYK vs. POR,W,240,117,47,98,0.48,14,36,0.389,9,14,0.643,9,46,55,29,7,3,6,14,24
1610612753,ORL,Orlando Magic,0021900504,2020-01-01,ORL @ WAS,W,240,122,45,95,0.474,12,32,0.375,20,27,0.741,11,41,52,25,9,11,6,21,21
1610612756,PHX,Phoenix Suns,0021900507,2020-01-01,PHX @ LAL,L,240,107,42,86,0.488,6,23,0.261,17,23,0.739,11,36,47,32,15,7,3,28,-10
1610612747,LAL,Los Angeles Lakers,0021900507,2020-01-01,LAL vs. PHX,W,240,117,43,90,0.478,7,28,0.25,24,34,0.706,13,32,45,25,13,9,5,17,10
1610612743,DEN,Denver Nuggets,0021900509,2020-01-02,DEN @ IND,W,240,124,46,87,0.529,8,27,0.296,24,27,0.889,15,32,47,27,10,7,2,21,8
1610612748,MIA,Miami Heat,0021900510,2020-01-02,MIA vs. TOR,W,240,84,33,81,0.407,12,37,0.324,6,11,0.545,9,41,50,23,16,6,4,13,8
1610612758,SAC,Sacramento Kings,0021900515,2020-01-02,SAC vs. MEM,W,240,128,44,90,0.489,14,34,0.412,26,31,0.839,7,34,41,26,13,9,8,24,5
1610612761,TOR,Toronto Raptors,0021900510,2020-01-02,TOR @ MIA,L,240,76,28,89,0.315,6,42,0.143,14,17,0.824,13,35,48,20,11,4,6,12,-8
1610612759,SAS,San Antonio Spurs,0021900514,2020-01-02,SAS vs. OKC,L,240,103,40,92,0.435,13,31,0.419,10,12,0.833,14,31,45,22,9,1,8,22,-6
1610612763,MEM,Memphis Grizzlies,0021900515,2020-01-02,MEM @ SAC,L,240,123,45,93,0.484,13,34,0.382,20,21,0.952,8,34,42,31,17,4,0,25,-5
1610612750,MIN,Minnesota Timberwolves,0021900512,2020-01-02,MIN vs. GSW,W,240,99,38,95,0.4,13,43,0.302,10,17,0.588,17,35,52,22,15,7,7,20,15
1610612751,BKN,Brooklyn Nets,0021900513,2020-01-02,BKN @ DAL,L,240,111,42,91,0.462,12,37,0.324,15,17,0.882,12,32,44,29,12,5,1,21,-12
1610612742,DAL,Dallas Mavericks,0021900513,2020-01-02,DAL vs. BKN,W,240,123,45,89,0.506,18,38,0.474,15,17,0.882,12,34,46,22,14,4,8,21,12
1610612762,UTA,Utah Jazz,0021900511,2020-01-02,UTA @ CHI,W,240,102,37,76,0.487,11,30,0.367,17,22,0.773,7,35,42,24,17,5,6,17,4
1610612741,CHI,Chicago Bulls,0021900511,2020-01-02,CHI vs. UTA,L,240,98,37,94,0.394,11,36,0.306,13,17,0.765,15,30,45,22,11,8,5,15,-4
1610612739,CLE,Cleveland Cavaliers,0021900508,2020-01-02,CLE vs. CHA,L,240,106,41,81,0.506,13,35,0.371,11,14,0.786,7,35,42,26,15,6,3,22,-3
1610612746,LAC,LA Clippers,0021900516,2020-01-02,LAC vs. DET,W,240,126,50,92,0.543,11,28,0.393,15,21,0.714,11,40,51,29,15,6,11,22,14
1610612765,DET,Detroit Pistons,0021900516,2020-01-02,DET @ LAC,L,240,112,40,94,0.426,7,33,0.212,25,35,0.714,12,33,45,20,11,10,1,23,-14
1610612744,GSW,Golden State Warriors,0021900512,2020-01-02,GSW @ MIN,L,240,84,33,77,0.429,3,20,0.15,15,21,0.714,7,36,43,20,17,9,1,20,-15
1610612760,OKC,Oklahoma City Thunder,0021900514,2020-01-02,OKC @ SAS,W,240,109,43,89,0.483,9,25,0.36,14,20,0.7,8,35,43,19,4,7,6,14,6
1610612766,CHA,Charlotte Hornets,0021900508,2020-01-02,CHA @ CLE,W,240,109,37,83,0.446,15,38,0.395,20,24,0.833,10,29,39,25,11,5,0,15,3
1610612754,IND,Indiana Pacers,0021900509,2020-01-02,IND vs. DEN,L,240,116,43,82,0.524,12,26,0.462,18,25,0.72,9,25,34,32,9,7,3,21,-8
1610612753,ORL,Orlando Magic,0021900518,2020-01-03,ORL vs. MIA,W,240,105,33,81,0.407,13,35,0.371,26,29,0.897,7,37,44,25,11,11,4,17,20
1610612764,WAS,Washington Wizards,0021900519,2020-01-03,WAS vs. POR,L,240,103,38,90,0.422,11,33,0.333,16,25,0.64,14,27,41,19,13,5,4,28,-19
1610612757,POR,Portland Trail Blazers,0021900519,2020-01-03,POR @ WAS,W,240,122,45,88,0.511,6,25,0.24,26,33,0.788,11,30,41,16,7,6,7,21,19
1610612738,BOS,Boston Celtics,0021900517,2020-01-03,BOS vs. ATL,W,240,109,41,93,0.441,6,25,0.24,21,29,0.724,12,42,54,23,13,9,7,16,3
1610612752,NYK,New York Knicks,0021900521,2020-01-03,NYK @ PHX,L,240,112,41,92,0.446,10,37,0.27,20,30,0.667,13,39,52,19,15,7,7,26,-8
1610612747,LAL,Los Angeles Lakers,0021900522,2020-01-03,LAL vs. NOP,W,240,123,43,86,0.5,14,29,0.483,23,28,0.821,8,39,47,29,14,9,4,14,10
1610612740,NOP,New Orleans Pelicans,0021900522,2020-01-03,NOP @ LAL,L,240,113,48,102,0.471,11,37,0.297,6,7,0.857,9,31,40,24,12,4,10,20,-10
1610612748,MIA,Miami Heat,0021900518,2020-01-03,MIA @ ORL,L,240,85,30,80,0.375,7,37,0.189,18,23,0.783,10,39,49,16,18,7,2,20,-20
1610612756,PHX,Phoenix Suns,0021900521,2020-01-03,PHX vs. NYK,W,240,120,42,90,0.467,10,28,0.357,26,33,0.788,9,39,48,28,10,7,3,25,8
1610612745,HOU,Houston Rockets,0021900520,2020-01-03,HOU vs. PHI,W,240,118,41,86,0.477,12,32,0.375,24,32,0.75,8,38,46,22,14,6,3,24,10
1610612755,PHI,Philadelphia 76ers,0021900520,2020-01-03,PHI @ HOU,L,240,108,42,92,0.457,6,27,0.222,18,25,0.72,10,34,44,32,11,7,6,22,-10
1610612737,ATL,Atlanta Hawks,0021900517,2020-01-03,ATL @ BOS,L,240,106,39,93,0.419,16,45,0.356,12,15,0.8,6,36,42,26,14,6,5,24,-3
1610612738,BOS,Boston Celtics,0021900529,2020-01-04,BOS @ CHI,W,240,111,43,82,0.524,8,19,0.421,17,21,0.81,13,31,44,22,20,10,5,22,7
1610612751,BKN,Brooklyn Nets,0021900524,2020-01-04,BKN vs. TOR,L,240,102,32,67,0.478,13,35,0.371,25,34,0.735,6,32,38,24,24,4,11,24,-19
1610612744,GSW,Golden State Warriors,0021900532,2020-01-04,GSW vs. DET,L,240,104,33,82,0.402,11,21,0.524,27,32,0.844,11,31,42,26,14,13,3,19,-7
1610612742,DAL,Dallas Mavericks,0021900530,2020-01-04,DAL vs. CHA,L,265,120,47,100,0.47,15,50,0.3,11,13,0.846,14,27,41,28,10,7,4,25,-3
1610612739,CLE,Cleveland Cavaliers,0021900527,2020-01-04,CLE vs. OKC,L,240,106,39,85,0.459,14,30,0.467,14,17,0.824,9,33,42,19,15,4,0,26,-15
1610612754,IND,Indiana Pacers,0021900526,2020-01-04,IND @ ATL,L,240,111,36,87,0.414,10,27,0.37,29,35,0.829,13,26,39,24,11,8,4,24,-5
1610612764,WAS,Washington Wizards,0021900528,2020-01-04,WAS vs. DEN,W,240,128,50,91,0.549,6,16,0.375,22,27,0.815,14,35,49,20,11,5,6,28,14
1610612746,LAC,LA Clippers,0021900523,2020-01-04,LAC vs. MEM,L,240,114,45,101,0.446,7,30,0.233,17,22,0.773,14,35,49,20,13,3,1,22,-26
1610612741,CHI,Chicago Bulls,0021900529,2020-01-04,CHI vs. BOS,L,240,104,34,80,0.425,13,34,0.382,23,31,0.742,11,26,37,23,16,15,5,22,-7
1610612758,SAC,Sacramento Kings,0021900533,2020-01-04,SAC vs. NOP,L,240,115,38,85,0.447,12,21,0.571,27,36,0.75,14,37,51,20,21,9,3,24,-2
1610612759,SAS,San Antonio Spurs,0021900531,2020-01-04,SAS @ MIL,L,240,118,38,92,0.413,11,32,0.344,31,34,0.912,11,39,50,20,8,7,0,20,-9
1610612766,CHA,Charlotte Hornets,0021900530,2020-01-04,CHA @ DAL,W,265,123,42,85,0.494,11,25,0.44,28,31,0.903,16,37,53,27,18,5,5,22,3
1610612763,MEM,Memphis Grizzlies,0021900523,2020-01-04,MEM @ LAC,W,240,140,49,96,0.51,18,39,0.462,24,28,0.857,11,43,54,36,9,8,10,23,26
1610612762,UTA,Utah Jazz,0021900525,2020-01-04,UTA @ ORL,W,240,109,42,93,0.452,16,40,0.4,9,14,0.643,14,37,51,22,8,3,3,10,13
1610612753,ORL,Orlando Magic,0021900525,2020-01-04,ORL vs. UTA,L,240,96,38,85,0.447,11,37,0.297,9,12,0.75,9,37,46,21,10,6,5,12,-13
1610612760,OKC,Oklahoma City Thunder,0021900527,2020-01-04,OKC @ CLE,W,240,121,43,96,0.448,14,37,0.378,21,26,0.808,18,34,52,24,12,6,4,16,15
1610612749,MIL,Milwaukee Bucks,0021900531,2020-01-04,MIL vs. SAS,W,240,127,43,87,0.494,17,45,0.378,24,33,0.727,7,42,49,23,9,4,10,22,9
1610612743,DEN,Denver Nuggets,0021900528,2020-01-04,DEN @ WAS,L,240,114,40,87,0.46,6,29,0.207,28,34,0.824,9,24,33,18,12,6,2,23,-14
1610612765,DET,Detroit Pistons,0021900532,2020-01-04,DET @ GSW,W,240,111,43,83,0.518,11,27,0.407,14,16,0.875,9,37,46,24,21,13,5,25,7
1610612740,NOP,New Orleans Pelicans,0021900533,2020-01-04,NOP @ SAC,W,240,117,38,87,0.437,16,45,0.356,25,33,0.758,9,35,44,28,15,11,3,25,2
1610612737,ATL,Atlanta Hawks,0021900526,2020-01-04,ATL vs. IND,W,240,116,42,82,0.512,10,32,0.313,22,24,0.917,4,36,40,22,14,8,4,28,5
1610612761,TOR,Toronto Raptors,0021900524,2020-01-04,TOR @ BKN,W,240,121,44,97,0.454,13,32,0.406,20,28,0.714,15,28,43,21,8,10,4,25,19
1610612765,DET,Detroit Pistons,0021900538,2020-01-05,DET @ LAL,L,240,99,29,78,0.372,11,26,0.423,30,35,0.857,6,37,43,21,16,8,6,22,-7
1610612763,MEM,Memphis Grizzlies,0021900537,2020-01-05,MEM @ PHX,W,240,121,45,83,0.542,18,42,0.429,13,17,0.765,3,39,42,31,17,4,8,22,7
1610612750,MIN,Minnesota Timberwolves,0021900536,2020-01-05,MIN @ CLE,W,240,118,47,95,0.495,14,38,0.368,10,13,0.769,14,29,43,32,17,16,8,19,15
1610612748,MIA,Miami Heat,0021900535,2020-01-05,MIA vs. POR,W,240,122,47,90,0.522,18,44,0.409,10,16,0.625,11,36,47,34,11,4,5,17,11
1610612756,PHX,Phoenix Suns,0021900537,2020-01-05,PHX vs. MEM,L,240,114,43,95,0.453,6,26,0.231,22,26,0.846,12,34,46,25,10,7,4,19,-7
1610612739,CLE,Cleveland Cavaliers,0021900536,2020-01-05,CLE vs. MIN,L,240,103,40,84,0.476,8,25,0.32,15,19,0.789,12,32,44,15,20,6,2,13,-15
1610612752,NYK,New York Knicks,0021900534,2020-01-05,NYK @ LAC,L,240,132,48,84,0.571,12,23,0.522,24,37,0.649,8,29,37,22,16,11,4,26,-3
1610612746,LAC,LA Clippers,0021900534,2020-01-05,LAC vs. NYK,W,240,135,45,83,0.542,18,32,0.563,27,33,0.818,10,32,42,25,19,4,3,27,3
1610612747,LAL,Los Angeles Lakers,0021900538,2020-01-05,LAL vs. DET,W,240,106,42,92,0.457,6,20,0.3,16,23,0.696,11,39,50,23,13,8,20,22,7
1610612757,POR,Portland Trail Blazers,0021900535,2020-01-05,POR @ MIA,L,240,111,40,87,0.46,13,37,0.351,18,20,0.9,8,32,40,21,10,5,4,15,-11
1610612744,GSW,Golden State Warriors,0021900547,2020-01-06,GSW @ SAC,L,240,98,34,86,0.395,5,26,0.192,25,32,0.781,10,34,44,19,19,13,4,18,-13
1610612760,OKC,Oklahoma City Thunder,0021900541,2020-01-06,OKC @ PHI,L,240,113,40,89,0.449,12,29,0.414,21,31,0.677,14,33,47,17,13,3,3,22,-7
1610612766,CHA,Charlotte Hornets,0021900539,2020-01-06,CHA vs. IND,L,240,104,37,81,0.457,10,30,0.333,20,22,0.909,8,30,38,21,12,3,3,14,-11
1610612741,CHI,Chicago Bulls,0021900545,2020-01-06,CHI @ DAL,L,240,110,46,98,0.469,9,31,0.29,9,11,0.818,17,28,45,25,9,10,6,21,-8
1610612740,NOP,New Orleans Pelicans,0021900544,2020-01-06,NOP vs. UTA,L,240,126,45,94,0.479,12,31,0.387,24,30,0.8,13,35,48,23,6,4,5,20,-2
1610612737,ATL,Atlanta Hawks,0021900543,2020-01-06,ATL vs. DEN,L,240,115,35,77,0.455,18,39,0.462,27,32,0.844,4,30,34,24,10,3,5,22,-8
1610612762,UTA,Utah Jazz,0021900544,2020-01-06,UTA @ NOP,W,240,128,46,90,0.511,16,33,0.485,20,24,0.833,7,36,43,19,8,3,3,25,2
1610612755,PHI,Philadelphia 76ers,0021900541,2020-01-06,PHI vs. OKC,W,240,120,46,90,0.511,13,26,0.5,15,18,0.833,9,33,42,31,10,4,0,28,7
1610612749,MIL,Milwaukee Bucks,0021900546,2020-01-06,MIL @ SAS,L,240,104,38,95,0.4,15,45,0.333,13,14,0.929,10,28,38,24,8,5,5,15,-22
1610612759,SAS,San Antonio Spurs,0021900546,2020-01-06,SAS vs. MIL,W,240,126,45,88,0.511,19,35,0.543,17,19,0.895,10,44,54,23,13,4,2,16,22
1610612753,ORL,Orlando Magic,0021900540,2020-01-06,ORL vs. BKN,W,240,101,35,81,0.432,8,26,0.308,23,31,0.742,11,49,60,21,20,8,3,19,12
1610612764,WAS,Washington Wizards,0021900542,2020-01-06,WAS vs. BOS,W,240,99,39,84,0.464,7,21,0.333,14,23,0.609,7,40,47,18,14,8,9,22,5
1610612738,BOS,Boston Celtics,0021900542,2020-01-06,BOS @ WAS,L,240,94,33,95,0.347,8,37,0.216,20,26,0.769,16,39,55,17,17,7,8,20,-5
1610612751,BKN,Brooklyn Nets,0021900540,2020-01-06,BKN @ ORL,L,240,89,32,96,0.333,10,47,0.213,15,19,0.789,12,34,46,20,13,11,1,19,-12
1610612754,IND,Indiana Pacers,0021900539,2020-01-06,IND @ CHA,W,240,115,47,89,0.528,10,26,0.385,11,14,0.786,12,31,43,31,11,8,5,23,11
1610612742,DAL,Dallas Mavericks,0021900545,2020-01-06,DAL vs. CHI,W,240,118,44,84,0.524,16,41,0.39,14,19,0.737,11,32,43,25,15,5,6,12,8
1610612758,SAC,Sacramento Kings,0021900547,2020-01-06,SAC vs. GSW,W,240,111,39,81,0.481,15,30,0.5,18,23,0.783,6,37,43,27,23,10,3,23,13
1610612743,DEN,Denver Nuggets,0021900543,2020-01-06,DEN @ ATL,W,240,123,47,92,0.511,9,27,0.333,20,27,0.741,7,34,41,27,4,4,6,23,8
1610612739,CLE,Cleveland Cavaliers,0021900548,2020-01-07,CLE vs. DET,L,240,113,42,85,0.494,14,31,0.452,15,16,0.938,11,35,46,29,17,7,4,19,-2
1610612751,BKN,Brooklyn Nets,0021900550,2020-01-07,BKN vs. OKC,L,265,103,40,98,0.408,11,37,0.297,12,16,0.75,11,41,52,19,17,5,5,25,-8
1610612763,MEM,Memphis Grizzlies,0021900551,2020-01-07,MEM vs. MIN,W,240,119,46,89,0.517,8,28,0.286,19,21,0.905,9,35,44,22,15,12,6,18,7
1610612747,LAL,Los Angeles Lakers,0021900553,2020-01-07,LAL vs. NYK,W,240,117,41,82,0.5,17,36,0.472,18,21,0.857,6,42,48,27,19,11,11,19,30
1610612750,MIN,Minnesota Timberwolves,0021900551,2020-01-07,MIN @ MEM,L,240,112,40,90,0.444,15,47,0.319,17,21,0.81,10,30,40,23,20,10,1,23,-7
1610612752,NYK,New York Knicks,0021900553,2020-01-07,NYK @ LAL,L,240,87,37,95,0.389,4,20,0.2,9,16,0.563,15,32,47,15,16,10,3,20,-30
1610612757,POR,Portland Trail Blazers,0021900549,2020-01-07,POR @ TOR,W,240,101,38,88,0.432,13,35,0.371,12,14,0.857,7,38,45,23,11,6,11,15,2
1610612761,TOR,Toronto Raptors,0021900549,2020-01-07,TOR vs. POR,L,240,99,35,96,0.365,15,42,0.357,14,19,0.737,17,40,57,21,13,5,7,21,-2
1610612756,PHX,Phoenix Suns,0021900552,2020-01-07,PHX vs. SAC,L,240,103,37,77,0.481,11,35,0.314,18,22,0.818,6,35,41,24,19,4,2,25,-11
1610612758,SAC,Sacramento Kings,0021900552,2020-01-07,SAC @ PHX,W,240,114,37,84,0.44,15,36,0.417,25,28,0.893,8,33,41,18,16,8,1,22,11
1610612760,OKC,Oklahoma City Thunder,0021900550,2020-01-07,OKC @ BKN,W,265,111,38,92,0.413,11,37,0.297,24,29,0.828,8,43,51,19,17,11,3,15,8
1610612765,DET,Detroit Pistons,0021900548,2020-01-07,DET @ CLE,W,240,115,42,91,0.462,13,33,0.394,18,21,0.857,10,30,40,26,9,8,3,15,2
1610612738,BOS,Boston Celtics,0021900554,2020-01-08,BOS vs. SAS,L,240,114,37,89,0.416,13,38,0.342,27,30,0.9,8,31,39,26,15,7,2,20,-15
1610612766,CHA,Charlotte Hornets,0021900555,2020-01-08,CHA vs. TOR,L,265,110,38,86,0.442,15,37,0.405,19,26,0.731,13,37,50,30,20,6,6,21,-2
1610612752,NYK,New York Knicks,0021900561,2020-01-08,NYK @ UTA,L,240,104,42,97,0.433,9,25,0.36,11,11,1.0,14,27,41,18,9,3,1,17,-24
1610612741,CHI,Chicago Bulls,0021900560,2020-01-08,CHI @ NOP,L,240,108,41,92,0.446,14,35,0.4,12,21,0.571,10,29,39,22,12,12,2,23,-15
1610612753,ORL,Orlando Magic,0021900557,2020-01-08,ORL vs. WAS,W,240,123,43,87,0.494,10,27,0.37,27,34,0.794,13,38,51,24,17,18,3,21,34
1610612742,DAL,Dallas Mavericks,0021900559,2020-01-08,DAL vs. DEN,L,240,106,39,77,0.506,12,35,0.343,16,24,0.667,6,32,38,27,13,8,6,18,-1
1610612748,MIA,Miami Heat,0021900556,2020-01-08,MIA @ IND,W,240,122,43,81,0.531,16,38,0.421,20,25,0.8,3,38,41,28,11,8,4,22,14
1610612759,SAS,San Antonio Spurs,0021900554,2020-01-08,SAS @ BOS,W,240,129,48,87,0.552,9,29,0.31,24,26,0.923,8,41,49,28,15,9,6,25,15
1610612737,ATL,Atlanta Hawks,0021900558,2020-01-08,ATL vs. HOU,L,240,115,39,106,0.368,13,44,0.295,24,27,0.889,16,38,54,20,11,6,8,29,-7
1610612745,HOU,Houston Rockets,0021900558,2020-01-08,HOU @ ATL,W,240,122,39,92,0.424,13,45,0.289,31,41,0.756,16,43,59,22,13,7,7,21,7
1610612749,MIL,Milwaukee Bucks,0021900562,2020-01-08,MIL @ GSW,W,240,107,35,87,0.402,9,41,0.22,28,32,0.875,5,42,47,22,10,11,3,19,9
1610612761,TOR,Toronto Raptors,0021900555,2020-01-08,TOR @ CHA,W,265,112,42,94,0.447,14,36,0.389,14,20,0.7,14,32,46,34,13,7,5,23,2
1610612740,NOP,New Orleans Pelicans,0021900560,2020-01-08,NOP vs. CHI,W,240,123,41,87,0.471,15,44,0.341,26,32,0.813,12,38,50,31,15,7,8,16,15
1610612764,WAS,Washington Wizards,0021900557,2020-01-08,WAS @ ORL,L,240,89,36,84,0.429,6,23,0.261,11,19,0.579,10,30,40,24,23,8,5,22,-34
1610612744,GSW,Golden State Warriors,0021900562,2020-01-08,GSW vs. MIL,L,240,98,33,87,0.379,15,38,0.395,17,20,0.85,12,40,52,29,19,7,4,30,-9
1610612762,UTA,Utah Jazz,0021900561,2020-01-08,UTA vs. NYK,W,240,128,49,90,0.544,16,43,0.372,14,23,0.609,12,38,50,29,7,6,6,15,24
1610612754,IND,Indiana Pacers,0021900556,2020-01-08,IND vs. MIA,L,240,108,40,84,0.476,9,27,0.333,19,25,0.76,6,31,37,25,12,5,3,18,-14
1610612743,DEN,Denver Nuggets,0021900559,2020-01-08,DEN @ DAL,W,240,107,41,85,0.482,9,24,0.375,16,20,0.8,9,29,38,27,13,7,5,22,1
1610612738,BOS,Boston Celtics,0021900564,2020-01-09,BOS @ PHI,L,240,98,38,88,0.432,14,36,0.389,8,8,1.0,8,30,38,17,15,8,1,16,-11
1610612765,DET,Detroit Pistons,0021900563,2020-01-09,DET vs. CLE,L,265,112,48,98,0.49,6,20,0.3,10,16,0.625,19,27,46,20,16,8,9,25,-3
1610612755,PHI,Philadelphia 76ers,0021900564,2020-01-09,PHI vs. BOS,W,240,109,43,88,0.489,11,27,0.407,12,17,0.706,13,35,48,24,13,6,5,11,11
1610612745,HOU,Houston Rockets,0021900566,2020-01-09,HOU @ OKC,L,240,92,34,89,0.382,11,40,0.275,13,14,0.929,8,31,39,16,14,4,3,21,-21
1610612750,MIN,Minnesota Timberwolves,0021900565,2020-01-09,MIN vs. POR,W,240,116,44,89,0.494,13,32,0.406,15,21,0.714,15,41,56,25,15,7,9,28,14
1610612739,CLE,Cleveland Cavaliers,0021900563,2020-01-09,CLE @ DET,W,265,115,48,91,0.527,5,20,0.25,14,20,0.7,10,29,39,24,15,9,5,18,3
1610612757,POR,Portland Trail Blazers,0021900565,2020-01-09,POR @ MIN,L,240,102,35,96,0.365,11,37,0.297,21,31,0.677,14,27,41,14,12,9,6,21,-14
1610612760,OKC,Oklahoma City Thunder,0021900566,2020-01-09,OKC vs. HOU,W,240,113,43,87,0.494,11,32,0.344,16,20,0.8,9,43,52,22,13,8,2,13,21
1610612766,CHA,Charlotte Hornets,0021900574,2020-01-10,CHA @ UTA,L,240,92,35,75,0.467,8,26,0.308,14,19,0.737,7,30,37,20,21,6,3,16,-17
1610612741,CHI,Chicago Bulls,0021900570,2020-01-10,CHI vs. IND,L,240,105,37,80,0.463,18,41,0.439,13,16,0.813,6,30,36,16,16,6,3,15,-11
1610612753,ORL,Orlando Magic,0021900573,2020-01-10,ORL @ PHX,L,240,94,33,89,0.371,9,33,0.273,19,24,0.792,14,35,49,15,16,9,6,23,-4
1610612746,LAC,LA Clippers,0021900576,2020-01-10,LAC vs. GSW,W,240,109,41,84,0.488,11,39,0.282,16,22,0.727,9,45,54,27,19,5,7,24,9
1610612749,MIL,Milwaukee Bucks,0021900575,2020-01-10,MIL @ SAC,W,240,127,47,95,0.495,10,39,0.256,23,30,0.767,7,45,52,29,11,11,4,12,21
1610612758,SAC,Sacramento Kings,0021900575,2020-01-10,SAC vs. MIL,L,240,106,44,96,0.458,10,35,0.286,8,10,0.8,6,39,45,26,16,8,3,24,-21
1610612744,GSW,Golden State Warriors,0021900576,2020-01-10,GSW @ LAC,L,240,100,37,96,0.385,8,39,0.205,18,25,0.72,13,33,46,28,10,9,1,22,-9
1610612764,WAS,Washington Wizards,0021900567,2020-01-10,WAS vs. ATL,W,240,111,42,112,0.375,10,29,0.345,17,28,0.607,19,38,57,26,9,11,1,22,10
1610612740,NOP,New Orleans Pelicans,0021900569,2020-01-10,NOP @ NYK,W,240,123,48,86,0.558,18,38,0.474,9,17,0.529,6,37,43,35,20,8,6,16,12
1610612747,LAL,Los Angeles Lakers,0021900572,2020-01-10,LAL @ DAL,W,240,129,47,89,0.528,10,24,0.417,25,32,0.781,12,37,49,18,7,6,5,27,15
1610612751,BKN,Brooklyn Nets,0021900568,2020-01-10,BKN vs. MIA,W,240,117,45,93,0.484,15,44,0.341,12,19,0.632,14,37,51,31,10,5,4,15,4
1610612754,IND,Indiana Pacers,0021900570,2020-01-10,IND @ CHI,W,240,116,48,84,0.571,11,30,0.367,9,14,0.643,8,38,46,31,14,9,5,16,11
1610612752,NYK,New York Knicks,0021900569,2020-01-10,NYK vs. NOP,L,240,111,46,100,0.46,5,27,0.185,14,20,0.7,14,32,46,26,13,13,1,16,-12
1610612763,MEM,Memphis Grizzlies,0021900571,2020-01-10,MEM vs. SAS,W,240,134,52,100,0.52,16,38,0.421,14,16,0.875,11,38,49,39,8,5,6,20,13
1610612748,MIA,Miami Heat,0021900568,2020-01-10,MIA @ BKN,L,240,113,44,85,0.518,7,29,0.241,18,21,0.857,4,36,40,26,8,6,3,20,-4
1610612762,UTA,Utah Jazz,0021900574,2020-01-10,UTA vs. CHA,W,240,109,40,79,0.506,18,42,0.429,11,14,0.786,9,31,40,28,16,9,6,20,17
1610612756,PHX,Phoenix Suns,0021900573,2020-01-10,PHX vs. ORL,W,240,98,33,79,0.418,9,28,0.321,23,26,0.885,9,35,44,19,15,10,8,21,4
1610612737,ATL,Atlanta Hawks,0021900567,2020-01-10,ATL @ WAS,L,240,101,41,89,0.461,7,29,0.241,12,24,0.5,9,47,56,19,18,5,9,26,-10
1610612759,SAS,San Antonio Spurs,0021900571,2020-01-10,SAS @ MEM,L,240,121,42,87,0.483,17,40,0.425,20,23,0.87,5,32,37,29,11,3,6,17,-13
1610612742,DAL,Dallas Mavericks,0021900572,2020-01-10,DAL vs. LAL,L,240,114,39,96,0.406,11,38,0.289,25,37,0.676,17,30,47,19,9,4,3,20,-15
1610612750,MIN,Minnesota Timberwolves,0021900577,2020-01-11,MIN @ HOU,L,240,109,36,95,0.379,13,48,0.271,24,36,0.667,13,31,44,28,18,12,4,18,-30
1610612742,DAL,Dallas Mavericks,0021900581,2020-01-11,DAL vs. PHI,W,240,109,40,79,0.506,11,27,0.407,18,27,0.667,11,43,54,22,16,4,8,20,18
1610612755,PHI,Philadelphia 76ers,0021900581,2020-01-11,PHI @ DAL,L,240,91,37,98,0.378,9,37,0.243,8,12,0.667,14,29,43,22,4,11,5,20,-18
1610612765,DET,Detroit Pistons,0021900579,2020-01-11,DET vs. CHI,L,240,99,36,78,0.462,9,28,0.321,18,27,0.667,12,30,42,22,19,7,4,20,-9
1610612741,CHI,Chicago Bulls,0021900579,2020-01-11,CHI @ DET,W,240,108,42,83,0.506,11,35,0.314,13,14,0.929,9,29,38,24,15,11,6,21,9
1610612745,HOU,Houston Rockets,0021900577,2020-01-11,HOU vs. MIN,W,240,139,49,95,0.516,18,45,0.4,23,29,0.793,12,46,58,29,22,9,6,24,30
1610612749,MIL,Milwaukee Bucks,0021900583,2020-01-11,MIL @ POR,W,240,122,47,103,0.456,14,38,0.368,14,20,0.7,10,50,60,21,10,6,5,16,21
1610612740,NOP,New Orleans Pelicans,0021900578,2020-01-11,NOP @ BOS,L,240,105,40,100,0.4,14,45,0.311,11,18,0.611,15,28,43,29,16,4,6,19,-35
1610612760,OKC,Oklahoma City Thunder,0021900580,2020-01-11,OKC vs. LAL,L,240,110,43,92,0.467,9,31,0.29,15,17,0.882,5,32,37,23,7,6,6,13,-15
1610612739,CLE,Cleveland Cavaliers,0021900582,2020-01-11,CLE @ DEN,W,240,111,44,89,0.494,12,37,0.324,11,13,0.846,12,43,55,22,15,5,1,19,8
1610612757,POR,Portland Trail Blazers,0021900583,2020-01-11,POR vs. MIL,L,240,101,37,95,0.389,10,36,0.278,17,21,0.81,8,40,48,17,13,6,4,20,-21
1610612743,DEN,Denver Nuggets,0021900582,2020-01-11,DEN vs. CLE,L,240,103,41,95,0.432,8,39,0.205,13,18,0.722,11,31,42,23,5,9,4,13,-8
1610612747,LAL,Los Angeles Lakers,0021900580,2020-01-11,LAL @ OKC,W,240,125,51,99,0.515,15,32,0.469,8,10,0.8,12,42,54,21,12,3,4,17,15
1610612738,BOS,Boston Celtics,0021900578,2020-01-11,BOS vs. NOP,W,240,140,55,100,0.55,14,29,0.483,16,18,0.889,10,43,53,29,11,14,3,23,35
1610612756,PHX,Phoenix Suns,0021900590,2020-01-12,PHX vs. CHA,W,240,100,41,82,0.5,7,21,0.333,11,18,0.611,12,39,51,22,18,8,5,19,8
1610612759,SAS,San Antonio Spurs,0021900587,2020-01-12,SAS @ TOR,W,240,105,38,87,0.437,7,32,0.219,22,30,0.733,9,42,51,24,11,6,5,11,1
1610612763,MEM,Memphis Grizzlies,0021900588,2020-01-12,MEM vs. GSW,W,240,122,45,100,0.45,11,35,0.314,21,25,0.84,18,42,60,33,17,17,7,16,20
1610612762,UTA,Utah Jazz,0021900585,2020-01-12,UTA @ WAS,W,240,127,48,90,0.533,10,30,0.333,21,25,0.84,12,32,44,24,11,6,2,18,11
1610612746,LAC,LA Clippers,0021900589,2020-01-12,LAC @ DEN,L,240,104,38,84,0.452,8,33,0.242,20,26,0.769,10,32,42,21,14,8,5,26,-10
1610612744,GSW,Golden State Warriors,0021900588,2020-01-12,GSW @ MEM,L,240,102,35,92,0.38,17,34,0.5,15,21,0.714,12,35,47,23,22,11,6,18,-20
1610612752,NYK,New York Knicks,0021900584,2020-01-12,NYK vs. MIA,W,240,124,46,90,0.511,9,31,0.29,23,28,0.821,10,29,39,24,6,11,3,23,3
1610612737,ATL,Atlanta Hawks,0021900586,2020-01-12,ATL @ BKN,L,240,86,32,97,0.33,12,48,0.25,10,11,0.909,4,29,33,23,12,16,4,23,-22
1610612748,MIA,Miami Heat,0021900584,2020-01-12,MIA @ NYK,L,240,121,42,78,0.538,14,35,0.4,23,28,0.821,8,31,39,24,15,1,5,24,-3
1610612751,BKN,Brooklyn Nets,0021900586,2020-01-12,BKN vs. ATL,W,240,108,41,77,0.532,10,26,0.385,16,29,0.552,7,55,62,25,26,8,2,20,22
1610612766,CHA,Charlotte Hornets,0021900590,2020-01-12,CHA @ PHX,L,240,92,36,86,0.419,8,35,0.229,12,18,0.667,8,29,37,25,16,10,3,19,-8
1610612761,TOR,Toronto Raptors,0021900587,2020-01-12,TOR vs. SAS,L,240,104,39,96,0.406,17,48,0.354,9,11,0.818,8,37,45,30,12,7,3,23,-1
1610612743,DEN,Denver Nuggets,0021900589,2020-01-12,DEN vs. LAC,W,240,114,37,77,0.481,11,25,0.44,29,37,0.784,9,35,44,24,14,7,4,26,10
1610612764,WAS,Washington Wizards,0021900585,2020-01-12,WAS vs. UTA,L,240,116,47,93,0.505,7,22,0.318,15,17,0.882,9,28,37,28,10,5,4,18,-11
1610612766,CHA,Charlotte Hornets,0021900595,2020-01-13,CHA @ POR,L,240,112,40,90,0.444,18,38,0.474,14,18,0.778,10,32,42,24,8,7,3,20,-3
1610612747,LAL,Los Angeles Lakers,0021900597,2020-01-13,LAL vs. CLE,W,240,128,48,88,0.545,11,30,0.367,21,28,0.75,11,34,45,33,9,8,3,25,29
1610612738,BOS,Boston Celtics,0021900593,2020-01-13,BOS vs. CHI,W,240,113,39,83,0.47,9,23,0.391,26,29,0.897,10,33,43,28,12,7,6,19,12
1610612750,MIN,Minnesota Timberwolves,0021900594,2020-01-13,MIN vs. OKC,L,240,104,38,91,0.418,12,35,0.343,16,21,0.762,9,28,37,23,10,10,6,21,-13
1610612757,POR,Portland Trail Blazers,0021900595,2020-01-13,POR vs. CHA,W,240,115,42,83,0.506,16,37,0.432,15,19,0.789,9,38,47,26,13,4,5,21,3
1610612740,NOP,New Orleans Pelicans,0021900591,2020-01-13,NOP @ DET,W,265,117,43,103,0.417,9,26,0.346,22,27,0.815,17,44,61,23,19,6,5,19,7
1610612765,DET,Detroit Pistons,0021900591,2020-01-13,DET vs. NOP,L,265,110,40,99,0.404,11,32,0.344,19,24,0.792,5,38,43,27,9,11,8,25,-7
1610612754,IND,Indiana Pacers,0021900592,2020-01-13,IND vs. PHI,W,240,101,33,86,0.384,10,26,0.385,25,31,0.806,13,37,50,24,9,6,6,14,6
1610612760,OKC,Oklahoma City Thunder,0021900594,2020-01-13,OKC @ MIN,W,240,117,41,82,0.5,12,30,0.4,23,26,0.885,7,44,51,25,15,4,6,16,13
1610612758,SAC,Sacramento Kings,0021900596,2020-01-13,SAC vs. ORL,L,240,112,45,87,0.517,12,31,0.387,10,11,0.909,4,40,44,25,12,6,4,21,-2
1610612755,PHI,Philadelphia 76ers,0021900592,2020-01-13,PHI @ IND,L,240,95,37,89,0.416,6,33,0.182,15,19,0.789,12,40,52,17,13,6,4,21,-6
1610612753,ORL,Orlando Magic,0021900596,2020-01-13,ORL @ SAC,W,240,114,40,92,0.435,9,29,0.31,25,30,0.833,12,34,46,17,8,6,5,12,2
1610612741,CHI,Chicago Bulls,0021900593,2020-01-13,CHI @ BOS,L,240,101,37,81,0.457,6,25,0.24,21,26,0.808,7,31,38,16,14,5,5,22,-12
1610612739,CLE,Cleveland Cavaliers,0021900597,2020-01-13,CLE @ LAL,L,240,99,38,85,0.447,7,25,0.28,16,24,0.667,10,30,40,21,20,4,1,22,-29
1610612762,UTA,Utah Jazz,0021900599,2020-01-14,UTA @ BKN,W,240,118,46,92,0.5,13,36,0.361,13,15,0.867,7,34,41,19,9,8,3,15,11
1610612746,LAC,LA Clippers,0021900603,2020-01-14,LAC vs. CLE,W,240,128,49,94,0.521,15,38,0.395,15,21,0.714,14,39,53,29,11,7,8,12,25
1610612763,MEM,Memphis Grizzlies,0021900600,2020-01-14,MEM vs. HOU,W,240,121,46,91,0.505,13,37,0.351,16,19,0.842,7,35,42,29,9,6,9,19,11
1610612737,ATL,Atlanta Hawks,0021900598,2020-01-14,ATL vs. PHX,W,240,123,46,93,0.495,14,31,0.452,17,20,0.85,12,34,46,25,17,3,10,25,13
1610612745,HOU,Houston Rockets,0021900600,2020-01-14,HOU @ MEM,L,240,110,37,86,0.43,14,45,0.311,22,24,0.917,9,32,41,18,16,4,2,23,-11
1610612749,MIL,Milwaukee Bucks,0021900601,2020-01-14,MIL vs. NYK,W,240,128,45,92,0.489,15,36,0.417,23,28,0.821,8,51,59,27,14,4,8,22,26
1610612739,CLE,Cleveland Cavaliers,0021900603,2020-01-14,CLE @ LAC,L,240,103,38,91,0.418,14,37,0.378,13,15,0.867,8,32,40,25,13,5,6,21,-25
1610612752,NYK,New York Knicks,0021900601,2020-01-14,NYK @ MIL,L,240,102,36,102,0.353,11,37,0.297,19,26,0.731,12,37,49,26,11,7,3,21,-26
1610612744,GSW,Golden State Warriors,0021900602,2020-01-14,GSW vs. DAL,L,240,97,39,87,0.448,9,32,0.281,10,13,0.769,7,29,36,27,14,4,1,16,-27
1610612756,PHX,Phoenix Suns,0021900598,2020-01-14,PHX @ ATL,L,240,110,40,87,0.46,4,20,0.2,26,32,0.813,10,30,40,20,12,9,6,19,-13
1610612742,DAL,Dallas Mavericks,0021900602,2020-01-14,DAL @ GSW,W,240,124,49,96,0.51,13,37,0.351,13,21,0.619,15,38,53,23,8,5,2,17,27
1610612751,BKN,Brooklyn Nets,0021900599,2020-01-14,BKN vs. UTA,L,240,107,45,90,0.5,8,26,0.308,9,15,0.6,11,32,43,22,12,4,4,13,-11
1610612755,PHI,Philadelphia 76ers,0021900605,2020-01-15,PHI vs. BKN,W,240,117,45,88,0.511,11,30,0.367,16,25,0.64,13,36,49,25,12,7,11,23,11
1610612748,MIA,Miami Heat,0021900606,2020-01-15,MIA vs. SAS,W,240,106,41,88,0.466,17,40,0.425,7,13,0.538,8,41,49,26,10,4,5,14,6
1610612754,IND,Indiana Pacers,0021900608,2020-01-15,IND @ MIN,W,240,104,44,85,0.518,7,23,0.304,9,12,0.75,7,38,45,27,15,7,3,15,5
1610612747,LAL,Los Angeles Lakers,0021900613,2020-01-15,LAL vs. ORL,L,240,118,48,97,0.495,15,38,0.395,7,11,0.636,13,35,48,34,16,7,6,20,-1
1610612753,ORL,Orlando Magic,0021900613,2020-01-15,ORL @ LAL,W,240,119,43,94,0.457,10,26,0.385,23,29,0.793,13,35,48,22,13,10,2,15,1
1610612745,HOU,Houston Rockets,0021900611,2020-01-15,HOU vs. POR,L,240,107,38,96,0.396,16,49,0.327,15,23,0.652,12,38,50,24,12,4,4,22,-10
1610612741,CHI,Chicago Bulls,0021900607,2020-01-15,CHI vs. WAS,W,240,115,43,85,0.506,14,38,0.368,15,22,0.682,8,33,41,26,15,11,5,19,9
1610612738,BOS,Boston Celtics,0021900604,2020-01-15,BOS vs. DET,L,240,103,41,83,0.494,9,28,0.321,12,20,0.6,13,31,44,21,15,7,2,17,-13
1610612757,POR,Portland Trail Blazers,0021900611,2020-01-15,POR @ HOU,W,240,117,41,95,0.432,11,36,0.306,24,29,0.828,12,46,58,22,8,6,4,19,10
1610612766,CHA,Charlotte Hornets,0021900610,2020-01-15,CHA @ DEN,L,240,86,33,81,0.407,12,35,0.343,8,14,0.571,9,33,42,28,15,4,6,24,-14
1610612761,TOR,Toronto Raptors,0021900609,2020-01-15,TOR @ OKC,W,240,130,52,85,0.612,15,27,0.556,11,15,0.733,5,31,36,33,19,13,1,23,9
1610612760,OKC,Oklahoma City Thunder,0021900609,2020-01-15,OKC vs. TOR,L,240,121,43,85,0.506,16,42,0.381,19,20,0.95,4,27,31,32,20,14,3,17,-9
1610612758,SAC,Sacramento Kings,0021900612,2020-01-15,SAC vs. DAL,L,240,123,50,96,0.521,12,33,0.364,11,20,0.55,11,31,42,28,8,5,0,22,-4
1610612764,WAS,Washington Wizards,0021900607,2020-01-15,WAS @ CHI,L,240,106,37,79,0.468,11,27,0.407,21,26,0.808,7,31,38,25,17,8,6,17,-9
1610612759,SAS,San Antonio Spurs,0021900606,2020-01-15,SAS @ MIA,L,240,100,39,89,0.438,10,33,0.303,12,15,0.8,6,35,41,22,8,8,4,17,-6
1610612765,DET,Detroit Pistons,0021900604,2020-01-15,DET @ BOS,W,240,116,47,78,0.603,12,32,0.375,10,19,0.526,3,31,34,30,13,8,4,19,13
1610612751,BKN,Brooklyn Nets,0021900605,2020-01-15,BKN @ PHI,L,240,106,38,87,0.437,12,25,0.48,18,30,0.6,11,33,44,20,15,9,1,22,-11
1610612750,MIN,Minnesota Timberwolves,0021900608,2020-01-15,MIN vs. IND,L,240,99,38,88,0.432,11,28,0.393,12,16,0.75,10,35,45,26,15,6,7,14,-5
1610612743,DEN,Denver Nuggets,0021900610,2020-01-15,DEN vs. CHA,W,240,100,38,79,0.481,9,28,0.321,15,25,0.6,3,37,40,28,13,8,7,18,14
1610612742,DAL,Dallas Mavericks,0021900612,2020-01-15,DAL @ SAC,W,240,127,47,92,0.511,13,40,0.325,20,24,0.833,13,34,47,24,11,4,2,18,4
1610612756,PHX,Phoenix Suns,0021900614,2020-01-16,PHX @ NYK,W,240,121,47,92,0.511,12,30,0.4,15,18,0.833,14,39,53,31,19,11,4,22,23
1610612738,BOS,Boston Celtics,0021900615,2020-01-16,BOS @ MIL,L,240,123,43,98,0.439,15,49,0.306,22,27,0.815,10,33,43,16,8,4,7,25,-5
1610612746,LAC,LA Clippers,0021900618,2020-01-16,LAC vs. ORL,W,240,122,47,95,0.495,14,32,0.438,14,20,0.7,10,49,59,29,10,4,4,17,27
1610612752,NYK,New York Knicks,0021900614,2020-01-16,NYK vs. PHX,L,240,98,37,90,0.411,8,26,0.308,16,24,0.667,10,30,40,21,18,12,3,21,-23
1610612743,DEN,Denver Nuggets,0021900617,2020-01-16,DEN @ GSW,W,265,134,47,100,0.47,17,35,0.486,23,26,0.885,15,41,56,31,21,11,6,23,3
1610612749,MIL,Milwaukee Bucks,0021900615,2020-01-16,MIL vs. BOS,W,240,128,43,87,0.494,16,31,0.516,26,37,0.703,7,43,50,21,10,6,6,22,5
1610612744,GSW,Golden State Warriors,0021900617,2020-01-16,GSW vs. DEN,L,265,131,42,95,0.442,20,45,0.444,27,31,0.871,10,32,42,36,19,12,6,20,-3
1610612740,NOP,New Orleans Pelicans,0021900616,2020-01-16,NOP vs. UTA,W,265,138,51,93,0.548,11,26,0.423,25,35,0.714,9,36,45,29,13,8,9,27,6
1610612753,ORL,Orlando Magic,0021900618,2020-01-16,ORL @ LAC,L,240,95,36,92,0.391,14,42,0.333,9,16,0.563,6,36,42,24,9,4,4,21,-27
1610612762,UTA,Utah Jazz,0021900616,2020-01-16,UTA @ NOP,L,265,132,46,100,0.46,15,39,0.385,25,32,0.781,11,32,43,23,13,9,6,29,-6
1610612759,SAS,San Antonio Spurs,0021900624,2020-01-17,SAS vs. ATL,L,240,120,45,98,0.459,8,29,0.276,22,23,0.957,14,34,48,28,15,12,6,27,-1
1610612761,TOR,Toronto Raptors,0021900621,2020-01-17,TOR vs. WAS,W,240,140,52,91,0.571,22,43,0.512,14,16,0.875,7,34,41,35,19,16,2,24,29
1610612739,CLE,Cleveland Cavaliers,0021900622,2020-01-17,CLE @ MEM,L,240,109,41,92,0.446,9,36,0.25,18,26,0.692,16,34,50,18,15,6,2,19,-4
1610612755,PHI,Philadelphia 76ers,0021900620,2020-01-17,PHI vs. CHI,W,240,100,40,82,0.488,9,29,0.31,11,11,1.0,9,35,44,30,13,9,7,12,11
1610612757,POR,Portland Trail Blazers,0021900625,2020-01-17,POR @ DAL,L,240,112,44,85,0.518,9,30,0.3,15,22,0.682,8,32,40,25,12,6,5,22,-8
1610612748,MIA,Miami Heat,0021900623,2020-01-17,MIA @ OKC,W,240,115,41,84,0.488,14,36,0.389,19,24,0.792,6,39,45,26,11,4,3,23,7
1610612760,OKC,Oklahoma City Thunder,0021900623,2020-01-17,OKC vs. MIA,L,240,108,37,84,0.44,18,46,0.391,16,18,0.889,6,29,35,29,10,4,5,20,-7
1610612754,IND,Indiana Pacers,0021900619,2020-01-17,IND vs. MIN,W,240,116,46,82,0.561,8,24,0.333,16,20,0.8,4,37,41,24,13,4,8,20,2
1610612741,CHI,Chicago Bulls,0021900620,2020-01-17,CHI @ PHI,L,240,89,35,81,0.432,8,35,0.229,11,15,0.733,6,31,37,21,17,8,3,14,-11
1610612737,ATL,Atlanta Hawks,0021900624,2020-01-17,ATL @ SAS,W,240,121,41,82,0.5,19,40,0.475,20,27,0.741,8,35,43,21,19,10,6,18,1
1610612763,MEM,Memphis Grizzlies,0021900622,2020-01-17,MEM vs. CLE,W,240,113,45,89,0.506,9,28,0.321,14,20,0.7,7,37,44,32,12,11,8,19,4
1610612764,WAS,Washington Wizards,0021900621,2020-01-17,WAS @ TOR,L,240,111,40,89,0.449,15,35,0.429,16,23,0.696,13,30,43,19,28,9,3,16,-29
1610612742,DAL,Dallas Mavericks,0021900625,2020-01-17,DAL vs. POR,W,240,120,39,89,0.438,20,47,0.426,22,28,0.786,13,30,43,19,13,6,4,17,8
1610612750,MIN,Minnesota Timberwolves,0021900619,2020-01-17,MIN @ IND,L,240,114,40,88,0.455,17,39,0.436,17,21,0.81,7,29,36,22,13,4,1,19,-2
1610612757,POR,Portland Trail Blazers,0021900635,2020-01-18,POR @ OKC,L,240,106,39,91,0.429,12,32,0.375,16,21,0.762,12,28,40,11,12,7,7,28,-13
1610612751,BKN,Brooklyn Nets,0021900627,2020-01-18,BKN vs. MIL,L,240,97,33,99,0.333,15,49,0.306,16,17,0.941,12,35,47,23,17,11,7,19,-20
1610612740,NOP,New Orleans Pelicans,0021900626,2020-01-18,NOP vs. LAC,L,240,130,46,86,0.535,15,41,0.366,23,36,0.639,12,36,48,32,21,7,4,26,-3
1610612744,GSW,Golden State Warriors,0021900634,2020-01-18,GSW vs. ORL,W,240,109,43,94,0.457,12,40,0.3,11,11,1.0,7,37,44,25,11,9,2,13,14
1610612752,NYK,New York Knicks,0021900630,2020-01-18,NYK vs. PHI,L,240,87,35,88,0.398,6,25,0.24,11,18,0.611,12,36,48,20,14,4,5,18,-3
1610612762,UTA,Utah Jazz,0021900636,2020-01-18,UTA vs. SAC,W,240,123,43,85,0.506,14,42,0.333,23,24,0.958,10,37,47,24,10,7,4,14,22
1610612747,LAL,Los Angeles Lakers,0021900633,2020-01-18,LAL @ HOU,W,240,124,45,93,0.484,11,33,0.333,23,32,0.719,15,34,49,25,17,13,9,27,9
1610612746,LAC,LA Clippers,0021900626,2020-01-18,LAC @ NOP,W,240,133,46,93,0.495,10,31,0.323,31,39,0.795,10,26,36,22,12,12,2,29,3
1610612756,PHX,Phoenix Suns,0021900628,2020-01-18,PHX @ BOS,W,240,123,42,89,0.472,13,31,0.419,26,30,0.867,10,42,52,27,15,6,6,16,4
1610612755,PHI,Philadelphia 76ers,0021900630,2020-01-18,PHI @ NYK,W,240,90,34,78,0.436,10,32,0.313,12,19,0.632,5,36,41,26,14,8,6,19,3
1610612753,ORL,Orlando Magic,0021900634,2020-01-18,ORL @ GSW,L,240,95,39,86,0.453,9,31,0.29,8,13,0.615,9,37,46,21,15,7,5,12,-14
1610612738,BOS,Boston Celtics,0021900628,2020-01-18,BOS vs. PHX,L,240,119,42,96,0.438,15,42,0.357,20,22,0.909,4,35,39,26,11,11,6,24,-4
1610612739,CLE,Cleveland Cavaliers,0021900631,2020-01-18,CLE @ CHI,L,240,116,40,73,0.548,15,29,0.517,21,23,0.913,7,29,36,27,27,5,5,18,-2
1610612765,DET,Detroit Pistons,0021900629,2020-01-18,DET @ ATL,W,240,136,51,86,0.593,15,32,0.469,19,25,0.76,11,30,41,31,18,12,8,18,33
1610612760,OKC,Oklahoma City Thunder,0021900635,2020-01-18,OKC vs. POR,W,240,119,43,83,0.518,7,22,0.318,26,36,0.722,12,36,48,25,13,5,4,20,13
1610612745,HOU,Houston Rockets,0021900633,2020-01-18,HOU vs. LAL,L,240,115,40,90,0.444,12,37,0.324,23,29,0.793,11,35,46,20,20,8,4,26,-9
1610612761,TOR,Toronto Raptors,0021900632,2020-01-18,TOR @ MIN,W,240,122,47,91,0.516,13,35,0.371,15,17,0.882,7,35,42,25,14,13,9,23,10
1610612758,SAC,Sacramento Kings,0021900636,2020-01-18,SAC @ UTA,L,240,101,42,86,0.488,10,26,0.385,7,12,0.583,7,30,37,20,10,3,3,23,-22
1610612741,CHI,Chicago Bulls,0021900631,2020-01-18,CHI vs. CLE,W,240,118,48,87,0.552,9,25,0.36,13,17,0.765,4,22,26,25,12,18,4,24,2
1610612749,MIL,Milwaukee Bucks,0021900627,2020-01-18,MIL @ BKN,W,240,117,45,89,0.506,17,37,0.459,10,16,0.625,5,49,54,30,20,8,6,16,20
1610612750,MIN,Minnesota Timberwolves,0021900632,2020-01-18,MIN vs. TOR,L,240,112,38,94,0.404,14,50,0.28,22,27,0.815,12,37,49,34,17,8,5,18,-10
1610612737,ATL,Atlanta Hawks,0021900629,2020-01-18,ATL vs. DET,L,240,103,40,93,0.43,10,34,0.294,13,15,0.867,10,22,32,18,20,9,6,20,-33
1610612754,IND,Indiana Pacers,0021900638,2020-01-19,IND @ DEN,W,240,115,43,86,0.5,13,29,0.448,16,19,0.842,11,27,38,31,15,1,4,25,8
1610612743,DEN,Denver Nuggets,0021900638,2020-01-19,DEN vs. IND,L,240,107,41,88,0.466,3,23,0.13,22,32,0.688,12,32,44,22,9,10,4,19,-8
1610612759,SAS,San Antonio Spurs,0021900637,2020-01-19,SAS vs. MIA,W,240,107,36,85,0.424,12,33,0.364,23,24,0.958,9,34,43,27,11,5,4,18,5
1610612748,MIA,Miami Heat,0021900637,2020-01-19,MIA @ SAS,L,240,102,37,86,0.43,10,34,0.294,18,20,0.9,10,37,47,23,10,8,3,19,-5
1610612741,CHI,Chicago Bulls,0021900647,2020-01-20,CHI @ MIL,L,240,98,34,92,0.37,14,48,0.292,16,18,0.889,7,32,39,18,17,11,2,21,-13
1610612765,DET,Detroit Pistons,0021900639,2020-01-20,DET @ WAS,L,240,100,38,89,0.427,10,32,0.313,14,20,0.7,11,30,41,19,17,10,5,18,-6
1610612757,POR,Portland Trail Blazers,0021900652,2020-01-20,POR vs. GSW,W,265,129,44,100,0.44,14,44,0.318,27,30,0.9,12,42,54,21,12,4,11,19,5
1610612751,BKN,Brooklyn Nets,0021900641,2020-01-20,BKN vs. PHI,L,240,111,39,81,0.481,11,29,0.379,22,34,0.647,13,34,47,22,22,7,2,23,-6
1610612756,PHX,Phoenix Suns,0021900650,2020-01-20,PHX vs. SAS,L,240,118,42,80,0.525,8,22,0.364,26,30,0.867,8,35,43,26,14,3,3,19,-2
1610612758,SAC,Sacramento Kings,0021900644,2020-01-20,SAC @ MIA,L,265,113,44,106,0.415,13,51,0.255,12,15,0.8,16,33,49,27,15,11,3,21,-5
1610612747,LAL,Los Angeles Lakers,0021900648,2020-01-20,LAL @ BOS,L,240,107,39,89,0.438,7,26,0.269,22,29,0.759,12,24,36,22,15,5,8,23,-32
1610612748,MIA,Miami Heat,0021900644,2020-01-20,MIA vs. SAC,W,265,118,42,83,0.506,16,42,0.381,18,22,0.818,5,37,42,26,21,9,3,20,5
1610612759,SAS,San Antonio Spurs,0021900650,2020-01-20,SAS @ PHX,W,240,120,43,87,0.494,17,31,0.548,17,22,0.773,6,25,31,30,9,12,7,23,2
1610612760,OKC,Oklahoma City Thunder,0021900645,2020-01-20,OKC @ HOU,W,240,112,40,92,0.435,12,32,0.375,20,26,0.769,7,40,47,14,13,8,6,18,5
1610612755,PHI,Philadelphia 76ers,0021900641,2020-01-20,PHI @ BKN,W,240,117,42,94,0.447,13,39,0.333,20,27,0.741,12,31,43,30,13,12,6,24,6
1610612749,MIL,Milwaukee Bucks,0021900647,2020-01-20,MIL vs. CHI,W,240,111,45,77,0.584,11,26,0.423,10,23,0.435,3,45,48,34,23,7,5,15,13
1610612752,NYK,New York Knicks,0021900643,2020-01-20,NYK @ CLE,W,240,106,41,85,0.482,9,23,0.391,15,17,0.882,7,42,49,17,10,6,9,17,20
1610612753,ORL,Orlando Magic,0021900642,2020-01-20,ORL @ CHA,W,240,106,44,92,0.478,14,28,0.5,4,9,0.444,15,32,47,25,11,9,4,15,23
1610612739,CLE,Cleveland Cavaliers,0021900643,2020-01-20,CLE vs. NYK,L,240,86,32,94,0.34,11,33,0.333,11,17,0.647,16,37,53,15,10,5,4,14,-20
1610612737,ATL,Atlanta Hawks,0021900640,2020-01-20,ATL vs. TOR,L,240,117,41,83,0.494,12,33,0.364,23,33,0.697,9,41,50,26,24,9,8,34,-5
1610612764,WAS,Washington Wizards,0021900639,2020-01-20,WAS vs. DET,W,240,106,42,82,0.512,9,24,0.375,13,16,0.813,6,38,44,22,20,9,6,23,6
1610612763,MEM,Memphis Grizzlies,0021900646,2020-01-20,MEM vs. NOP,L,240,116,46,103,0.447,9,33,0.273,15,21,0.714,15,36,51,26,14,8,3,19,-10
1610612766,CHA,Charlotte Hornets,0021900642,2020-01-20,CHA vs. ORL,L,240,83,29,76,0.382,10,33,0.303,15,20,0.75,9,30,39,21,18,4,5,18,-23
1610612740,NOP,New Orleans Pelicans,0021900646,2020-01-20,NOP @ MEM,W,240,126,42,88,0.477,21,48,0.438,21,24,0.875,5,38,43,24,17,7,7,18,10
1610612744,GSW,Golden State Warriors,0021900652,2020-01-20,GSW @ POR,L,265,124,48,116,0.414,9,36,0.25,19,22,0.864,19,41,60,30,9,7,5,25,-5
1610612761,TOR,Toronto Raptors,0021900640,2020-01-20,TOR @ ATL,W,240,122,38,92,0.413,13,42,0.31,33,43,0.767,12,33,45,25,14,13,3,25,5
1610612743,DEN,Denver Nuggets,0021900649,2020-01-20,DEN @ MIN,W,240,107,43,90,0.478,11,31,0.355,10,12,0.833,13,40,53,26,13,9,1,18,7
1610612738,BOS,Boston Celtics,0021900648,2020-01-20,BOS vs. LAL,W,240,139,52,93,0.559,16,34,0.471,19,29,0.655,14,34,48,31,12,10,5,26,32
1610612745,HOU,Houston Rockets,0021900645,2020-01-20,HOU vs. OKC,L,240,107,43,97,0.443,9,45,0.2,12,17,0.706,9,34,43,21,11,6,7,23,-5
1610612762,UTA,Utah Jazz,0021900651,2020-01-20,UTA vs. IND,W,240,118,47,87,0.54,12,31,0.387,12,12,1.0,11,42,53,22,21,5,4,11,30
1610612754,IND,Indiana Pacers,0021900651,2020-01-20,IND @ UTA,L,240,88,39,93,0.419,7,26,0.269,3,7,0.429,9,21,30,23,14,15,9,14,-30
1610612750,MIN,Minnesota Timberwolves,0021900649,2020-01-20,MIN vs. DEN,L,240,100,38,91,0.418,13,42,0.31,11,14,0.786,11,31,42,26,9,7,5,11,-7
1610612742,DAL,Dallas Mavericks,0021900653,2020-01-21,DAL vs. LAC,L,240,107,39,91,0.429,12,43,0.279,17,24,0.708,12,37,49,23,13,7,8,28,-3
1610612746,LAC,LA Clippers,0021900653,2020-01-21,LAC @ DAL,W,240,110,36,97,0.371,12,38,0.316,26,33,0.788,20,37,57,19,11,9,3,21,3
1610612752,NYK,New York Knicks,0021900659,2020-01-22,NYK vs. LAL,L,240,92,36,88,0.409,11,34,0.324,9,13,0.692,13,34,47,24,17,4,4,23,-8
1610612750,MIN,Minnesota Timberwolves,0021900661,2020-01-22,MIN @ CHI,L,240,110,41,86,0.477,15,44,0.341,13,24,0.542,10,33,43,27,18,7,3,25,-7
1610612760,OKC,Oklahoma City Thunder,0021900655,2020-01-22,OKC @ ORL,W,240,120,46,76,0.605,9,19,0.474,19,23,0.826,0,36,36,22,15,10,7,17,6
1610612737,ATL,Atlanta Hawks,0021900656,2020-01-22,ATL vs. LAC,W,240,102,36,102,0.353,11,35,0.314,19,23,0.826,23,40,63,21,15,8,3,31,7
1610612744,GSW,Golden State Warriors,0021900665,2020-01-22,GSW vs. UTA,L,240,96,35,88,0.398,6,23,0.261,20,24,0.833,11,26,37,20,8,5,5,23,-33
1610612748,MIA,Miami Heat,0021900658,2020-01-22,MIA vs. WAS,W,265,134,43,85,0.506,17,33,0.515,31,36,0.861,6,37,43,29,16,3,6,18,5
1610612759,SAS,San Antonio Spurs,0021900663,2020-01-22,SAS @ NOP,W,240,121,45,89,0.506,11,27,0.407,20,25,0.8,9,35,44,17,11,7,4,23,4
1610612756,PHX,Phoenix Suns,0021900664,2020-01-22,PHX vs. IND,L,240,87,30,84,0.357,4,20,0.2,23,26,0.885,9,35,44,13,13,7,3,20,-25
1610612761,TOR,Toronto Raptors,0021900660,2020-01-22,TOR vs. PHI,W,240,107,40,86,0.465,13,33,0.394,14,21,0.667,8,45,53,27,12,6,2,19,12
1610612743,DEN,Denver Nuggets,0021900662,2020-01-22,DEN @ HOU,L,240,105,42,92,0.457,10,28,0.357,11,15,0.733,13,27,40,25,15,12,6,21,-16
1610612747,LAL,Los Angeles Lakers,0021900659,2020-01-22,LAL @ NYK,W,240,100,36,82,0.439,9,27,0.333,19,28,0.679,11,32,43,18,10,13,8,14,8
1610612763,MEM,Memphis Grizzlies,0021900657,2020-01-22,MEM @ BOS,L,240,95,36,85,0.424,11,32,0.344,12,15,0.8,5,35,40,24,19,7,8,16,-24
1610612740,NOP,New Orleans Pelicans,0021900663,2020-01-22,NOP vs. SAS,L,240,117,39,84,0.464,14,36,0.389,25,32,0.781,8,33,41,26,14,6,3,21,-4
1610612764,WAS,Washington Wizards,0021900658,2020-01-22,WAS @ MIA,L,265,129,50,99,0.505,13,42,0.31,16,20,0.8,7,34,41,30,11,10,5,29,-5
1610612762,UTA,Utah Jazz,0021900665,2020-01-22,UTA @ GSW,W,240,129,50,93,0.538,17,40,0.425,12,23,0.522,15,41,56,31,11,5,3,19,33
1610612741,CHI,Chicago Bulls,0021900661,2020-01-22,CHI vs. MIN,W,240,117,39,84,0.464,9,30,0.3,30,37,0.811,12,38,50,21,13,9,2,22,7
1610612746,LAC,LA Clippers,0021900656,2020-01-22,LAC @ ATL,L,240,95,33,78,0.423,4,21,0.19,25,39,0.641,8,37,45,19,14,5,8,20,-7
1610612758,SAC,Sacramento Kings,0021900654,2020-01-22,SAC @ DET,L,240,106,42,98,0.429,10,35,0.286,12,23,0.522,12,33,45,23,11,10,1,28,-21
1610612755,PHI,Philadelphia 76ers,0021900660,2020-01-22,PHI @ TOR,L,240,95,32,84,0.381,18,46,0.391,13,18,0.722,8,37,45,25,13,8,6,23,-12
1610612753,ORL,Orlando Magic,0021900655,2020-01-22,ORL vs. OKC,L,240,114,44,92,0.478,14,35,0.4,12,16,0.75,11,28,39,26,15,9,3,25,-6
1610612738,BOS,Boston Celtics,0021900657,2020-01-22,BOS vs. MEM,W,240,119,45,89,0.506,14,32,0.438,15,20,0.75,9,35,44,32,11,11,9,14,24
1610612754,IND,Indiana Pacers,0021900664,2020-01-22,IND @ PHX,W,240,112,45,84,0.536,9,20,0.45,13,20,0.65,4,38,42,26,9,8,8,20,25
1610612765,DET,Detroit Pistons,0021900654,2020-01-22,DET vs. SAC,W,240,127,39,73,0.534,12,29,0.414,37,44,0.841,3,45,48,19,17,9,4,19,21
1610612745,HOU,Houston Rockets,0021900662,2020-01-22,HOU vs. DEN,W,240,121,42,89,0.472,13,29,0.448,24,28,0.857,18,35,53,26,19,10,7,16,16
1610612747,LAL,Los Angeles Lakers,0021900667,2020-01-23,LAL @ BKN,W,240,128,47,94,0.5,19,38,0.5,15,20,0.75,11,41,52,28,16,9,6,15,15
1610612742,DAL,Dallas Mavericks,0021900668,2020-01-23,DAL @ POR,W,240,133,48,93,0.516,22,47,0.468,15,24,0.625,12,29,41,27,9,5,7,17,8
1610612764,WAS,Washington Wizards,0021900666,2020-01-23,WAS @ CLE,W,240,124,47,85,0.553,16,36,0.444,14,18,0.778,7,34,41,28,10,3,3,18,12
1610612739,CLE,Cleveland Cavaliers,0021900666,2020-01-23,CLE vs. WAS,L,240,112,44,96,0.458,11,33,0.333,13,17,0.765,10,26,36,24,9,7,1,21,-12
1610612757,POR,Portland Trail Blazers,0021900668,2020-01-23,POR vs. DAL,L,240,125,46,91,0.505,21,39,0.538,12,15,0.8,11,32,43,20,15,4,4,20,-8
1610612751,BKN,Brooklyn Nets,0021900667,2020-01-23,BKN vs. LAL,L,240,113,40,91,0.44,21,46,0.457,12,15,0.8,8,33,41,30,16,12,3,17,-15
1610612737,ATL,Atlanta Hawks,0021900677,2020-01-24,ATL @ OKC,L,240,111,42,92,0.457,11,36,0.306,16,20,0.8,10,27,37,24,11,6,7,27,-29
1610612746,LAC,LA Clippers,0021900673,2020-01-24,LAC @ MIA,W,240,122,43,94,0.457,16,35,0.457,20,23,0.87,11,37,48,33,9,5,3,21,5
1610612738,BOS,Boston Celtics,0021900671,2020-01-24,BOS @ ORL,W,240,109,40,86,0.465,14,35,0.4,15,18,0.833,9,35,44,27,14,10,7,20,11
1610612754,IND,Indiana Pacers,0021900679,2020-01-24,IND @ GSW,W,240,129,50,87,0.575,17,28,0.607,12,13,0.923,5,31,36,35,12,15,4,20,11
1610612760,OKC,Oklahoma City Thunder,0021900677,2020-01-24,OKC vs. ATL,W,240,140,50,86,0.581,14,25,0.56,26,34,0.765,6,39,45,28,14,6,5,20,29
1610612740,NOP,New Orleans Pelicans,0021900676,2020-01-24,NOP vs. DEN,L,240,106,38,82,0.463,12,27,0.444,18,30,0.6,12,33,45,24,17,8,7,17,-7
1610612766,CHA,Charlotte Hornets,0021900669,2020-01-24,CHA vs. MIL,L,240,103,32,86,0.372,14,39,0.359,25,30,0.833,8,31,39,24,13,6,3,22,-13
1610612758,SAC,Sacramento Kings,0021900674,2020-01-24,SAC @ CHI,W,240,98,35,81,0.432,10,32,0.313,18,21,0.857,7,35,42,24,14,8,8,20,17
1610612752,NYK,New York Knicks,0021900672,2020-01-24,NYK vs. TOR,L,240,112,42,85,0.494,13,36,0.361,15,21,0.714,14,32,46,26,16,5,4,21,-6
1610612743,DEN,Denver Nuggets,0021900676,2020-01-24,DEN @ NOP,W,240,113,40,106,0.377,13,41,0.317,20,20,1.0,24,32,56,26,15,14,6,19,7
1610612753,ORL,Orlando Magic,0021900671,2020-01-24,ORL vs. BOS,L,240,98,36,90,0.4,12,37,0.324,14,19,0.737,13,33,46,18,14,5,1,14,-11
1610612745,HOU,Houston Rockets,0021900675,2020-01-24,HOU @ MIN,W,240,131,47,91,0.516,11,32,0.344,26,31,0.839,5,30,35,24,11,11,9,18,7
1610612749,MIL,Milwaukee Bucks,0021900669,2020-01-24,MIL @ CHA,W,240,116,44,87,0.506,10,36,0.278,18,24,0.75,12,41,53,26,16,8,8,22,13
1610612756,PHX,Phoenix Suns,0021900678,2020-01-24,PHX @ SAS,W,240,103,39,84,0.464,8,29,0.276,17,21,0.81,10,32,42,25,14,6,4,27,4
1610612741,CHI,Chicago Bulls,0021900674,2020-01-24,CHI vs. SAC,L,240,81,31,79,0.392,8,37,0.216,11,14,0.786,8,35,43,23,21,6,4,21,-17
1610612750,MIN,Minnesota Timberwolves,0021900675,2020-01-24,MIN vs. HOU,L,240,124,48,98,0.49,11,32,0.344,17,20,0.85,13,38,51,28,17,8,8,26,-7
1610612744,GSW,Golden State Warriors,0021900679,2020-01-24,GSW vs. IND,L,240,118,40,82,0.488,19,39,0.487,19,23,0.826,7,31,38,31,20,6,3,16,-11
1610612748,MIA,Miami Heat,0021900673,2020-01-24,MIA vs. LAC,L,240,117,40,93,0.43,13,44,0.295,24,29,0.828,9,36,45,25,9,4,4,19,-5
1610612765,DET,Detroit Pistons,0021900670,2020-01-24,DET vs. MEM,L,240,112,39,91,0.429,11,32,0.344,23,31,0.742,10,27,37,23,8,8,1,23,-13
1610612763,MEM,Memphis Grizzlies,0021900670,2020-01-24,MEM @ DET,W,240,125,43,79,0.544,11,22,0.5,28,31,0.903,8,41,49,27,14,6,4,23,13
1610612759,SAS,San Antonio Spurs,0021900678,2020-01-24,SAS vs. PHX,L,240,99,33,78,0.423,5,25,0.2,28,33,0.848,10,33,43,19,14,9,8,22,-4
1610612761,TOR,Toronto Raptors,0021900672,2020-01-24,TOR @ NYK,W,240,118,41,81,0.506,17,35,0.486,19,23,0.826,5,26,31,25,7,10,6,20,6
1610612739,CLE,Cleveland Cavaliers,0021900682,2020-01-25,CLE vs. CHI,L,240,106,42,84,0.5,13,30,0.433,9,11,0.818,11,32,43,30,21,5,1,20,-12
1610612755,PHI,Philadelphia 76ers,0021900684,2020-01-25,PHI vs. LAL,W,240,108,41,78,0.526,13,37,0.351,13,19,0.684,8,33,41,19,23,12,3,18,17
1610612747,LAL,Los Angeles Lakers,0021900684,2020-01-25,LAL @ PHI,L,240,91,35,76,0.461,6,31,0.194,15,23,0.652,6,29,35,23,22,12,1,18,-17
1610612750,MIN,Minnesota Timberwolves,0021900683,2020-01-25,MIN vs. OKC,L,240,104,40,90,0.444,12,43,0.279,12,18,0.667,7,34,41,33,13,9,4,21,-9
1610612762,UTA,Utah Jazz,0021900680,2020-01-25,UTA vs. DAL,W,240,112,40,91,0.44,15,43,0.349,17,22,0.773,12,42,54,22,13,5,6,21,5
1610612760,OKC,Oklahoma City Thunder,0021900683,2020-01-25,OKC @ MIN,W,240,113,39,80,0.488,11,24,0.458,24,25,0.96,3,40,43,20,14,8,9,14,9
1610612741,CHI,Chicago Bulls,0021900682,2020-01-25,CHI @ CLE,W,240,118,44,85,0.518,12,33,0.364,18,24,0.75,7,29,36,24,11,15,2,16,12
1610612751,BKN,Brooklyn Nets,0021900681,2020-01-25,BKN @ DET,W,265,121,42,94,0.447,15,42,0.357,22,25,0.88,11,44,55,19,11,3,5,17,10
1610612742,DAL,Dallas Mavericks,0021900680,2020-01-25,DAL @ UTA,L,240,107,42,97,0.433,16,41,0.39,7,13,0.538,10,34,44,19,9,6,3,24,-5
1610612765,DET,Detroit Pistons,0021900681,2020-01-25,DET vs. BKN,L,265,111,43,104,0.413,13,35,0.371,12,18,0.667,14,38,52,20,8,5,3,25,-10
1610612756,PHX,Phoenix Suns,0021900690,2020-01-26,PHX @ MEM,L,240,109,35,92,0.38,11,29,0.379,28,35,0.8,12,30,42,23,18,14,7,27,-5
1610612757,POR,Portland Trail Blazers,0021900692,2020-01-26,POR vs. IND,W,240,139,49,90,0.544,20,35,0.571,21,25,0.84,12,31,43,27,17,1,7,21,10
1610612746,LAC,LA Clippers,0021900689,2020-01-26,LAC @ ORL,W,240,112,37,79,0.468,13,30,0.433,25,29,0.862,12,41,53,20,18,2,7,26,15
1610612764,WAS,Washington Wizards,0021900687,2020-01-26,WAS @ ATL,L,240,133,42,88,0.477,11,33,0.333,38,42,0.905,8,26,34,20,12,5,7,26,-19
1610612754,IND,Indiana Pacers,0021900692,2020-01-26,IND @ POR,L,240,129,48,93,0.516,13,28,0.464,20,21,0.952,6,25,31,31,7,5,2,19,-10
1610612751,BKN,Brooklyn Nets,0021900688,2020-01-26,BKN @ NYK,L,240,97,34,81,0.42,13,39,0.333,16,23,0.696,7,27,34,21,16,6,4,14,-13
1610612753,ORL,Orlando Magic,0021900689,2020-01-26,ORL vs. LAC,L,240,97,34,95,0.358,7,32,0.219,22,32,0.688,16,28,44,27,7,9,7,23,-15
1610612737,ATL,Atlanta Hawks,0021900687,2020-01-26,ATL vs. WAS,W,240,152,54,93,0.581,15,35,0.429,29,34,0.853,12,36,48,30,15,7,3,35,19
1610612763,MEM,Memphis Grizzlies,0021900690,2020-01-26,MEM vs. PHX,W,240,114,44,84,0.524,8,19,0.421,18,26,0.692,8,38,46,25,26,10,8,27,5
1610612745,HOU,Houston Rockets,0021900685,2020-01-26,HOU @ DEN,L,240,110,40,88,0.455,11,33,0.333,19,27,0.704,15,29,44,19,18,6,7,21,-7
1610612761,TOR,Toronto Raptors,0021900686,2020-01-26,TOR @ SAS,W,240,110,41,99,0.414,16,50,0.32,12,15,0.8,14,36,50,31,9,11,2,22,4
1610612740,NOP,New Orleans Pelicans,0021900691,2020-01-26,NOP vs. BOS,W,240,123,44,92,0.478,16,36,0.444,19,29,0.655,18,36,54,31,20,7,5,21,15
1610612752,NYK,New York Knicks,0021900688,2020-01-26,NYK vs. BKN,W,240,110,49,92,0.533,6,19,0.316,6,13,0.462,14,34,48,19,15,7,8,23,13
1610612759,SAS,San Antonio Spurs,0021900686,2020-01-26,SAS vs. TOR,L,240,106,34,82,0.415,16,37,0.432,22,24,0.917,7,41,48,27,17,5,8,15,-4
1610612738,BOS,Boston Celtics,0021900691,2020-01-26,BOS @ NOP,L,240,108,41,89,0.461,8,33,0.242,18,22,0.818,7,30,37,21,17,6,5,29,-15
1610612743,DEN,Denver Nuggets,0021900685,2020-01-26,DEN vs. HOU,W,240,117,44,93,0.473,11,28,0.393,18,20,0.9,11,31,42,28,15,10,3,23,7
1610612741,CHI,Chicago Bulls,0021900695,2020-01-27,CHI vs. SAS,W,240,110,42,93,0.452,14,37,0.378,12,15,0.8,14,36,50,28,12,8,2,23,1
1610612765,DET,Detroit Pistons,0021900693,2020-01-27,DET vs. CLE,L,240,100,38,84,0.452,12,35,0.343,12,17,0.706,9,28,37,18,18,8,7,20,-15
1610612745,HOU,Houston Rockets,0021900698,2020-01-27,HOU @ UTA,W,240,126,38,81,0.469,15,40,0.375,35,49,0.714,6,34,40,14,17,11,4,25,9
1610612759,SAS,San Antonio Spurs,0021900695,2020-01-27,SAS @ CHI,L,240,109,38,82,0.463,10,25,0.4,23,34,0.676,12,35,47,21,12,2,6,12,-1
1610612760,OKC,Oklahoma City Thunder,0021900697,2020-01-27,OKC vs. DAL,L,240,97,34,86,0.395,12,30,0.4,17,19,0.895,6,42,48,23,10,2,4,11,-10
1610612750,MIN,Minnesota Timberwolves,0021900696,2020-01-27,MIN vs. SAC,L,265,129,43,89,0.483,23,46,0.5,20,33,0.606,10,35,45,29,22,7,8,27,-4
1610612742,DAL,Dallas Mavericks,0021900697,2020-01-27,DAL @ OKC,W,240,107,41,99,0.414,19,51,0.373,6,9,0.667,12,44,56,21,9,3,3,16,10
1610612739,CLE,Cleveland Cavaliers,0021900693,2020-01-27,CLE @ DET,W,240,115,48,96,0.5,9,24,0.375,10,13,0.769,11,34,45,25,14,9,6,21,15
1610612748,MIA,Miami Heat,0021900694,2020-01-27,MIA vs. ORL,W,240,113,42,79,0.532,14,28,0.5,15,16,0.938,3,38,41,31,12,2,9,18,21
1610612758,SAC,Sacramento Kings,0021900696,2020-01-27,SAC @ MIN,W,265,133,44,88,0.5,18,40,0.45,27,34,0.794,9,35,44,27,16,6,8,27,4
1610612762,UTA,Utah Jazz,0021900698,2020-01-27,UTA vs. HOU,L,240,117,43,85,0.506,12,42,0.286,19,26,0.731,2,36,38,24,18,7,3,33,-9
1610612753,ORL,Orlando Magic,0021900694,2020-01-27,ORL @ MIA,L,240,92,33,89,0.371,11,37,0.297,15,19,0.789,11,30,41,23,7,7,6,13,-21
1610612742,DAL,Dallas Mavericks,0021900706,2020-01-28,DAL vs. PHX,L,240,104,37,83,0.446,7,33,0.212,23,27,0.852,8,25,33,19,17,6,0,18,-29
1610612763,MEM,Memphis Grizzlies,0021900704,2020-01-28,MEM vs. DEN,W,240,104,46,82,0.561,6,18,0.333,6,14,0.429,6,35,41,32,16,12,11,18,8
1610612737,ATL,Atlanta Hawks,0021900703,2020-01-28,ATL @ TOR,L,240,114,41,92,0.446,12,47,0.255,20,25,0.8,10,34,44,28,18,10,2,23,-16
1610612739,CLE,Cleveland Cavaliers,0021900700,2020-01-28,CLE vs. NOP,L,240,111,42,97,0.433,11,34,0.324,16,18,0.889,14,32,46,25,14,7,2,20,-14
1610612756,PHX,Phoenix Suns,0021900706,2020-01-28,PHX @ DAL,W,240,133,51,86,0.593,12,28,0.429,19,21,0.905,8,31,39,34,13,10,4,25,29
1610612740,NOP,New Orleans Pelicans,0021900700,2020-01-28,NOP @ CLE,W,240,125,47,88,0.534,13,34,0.382,18,24,0.75,7,34,41,29,18,9,11,16,14
1610612752,NYK,New York Knicks,0021900699,2020-01-28,NYK @ CHA,L,240,92,38,86,0.442,9,32,0.281,7,11,0.636,8,34,42,17,14,5,7,26,-5
1610612748,MIA,Miami Heat,0021900701,2020-01-28,MIA vs. BOS,L,240,101,33,89,0.371,9,37,0.243,26,31,0.839,11,34,45,15,11,11,2,21,-8
1610612749,MIL,Milwaukee Bucks,0021900705,2020-01-28,MIL vs. WAS,W,240,151,50,90,0.556,19,37,0.514,32,35,0.914,11,35,46,31,15,3,3,26,20
1610612764,WAS,Washington Wizards,0021900705,2020-01-28,WAS @ MIL,L,240,131,44,94,0.468,14,32,0.438,29,34,0.853,11,24,35,28,11,6,6,27,-20
1610612738,BOS,Boston Celtics,0021900701,2020-01-28,BOS @ MIA,W,240,109,39,83,0.47,13,36,0.361,18,24,0.75,11,37,48,24,14,5,8,22,8
1610612755,PHI,Philadelphia 76ers,0021900702,2020-01-28,PHI vs. GSW,W,240,115,42,82,0.512,11,32,0.344,20,26,0.769,2,42,44,28,16,5,3,18,11
1610612743,DEN,Denver Nuggets,0021900704,2020-01-28,DEN @ MEM,L,240,96,32,86,0.372,17,45,0.378,15,18,0.833,13,31,44,23,19,9,4,16,-8
1610612761,TOR,Toronto Raptors,0021900703,2020-01-28,TOR vs. ATL,W,240,130,48,97,0.495,13,43,0.302,21,27,0.778,10,42,52,26,13,10,6,26,16
1610612744,GSW,Golden State Warriors,0021900702,2020-01-28,GSW @ PHI,L,240,104,37,87,0.425,15,40,0.375,15,21,0.714,6,34,40,29,14,6,3,24,-11
1610612766,CHA,Charlotte Hornets,0021900699,2020-01-28,CHA vs. NYK,W,240,97,34,88,0.386,8,32,0.25,21,27,0.778,16,35,51,22,14,5,4,14,5
1610612763,MEM,Memphis Grizzlies,0021900710,2020-01-29,MEM @ NYK,W,240,127,43,86,0.5,13,28,0.464,28,33,0.848,7,37,44,25,12,7,3,22,21
1610612762,UTA,Utah Jazz,0021900711,2020-01-29,UTA @ SAS,L,240,120,37,84,0.44,14,38,0.368,32,46,0.696,12,31,43,18,13,4,0,22,-7
1610612745,HOU,Houston Rockets,0021900712,2020-01-29,HOU @ POR,L,240,112,40,94,0.426,17,47,0.362,15,18,0.833,9,30,39,21,15,8,5,23,-13
1610612754,IND,Indiana Pacers,0021900708,2020-01-29,IND vs. CHI,W,265,115,46,89,0.517,7,27,0.259,16,22,0.727,13,33,46,26,19,8,2,14,9
1610612752,NYK,New York Knicks,0021900710,2020-01-29,NYK vs. MEM,L,240,106,39,91,0.429,9,28,0.321,19,29,0.655,11,35,46,26,18,9,6,22,-21
1610612741,CHI,Chicago Bulls,0021900708,2020-01-29,CHI @ IND,L,265,106,45,85,0.529,6,33,0.182,10,15,0.667,6,28,34,26,20,10,3,17,-9
1610612759,SAS,San Antonio Spurs,0021900711,2020-01-29,SAS vs. UTA,W,240,127,46,82,0.561,8,31,0.258,27,30,0.9,4,31,35,23,9,5,2,27,7
1610612757,POR,Portland Trail Blazers,0021900712,2020-01-29,POR vs. HOU,W,240,125,46,89,0.517,13,36,0.361,20,27,0.741,10,40,50,24,19,8,8,20,13
1610612758,SAC,Sacramento Kings,0021900713,2020-01-29,SAC vs. OKC,L,240,100,42,91,0.462,9,39,0.231,7,11,0.636,11,28,39,22,14,6,2,22,-20
1610612751,BKN,Brooklyn Nets,0021900709,2020-01-29,BKN vs. DET,W,240,125,43,85,0.506,15,39,0.385,24,30,0.8,8,29,37,26,10,8,7,19,10
1610612765,DET,Detroit Pistons,0021900709,2020-01-29,DET @ BKN,L,240,115,42,83,0.506,10,26,0.385,21,28,0.75,9,32,41,25,16,6,5,20,-10
1610612760,OKC,Oklahoma City Thunder,0021900713,2020-01-29,OKC @ SAC,W,240,120,44,88,0.5,15,34,0.441,17,20,0.85,10,35,45,32,13,9,5,17,20
1610612762,UTA,Utah Jazz,0021900718,2020-01-30,UTA @ DEN,L,240,100,36,78,0.462,17,37,0.459,11,17,0.647,5,30,35,24,16,4,6,17,-6
1610612746,LAC,LA Clippers,0021900719,2020-01-30,LAC vs. SAC,L,240,103,35,92,0.38,13,31,0.419,20,25,0.8,11,28,39,26,15,6,6,20,-21
1610612738,BOS,Boston Celtics,0021900717,2020-01-30,BOS vs. GSW,W,240,119,42,88,0.477,15,35,0.429,20,22,0.909,14,37,51,27,23,12,4,24,15
1610612758,SAC,Sacramento Kings,0021900719,2020-01-30,SAC @ LAC,W,240,124,44,88,0.5,21,41,0.512,15,18,0.833,11,36,47,27,12,11,8,21,21
1610612764,WAS,Washington Wizards,0021900715,2020-01-30,WAS vs. CHA,W,240,121,41,86,0.477,14,37,0.378,25,27,0.926,19,38,57,24,20,3,6,22,14
1610612761,TOR,Toronto Raptors,0021900714,2020-01-30,TOR @ CLE,W,240,115,41,84,0.488,12,32,0.375,21,28,0.75,9,28,37,23,14,13,3,20,6
1610612739,CLE,Cleveland Cavaliers,0021900714,2020-01-30,CLE vs. TOR,L,240,109,42,90,0.467,13,36,0.361,12,14,0.857,15,37,52,23,23,7,3,21,-6
1610612737,ATL,Atlanta Hawks,0021900716,2020-01-30,ATL vs. PHI,W,240,127,42,87,0.483,11,35,0.314,32,37,0.865,10,38,48,29,16,5,4,29,10
1610612755,PHI,Philadelphia 76ers,0021900716,2020-01-30,PHI @ ATL,L,240,117,38,82,0.463,9,31,0.29,32,45,0.711,8,34,42,22,12,11,2,21,-10
1610612743,DEN,Denver Nuggets,0021900718,2020-01-30,DEN vs. UTA,W,240,106,40,85,0.471,9,27,0.333,17,21,0.81,8,35,43,25,10,7,5,16,6
1610612766,CHA,Charlotte Hornets,0021900715,2020-01-30,CHA @ WAS,L,240,107,43,99,0.434,9,30,0.3,12,19,0.632,16,22,38,32,9,9,4,24,-14
1610612744,GSW,Golden State Warriors,0021900717,2020-01-30,GSW @ BOS,L,240,104,33,77,0.429,12,39,0.308,26,30,0.867,3,27,30,24,17,11,6,19,-15
1610612745,HOU,Houston Rockets,0021900722,2020-01-31,HOU vs. DAL,W,240,128,45,98,0.459,21,45,0.467,17,20,0.85,7,30,37,25,7,11,5,20,7
1610612747,LAL,Los Angeles Lakers,0021900726,2020-01-31,LAL vs. POR,L,240,119,45,96,0.469,11,32,0.344,18,28,0.643,19,43,62,28,19,2,10,21,-8
1610612749,MIL,Milwaukee Bucks,0021900724,2020-01-31,MIL vs. DEN,L,240,115,43,95,0.453,12,40,0.3,17,26,0.654,7,39,46,29,13,7,5,14,-12
1610612760,OKC,Oklahoma City Thunder,0021900725,2020-01-31,OKC @ PHX,W,240,111,42,97,0.433,7,31,0.226,20,22,0.909,15,26,41,26,14,13,4,24,4
1610612756,PHX,Phoenix Suns,0021900725,2020-01-31,PHX vs. OKC,L,240,107,36,76,0.474,9,24,0.375,26,29,0.897,11,29,40,20,20,6,6,25,-4
1610612763,MEM,Memphis Grizzlies,0021900723,2020-01-31,MEM @ NOP,L,240,111,45,96,0.469,6,31,0.194,15,26,0.577,11,23,34,17,11,10,8,21,-28
1610612757,POR,Portland Trail Blazers,0021900726,2020-01-31,POR @ LAL,W,240,127,49,97,0.505,13,36,0.361,16,21,0.762,6,34,40,25,7,10,8,22,8
1610612740,NOP,New Orleans Pelicans,0021900723,2020-01-31,NOP vs. MEM,W,240,139,51,95,0.537,15,34,0.441,22,26,0.846,16,41,57,30,19,8,4,22,28
1610612743,DEN,Denver Nuggets,0021900724,2020-01-31,DEN @ MIL,W,240,127,48,100,0.48,22,46,0.478,9,9,1.0,7,43,50,29,13,8,10,19,12
1610612751,BKN,Brooklyn Nets,0021900721,2020-01-31,BKN vs. CHI,W,240,133,50,80,0.625,15,31,0.484,18,25,0.72,5,32,37,31,20,8,5,21,15
1610612741,CHI,Chicago Bulls,0021900721,2020-01-31,CHI @ BKN,L,240,118,42,86,0.488,12,34,0.353,22,26,0.846,11,27,38,27,14,7,3,21,-15
1610612742,DAL,Dallas Mavericks,0021900722,2020-01-31,DAL @ HOU,L,240,121,43,90,0.478,14,36,0.389,21,27,0.778,14,38,52,29,17,2,9,18,-7
1610612761,TOR,Toronto Raptors,0021900720,2020-01-31,TOR @ DET,W,240,105,44,85,0.518,9,27,0.333,8,11,0.727,7,35,42,26,16,6,7,27,13
1610612765,DET,Detroit Pistons,0021900720,2020-01-31,DET vs. TOR,L,240,92,28,79,0.354,11,36,0.306,25,34,0.735,13,32,45,18,17,5,6,12,-13
1610612738,BOS,Boston Celtics,0021900732,2020-02-01,BOS vs. PHI,W,240,116,38,80,0.475,8,30,0.267,32,41,0.78,9,33,42,15,11,9,2,20,21
1610612742,DAL,Dallas Mavericks,0021900733,2020-02-01,DAL vs. ATL,W,240,123,44,94,0.468,20,39,0.513,15,16,0.938,10,43,53,26,9,6,8,14,23
1610612754,IND,Indiana Pacers,0021900728,2020-02-01,IND vs. NYK,L,240,85,32,76,0.421,8,24,0.333,13,21,0.619,4,30,34,21,11,4,1,20,-7
1610612758,SAC,Sacramento Kings,0021900736,2020-02-01,SAC vs. LAL,L,240,113,39,91,0.429,14,44,0.318,21,26,0.808,13,31,44,21,16,5,4,24,-16
1610612750,MIN,Minnesota Timberwolves,0021900727,2020-02-01,MIN @ LAC,L,240,106,34,84,0.405,7,39,0.179,31,37,0.838,6,38,44,24,17,9,4,20,-12
1610612755,PHI,Philadelphia 76ers,0021900732,2020-02-01,PHI @ BOS,L,240,95,31,84,0.369,7,33,0.212,26,31,0.839,13,34,47,15,14,6,3,27,-21
1610612762,UTA,Utah Jazz,0021900735,2020-02-01,UTA @ POR,L,240,107,40,94,0.426,18,41,0.439,9,9,1.0,11,26,37,19,10,6,4,17,-17
1610612739,CLE,Cleveland Cavaliers,0021900730,2020-02-01,CLE vs. GSW,L,240,112,41,95,0.432,16,44,0.364,14,14,1.0,13,33,46,26,16,8,3,15,-19
1610612746,LAC,LA Clippers,0021900727,2020-02-01,LAC vs. MIN,W,240,118,45,98,0.459,12,34,0.353,16,18,0.889,12,38,50,20,13,8,7,30,12
1610612751,BKN,Brooklyn Nets,0021900731,2020-02-01,BKN @ WAS,L,240,107,39,94,0.415,16,47,0.34,13,21,0.619,12,41,53,25,16,5,7,22,-6
1610612748,MIA,Miami Heat,0021900729,2020-02-01,MIA @ ORL,W,240,102,33,77,0.429,15,33,0.455,21,26,0.808,10,38,48,24,13,6,8,16,13
1610612753,ORL,Orlando Magic,0021900729,2020-02-01,ORL vs. MIA,L,240,89,33,83,0.398,9,33,0.273,14,17,0.824,7,32,39,21,10,5,5,19,-13
1610612752,NYK,New York Knicks,0021900728,2020-02-01,NYK @ IND,W,240,92,34,82,0.415,7,26,0.269,17,23,0.739,14,43,57,19,13,5,1,20,7
1610612757,POR,Portland Trail Blazers,0021900735,2020-02-01,POR vs. UTA,W,240,124,47,92,0.511,15,29,0.517,15,18,0.833,14,37,51,20,12,4,5,19,17
1610612759,SAS,San Antonio Spurs,0021900734,2020-02-01,SAS vs. CHA,W,240,114,45,87,0.517,10,28,0.357,14,21,0.667,7,37,44,27,12,13,2,14,24
1610612737,ATL,Atlanta Hawks,0021900733,2020-02-01,ATL @ DAL,L,240,100,37,91,0.407,10,33,0.303,16,21,0.762,10,40,50,19,11,6,4,15,-23
1610612744,GSW,Golden State Warriors,0021900730,2020-02-01,GSW @ CLE,W,240,131,48,90,0.533,18,35,0.514,17,19,0.895,10,34,44,39,11,11,10,16,19
1610612747,LAL,Los Angeles Lakers,0021900736,2020-02-01,LAL @ SAC,W,240,129,44,86,0.512,19,43,0.442,22,27,0.815,11,35,46,33,15,10,5,22,16
1610612764,WAS,Washington Wizards,0021900731,2020-02-01,WAS vs. BKN,W,240,113,44,100,0.44,9,32,0.281,16,26,0.615,18,33,51,21,10,9,8,20,6
1610612766,CHA,Charlotte Hornets,0021900734,2020-02-01,CHA @ SAS,L,240,90,35,83,0.422,10,36,0.278,10,12,0.833,6,31,37,29,17,5,7,18,-24
1610612761,TOR,Toronto Raptors,0021900740,2020-02-02,TOR vs. CHI,W,240,129,47,84,0.56,16,34,0.471,19,23,0.826,12,34,46,28,15,6,5,18,27
1610612740,NOP,New Orleans Pelicans,0021900738,2020-02-02,NOP @ HOU,L,240,109,42,94,0.447,10,33,0.303,15,20,0.75,16,47,63,21,23,6,6,16,-8
1610612741,CHI,Chicago Bulls,0021900740,2020-02-02,CHI @ TOR,L,240,102,35,90,0.389,15,48,0.313,17,26,0.654,17,24,41,25,16,10,0,21,-27
1610612756,PHX,Phoenix Suns,0021900739,2020-02-02,PHX @ MIL,L,240,108,41,104,0.394,6,23,0.261,20,23,0.87,15,34,49,20,10,8,3,24,-21
1610612745,HOU,Houston Rockets,0021900738,2020-02-02,HOU vs. NOP,W,240,117,41,105,0.39,16,51,0.314,19,22,0.864,11,32,43,22,8,14,3,18,8
1610612749,MIL,Milwaukee Bucks,0021900739,2020-02-02,MIL vs. PHX,W,240,129,48,97,0.495,15,38,0.395,18,27,0.667,16,44,60,30,17,4,12,25,21
1610612765,DET,Detroit Pistons,0021900737,2020-02-02,DET vs. DEN,W,265,128,48,94,0.511,14,31,0.452,18,24,0.75,11,32,43,33,12,4,2,22,5
1610612743,DEN,Denver Nuggets,0021900737,2020-02-02,DEN @ DET,L,265,123,48,96,0.5,10,32,0.313,17,22,0.773,14,33,47,30,10,7,7,19,-5
1610612751,BKN,Brooklyn Nets,0021900746,2020-02-03,BKN vs. PHX,W,240,119,43,89,0.483,15,34,0.441,18,21,0.857,10,34,44,28,17,8,5,26,22
1610612758,SAC,Sacramento Kings,0021900749,2020-02-03,SAC vs. MIN,W,240,113,38,75,0.507,14,27,0.519,23,31,0.742,7,27,34,26,17,7,7,20,4
1610612766,CHA,Charlotte Hornets,0021900741,2020-02-03,CHA vs. ORL,L,240,100,41,89,0.461,9,31,0.29,9,14,0.643,15,31,46,24,12,8,2,16,-12
1610612742,DAL,Dallas Mavericks,0021900743,2020-02-03,DAL @ IND,W,240,112,36,86,0.419,18,45,0.4,22,23,0.957,12,39,51,20,12,3,2,15,9
1610612759,SAS,San Antonio Spurs,0021900750,2020-02-03,SAS @ LAC,L,240,105,40,95,0.421,12,37,0.324,13,16,0.813,6,40,46,21,8,5,9,20,-3
1610612738,BOS,Boston Celtics,0021900745,2020-02-03,BOS @ ATL,W,240,123,48,90,0.533,12,29,0.414,15,17,0.882,11,33,44,21,15,10,5,22,8
1610612754,IND,Indiana Pacers,0021900743,2020-02-03,IND vs. DAL,L,240,103,44,96,0.458,7,34,0.206,8,11,0.727,8,32,40,28,4,7,6,18,-9
1610612755,PHI,Philadelphia 76ers,0021900747,2020-02-03,PHI @ MIA,L,240,106,36,83,0.434,13,38,0.342,21,25,0.84,14,30,44,24,14,3,1,21,-31
1610612756,PHX,Phoenix Suns,0021900746,2020-02-03,PHX @ BKN,L,240,97,39,90,0.433,6,17,0.353,13,18,0.722,14,29,43,23,16,7,6,21,-22
1610612739,CLE,Cleveland Cavaliers,0021900742,2020-02-03,CLE vs. NYK,L,265,134,52,92,0.565,18,35,0.514,12,18,0.667,5,29,34,34,15,6,3,18,-5
1610612744,GSW,Golden State Warriors,0021900744,2020-02-03,GSW @ WAS,W,240,125,43,87,0.494,15,30,0.5,24,31,0.774,12,32,44,31,14,8,6,25,8
1610612753,ORL,Orlando Magic,0021900741,2020-02-03,ORL @ CHA,W,240,112,43,80,0.538,16,34,0.471,10,17,0.588,8,29,37,35,10,7,3,12,12
1610612764,WAS,Washington Wizards,0021900744,2020-02-03,WAS vs. GSW,L,240,117,42,83,0.506,9,22,0.409,24,29,0.828,2,33,35,28,11,6,4,24,-8
1610612748,MIA,Miami Heat,0021900747,2020-02-03,MIA vs. PHI,W,240,137,48,85,0.565,16,32,0.5,25,30,0.833,6,29,35,27,3,8,1,18,31
1610612737,ATL,Atlanta Hawks,0021900745,2020-02-03,ATL vs. BOS,L,240,115,42,84,0.5,12,30,0.4,19,21,0.905,6,26,32,22,17,9,6,19,-8
1610612746,LAC,LA Clippers,0021900750,2020-02-03,LAC vs. SAS,W,240,108,39,84,0.464,11,27,0.407,19,24,0.792,5,46,51,28,12,3,2,18,3
1610612750,MIN,Minnesota Timberwolves,0021900749,2020-02-03,MIN @ SAC,L,240,109,37,85,0.435,13,38,0.342,22,28,0.786,14,31,45,25,16,12,6,25,-4
1610612763,MEM,Memphis Grizzlies,0021900748,2020-02-03,MEM vs. DET,W,240,96,42,90,0.467,2,17,0.118,10,12,0.833,7,40,47,27,11,6,12,18,14
1610612765,DET,Detroit Pistons,0021900748,2020-02-03,DET @ MEM,L,240,82,34,98,0.347,8,26,0.308,6,9,0.667,16,35,51,21,16,6,2,13,-14
1610612752,NYK,New York Knicks,0021900742,2020-02-03,NYK @ CLE,W,265,139,57,102,0.559,10,26,0.385,15,21,0.714,12,34,46,33,12,11,1,18,5
1610612747,LAL,Los Angeles Lakers,0021900754,2020-02-04,LAL vs. SAS,W,240,129,50,85,0.588,12,28,0.429,17,25,0.68,12,46,58,28,14,5,4,15,27
1610612759,SAS,San Antonio Spurs,0021900754,2020-02-04,SAS @ LAL,L,240,102,40,91,0.44,13,27,0.481,9,15,0.6,7,21,28,21,6,6,2,16,-27
1610612757,POR,Portland Trail Blazers,0021900753,2020-02-04,POR @ DEN,L,240,99,36,91,0.396,9,31,0.29,18,22,0.818,9,27,36,16,9,5,6,22,-28
1610612740,NOP,New Orleans Pelicans,0021900751,2020-02-04,NOP vs. MIL,L,240,108,38,99,0.384,14,49,0.286,18,24,0.75,8,41,49,26,17,10,6,17,-12
1610612743,DEN,Denver Nuggets,0021900753,2020-02-04,DEN vs. POR,W,240,127,46,90,0.511,17,34,0.5,18,25,0.72,12,38,50,30,14,5,7,22,28
1610612745,HOU,Houston Rockets,0021900752,2020-02-04,HOU vs. CHA,W,240,125,43,97,0.443,20,60,0.333,19,23,0.826,7,34,41,25,5,11,5,19,15
1610612749,MIL,Milwaukee Bucks,0021900751,2020-02-04,MIL @ NOP,W,240,120,48,102,0.471,11,36,0.306,13,17,0.765,8,45,53,34,17,11,7,19,12
1610612766,CHA,Charlotte Hornets,0021900752,2020-02-04,CHA @ HOU,L,240,110,39,83,0.47,13,33,0.394,19,24,0.792,12,41,53,22,17,2,2,18,-15
1610612753,ORL,Orlando Magic,0021900756,2020-02-05,ORL @ BOS,L,240,100,32,75,0.427,13,31,0.419,23,30,0.767,9,30,39,20,17,10,6,13,-16
1610612742,DAL,Dallas Mavericks,0021900761,2020-02-05,DAL vs. MEM,L,240,107,34,94,0.362,17,43,0.395,22,24,0.917,12,30,42,19,9,5,6,18,-14
1610612751,BKN,Brooklyn Nets,0021900757,2020-02-05,BKN vs. GSW,W,240,129,51,100,0.51,14,34,0.412,13,15,0.867,14,51,65,29,15,4,1,15,41
1610612761,TOR,Toronto Raptors,0021900758,2020-02-05,TOR vs. IND,W,240,119,43,86,0.5,12,32,0.375,21,24,0.875,7,30,37,27,10,12,0,17,1
1610612748,MIA,Miami Heat,0021900763,2020-02-05,MIA @ LAC,L,240,111,40,93,0.43,16,42,0.381,15,21,0.714,10,36,46,29,9,7,2,16,-17
1610612762,UTA,Utah Jazz,0021900762,2020-02-05,UTA vs. DEN,L,240,95,36,86,0.419,14,39,0.359,9,14,0.643,7,39,46,20,14,5,1,16,-3
1610612750,MIN,Minnesota Timberwolves,0021900759,2020-02-05,MIN vs. ATL,L,240,120,45,91,0.495,9,35,0.257,21,28,0.75,6,27,33,18,17,13,7,21,-7
1610612739,CLE,Cleveland Cavaliers,0021900760,2020-02-05,CLE @ OKC,L,240,103,41,89,0.461,15,38,0.395,6,11,0.545,9,36,45,31,20,4,2,24,-6
1610612743,DEN,Denver Nuggets,0021900762,2020-02-05,DEN @ UTA,W,240,98,39,90,0.433,7,30,0.233,13,18,0.722,13,39,52,23,11,8,5,17,3
1610612746,LAC,LA Clippers,0021900763,2020-02-05,LAC vs. MIA,W,240,128,45,89,0.506,24,54,0.444,14,19,0.737,8,43,51,35,14,6,5,21,17
1610612744,GSW,Golden State Warriors,0021900757,2020-02-05,GSW @ BKN,L,240,88,35,96,0.365,5,39,0.128,13,18,0.722,7,27,34,20,7,6,7,14,-41
1610612756,PHX,Phoenix Suns,0021900755,2020-02-05,PHX @ DET,L,240,108,42,77,0.545,12,26,0.462,12,15,0.8,7,30,37,29,16,4,5,21,-8
1610612738,BOS,Boston Celtics,0021900756,2020-02-05,BOS vs. ORL,W,240,116,46,86,0.535,13,23,0.565,11,16,0.688,6,35,41,23,13,10,6,19,16
1610612763,MEM,Memphis Grizzlies,0021900761,2020-02-05,MEM @ DAL,W,240,121,47,89,0.528,12,25,0.48,15,20,0.75,10,42,52,27,11,6,4,24,14
1610612760,OKC,Oklahoma City Thunder,0021900760,2020-02-05,OKC vs. CLE,W,240,109,38,81,0.469,9,26,0.346,24,30,0.8,5,35,40,21,12,9,6,15,6
1610612737,ATL,Atlanta Hawks,0021900759,2020-02-05,ATL @ MIN,W,240,127,43,82,0.524,13,32,0.406,28,30,0.933,7,37,44,23,21,7,4,22,7
1610612765,DET,Detroit Pistons,0021900755,2020-02-05,DET vs. PHX,W,240,116,46,95,0.484,12,28,0.429,12,16,0.75,14,28,42,31,9,9,2,15,8
1610612754,IND,Indiana Pacers,0021900758,2020-02-05,IND @ TOR,L,240,118,43,82,0.524,19,39,0.487,13,16,0.813,8,34,42,29,19,6,5,18,-1
1610612745,HOU,Houston Rockets,0021900768,2020-02-06,HOU @ LAL,W,240,121,43,85,0.506,19,42,0.452,16,18,0.889,6,31,37,20,16,8,4,22,10
1610612753,ORL,Orlando Magic,0021900764,2020-02-06,ORL @ NYK,L,240,103,34,75,0.453,9,31,0.29,26,30,0.867,7,32,39,22,21,8,9,20,-2
1610612752,NYK,New York Knicks,0021900764,2020-02-06,NYK vs. ORL,W,240,105,43,92,0.467,6,20,0.3,13,19,0.684,10,29,39,27,14,12,5,23,2
1610612741,CHI,Chicago Bulls,0021900765,2020-02-06,CHI vs. NOP,L,240,119,46,93,0.495,13,29,0.448,14,23,0.609,11,29,40,25,16,11,1,16,-6
1610612755,PHI,Philadelphia 76ers,0021900766,2020-02-06,PHI @ MIL,L,240,101,37,99,0.374,19,45,0.422,8,14,0.571,11,39,50,24,11,7,4,14,-11
1610612740,NOP,New Orleans Pelicans,0021900765,2020-02-06,NOP @ CHI,W,240,125,49,87,0.563,16,38,0.421,11,19,0.579,9,36,45,38,21,12,7,20,6
1610612749,MIL,Milwaukee Bucks,0021900766,2020-02-06,MIL vs. PHI,W,240,112,44,94,0.468,12,37,0.324,12,18,0.667,9,51,60,19,14,3,8,18,11
1610612757,POR,Portland Trail Blazers,0021900767,2020-02-06,POR vs. SAS,W,240,125,49,92,0.533,18,37,0.486,9,12,0.75,9,41,50,28,12,2,6,19,8
1610612747,LAL,Los Angeles Lakers,0021900768,2020-02-06,LAL vs. HOU,L,240,111,45,91,0.495,9,31,0.29,12,16,0.75,6,32,38,33,16,10,4,18,-10
1610612759,SAS,San Antonio Spurs,0021900767,2020-02-06,SAS @ POR,L,240,117,41,92,0.446,10,28,0.357,25,28,0.893,8,31,39,25,4,9,3,10,-8
1610612754,IND,Indiana Pacers,0021900772,2020-02-07,IND vs. TOR,L,240,106,39,86,0.453,10,34,0.294,18,22,0.818,11,36,47,26,20,5,5,18,-9
1610612763,MEM,Memphis Grizzlies,0021900769,2020-02-07,MEM @ PHI,L,240,107,38,93,0.409,5,21,0.238,26,31,0.839,9,31,40,25,14,13,6,15,-12
1610612755,PHI,Philadelphia 76ers,0021900769,2020-02-07,PHI vs. MEM,W,240,119,48,90,0.533,14,25,0.56,9,15,0.6,10,40,50,34,21,8,11,25,12
1610612757,POR,Portland Trail Blazers,0021900776,2020-02-07,POR @ UTA,L,240,114,44,97,0.454,17,40,0.425,9,14,0.643,10,33,43,14,9,9,4,18,-3
1610612761,TOR,Toronto Raptors,0021900772,2020-02-07,TOR @ IND,W,240,115,42,88,0.477,17,38,0.447,14,17,0.824,8,31,39,28,16,12,3,22,9
1610612745,HOU,Houston Rockets,0021900774,2020-02-07,HOU @ PHX,L,240,91,29,85,0.341,11,48,0.229,22,26,0.846,8,21,29,16,16,8,5,21,-36
1610612738,BOS,Boston Celtics,0021900771,2020-02-07,BOS vs. ATL,W,240,112,37,86,0.43,16,37,0.432,22,27,0.815,11,36,47,23,13,5,8,18,5
1610612737,ATL,Atlanta Hawks,0021900771,2020-02-07,ATL @ BOS,L,240,107,35,86,0.407,13,39,0.333,24,26,0.923,12,34,46,21,14,7,8,21,-5
1610612764,WAS,Washington Wizards,0021900770,2020-02-07,WAS vs. DAL,W,240,119,45,90,0.5,19,38,0.5,10,13,0.769,8,31,39,28,13,8,4,19,1
1610612762,UTA,Utah Jazz,0021900776,2020-02-07,UTA vs. POR,W,240,117,45,91,0.495,10,30,0.333,17,24,0.708,13,43,56,21,15,6,2,19,3
1610612742,DAL,Dallas Mavericks,0021900770,2020-02-07,DAL @ WAS,L,240,118,42,91,0.462,16,40,0.4,18,21,0.857,15,34,49,27,14,7,2,21,-1
1610612748,MIA,Miami Heat,0021900775,2020-02-07,MIA @ SAC,L,240,97,34,77,0.442,12,40,0.3,17,25,0.68,7,35,42,21,20,7,5,16,-8
1610612756,PHX,Phoenix Suns,0021900774,2020-02-07,PHX vs. HOU,W,240,127,43,77,0.558,15,31,0.484,26,27,0.963,10,41,51,29,23,10,9,15,36
1610612758,SAC,Sacramento Kings,0021900775,2020-02-07,SAC vs. MIA,W,240,105,40,82,0.488,19,44,0.432,6,12,0.5,6,30,36,29,14,8,3,24,8
1610612765,DET,Detroit Pistons,0021900773,2020-02-07,DET @ OKC,L,240,101,38,89,0.427,11,38,0.289,14,19,0.737,14,23,37,19,11,7,1,23,-7
1610612760,OKC,Oklahoma City Thunder,0021900773,2020-02-07,OKC vs. DET,W,240,108,39,76,0.513,5,23,0.217,25,30,0.833,9,33,42,21,12,4,6,23,7
1610612753,ORL,Orlando Magic,0021900777,2020-02-08,ORL vs. MIL,L,240,95,37,98,0.378,10,40,0.25,11,14,0.786,10,36,46,28,9,10,6,15,-16
1610612761,TOR,Toronto Raptors,0021900781,2020-02-08,TOR vs. BKN,W,240,119,45,95,0.474,14,35,0.4,15,21,0.714,13,35,48,22,7,6,5,22,1
1610612749,MIL,Milwaukee Bucks,0021900777,2020-02-08,MIL @ ORL,W,240,111,42,93,0.452,15,39,0.385,12,16,0.75,10,52,62,26,16,4,5,11,16
1610612750,MIN,Minnesota Timberwolves,0021900782,2020-02-08,MIN vs. LAC,W,240,142,52,95,0.547,26,44,0.591,12,18,0.667,9,37,46,39,13,8,3,21,27
1610612754,IND,Indiana Pacers,0021900780,2020-02-08,IND vs. NOP,L,240,117,44,83,0.53,9,26,0.346,20,27,0.741,2,35,37,25,14,5,9,25,-7
1610612743,DEN,Denver Nuggets,0021900784,2020-02-08,DEN @ PHX,W,240,117,45,82,0.549,11,28,0.393,16,21,0.762,8,32,40,23,14,7,7,22,9
1610612740,NOP,New Orleans Pelicans,0021900780,2020-02-08,NOP @ IND,W,240,124,44,95,0.463,15,38,0.395,21,25,0.84,16,37,53,27,15,8,2,24,7
1610612744,GSW,Golden State Warriors,0021900783,2020-02-08,GSW vs. LAL,L,240,120,46,89,0.517,13,32,0.406,15,23,0.652,8,25,33,31,18,15,6,27,-5
1610612765,DET,Detroit Pistons,0021900779,2020-02-08,DET vs. NYK,L,240,92,34,69,0.493,13,29,0.448,11,16,0.688,3,25,28,21,16,5,7,19,-3
1610612752,NYK,New York Knicks,0021900779,2020-02-08,NYK @ DET,W,240,95,38,85,0.447,8,22,0.364,11,17,0.647,16,31,47,24,15,5,6,21,3
1610612766,CHA,Charlotte Hornets,0021900778,2020-02-08,CHA vs. DAL,L,240,100,38,87,0.437,11,36,0.306,13,18,0.722,12,27,39,15,11,5,4,13,-16
1610612742,DAL,Dallas Mavericks,0021900778,2020-02-08,DAL @ CHA,W,240,116,44,87,0.506,17,35,0.486,11,11,1.0,11,35,46,29,12,5,6,18,16
1610612756,PHX,Phoenix Suns,0021900784,2020-02-08,PHX vs. DEN,L,240,108,38,87,0.437,9,32,0.281,23,23,1.0,11,30,41,25,14,7,4,18,-9
1610612747,LAL,Los Angeles Lakers,0021900783,2020-02-08,LAL @ GSW,W,240,125,43,82,0.524,14,29,0.483,25,34,0.735,12,35,47,29,24,11,2,22,5
1610612758,SAC,Sacramento Kings,0021900785,2020-02-08,SAC vs. SAS,W,240,122,45,86,0.523,19,35,0.543,13,20,0.65,8,31,39,25,11,6,2,16,20
1610612759,SAS,San Antonio Spurs,0021900785,2020-02-08,SAS @ SAC,L,240,102,41,81,0.506,7,24,0.292,13,18,0.722,8,33,41,23,15,7,4,22,-20
1610612746,LAC,LA Clippers,0021900782,2020-02-08,LAC @ MIN,L,240,115,41,86,0.477,9,26,0.346,24,29,0.828,8,35,43,24,15,8,5,17,-27
1610612751,BKN,Brooklyn Nets,0021900781,2020-02-08,BKN @ TOR,L,240,118,41,92,0.446,16,44,0.364,20,24,0.833,13,33,46,27,9,5,5,16,-1
1610612760,OKC,Oklahoma City Thunder,0021900786,2020-02-09,OKC vs. BOS,L,240,111,39,86,0.453,11,27,0.407,22,29,0.759,12,32,44,14,10,3,3,21,-1
1610612745,HOU,Houston Rockets,0021900790,2020-02-09,HOU vs. UTA,L,240,113,44,95,0.463,15,42,0.357,10,14,0.714,7,29,36,20,8,10,5,19,-1
1610612755,PHI,Philadelphia 76ers,0021900788,2020-02-09,PHI vs. CHI,W,240,118,42,84,0.5,11,27,0.407,23,32,0.719,15,29,44,29,16,12,6,18,7
1610612762,UTA,Utah Jazz,0021900790,2020-02-09,UTA @ HOU,W,240,114,42,86,0.488,15,38,0.395,15,18,0.833,10,38,48,25,16,2,4,14,1
1610612748,MIA,Miami Heat,0021900792,2020-02-09,MIA @ POR,L,240,109,39,98,0.398,20,49,0.408,11,14,0.786,13,36,49,31,13,6,5,22,-6
1610612738,BOS,Boston Celtics,0021900786,2020-02-09,BOS @ OKC,W,240,112,38,84,0.452,16,36,0.444,20,27,0.741,14,39,53,19,9,6,2,24,1
1610612757,POR,Portland Trail Blazers,0021900792,2020-02-09,POR vs. MIA,W,240,115,40,85,0.471,19,42,0.452,16,22,0.727,5,38,43,20,14,9,6,22,6
1610612741,CHI,Chicago Bulls,0021900788,2020-02-09,CHI @ PHI,L,240,111,43,88,0.489,12,32,0.375,13,17,0.765,14,28,42,23,18,8,3,24,-7
1610612752,NYK,New York Knicks,0021900787,2020-02-09,NYK @ ATL,L,290,135,52,110,0.473,13,34,0.382,18,25,0.72,15,41,56,30,18,12,6,29,-5
1610612746,LAC,LA Clippers,0021900791,2020-02-09,LAC @ CLE,W,240,133,53,93,0.57,12,36,0.333,15,20,0.75,10,42,52,28,12,11,6,21,41
1610612764,WAS,Washington Wizards,0021900789,2020-02-09,WAS vs. MEM,L,240,99,35,100,0.35,7,33,0.212,22,29,0.759,9,41,50,25,7,7,4,22,-7
1610612739,CLE,Cleveland Cavaliers,0021900791,2020-02-09,CLE vs. LAC,L,240,92,35,95,0.368,7,33,0.212,15,22,0.682,16,29,45,22,16,9,1,17,-41
1610612763,MEM,Memphis Grizzlies,0021900789,2020-02-09,MEM @ WAS,W,240,106,43,102,0.422,5,32,0.156,15,25,0.6,13,49,62,19,15,4,4,23,7
1610612737,ATL,Atlanta Hawks,0021900787,2020-02-09,ATL vs. NYK,W,290,140,49,108,0.454,14,40,0.35,28,31,0.903,11,39,50,29,15,9,8,24,5
1610612737,ATL,Atlanta Hawks,0021900795,2020-02-10,ATL @ ORL,L,240,126,47,88,0.534,16,37,0.432,16,17,0.941,4,27,31,33,12,5,5,18,-9
1610612758,SAC,Sacramento Kings,0021900797,2020-02-10,SAC @ MIL,L,240,111,42,101,0.416,14,43,0.326,13,18,0.722,10,39,49,23,13,6,5,22,-12
1610612761,TOR,Toronto Raptors,0021900796,2020-02-10,TOR vs. MIN,W,240,137,51,89,0.573,17,33,0.515,18,23,0.783,9,32,41,29,20,15,4,26,11
1610612742,DAL,Dallas Mavericks,0021900798,2020-02-10,DAL vs. UTA,L,240,119,39,83,0.47,15,43,0.349,26,31,0.839,4,22,26,24,7,8,3,18,-4
1610612753,ORL,Orlando Magic,0021900795,2020-02-10,ORL vs. ATL,W,240,135,50,95,0.526,18,38,0.474,17,22,0.773,14,31,45,33,11,9,5,14,9
1610612744,GSW,Golden State Warriors,0021900800,2020-02-10,GSW vs. MIA,L,240,101,30,77,0.39,11,34,0.324,30,34,0.882,6,34,40,23,16,8,2,21,-12
1610612759,SAS,San Antonio Spurs,0021900799,2020-02-10,SAS @ DEN,L,240,120,41,85,0.482,16,32,0.5,22,25,0.88,9,27,36,33,10,7,1,17,-7
1610612754,IND,Indiana Pacers,0021900794,2020-02-10,IND vs. BKN,L,240,105,45,92,0.489,7,30,0.233,8,11,0.727,6,34,40,28,6,7,3,21,-1
1610612748,MIA,Miami Heat,0021900800,2020-02-10,MIA @ GSW,W,240,113,43,87,0.494,12,33,0.364,15,21,0.714,7,38,45,36,12,10,3,19,12
1610612749,MIL,Milwaukee Bucks,0021900797,2020-02-10,MIL vs. SAC,W,240,123,43,96,0.448,18,42,0.429,19,23,0.826,8,47,55,26,13,7,5,18,12
1610612765,DET,Detroit Pistons,0021900793,2020-02-10,DET vs. CHA,L,240,76,29,82,0.354,7,35,0.2,11,13,0.846,19,33,52,21,21,4,5,18,-11
1610612762,UTA,Utah Jazz,0021900798,2020-02-10,UTA @ DAL,W,240,123,46,78,0.59,15,35,0.429,16,21,0.762,10,35,45,27,21,5,2,29,4
1610612766,CHA,Charlotte Hornets,0021900793,2020-02-10,CHA @ DET,W,240,87,33,88,0.375,9,36,0.25,12,14,0.857,13,32,45,19,12,10,3,15,11
1610612743,DEN,Denver Nuggets,0021900799,2020-02-10,DEN vs. SAS,W,240,127,45,80,0.563,18,35,0.514,19,23,0.826,9,28,37,34,11,7,5,16,7
1610612751,BKN,Brooklyn Nets,0021900794,2020-02-10,BKN @ IND,W,240,106,35,87,0.402,12,37,0.324,24,32,0.75,14,39,53,20,10,5,7,15,1
1610612750,MIN,Minnesota Timberwolves,0021900796,2020-02-10,MIN @ TOR,L,240,126,39,86,0.453,18,40,0.45,30,35,0.857,10,28,38,24,23,6,4,19,-11
1610612756,PHX,Phoenix Suns,0021900801,2020-02-10,PHX @ LAL,L,240,100,32,76,0.421,11,31,0.355,25,31,0.806,3,26,29,26,13,7,2,19,-25
1610612747,LAL,Los Angeles Lakers,0021900801,2020-02-10,LAL vs. PHX,W,240,125,47,91,0.516,14,37,0.378,17,25,0.68,16,43,59,28,16,8,4,22,25
1610612740,NOP,New Orleans Pelicans,0021900804,2020-02-11,NOP vs. POR,W,240,138,49,92,0.533,14,34,0.412,26,32,0.813,14,36,50,40,14,7,5,20,21
1610612746,LAC,LA Clippers,0021900802,2020-02-11,LAC @ PHI,L,240,103,40,90,0.444,14,31,0.452,9,13,0.692,5,37,42,25,9,2,6,19,-7
1610612760,OKC,Oklahoma City Thunder,0021900805,2020-02-11,OKC vs. SAS,L,240,106,39,85,0.459,11,31,0.355,17,21,0.81,6,29,35,19,14,8,2,24,-8
1610612759,SAS,San Antonio Spurs,0021900805,2020-02-11,SAS @ OKC,W,240,114,41,84,0.488,7,25,0.28,25,27,0.926,7,39,46,20,12,9,7,19,8
1610612738,BOS,Boston Celtics,0021900806,2020-02-11,BOS @ HOU,L,240,105,37,85,0.435,11,32,0.344,20,25,0.8,10,38,48,24,18,11,4,26,-11
1610612741,CHI,Chicago Bulls,0021900803,2020-02-11,CHI @ WAS,L,240,114,44,92,0.478,16,39,0.41,10,14,0.714,10,34,44,25,22,9,4,22,-12
1610612764,WAS,Washington Wizards,0021900803,2020-02-11,WAS vs. CHI,W,240,126,48,89,0.539,11,32,0.344,19,24,0.792,9,35,44,28,17,11,6,16,12
1610612755,PHI,Philadelphia 76ers,0021900802,2020-02-11,PHI vs. LAC,W,240,110,44,95,0.463,8,27,0.296,14,21,0.667,11,39,50,25,8,3,7,11,7
1610612757,POR,Portland Trail Blazers,0021900804,2020-02-11,POR @ NOP,L,240,117,44,93,0.473,7,29,0.241,22,28,0.786,12,28,40,21,15,5,3,26,-21
1610612745,HOU,Houston Rockets,0021900806,2020-02-11,HOU vs. BOS,W,240,116,33,77,0.429,13,45,0.289,37,42,0.881,5,40,45,17,14,9,6,21,11
1610612737,ATL,Atlanta Hawks,0021900807,2020-02-12,ATL @ CLE,L,240,105,36,84,0.429,13,34,0.382,20,25,0.8,9,29,38,24,17,11,5,26,-22
1610612765,DET,Detroit Pistons,0021900808,2020-02-12,DET @ ORL,L,265,112,40,92,0.435,18,45,0.4,14,15,0.933,9,38,47,28,21,5,7,20,-4
1610612764,WAS,Washington Wizards,0021900811,2020-02-12,WAS @ NYK,W,240,114,40,84,0.476,10,28,0.357,24,33,0.727,6,34,40,25,14,13,7,21,18
1610612750,MIN,Minnesota Timberwolves,0021900813,2020-02-12,MIN vs. CHA,L,240,108,39,101,0.386,14,49,0.286,16,20,0.8,14,34,48,25,11,10,7,19,-7
1610612761,TOR,Toronto Raptors,0021900809,2020-02-12,TOR @ BKN,L,240,91,34,90,0.378,13,43,0.302,10,13,0.769,6,36,42,21,13,6,4,20,-10
1610612753,ORL,Orlando Magic,0021900808,2020-02-12,ORL vs. DET,W,265,116,44,96,0.458,12,36,0.333,16,18,0.889,9,37,46,34,13,13,7,16,4
1610612763,MEM,Memphis Grizzlies,0021900812,2020-02-12,MEM vs. POR,W,240,111,45,95,0.474,6,23,0.261,15,22,0.682,15,42,57,26,12,8,9,18,7
1610612751,BKN,Brooklyn Nets,0021900809,2020-02-12,BKN vs. TOR,W,240,101,36,88,0.409,9,35,0.257,20,25,0.8,12,43,55,27,17,7,5,16,10
1610612766,CHA,Charlotte Hornets,0021900813,2020-02-12,CHA @ MIN,W,240,115,43,92,0.467,14,34,0.412,15,23,0.652,12,40,52,22,14,7,4,16,7
1610612754,IND,Indiana Pacers,0021900810,2020-02-12,IND vs. MIL,W,240,118,45,86,0.523,9,27,0.333,19,24,0.792,8,36,44,28,16,10,3,21,7
1610612758,SAC,Sacramento Kings,0021900814,2020-02-12,SAC @ DAL,L,240,111,41,99,0.414,12,39,0.308,17,22,0.773,10,30,40,26,5,7,2,16,-19
1610612739,CLE,Cleveland Cavaliers,0021900807,2020-02-12,CLE vs. ATL,W,240,127,48,94,0.511,10,28,0.357,21,25,0.84,17,38,55,25,17,8,6,22,22
1610612757,POR,Portland Trail Blazers,0021900812,2020-02-12,POR @ MEM,L,240,104,36,97,0.371,13,37,0.351,19,24,0.792,16,35,51,21,11,7,3,16,-7
1610612748,MIA,Miami Heat,0021900816,2020-02-12,MIA @ UTA,L,240,101,38,88,0.432,13,39,0.333,12,16,0.75,6,31,37,19,11,11,4,22,-15
1610612747,LAL,Los Angeles Lakers,0021900817,2020-02-12,LAL @ DEN,W,265,120,47,93,0.505,12,33,0.364,14,27,0.519,10,39,49,29,12,8,4,22,4
1610612749,MIL,Milwaukee Bucks,0021900810,2020-02-12,MIL @ IND,L,240,111,37,91,0.407,13,37,0.351,24,25,0.96,11,33,44,18,18,7,5,21,-7
1610612756,PHX,Phoenix Suns,0021900815,2020-02-12,PHX vs. GSW,W,240,112,42,91,0.462,14,37,0.378,14,15,0.933,8,32,40,25,14,14,4,21,6
1610612752,NYK,New York Knicks,0021900811,2020-02-12,NYK vs. WAS,L,240,96,36,88,0.409,3,23,0.13,21,29,0.724,14,38,52,19,22,10,3,27,-18
1610612742,DAL,Dallas Mavericks,0021900814,2020-02-12,DAL vs. SAC,W,240,130,48,85,0.565,17,40,0.425,17,21,0.81,3,44,47,34,12,1,7,18,19
1610612762,UTA,Utah Jazz,0021900816,2020-02-12,UTA vs. MIA,W,240,116,41,85,0.482,14,36,0.389,20,23,0.87,10,43,53,23,15,6,3,16,15
1610612743,DEN,Denver Nuggets,0021900817,2020-02-12,DEN vs. LAL,L,265,116,44,88,0.5,11,25,0.44,17,22,0.773,3,39,42,32,12,9,2,26,-4
1610612744,GSW,Golden State Warriors,0021900815,2020-02-12,GSW @ PHX,L,240,106,39,77,0.506,11,31,0.355,17,19,0.895,4,34,38,27,22,8,7,20,-6
1610612760,OKC,Oklahoma City Thunder,0021900819,2020-02-13,OKC @ NOP,W,240,123,46,92,0.5,13,27,0.481,18,22,0.818,5,35,40,28,9,11,5,21,5
1610612746,LAC,LA Clippers,0021900818,2020-02-13,LAC @ BOS,L,290,133,46,110,0.418,11,35,0.314,30,37,0.811,14,41,55,19,16,4,10,31,-8
1610612740,NOP,New Orleans Pelicans,0021900819,2020-02-13,NOP vs. OKC,L,240,118,42,86,0.488,14,35,0.4,20,27,0.741,8,38,46,31,17,3,7,20,-5
1610612738,BOS,Boston Celtics,0021900818,2020-02-13,BOS vs. LAC,W,290,141,45,103,0.437,18,43,0.419,33,40,0.825,7,44,51,22,15,9,6,28,8
1610612751,BKN,Brooklyn Nets,0021900822,2020-02-20,BKN @ PHI,L,265,104,36,102,0.353,10,34,0.294,22,28,0.786,15,34,49,22,16,3,1,27,-8
1610612763,MEM,Memphis Grizzlies,0021900824,2020-02-20,MEM @ SAC,L,240,125,43,85,0.506,12,30,0.4,27,32,0.844,11,40,51,25,20,5,5,29,-4
1610612758,SAC,Sacramento Kings,0021900824,2020-02-20,SAC vs. MEM,W,240,129,42,83,0.506,19,39,0.487,26,36,0.722,3,24,27,22,10,9,2,21,4
1610612741,CHI,Chicago Bulls,0021900823,2020-02-20,CHI vs. CHA,L,240,93,37,87,0.425,7,31,0.226,12,19,0.632,12,26,38,24,14,12,3,23,-10
1610612755,PHI,Philadelphia 76ers,0021900822,2020-02-20,PHI vs. BKN,W,265,112,38,86,0.442,4,22,0.182,32,35,0.914,11,37,48,19,14,10,6,22,8
1610612744,GSW,Golden State Warriors,0021900825,2020-02-20,GSW vs. HOU,L,240,105,44,89,0.494,7,33,0.212,10,12,0.833,13,27,40,26,23,11,7,16,-30
1610612765,DET,Detroit Pistons,0021900820,2020-02-20,DET vs. MIL,L,240,106,40,83,0.482,13,37,0.351,13,16,0.813,7,39,46,25,22,3,5,23,-20
1610612745,HOU,Houston Rockets,0021900825,2020-02-20,HOU @ GSW,W,240,135,45,85,0.529,25,49,0.51,20,22,0.909,8,28,36,31,16,14,7,15,30
1610612766,CHA,Charlotte Hornets,0021900823,2020-02-20,CHA @ CHI,W,240,103,35,74,0.473,8,28,0.286,25,29,0.862,9,35,44,22,18,9,4,16,10
1610612749,MIL,Milwaukee Bucks,0021900820,2020-02-20,MIL @ DET,W,240,126,47,93,0.505,10,33,0.303,22,27,0.815,8,33,41,24,8,14,3,15,20
1610612737,ATL,Atlanta Hawks,0021900821,2020-02-20,ATL vs. MIA,W,240,129,41,85,0.482,16,35,0.457,31,35,0.886,6,35,41,22,16,8,6,27,5
1610612748,MIA,Miami Heat,0021900821,2020-02-20,MIA @ ATL,L,240,124,40,98,0.408,11,37,0.297,33,38,0.868,15,36,51,28,15,9,7,31,-5
1610612750,MIN,Minnesota Timberwolves,0021900830,2020-02-21,MIN vs. BOS,L,240,117,36,89,0.404,15,42,0.357,30,35,0.857,8,35,43,23,10,8,10,27,-10
1610612761,TOR,Toronto Raptors,0021900829,2020-02-21,TOR vs. PHX,W,240,118,42,80,0.525,14,37,0.378,20,22,0.909,7,41,48,24,25,7,13,20,17
1610612764,WAS,Washington Wizards,0021900827,2020-02-21,WAS vs. CLE,L,240,108,41,106,0.387,9,37,0.243,17,23,0.739,17,30,47,24,12,12,3,26,-5
1610612753,ORL,Orlando Magic,0021900826,2020-02-21,ORL vs. DAL,L,240,106,41,104,0.394,9,43,0.209,15,19,0.789,16,32,48,21,8,11,2,22,-16
1610612757,POR,Portland Trail Blazers,0021900834,2020-02-21,POR vs. NOP,L,240,115,43,94,0.457,10,27,0.37,19,25,0.76,13,33,46,20,14,7,9,22,-13
1610612747,LAL,Los Angeles Lakers,0021900833,2020-02-21,LAL vs. MEM,W,240,117,41,86,0.477,9,29,0.31,26,40,0.65,12,37,49,25,15,9,14,24,12
1610612754,IND,Indiana Pacers,0021900828,2020-02-21,IND @ NYK,W,240,106,36,88,0.409,8,28,0.286,26,33,0.788,12,38,50,20,11,7,5,22,8
1610612743,DEN,Denver Nuggets,0021900831,2020-02-21,DEN @ OKC,L,240,101,37,77,0.481,6,27,0.222,21,23,0.913,8,31,39,19,19,7,3,20,-12
1610612759,SAS,San Antonio Spurs,0021900832,2020-02-21,SAS @ UTA,W,240,113,40,91,0.44,10,20,0.5,23,26,0.885,7,41,48,22,7,12,7,20,9
1610612740,NOP,New Orleans Pelicans,0021900834,2020-02-21,NOP @ POR,W,240,128,45,84,0.536,18,34,0.529,20,33,0.606,9,37,46,36,19,8,3,23,13
1610612762,UTA,Utah Jazz,0021900832,2020-02-21,UTA vs. SAS,L,240,104,35,82,0.427,12,33,0.364,22,26,0.846,6,41,47,25,17,4,6,18,-9
1610612756,PHX,Phoenix Suns,0021900829,2020-02-21,PHX @ TOR,L,240,101,38,92,0.413,6,34,0.176,19,23,0.826,10,24,34,29,17,12,3,23,-17
1610612760,OKC,Oklahoma City Thunder,0021900831,2020-02-21,OKC vs. DEN,W,240,113,40,87,0.46,9,26,0.346,24,27,0.889,14,30,44,19,12,12,3,19,12
1610612739,CLE,Cleveland Cavaliers,0021900827,2020-02-21,CLE @ WAS,W,240,113,43,81,0.531,11,27,0.407,16,25,0.64,10,37,47,19,22,3,6,24,5
1610612752,NYK,New York Knicks,0021900828,2020-02-21,NYK vs. IND,L,240,98,35,81,0.432,11,25,0.44,17,25,0.68,5,35,40,21,15,7,7,26,-8
1610612738,BOS,Boston Celtics,0021900830,2020-02-21,BOS @ MIN,W,240,127,44,95,0.463,10,29,0.345,29,37,0.784,16,42,58,21,11,5,6,26,10
1610612742,DAL,Dallas Mavericks,0021900826,2020-02-21,DAL @ ORL,W,240,122,43,84,0.512,15,38,0.395,21,26,0.808,8,42,50,26,16,6,7,14,16
1610612763,MEM,Memphis Grizzlies,0021900833,2020-02-21,MEM @ LAL,L,240,105,42,92,0.457,5,15,0.333,16,31,0.516,16,34,50,22,17,9,1,27,-12
1610612758,SAC,Sacramento Kings,0021900835,2020-02-22,SAC @ LAC,W,240,112,40,89,0.449,12,31,0.387,20,26,0.769,11,37,48,25,13,11,4,24,9
1610612739,CLE,Cleveland Cavaliers,0021900838,2020-02-22,CLE @ MIA,L,240,105,38,79,0.481,13,36,0.361,16,22,0.727,11,29,40,29,25,8,2,18,-19
1610612762,UTA,Utah Jazz,0021900841,2020-02-22,UTA vs. HOU,L,240,110,42,90,0.467,7,31,0.226,19,24,0.792,6,40,46,18,13,1,2,14,-10
1610612746,LAC,LA Clippers,0021900835,2020-02-22,LAC vs. SAC,L,240,103,34,87,0.391,10,30,0.333,25,29,0.862,13,34,47,20,19,7,3,22,-9
1610612737,ATL,Atlanta Hawks,0021900837,2020-02-22,ATL vs. DAL,W,240,111,43,98,0.439,8,37,0.216,17,26,0.654,13,40,53,27,10,9,4,21,4
1610612748,MIA,Miami Heat,0021900838,2020-02-22,MIA vs. CLE,W,240,124,45,79,0.57,19,40,0.475,15,20,0.75,4,25,29,34,16,16,4,20,19
1610612749,MIL,Milwaukee Bucks,0021900840,2020-02-22,MIL vs. PHI,W,240,119,48,91,0.527,14,41,0.341,9,13,0.692,8,49,57,35,17,2,6,16,21
1610612751,BKN,Brooklyn Nets,0021900836,2020-02-22,BKN @ CHA,W,240,115,42,87,0.483,17,47,0.362,14,19,0.737,9,45,54,26,10,10,6,20,29
1610612766,CHA,Charlotte Hornets,0021900836,2020-02-22,CHA vs. BKN,L,240,86,31,88,0.352,12,35,0.343,12,21,0.571,9,36,45,22,13,5,2,16,-29
1610612755,PHI,Philadelphia 76ers,0021900840,2020-02-22,PHI @ MIL,L,240,98,35,99,0.354,13,38,0.342,15,18,0.833,11,32,43,17,12,10,4,17,-21
1610612741,CHI,Chicago Bulls,0021900839,2020-02-22,CHI vs. PHX,L,240,104,36,83,0.434,14,38,0.368,18,21,0.857,11,27,38,18,26,11,7,29,-8
1610612756,PHX,Phoenix Suns,0021900839,2020-02-22,PHX @ CHI,W,240,112,38,86,0.442,10,30,0.333,26,31,0.839,17,30,47,26,21,10,4,23,8
1610612742,DAL,Dallas Mavericks,0021900837,2020-02-22,DAL @ ATL,L,240,107,40,89,0.449,14,44,0.318,13,19,0.684,10,38,48,23,16,5,10,22,-4
1610612745,HOU,Houston Rockets,0021900841,2020-02-22,HOU @ UTA,W,240,120,45,92,0.489,20,48,0.417,10,14,0.714,6,36,42,20,10,9,5,25,10
1610612747,LAL,Los Angeles Lakers,0021900842,2020-02-23,LAL vs. BOS,W,240,114,39,86,0.453,11,34,0.324,25,37,0.676,11,35,46,20,13,9,4,22,2
1610612740,NOP,New Orleans Pelicans,0021900847,2020-02-23,NOP @ GSW,W,240,115,46,98,0.469,17,42,0.405,6,13,0.462,14,38,52,34,13,7,5,15,14
1610612743,DEN,Denver Nuggets,0021900844,2020-02-23,DEN vs. MIN,W,240,128,53,90,0.589,11,30,0.367,11,17,0.647,5,33,38,29,14,9,7,24,12
1610612761,TOR,Toronto Raptors,0021900843,2020-02-23,TOR vs. IND,W,240,127,47,92,0.511,17,44,0.386,16,18,0.889,10,47,57,32,17,9,10,21,46
1610612759,SAS,San Antonio Spurs,0021900846,2020-02-23,SAS @ OKC,L,240,103,38,103,0.369,11,38,0.289,16,19,0.842,14,29,43,27,9,5,1,23,-28
1610612738,BOS,Boston Celtics,0021900842,2020-02-23,BOS @ LAL,L,240,112,38,83,0.458,13,34,0.382,23,30,0.767,8,36,44,20,17,7,3,29,-2
1610612764,WAS,Washington Wizards,0021900845,2020-02-23,WAS @ CHI,L,240,117,37,73,0.507,12,30,0.4,31,36,0.861,7,27,34,24,24,15,3,27,-9
1610612757,POR,Portland Trail Blazers,0021900848,2020-02-23,POR vs. DET,W,240,107,41,84,0.488,13,30,0.433,12,19,0.632,9,32,41,20,10,6,5,18,3
1610612741,CHI,Chicago Bulls,0021900845,2020-02-23,CHI vs. WAS,W,240,126,45,81,0.556,18,37,0.486,18,28,0.643,10,27,37,27,29,15,4,28,9
1610612750,MIN,Minnesota Timberwolves,0021900844,2020-02-23,MIN @ DEN,L,240,116,40,90,0.444,14,40,0.35,22,29,0.759,9,29,38,26,15,7,2,16,-12
1610612754,IND,Indiana Pacers,0021900843,2020-02-23,IND @ TOR,L,240,81,31,95,0.326,8,33,0.242,11,17,0.647,12,27,39,23,18,13,4,20,-46
1610612760,OKC,Oklahoma City Thunder,0021900846,2020-02-23,OKC vs. SAS,W,240,131,50,87,0.575,10,22,0.455,21,24,0.875,6,48,54,28,13,7,7,17,28
1610612765,DET,Detroit Pistons,0021900848,2020-02-23,DET @ POR,L,240,104,37,86,0.43,11,35,0.314,19,20,0.95,11,33,44,18,11,7,5,17,-3
1610612744,GSW,Golden State Warriors,0021900847,2020-02-23,GSW vs. NOP,L,240,101,40,92,0.435,11,35,0.314,10,15,0.667,11,37,48,28,15,9,7,16,-14
1610612749,MIL,Milwaukee Bucks,0021900851,2020-02-24,MIL @ WAS,W,265,137,49,86,0.57,17,37,0.459,22,27,0.815,4,41,45,26,21,7,4,28,3
1610612764,WAS,Washington Wizards,0021900851,2020-02-24,WAS vs. MIL,L,265,134,47,98,0.48,15,35,0.429,25,33,0.758,6,35,41,27,17,8,0,27,-3
1610612762,UTA,Utah Jazz,0021900855,2020-02-24,UTA vs. PHX,L,240,111,32,68,0.471,10,26,0.385,37,43,0.86,5,25,30,16,20,8,2,23,-20
1610612753,ORL,Orlando Magic,0021900852,2020-02-24,ORL @ BKN,W,240,115,44,89,0.494,13,34,0.382,14,17,0.824,7,34,41,27,10,6,9,11,2
1610612751,BKN,Brooklyn Nets,0021900852,2020-02-24,BKN vs. ORL,L,240,113,46,96,0.479,16,37,0.432,5,8,0.625,13,36,49,29,12,6,3,19,-2
1610612748,MIA,Miami Heat,0021900849,2020-02-24,MIA @ CLE,L,265,119,44,96,0.458,16,42,0.381,15,20,0.75,9,40,49,33,15,6,11,22,-6
1610612755,PHI,Philadelphia 76ers,0021900850,2020-02-24,PHI vs. ATL,W,240,129,45,88,0.511,12,30,0.4,27,30,0.9,9,39,48,27,12,9,5,22,17
1610612745,HOU,Houston Rockets,0021900853,2020-02-24,HOU vs. NYK,W,240,123,43,86,0.5,16,48,0.333,21,31,0.677,5,33,38,20,13,11,7,22,11
1610612752,NYK,New York Knicks,0021900853,2020-02-24,NYK @ HOU,L,240,112,40,91,0.44,11,29,0.379,21,30,0.7,16,38,54,20,17,12,8,21,-11
1610612742,DAL,Dallas Mavericks,0021900854,2020-02-24,DAL vs. MIN,W,240,139,51,101,0.505,16,44,0.364,21,28,0.75,14,40,54,28,13,7,3,28,16
1610612739,CLE,Cleveland Cavaliers,0021900849,2020-02-24,CLE vs. MIA,W,265,125,43,97,0.443,14,37,0.378,25,34,0.735,13,40,53,25,12,8,6,20,6
1610612763,MEM,Memphis Grizzlies,0021900856,2020-02-24,MEM @ LAC,L,240,97,37,89,0.416,7,27,0.259,16,22,0.727,11,34,45,20,13,6,7,18,-27
1610612737,ATL,Atlanta Hawks,0021900850,2020-02-24,ATL @ PHI,L,240,112,40,97,0.412,8,38,0.211,24,27,0.889,14,30,44,19,13,5,2,26,-17
1610612750,MIN,Minnesota Timberwolves,0021900854,2020-02-24,MIN @ DAL,L,240,123,42,95,0.442,15,42,0.357,24,34,0.706,7,35,42,16,12,4,6,22,-16
1610612756,PHX,Phoenix Suns,0021900855,2020-02-24,PHX @ UTA,W,240,131,49,87,0.563,12,20,0.6,21,24,0.875,11,27,38,33,15,10,1,31,20
1610612746,LAC,LA Clippers,0021900856,2020-02-24,LAC vs. MEM,W,240,124,47,94,0.5,16,37,0.432,14,17,0.824,11,39,50,33,12,7,5,20,27
1610612761,TOR,Toronto Raptors,0021900858,2020-02-25,TOR vs. MIL,L,240,97,32,91,0.352,18,52,0.346,15,21,0.714,9,34,43,21,17,4,5,26,-11
1610612766,CHA,Charlotte Hornets,0021900857,2020-02-25,CHA @ IND,L,240,80,31,93,0.333,10,33,0.303,8,18,0.444,13,26,39,22,11,10,1,13,-39
1610612754,IND,Indiana Pacers,0021900857,2020-02-25,IND vs. CHA,W,240,119,49,86,0.57,10,23,0.435,11,13,0.846,7,49,56,35,15,8,11,17,39
1610612744,GSW,Golden State Warriors,0021900863,2020-02-25,GSW vs. SAC,L,240,94,35,79,0.443,4,28,0.143,20,24,0.833,5,29,34,21,17,7,2,25,-18
1610612738,BOS,Boston Celtics,0021900862,2020-02-25,BOS @ POR,W,240,118,43,90,0.478,19,39,0.487,13,14,0.929,8,37,45,19,14,6,3,19,12
1610612740,NOP,New Orleans Pelicans,0021900861,2020-02-25,NOP @ LAL,L,240,109,39,86,0.453,8,27,0.296,23,30,0.767,6,39,45,31,20,10,2,24,-9
1610612758,SAC,Sacramento Kings,0021900863,2020-02-25,SAC @ GSW,W,240,112,40,76,0.526,13,30,0.433,19,34,0.559,2,38,40,25,10,7,4,23,18
1610612765,DET,Detroit Pistons,0021900860,2020-02-25,DET @ DEN,L,240,98,33,81,0.407,15,41,0.366,17,21,0.81,12,21,33,24,16,8,2,26,-17
1610612757,POR,Portland Trail Blazers,0021900862,2020-02-25,POR vs. BOS,L,240,106,38,85,0.447,13,31,0.419,17,23,0.739,8,33,41,24,17,8,4,15,-12
1610612743,DEN,Denver Nuggets,0021900860,2020-02-25,DEN vs. DET,W,240,115,44,76,0.579,9,19,0.474,18,22,0.818,9,32,41,33,18,12,3,20,17
1610612741,CHI,Chicago Bulls,0021900859,2020-02-25,CHI vs. OKC,L,240,122,52,97,0.536,12,31,0.387,6,9,0.667,13,26,39,22,11,6,4,25,-2
1610612749,MIL,Milwaukee Bucks,0021900858,2020-02-25,MIL @ TOR,W,240,108,32,84,0.381,14,42,0.333,30,36,0.833,8,45,53,23,14,10,10,19,11
1610612747,LAL,Los Angeles Lakers,0021900861,2020-02-25,LAL vs. NOP,W,240,118,45,102,0.441,13,44,0.295,15,21,0.714,14,37,51,27,16,10,12,20,9
1610612760,OKC,Oklahoma City Thunder,0021900859,2020-02-25,OKC @ CHI,W,240,124,42,76,0.553,14,30,0.467,26,35,0.743,7,30,37,25,12,8,7,17,2
1610612751,BKN,Brooklyn Nets,0021900866,2020-02-26,BKN @ WAS,L,240,106,36,87,0.414,10,36,0.278,24,35,0.686,15,41,56,15,18,7,1,24,-4
1610612763,MEM,Memphis Grizzlies,0021900870,2020-02-26,MEM @ HOU,L,240,112,43,108,0.398,13,39,0.333,13,21,0.619,22,27,49,28,16,9,3,16,-28
1610612739,CLE,Cleveland Cavaliers,0021900865,2020-02-26,CLE vs. PHI,W,240,108,41,78,0.526,11,24,0.458,15,17,0.882,9,39,48,24,19,5,4,16,14
1610612755,PHI,Philadelphia 76ers,0021900865,2020-02-26,PHI @ CLE,L,240,94,36,89,0.404,13,38,0.342,9,14,0.643,8,23,31,22,9,13,9,11,-14
1610612750,MIN,Minnesota Timberwolves,0021900868,2020-02-26,MIN @ MIA,W,240,129,47,91,0.516,17,46,0.37,18,25,0.72,5,28,33,28,16,16,8,35,3
1610612753,ORL,Orlando Magic,0021900867,2020-02-26,ORL @ ATL,W,240,130,49,100,0.49,14,32,0.438,18,25,0.72,13,39,52,30,9,7,9,21,10
1610612745,HOU,Houston Rockets,0021900870,2020-02-26,HOU vs. MEM,W,240,140,52,93,0.559,23,50,0.46,13,15,0.867,9,35,44,22,19,8,7,25,28
1610612737,ATL,Atlanta Hawks,0021900867,2020-02-26,ATL vs. ORL,L,240,120,42,94,0.447,13,36,0.361,23,25,0.92,9,33,42,30,9,5,5,22,-10
1610612766,CHA,Charlotte Hornets,0021900864,2020-02-26,CHA vs. NYK,W,240,107,39,83,0.47,10,30,0.333,19,25,0.76,10,27,37,25,14,7,4,19,6
1610612759,SAS,San Antonio Spurs,0021900869,2020-02-26,SAS vs. DAL,L,240,103,39,92,0.424,11,33,0.333,14,19,0.737,13,42,55,22,16,8,7,21,-6
1610612748,MIA,Miami Heat,0021900868,2020-02-26,MIA vs. MIN,L,240,126,41,78,0.526,11,26,0.423,33,43,0.767,8,35,43,30,22,9,8,21,-3
1610612764,WAS,Washington Wizards,0021900866,2020-02-26,WAS vs. BKN,W,240,110,41,96,0.427,15,39,0.385,13,16,0.813,9,30,39,22,11,9,2,26,4
1610612762,UTA,Utah Jazz,0021900872,2020-02-26,UTA vs. BOS,L,240,103,40,89,0.449,12,40,0.3,11,15,0.733,13,28,41,16,10,5,3,16,-11
1610612756,PHX,Phoenix Suns,0021900871,2020-02-26,PHX vs. LAC,L,240,92,34,87,0.391,9,34,0.265,15,18,0.833,14,34,48,29,16,8,3,17,-10
1610612742,DAL,Dallas Mavericks,0021900869,2020-02-26,DAL @ SAS,W,240,109,36,86,0.419,17,45,0.378,20,30,0.667,5,38,43,25,16,11,9,20,6
1610612738,BOS,Boston Celtics,0021900872,2020-02-26,BOS @ UTA,W,240,114,45,84,0.536,11,26,0.423,13,16,0.813,9,35,44,21,9,7,4,17,11
1610612746,LAC,LA Clippers,0021900871,2020-02-26,LAC @ PHX,W,240,102,37,84,0.44,14,38,0.368,14,15,0.933,11,35,46,22,16,11,2,22,10
1610612752,NYK,New York Knicks,0021900864,2020-02-26,NYK @ CHA,L,240,101,43,85,0.506,4,15,0.267,11,17,0.647,13,29,42,22,15,5,6,24,-6
1610612752,NYK,New York Knicks,0021900873,2020-02-27,NYK @ PHI,L,240,106,42,83,0.506,8,23,0.348,14,24,0.583,9,30,39,28,8,2,3,11,-9
1610612760,OKC,Oklahoma City Thunder,0021900875,2020-02-27,OKC vs. SAC,W,240,112,41,84,0.488,9,26,0.346,21,29,0.724,10,27,37,20,11,6,4,20,4
1610612755,PHI,Philadelphia 76ers,0021900873,2020-02-27,PHI vs. NYK,W,240,115,45,91,0.495,15,31,0.484,10,13,0.769,11,33,44,32,6,5,7,17,9
1610612758,SAC,Sacramento Kings,0021900875,2020-02-27,SAC @ OKC,L,240,108,41,91,0.451,12,35,0.343,14,14,1.0,12,33,45,30,15,6,2,33,-4
1610612744,GSW,Golden State Warriors,0021900876,2020-02-27,GSW vs. LAL,L,240,86,34,80,0.425,9,32,0.281,9,10,0.9,5,32,37,27,27,7,3,27,-30
1610612754,IND,Indiana Pacers,0021900874,2020-02-27,IND vs. POR,W,240,106,40,90,0.444,8,25,0.32,18,23,0.783,13,35,48,21,14,8,4,12,6
1610612747,LAL,Los Angeles Lakers,0021900876,2020-02-27,LAL @ GSW,W,240,116,45,88,0.511,8,24,0.333,18,27,0.667,8,36,44,24,17,13,5,17,30
1610612757,POR,Portland Trail Blazers,0021900874,2020-02-27,POR @ IND,L,240,100,41,89,0.461,9,30,0.3,9,14,0.643,10,35,45,14,14,5,5,21,-6
1610612737,ATL,Atlanta Hawks,0021900878,2020-02-28,ATL vs. BKN,W,240,141,50,97,0.515,19,39,0.487,22,30,0.733,15,37,52,32,10,8,4,15,23
1610612765,DET,Detroit Pistons,0021900884,2020-02-28,DET @ PHX,W,240,113,44,90,0.489,13,32,0.406,12,16,0.75,10,21,31,27,10,14,3,19,2
1610612758,SAC,Sacramento Kings,0021900881,2020-02-28,SAC @ MEM,W,240,104,38,91,0.418,11,38,0.289,17,21,0.81,8,39,47,24,9,11,3,16,3
1610612751,BKN,Brooklyn Nets,0021900878,2020-02-28,BKN @ ATL,L,240,118,42,92,0.457,18,46,0.391,16,21,0.762,7,31,38,30,13,5,8,19,-23
1610612764,WAS,Washington Wizards,0021900885,2020-02-28,WAS @ UTA,L,240,119,45,98,0.459,14,37,0.378,15,21,0.714,13,28,41,23,11,12,4,20,-10
1610612742,DAL,Dallas Mavericks,0021900880,2020-02-28,DAL @ MIA,L,240,118,40,84,0.476,21,50,0.42,17,19,0.895,4,31,35,25,11,0,3,25,-8
1610612743,DEN,Denver Nuggets,0021900886,2020-02-28,DEN @ LAC,L,240,103,41,91,0.451,9,25,0.36,12,16,0.75,13,26,39,19,15,7,6,18,-29
1610612763,MEM,Memphis Grizzlies,0021900881,2020-02-28,MEM vs. SAC,L,240,101,39,91,0.429,8,30,0.267,15,20,0.75,10,42,52,27,14,7,5,16,-3
1610612756,PHX,Phoenix Suns,0021900884,2020-02-28,PHX vs. DET,L,240,111,45,75,0.6,9,23,0.391,12,17,0.706,5,33,38,31,18,9,5,14,-2
1610612766,CHA,Charlotte Hornets,0021900879,2020-02-28,CHA @ TOR,W,240,99,34,78,0.436,13,30,0.433,18,25,0.72,11,47,58,23,18,3,8,22,3
1610612748,MIA,Miami Heat,0021900880,2020-02-28,MIA vs. DAL,W,240,126,41,79,0.519,17,35,0.486,27,36,0.75,6,34,40,30,11,6,2,21,8
1610612760,OKC,Oklahoma City Thunder,0021900882,2020-02-28,OKC @ MIL,L,240,86,33,91,0.363,6,35,0.171,14,20,0.7,5,31,36,14,14,8,3,15,-47
1610612740,NOP,New Orleans Pelicans,0021900883,2020-02-28,NOP vs. CLE,W,240,116,48,88,0.545,9,23,0.391,11,15,0.733,12,37,49,36,17,12,8,17,12
1610612761,TOR,Toronto Raptors,0021900879,2020-02-28,TOR vs. CHA,L,240,96,33,95,0.347,10,43,0.233,20,29,0.69,14,31,45,19,5,11,3,25,-3
1610612749,MIL,Milwaukee Bucks,0021900882,2020-02-28,MIL vs. OKC,W,240,133,50,100,0.5,21,45,0.467,12,14,0.857,14,52,66,34,17,6,2,21,47
1610612739,CLE,Cleveland Cavaliers,0021900883,2020-02-28,CLE @ NOP,L,240,104,43,95,0.453,11,31,0.355,7,12,0.583,10,24,34,27,14,7,2,13,-12
1610612762,UTA,Utah Jazz,0021900885,2020-02-28,UTA vs. WAS,W,240,129,44,89,0.494,19,37,0.514,22,30,0.733,15,39,54,23,15,7,5,22,10
1610612750,MIN,Minnesota Timberwolves,0021900877,2020-02-28,MIN @ ORL,L,240,125,46,95,0.484,17,44,0.386,16,24,0.667,6,27,33,27,15,10,6,20,-11
1610612746,LAC,LA Clippers,0021900886,2020-02-28,LAC vs. DEN,W,240,132,48,89,0.539,18,39,0.462,18,20,0.9,11,35,46,35,12,6,5,19,29
1610612753,ORL,Orlando Magic,0021900877,2020-02-28,ORL vs. MIN,W,240,136,53,98,0.541,12,40,0.3,18,22,0.818,10,44,54,36,16,6,7,20,11
1610612759,SAS,San Antonio Spurs,0021900893,2020-02-29,SAS vs. ORL,W,240,114,44,84,0.524,14,31,0.452,12,16,0.75,4,27,31,28,17,11,5,20,1
1610612747,LAL,Los Angeles Lakers,0021900891,2020-02-29,LAL @ MEM,L,240,88,36,87,0.414,9,35,0.257,7,12,0.583,13,32,45,26,16,5,3,13,-17
1610612737,ATL,Atlanta Hawks,0021900888,2020-02-29,ATL vs. POR,W,240,129,46,84,0.548,18,42,0.429,19,22,0.864,5,31,36,34,19,7,5,18,12
1610612753,ORL,Orlando Magic,0021900893,2020-02-29,ORL @ SAS,L,240,113,41,84,0.488,15,37,0.405,16,23,0.696,10,31,41,28,19,9,5,16,-1
1610612745,HOU,Houston Rockets,0021900892,2020-02-29,HOU @ BOS,W,265,111,41,98,0.418,15,55,0.273,14,18,0.778,12,41,53,17,16,10,8,20,1
1610612748,MIA,Miami Heat,0021900889,2020-02-29,MIA vs. BKN,W,240,116,41,91,0.451,14,38,0.368,20,24,0.833,10,35,45,27,7,4,4,21,3
1610612756,PHX,Phoenix Suns,0021900894,2020-02-29,PHX vs. GSW,L,240,99,34,83,0.41,12,29,0.414,19,23,0.826,8,32,40,24,20,3,5,25,-16
1610612739,CLE,Cleveland Cavaliers,0021900890,2020-02-29,CLE vs. IND,L,240,104,41,85,0.482,5,22,0.227,17,20,0.85,6,30,36,30,16,9,3,13,-9
1610612738,BOS,Boston Celtics,0021900892,2020-02-29,BOS vs. HOU,L,265,110,39,100,0.39,13,42,0.31,19,25,0.76,14,40,54,22,14,11,6,18,-1
1610612744,GSW,Golden State Warriors,0021900894,2020-02-29,GSW @ PHX,W,240,115,41,87,0.471,9,30,0.3,24,32,0.75,13,36,49,30,10,9,6,21,16
1610612754,IND,Indiana Pacers,0021900890,2020-02-29,IND @ CLE,W,240,113,47,87,0.54,8,23,0.348,11,14,0.786,8,30,38,30,13,10,6,20,9
1610612763,MEM,Memphis Grizzlies,0021900891,2020-02-29,MEM vs. LAL,W,240,105,43,95,0.453,10,31,0.323,9,11,0.818,15,36,51,27,10,10,4,14,17
1610612741,CHI,Chicago Bulls,0021900887,2020-02-29,CHI @ NYK,L,240,115,41,89,0.461,17,35,0.486,16,23,0.696,13,20,33,26,8,12,3,22,-10
1610612752,NYK,New York Knicks,0021900887,2020-02-29,NYK vs. CHI,W,240,125,47,85,0.553,8,20,0.4,23,33,0.697,17,33,50,29,17,6,4,19,10
1610612751,BKN,Brooklyn Nets,0021900889,2020-02-29,BKN @ MIA,L,240,113,40,86,0.465,16,44,0.364,17,23,0.739,8,36,44,30,10,3,3,23,-3
1610612757,POR,Portland Trail Blazers,0021900888,2020-02-29,POR @ ATL,L,240,117,47,94,0.5,8,28,0.286,15,21,0.714,13,29,42,14,17,9,4,26,-12
1610612758,SAC,Sacramento Kings,0021900899,2020-03-01,SAC vs. DET,W,240,106,37,91,0.407,9,35,0.257,23,26,0.885,17,34,51,18,11,8,7,20,6
1610612761,TOR,Toronto Raptors,0021900898,2020-03-01,TOR @ DEN,L,240,118,41,89,0.461,10,38,0.263,26,29,0.897,8,28,36,24,12,9,4,24,-15
1610612743,DEN,Denver Nuggets,0021900898,2020-03-01,DEN vs. TOR,W,240,133,47,83,0.566,18,36,0.5,21,30,0.7,7,34,41,38,16,6,1,22,15
1610612749,MIL,Milwaukee Bucks,0021900895,2020-03-01,MIL @ CHA,W,240,93,35,87,0.402,7,31,0.226,16,21,0.762,15,46,61,20,17,7,6,11,8
1610612746,LAC,LA Clippers,0021900897,2020-03-01,LAC vs. PHI,W,240,136,45,76,0.592,13,24,0.542,33,41,0.805,6,31,37,25,11,6,6,17,6
1610612765,DET,Detroit Pistons,0021900899,2020-03-01,DET @ SAC,L,240,100,33,80,0.413,18,42,0.429,16,24,0.667,7,35,42,23,16,6,4,25,-6
1610612742,DAL,Dallas Mavericks,0021900896,2020-03-01,DAL @ MIN,W,240,111,44,94,0.468,11,40,0.275,12,19,0.632,6,50,56,28,14,10,7,16,20
1610612766,CHA,Charlotte Hornets,0021900895,2020-03-01,CHA vs. MIL,L,240,85,34,96,0.354,8,35,0.229,9,10,0.9,12,35,47,22,10,7,8,18,-8
1610612764,WAS,Washington Wizards,0021900901,2020-03-01,WAS @ GSW,W,240,124,40,82,0.488,20,30,0.667,24,27,0.889,5,29,34,24,13,10,5,20,14
1610612750,MIN,Minnesota Timberwolves,0021900896,2020-03-01,MIN vs. DAL,L,240,91,36,99,0.364,13,42,0.31,6,15,0.4,14,43,57,19,14,9,3,17,-20
1610612755,PHI,Philadelphia 76ers,0021900897,2020-03-01,PHI @ LAC,L,240,130,48,95,0.505,21,43,0.488,13,20,0.65,10,27,37,27,10,7,4,28,-6
1610612744,GSW,Golden State Warriors,0021900901,2020-03-01,GSW vs. WAS,L,240,110,42,89,0.472,9,28,0.321,17,24,0.708,18,34,52,25,22,7,7,24,-14
1610612740,NOP,New Orleans Pelicans,0021900900,2020-03-01,NOP vs. LAL,L,240,114,40,95,0.421,7,32,0.219,27,33,0.818,15,37,52,24,16,7,3,11,-8
1610612747,LAL,Los Angeles Lakers,0021900900,2020-03-01,LAL @ NOP,W,240,122,50,97,0.515,13,35,0.371,9,10,0.9,6,30,36,23,13,9,10,26,8
1610612749,MIL,Milwaukee Bucks,0021900906,2020-03-02,MIL @ MIA,L,240,89,35,86,0.407,7,34,0.206,12,19,0.632,8,40,48,19,15,4,5,18,-16
1610612745,HOU,Houston Rockets,0021900903,2020-03-02,HOU @ NYK,L,240,123,39,94,0.415,20,56,0.357,25,27,0.926,8,26,34,25,12,11,5,20,-2
1610612762,UTA,Utah Jazz,0021900902,2020-03-02,UTA @ CLE,W,240,126,47,83,0.566,20,41,0.488,12,14,0.857,8,39,47,30,15,3,7,17,13
1610612741,CHI,Chicago Bulls,0021900907,2020-03-02,CHI vs. DAL,W,240,109,44,94,0.468,10,36,0.278,11,17,0.647,12,30,42,24,14,7,5,21,2
1610612757,POR,Portland Trail Blazers,0021900904,2020-03-02,POR @ ORL,W,240,130,49,88,0.557,16,33,0.485,16,16,1.0,6,43,49,27,12,6,4,24,23
1610612763,MEM,Memphis Grizzlies,0021900905,2020-03-02,MEM @ ATL,W,240,127,46,92,0.5,14,32,0.438,21,31,0.677,14,46,60,30,15,12,8,16,39
1610612759,SAS,San Antonio Spurs,0021900908,2020-03-02,SAS vs. IND,L,240,111,40,77,0.519,16,32,0.5,15,19,0.789,3,30,33,21,15,6,5,19,-5
1610612754,IND,Indiana Pacers,0021900908,2020-03-02,IND @ SAS,W,240,116,39,78,0.5,15,31,0.484,23,26,0.885,6,34,40,22,13,9,5,20,5
1610612753,ORL,Orlando Magic,0021900904,2020-03-02,ORL vs. POR,L,240,107,37,96,0.385,14,43,0.326,19,22,0.864,11,28,39,29,6,3,2,11,-23
1610612739,CLE,Cleveland Cavaliers,0021900902,2020-03-02,CLE vs. UTA,L,240,113,42,91,0.462,17,41,0.415,12,18,0.667,11,25,36,28,7,10,1,18,-13
1610612748,MIA,Miami Heat,0021900906,2020-03-02,MIA vs. MIL,W,240,105,37,86,0.43,18,37,0.486,13,18,0.722,6,40,46,28,10,4,4,19,16
1610612737,ATL,Atlanta Hawks,0021900905,2020-03-02,ATL vs. MEM,L,240,88,32,99,0.323,9,35,0.257,15,16,0.938,16,27,43,20,17,6,8,21,-39
1610612742,DAL,Dallas Mavericks,0021900907,2020-03-02,DAL @ CHI,L,240,107,40,84,0.476,12,42,0.286,15,20,0.75,9,35,44,26,18,9,5,20,-2
1610612752,NYK,New York Knicks,0021900903,2020-03-02,NYK vs. HOU,W,240,125,47,97,0.485,12,30,0.4,19,30,0.633,20,45,65,26,19,6,7,19,2
1610612764,WAS,Washington Wizards,0021900916,2020-03-03,WAS @ SAC,L,240,126,41,80,0.513,16,38,0.421,28,34,0.824,2,29,31,28,14,10,5,22,-7
1610612740,NOP,New Orleans Pelicans,0021900911,2020-03-03,NOP vs. MIN,L,240,134,52,100,0.52,14,39,0.359,16,27,0.593,13,31,44,37,15,13,2,18,-5
1610612755,PHI,Philadelphia 76ers,0021900915,2020-03-03,PHI @ LAL,L,240,107,38,85,0.447,16,40,0.4,15,20,0.75,12,30,42,24,15,10,1,17,-13
1610612766,CHA,Charlotte Hornets,0021900909,2020-03-03,CHA vs. SAS,L,240,103,39,82,0.476,12,29,0.414,13,18,0.722,14,32,46,25,17,4,2,16,-1
1610612756,PHX,Phoenix Suns,0021900914,2020-03-03,PHX vs. TOR,L,240,114,39,85,0.459,15,39,0.385,21,25,0.84,6,29,35,30,18,6,6,22,-9
1610612760,OKC,Oklahoma City Thunder,0021900912,2020-03-03,OKC vs. LAC,L,240,94,34,81,0.42,9,28,0.321,17,26,0.654,8,35,43,16,15,7,7,22,-15
1610612750,MIN,Minnesota Timberwolves,0021900911,2020-03-03,MIN @ NOP,W,240,139,54,97,0.557,14,34,0.412,17,20,0.85,10,32,42,31,16,11,2,22,5
1610612759,SAS,San Antonio Spurs,0021900909,2020-03-03,SAS @ CHA,W,240,104,38,80,0.475,11,32,0.344,17,20,0.85,6,27,33,25,10,12,5,16,1
1610612758,SAC,Sacramento Kings,0021900916,2020-03-03,SAC vs. WAS,W,240,133,50,89,0.562,13,29,0.448,20,24,0.833,8,34,42,23,15,13,2,24,7
1610612747,LAL,Los Angeles Lakers,0021900915,2020-03-03,LAL vs. PHI,W,240,120,46,86,0.535,13,33,0.394,15,18,0.833,10,33,43,25,13,9,6,18,13
1610612738,BOS,Boston Celtics,0021900910,2020-03-03,BOS vs. BKN,L,265,120,44,103,0.427,15,49,0.306,17,23,0.739,13,29,42,24,15,10,6,30,-9
1610612751,BKN,Brooklyn Nets,0021900910,2020-03-03,BKN @ BOS,W,265,129,43,100,0.43,14,49,0.286,29,38,0.763,22,41,63,22,21,7,6,26,9
1610612761,TOR,Toronto Raptors,0021900914,2020-03-03,TOR @ PHX,W,240,123,40,86,0.465,14,34,0.412,29,35,0.829,9,38,47,17,15,9,5,25,9
1610612743,DEN,Denver Nuggets,0021900913,2020-03-03,DEN vs. GSW,L,240,100,39,87,0.448,3,20,0.15,19,26,0.731,19,34,53,22,16,6,5,26,-16
1610612744,GSW,Golden State Warriors,0021900913,2020-03-03,GSW @ DEN,W,240,116,42,82,0.512,18,41,0.439,14,22,0.636,5,30,35,31,11,8,3,23,16
1610612746,LAC,LA Clippers,0021900912,2020-03-03,LAC @ OKC,W,240,109,38,84,0.452,11,36,0.306,22,26,0.846,6,35,41,19,10,7,1,22,15
1610612752,NYK,New York Knicks,0021900921,2020-03-04,NYK vs. UTA,L,240,104,41,85,0.482,7,20,0.35,15,18,0.833,11,31,42,23,13,3,1,18,-8
1610612740,NOP,New Orleans Pelicans,0021900923,2020-03-04,NOP @ DAL,L,265,123,50,114,0.439,17,46,0.37,6,11,0.545,15,37,52,28,14,8,4,23,-4
1610612739,CLE,Cleveland Cavaliers,0021900917,2020-03-04,CLE vs. BOS,L,240,106,39,89,0.438,13,38,0.342,15,20,0.75,17,33,50,24,13,6,2,19,-6
1610612741,CHI,Chicago Bulls,0021900922,2020-03-04,CHI @ MIN,L,240,108,45,94,0.479,11,30,0.367,7,11,0.636,9,31,40,24,10,10,5,19,-7
1610612753,ORL,Orlando Magic,0021900919,2020-03-04,ORL @ MIA,L,240,113,44,84,0.524,13,30,0.433,12,14,0.857,5,30,35,28,12,6,5,17,-3
1610612764,WAS,Washington Wizards,0021900925,2020-03-04,WAS @ POR,L,240,104,40,103,0.388,11,35,0.314,13,21,0.619,18,30,48,27,10,8,4,29,-21
1610612757,POR,Portland Trail Blazers,0021900925,2020-03-04,POR vs. WAS,W,240,125,42,81,0.519,13,31,0.419,28,32,0.875,7,40,47,24,16,7,11,24,21
1610612765,DET,Detroit Pistons,0021900918,2020-03-04,DET vs. OKC,L,240,107,40,86,0.465,18,43,0.419,9,15,0.6,9,27,36,27,17,8,5,21,-7
1610612738,BOS,Boston Celtics,0021900917,2020-03-04,BOS @ CLE,W,240,112,40,86,0.465,11,30,0.367,21,26,0.808,13,36,49,16,11,10,7,20,6
1610612751,BKN,Brooklyn Nets,0021900920,2020-03-04,BKN vs. MEM,L,240,79,30,90,0.333,7,42,0.167,12,17,0.706,13,29,42,15,14,6,4,17,-39
1610612763,MEM,Memphis Grizzlies,0021900920,2020-03-04,MEM @ BKN,W,240,118,43,100,0.43,20,44,0.455,12,14,0.857,18,41,59,21,12,8,5,15,39
1610612749,MIL,Milwaukee Bucks,0021900924,2020-03-04,MIL vs. IND,W,240,119,43,94,0.457,13,46,0.283,20,22,0.909,11,45,56,26,18,8,4,14,19
1610612748,MIA,Miami Heat,0021900919,2020-03-04,MIA vs. ORL,W,240,116,41,79,0.519,22,44,0.5,12,15,0.8,6,30,36,31,14,8,5,17,3
1610612762,UTA,Utah Jazz,0021900921,2020-03-04,UTA @ NYK,W,240,112,41,81,0.506,10,36,0.278,20,25,0.8,6,31,37,26,14,5,5,20,8
1610612760,OKC,Oklahoma City Thunder,0021900918,2020-03-04,OKC @ DET,W,240,114,46,75,0.613,10,24,0.417,12,17,0.706,2,31,33,25,16,13,8,18,7
1610612750,MIN,Minnesota Timberwolves,0021900922,2020-03-04,MIN vs. CHI,W,240,115,40,81,0.494,19,43,0.442,16,25,0.64,10,33,43,27,18,5,4,15,7
1610612754,IND,Indiana Pacers,0021900924,2020-03-04,IND @ MIL,L,240,100,42,97,0.433,7,27,0.259,9,11,0.818,7,32,39,22,16,12,2,18,-19
1610612742,DAL,Dallas Mavericks,0021900923,2020-03-04,DAL vs. NOP,W,265,127,44,95,0.463,22,50,0.44,17,24,0.708,6,43,49,30,17,6,13,17,4
1610612743,DEN,Denver Nuggets,0021900926,2020-03-05,DEN @ CHA,W,240,114,44,83,0.53,8,26,0.308,18,20,0.9,13,25,38,29,13,7,5,21,2
1610612755,PHI,Philadelphia 76ers,0021900928,2020-03-05,PHI @ SAC,W,240,125,47,96,0.49,17,37,0.459,14,17,0.824,14,31,45,24,13,8,2,18,17
1610612744,GSW,Golden State Warriors,0021900929,2020-03-05,GSW vs. TOR,L,240,113,40,98,0.408,14,52,0.269,19,25,0.76,14,38,52,34,16,4,5,23,-8
1610612746,LAC,LA Clippers,0021900927,2020-03-05,LAC @ HOU,W,240,120,39,84,0.464,13,40,0.325,29,39,0.744,9,48,57,22,16,5,6,25,15
1610612745,HOU,Houston Rockets,0021900927,2020-03-05,HOU vs. LAC,L,240,105,35,97,0.361,7,42,0.167,28,36,0.778,15,36,51,19,11,6,5,25,-15
1610612761,TOR,Toronto Raptors,0021900929,2020-03-05,TOR @ GSW,W,240,121,40,84,0.476,13,41,0.317,28,31,0.903,3,36,39,28,12,10,3,24,8
1610612758,SAC,Sacramento Kings,0021900928,2020-03-05,SAC vs. PHI,L,240,108,42,79,0.532,11,29,0.379,13,18,0.722,4,33,37,23,18,7,4,21,-17
1610612766,CHA,Charlotte Hornets,0021900926,2020-03-05,CHA vs. DEN,L,240,112,38,77,0.494,13,33,0.394,23,28,0.821,9,25,34,24,14,7,2,23,-2
1610612740,NOP,New Orleans Pelicans,0021900936,2020-03-06,NOP vs. MIA,W,240,110,38,91,0.418,14,38,0.368,20,28,0.714,15,38,53,28,17,7,6,25,6
1610612764,WAS,Washington Wizards,0021900930,2020-03-06,WAS vs. ATL,W,240,118,36,76,0.474,15,31,0.484,31,35,0.886,9,29,38,24,18,9,4,19,6
1610612742,DAL,Dallas Mavericks,0021900937,2020-03-06,DAL vs. MEM,W,240,121,45,95,0.474,18,47,0.383,13,17,0.765,13,35,48,30,11,11,9,11,25
1610612751,BKN,Brooklyn Nets,0021900931,2020-03-06,BKN vs. SAS,W,240,139,51,96,0.531,15,36,0.417,22,31,0.71,9,43,52,32,8,1,2,22,19
1610612737,ATL,Atlanta Hawks,0021900930,2020-03-06,ATL @ WAS,L,240,112,46,86,0.535,12,32,0.375,8,12,0.667,6,30,36,25,18,9,4,25,-6
1610612759,SAS,San Antonio Spurs,0021900931,2020-03-06,SAS @ BKN,L,240,120,43,92,0.467,10,34,0.294,24,27,0.889,2,36,38,25,6,3,5,20,-19
1610612750,MIN,Minnesota Timberwolves,0021900935,2020-03-06,MIN vs. ORL,L,240,118,46,98,0.469,10,37,0.27,16,20,0.8,10,26,36,30,8,6,3,21,-14
1610612754,IND,Indiana Pacers,0021900934,2020-03-06,IND @ CHI,W,240,108,38,75,0.507,8,22,0.364,24,33,0.727,10,36,46,24,22,9,8,16,6
1610612762,UTA,Utah Jazz,0021900933,2020-03-06,UTA @ BOS,W,240,99,36,80,0.45,17,45,0.378,10,12,0.833,8,32,40,23,18,8,7,19,5
1610612760,OKC,Oklahoma City Thunder,0021900932,2020-03-06,OKC @ NYK,W,240,126,47,96,0.49,12,31,0.387,20,25,0.8,10,28,38,26,4,8,6,18,23
1610612747,LAL,Los Angeles Lakers,0021900939,2020-03-06,LAL vs. MIL,W,240,113,38,91,0.418,6,32,0.188,31,38,0.816,10,42,52,19,16,11,4,27,10
1610612748,MIA,Miami Heat,0021900936,2020-03-06,MIA @ NOP,L,240,104,37,86,0.43,9,33,0.273,21,31,0.677,10,35,45,27,16,11,9,23,-6
1610612763,MEM,Memphis Grizzlies,0021900937,2020-03-06,MEM @ DAL,L,240,96,39,84,0.464,9,30,0.3,9,13,0.692,9,38,47,29,19,7,4,15,-25
1610612757,POR,Portland Trail Blazers,0021900938,2020-03-06,POR @ PHX,L,240,117,43,87,0.494,13,32,0.406,18,24,0.75,9,30,39,26,16,6,6,19,-10
1610612749,MIL,Milwaukee Bucks,0021900939,2020-03-06,MIL @ LAL,L,240,103,37,89,0.416,12,43,0.279,17,23,0.739,5,40,45,22,20,8,1,32,-10
1610612738,BOS,Boston Celtics,0021900933,2020-03-06,BOS vs. UTA,L,240,94,35,94,0.372,10,36,0.278,14,18,0.778,13,32,45,19,13,6,6,13,-5
1610612756,PHX,Phoenix Suns,0021900938,2020-03-06,PHX vs. POR,W,240,127,45,91,0.495,19,42,0.452,18,19,0.947,15,32,47,29,13,9,4,22,10
1610612753,ORL,Orlando Magic,0021900935,2020-03-06,ORL @ MIN,W,240,132,51,84,0.607,7,21,0.333,23,31,0.742,6,39,45,31,11,5,5,18,14
1610612752,NYK,New York Knicks,0021900932,2020-03-06,NYK vs. OKC,L,240,103,41,91,0.451,4,24,0.167,17,22,0.773,13,35,48,19,12,4,8,20,-23
1610612741,CHI,Chicago Bulls,0021900934,2020-03-06,CHI vs. IND,L,240,102,40,97,0.412,9,38,0.237,13,15,0.867,17,28,45,27,17,12,6,25,-6
1610612766,CHA,Charlotte Hornets,0021900940,2020-03-07,CHA vs. HOU,W,240,108,37,70,0.529,15,32,0.469,19,25,0.76,6,24,30,29,17,7,1,15,9
1610612757,POR,Portland Trail Blazers,0021900945,2020-03-07,POR vs. SAC,L,240,111,42,89,0.472,10,39,0.256,17,26,0.654,10,31,41,22,11,9,3,16,-12
1610612745,HOU,Houston Rockets,0021900940,2020-03-07,HOU @ CHA,L,240,99,35,76,0.461,15,45,0.333,14,20,0.7,13,29,42,22,21,9,3,25,-9
1610612739,CLE,Cleveland Cavaliers,0021900942,2020-03-07,CLE vs. DEN,W,240,104,42,76,0.553,12,28,0.429,8,12,0.667,8,31,39,32,22,8,2,17,2
1610612758,SAC,Sacramento Kings,0021900945,2020-03-07,SAC @ POR,W,240,123,41,85,0.482,21,39,0.538,20,23,0.87,11,36,47,30,15,9,3,23,12
1610612763,MEM,Memphis Grizzlies,0021900943,2020-03-07,MEM vs. ATL,W,240,118,43,87,0.494,12,33,0.364,20,33,0.606,15,43,58,27,17,9,6,18,17
1610612743,DEN,Denver Nuggets,0021900942,2020-03-07,DEN @ CLE,L,240,102,43,85,0.506,13,32,0.406,3,8,0.375,9,24,33,28,18,15,0,19,-2
1610612765,DET,Detroit Pistons,0021900941,2020-03-07,DET vs. UTA,L,240,105,40,86,0.465,9,30,0.3,16,22,0.727,10,28,38,24,11,4,2,23,-6
1610612762,UTA,Utah Jazz,0021900941,2020-03-07,UTA @ DET,W,240,111,40,77,0.519,10,33,0.303,21,28,0.75,9,31,40,17,10,10,4,19,6
1610612744,GSW,Golden State Warriors,0021900944,2020-03-07,GSW vs. PHI,W,240,118,44,80,0.55,9,25,0.36,21,28,0.75,7,28,35,30,7,4,2,19,4
1610612755,PHI,Philadelphia 76ers,0021900944,2020-03-07,PHI @ GSW,L,240,114,41,84,0.488,13,34,0.382,19,22,0.864,11,30,41,29,11,3,2,21,-4
1610612737,ATL,Atlanta Hawks,0021900943,2020-03-07,ATL @ MEM,L,240,101,32,95,0.337,13,49,0.265,24,28,0.857,14,32,46,23,14,9,2,24,-17
1610612765,DET,Detroit Pistons,0021900955,2020-03-08,DET @ NYK,L,240,84,29,80,0.363,11,38,0.289,15,22,0.682,5,30,35,21,13,8,2,19,-12
1610612753,ORL,Orlando Magic,0021900953,2020-03-08,ORL @ HOU,W,240,126,44,91,0.484,13,29,0.448,25,31,0.806,13,36,49,21,15,11,4,17,20
1610612739,CLE,Cleveland Cavaliers,0021900954,2020-03-08,CLE vs. SAS,W,265,132,43,94,0.457,13,34,0.382,33,45,0.733,14,46,60,26,18,4,4,24,3
1610612749,MIL,Milwaukee Bucks,0021900950,2020-03-08,MIL @ PHX,L,240,131,51,95,0.537,13,33,0.394,16,21,0.762,7,29,36,23,10,7,3,29,-9
1610612761,TOR,Toronto Raptors,0021900956,2020-03-08,TOR @ SAC,W,240,118,39,82,0.476,19,48,0.396,21,27,0.778,2,34,36,27,9,10,3,22,5
1610612740,NOP,New Orleans Pelicans,0021900947,2020-03-08,NOP @ MIN,W,240,120,44,90,0.489,11,35,0.314,21,31,0.677,10,44,54,28,25,7,5,23,13
1610612746,LAC,LA Clippers,0021900948,2020-03-08,LAC vs. LAL,L,240,103,34,86,0.395,7,31,0.226,28,37,0.757,15,34,49,12,16,5,5,26,-9
1610612741,CHI,Chicago Bulls,0021900946,2020-03-08,CHI @ BKN,L,240,107,39,92,0.424,12,34,0.353,17,25,0.68,5,26,31,23,7,14,3,31,-3
1610612738,BOS,Boston Celtics,0021900949,2020-03-08,BOS vs. OKC,L,240,104,38,92,0.413,13,37,0.351,15,19,0.789,11,35,46,22,13,9,5,25,-1
1610612756,PHX,Phoenix Suns,0021900950,2020-03-08,PHX vs. MIL,W,240,140,47,85,0.553,19,43,0.442,27,31,0.871,8,39,47,30,15,6,4,23,9
1610612750,MIN,Minnesota Timberwolves,0021900947,2020-03-08,MIN vs. NOP,L,240,107,37,94,0.394,8,33,0.242,25,31,0.806,9,33,42,20,17,15,3,23,-13
1610612752,NYK,New York Knicks,0021900955,2020-03-08,NYK vs. DET,W,240,96,36,82,0.439,6,19,0.316,18,25,0.72,13,38,51,15,12,10,5,16,12
1610612754,IND,Indiana Pacers,0021900952,2020-03-08,IND @ DAL,W,240,112,46,88,0.523,8,23,0.348,12,18,0.667,6,41,47,23,11,5,6,23,3
1610612764,WAS,Washington Wizards,0021900951,2020-03-08,WAS vs. MIA,L,240,89,26,78,0.333,19,47,0.404,18,21,0.857,4,25,29,19,14,11,2,26,-11
1610612760,OKC,Oklahoma City Thunder,0021900949,2020-03-08,OKC @ BOS,W,240,105,35,79,0.443,10,25,0.4,25,34,0.735,4,35,39,16,18,9,7,22,1
1610612745,HOU,Houston Rockets,0021900953,2020-03-08,HOU vs. ORL,L,240,106,39,88,0.443,9,32,0.281,19,25,0.76,11,27,38,21,18,10,7,23,-20
1610612742,DAL,Dallas Mavericks,0021900952,2020-03-08,DAL vs. IND,L,240,109,39,91,0.429,14,43,0.326,17,25,0.68,9,33,42,19,11,7,5,17,-3
1610612751,BKN,Brooklyn Nets,0021900946,2020-03-08,BKN vs. CHI,W,240,110,32,64,0.5,11,30,0.367,35,41,0.854,5,45,50,21,29,4,5,24,3
1610612759,SAS,San Antonio Spurs,0021900954,2020-03-08,SAS @ CLE,L,265,129,43,98,0.439,10,26,0.385,33,36,0.917,6,38,44,20,9,15,6,34,-3
1610612747,LAL,Los Angeles Lakers,0021900948,2020-03-08,LAL @ LAC,W,240,112,39,87,0.448,10,35,0.286,24,28,0.857,9,36,45,22,14,8,7,28,9
1610612748,MIA,Miami Heat,0021900951,2020-03-08,MIA @ WAS,W,240,100,32,66,0.485,13,28,0.464,23,28,0.821,5,41,46,21,23,7,8,25,11
1610612758,SAC,Sacramento Kings,0021900956,2020-03-08,SAC vs. TOR,L,240,113,42,90,0.467,8,31,0.258,21,23,0.913,10,40,50,24,11,5,7,22,-5
1610612762,UTA,Utah Jazz,0021900959,2020-03-09,UTA vs. TOR,L,240,92,33,83,0.398,16,43,0.372,10,14,0.714,6,28,34,24,11,12,4,20,-9
1610612743,DEN,Denver Nuggets,0021900958,2020-03-09,DEN vs. MIL,W,240,109,41,94,0.436,16,41,0.39,11,12,0.917,6,42,48,28,14,11,8,20,14
1610612766,CHA,Charlotte Hornets,0021900957,2020-03-09,CHA @ ATL,L,290,138,49,104,0.471,19,48,0.396,21,23,0.913,8,27,35,31,5,9,6,22,-5
1610612749,MIL,Milwaukee Bucks,0021900958,2020-03-09,MIL @ DEN,L,240,95,34,90,0.378,15,50,0.3,12,18,0.667,11,37,48,23,17,8,4,15,-14
1610612761,TOR,Toronto Raptors,0021900959,2020-03-09,TOR @ UTA,W,240,101,36,83,0.434,13,36,0.361,16,18,0.889,14,39,53,22,20,9,2,14,9
1610612737,ATL,Atlanta Hawks,0021900957,2020-03-09,ATL vs. CHA,W,290,143,53,96,0.552,21,43,0.488,16,27,0.593,12,41,53,33,16,1,5,26,5
1610612751,BKN,Brooklyn Nets,0021900968,2020-03-10,BKN @ LAL,W,240,104,37,90,0.411,13,40,0.325,17,23,0.739,14,33,47,24,11,7,3,18,2
1610612745,HOU,Houston Rockets,0021900963,2020-03-10,HOU vs. MIN,W,240,117,41,80,0.513,15,38,0.395,20,26,0.769,5,28,33,24,18,9,5,20,6
1610612764,WAS,Washington Wizards,0021900961,2020-03-10,WAS vs. NYK,W,240,122,35,74,0.473,14,35,0.4,38,45,0.844,9,28,37,23,19,8,4,25,7
1610612746,LAC,LA Clippers,0021900967,2020-03-10,LAC @ GSW,W,240,131,46,92,0.5,20,44,0.455,19,19,1.0,11,36,47,28,11,5,2,19,24
1610612759,SAS,San Antonio Spurs,0021900965,2020-03-10,SAS vs. DAL,W,240,119,46,89,0.517,15,32,0.469,12,15,0.8,6,34,40,32,12,11,10,15,10
1610612741,CHI,Chicago Bulls,0021900962,2020-03-10,CHI vs. CLE,W,240,108,42,84,0.5,12,34,0.353,12,15,0.8,14,32,46,23,21,8,6,21,5
1610612750,MIN,Minnesota Timberwolves,0021900963,2020-03-10,MIN @ HOU,L,240,111,40,83,0.482,14,35,0.4,17,23,0.739,8,33,41,21,19,9,0,20,-6
1610612739,CLE,Cleveland Cavaliers,0021900962,2020-03-10,CLE @ CHI,L,240,103,40,80,0.5,6,24,0.25,17,23,0.739,9,26,35,29,18,9,5,15,-5
1610612747,LAL,Los Angeles Lakers,0021900968,2020-03-10,LAL vs. BKN,L,240,102,40,87,0.46,15,40,0.375,7,12,0.583,8,38,46,24,15,7,4,22,-2
1610612753,ORL,Orlando Magic,0021900964,2020-03-10,ORL @ MEM,W,240,120,43,92,0.467,14,33,0.424,20,22,0.909,12,29,41,31,16,10,3,26,5
1610612752,NYK,New York Knicks,0021900961,2020-03-10,NYK @ WAS,L,240,115,42,81,0.519,8,21,0.381,23,31,0.742,8,28,36,30,19,10,3,29,-7
1610612744,GSW,Golden State Warriors,0021900967,2020-03-10,GSW vs. LAC,L,240,107,37,79,0.468,11,38,0.289,22,27,0.815,4,31,35,25,10,3,0,17,-24
1610612757,POR,Portland Trail Blazers,0021900966,2020-03-10,POR vs. PHX,W,240,121,45,89,0.506,17,35,0.486,14,17,0.824,9,37,46,20,11,9,9,17,16
1610612738,BOS,Boston Celtics,0021900960,2020-03-10,BOS @ IND,W,240,114,41,93,0.441,13,37,0.351,19,22,0.864,11,35,46,19,10,9,4,15,3
1610612756,PHX,Phoenix Suns,0021900966,2020-03-10,PHX @ POR,L,240,105,35,87,0.402,11,32,0.344,24,25,0.96,9,34,43,26,14,3,5,16,-16
1610612754,IND,Indiana Pacers,0021900960,2020-03-10,IND vs. BOS,L,240,111,46,93,0.495,9,24,0.375,10,11,0.909,10,33,43,23,12,5,8,20,-3
1610612763,MEM,Memphis Grizzlies,0021900964,2020-03-10,MEM vs. ORL,L,240,115,38,76,0.5,11,29,0.379,28,38,0.737,7,32,39,24,21,7,5,22,-5
1610612742,DAL,Dallas Mavericks,0021900965,2020-03-10,DAL @ SAS,L,240,109,42,92,0.457,17,44,0.386,8,11,0.727,7,35,42,23,14,8,3,19,-10
1610612765,DET,Detroit Pistons,0021900971,2020-03-11,DET @ PHI,L,240,106,39,84,0.464,11,35,0.314,17,25,0.68,6,26,32,25,9,10,3,24,-18
1610612743,DEN,Denver Nuggets,0021900973,2020-03-11,DEN @ DAL,L,240,97,39,83,0.47,14,39,0.359,5,8,0.625,3,37,40,23,16,6,4,20,-16
1610612755,PHI,Philadelphia 76ers,0021900971,2020-03-11,PHI vs. DET,W,240,124,42,83,0.506,14,33,0.424,26,32,0.813,13,37,50,28,14,7,4,18,18
1610612742,DAL,Dallas Mavericks,0021900973,2020-03-11,DAL vs. DEN,W,240,113,42,92,0.457,12,35,0.343,17,23,0.739,13,39,52,23,11,9,2,14,16
1610612766,CHA,Charlotte Hornets,0021900970,2020-03-11,CHA @ MIA,W,240,109,37,82,0.451,17,34,0.5,18,22,0.818,15,35,50,20,14,7,4,9,11
1610612752,NYK,New York Knicks,0021900969,2020-03-11,NYK @ ATL,W,265,136,50,94,0.532,11,28,0.393,25,34,0.735,6,41,47,32,12,14,9,23,5
1610612737,ATL,Atlanta Hawks,0021900969,2020-03-11,ATL vs. NYK,L,265,131,48,106,0.453,14,41,0.341,21,26,0.808,15,38,53,26,17,6,3,25,-5
1610612748,MIA,Miami Heat,0021900970,2020-03-11,MIA vs. CHA,L,240,98,39,84,0.464,15,44,0.341,5,6,0.833,9,27,36,32,14,8,5,17,-11
1610612762,UTA,Utah Jazz,0021901231,2020-07-30,UTA @ NOP,W,240,106,37,84,0.44,8,34,0.235,24,28,0.857,12,31,43,17,20,11,6,23,2
1610612747,LAL,Los Angeles Lakers,0021901232,2020-07-30,LAL vs. LAC,W,240,103,32,82,0.39,11,36,0.306,28,37,0.757,11,34,45,21,16,6,3,27,2
1610612746,LAC,LA Clippers,0021901232,2020-07-30,LAC @ LAL,L,240,101,32,74,0.432,16,36,0.444,21,28,0.75,4,32,36,17,22,6,5,30,-2
1610612740,NOP,New Orleans Pelicans,0021901231,2020-07-30,NOP vs. UTA,L,240,104,40,94,0.426,11,31,0.355,13,18,0.722,15,30,45,22,21,12,2,25,-2
1610612745,HOU,Houston Rockets,0021901238,2020-07-31,HOU @ DAL,W,265,153,52,101,0.515,19,48,0.396,30,39,0.769,7,36,43,26,9,12,10,31,4
1610612758,SAC,Sacramento Kings,0021901237,2020-07-31,SAC @ SAS,L,240,120,46,95,0.484,12,38,0.316,16,20,0.8,8,34,42,22,18,11,2,25,-9
1610612742,DAL,Dallas Mavericks,0021901238,2020-07-31,DAL vs. HOU,L,265,149,50,105,0.476,21,49,0.429,28,38,0.737,13,42,55,30,20,7,4,36,-4
1610612763,MEM,Memphis Grizzlies,0021901234,2020-07-31,MEM @ POR,L,265,135,42,93,0.452,13,41,0.317,38,50,0.76,10,29,39,25,13,9,5,26,-5
1610612756,PHX,Phoenix Suns,0021901235,2020-07-31,PHX @ WAS,W,240,125,42,80,0.525,11,32,0.344,30,32,0.938,4,33,37,29,18,10,3,24,13
1610612751,BKN,Brooklyn Nets,0021901233,2020-07-31,BKN vs. ORL,L,240,118,44,91,0.484,13,42,0.31,17,23,0.739,10,29,39,30,14,4,2,25,-10
1610612749,MIL,Milwaukee Bucks,0021901236,2020-07-31,MIL vs. BOS,W,240,119,39,84,0.464,13,41,0.317,28,34,0.824,7,40,47,25,15,9,7,26,7
1610612764,WAS,Washington Wizards,0021901235,2020-07-31,WAS vs. PHX,L,240,112,42,91,0.462,8,22,0.364,20,23,0.87,8,28,36,18,18,7,2,26,-13
1610612759,SAS,San Antonio Spurs,0021901237,2020-07-31,SAS vs. SAC,W,240,129,48,90,0.533,11,25,0.44,22,27,0.815,9,33,42,32,15,6,4,17,9
1610612753,ORL,Orlando Magic,0021901233,2020-07-31,ORL @ BKN,W,240,128,46,87,0.529,11,31,0.355,25,28,0.893,6,36,42,31,14,8,3,23,10
1610612738,BOS,Boston Celtics,0021901236,2020-07-31,BOS @ MIL,L,240,112,37,91,0.407,11,37,0.297,27,34,0.794,14,34,48,18,16,8,5,28,-7
1610612757,POR,Portland Trail Blazers,0021901234,2020-07-31,POR vs. MEM,W,265,140,49,91,0.538,13,30,0.433,29,34,0.853,9,33,42,27,17,10,9,36,5
1610612762,UTA,Utah Jazz,0021901240,2020-08-01,UTA @ OKC,L,240,94,34,87,0.391,8,31,0.258,18,22,0.818,12,23,35,17,16,11,4,21,-16
1610612740,NOP,New Orleans Pelicans,0021901241,2020-08-01,NOP @ LAC,L,240,103,38,85,0.447,9,30,0.3,18,28,0.643,9,39,48,24,18,4,1,23,-23
1610612747,LAL,Los Angeles Lakers,0021901243,2020-08-01,LAL @ TOR,L,240,92,29,82,0.354,10,40,0.25,24,33,0.727,8,32,40,17,18,8,12,25,-15
1610612761,TOR,Toronto Raptors,0021901243,2020-08-01,TOR vs. LAL,W,240,107,35,84,0.417,14,34,0.412,23,26,0.885,7,44,51,24,18,7,5,28,15
1610612748,MIA,Miami Heat,0021901239,2020-08-01,MIA @ DEN,W,240,125,40,72,0.556,13,29,0.448,32,37,0.865,6,32,38,29,16,7,2,28,20
1610612743,DEN,Denver Nuggets,0021901239,2020-08-01,DEN vs. MIA,L,240,105,39,89,0.438,8,35,0.229,19,24,0.792,13,25,38,28,19,7,2,32,-20
1610612755,PHI,Philadelphia 76ers,0021901242,2020-08-01,PHI @ IND,L,240,121,46,93,0.495,9,25,0.36,20,25,0.8,20,35,55,20,21,6,5,30,-6
1610612760,OKC,Oklahoma City Thunder,0021901240,2020-08-01,OKC vs. UTA,W,240,110,41,77,0.532,10,26,0.385,18,24,0.75,11,36,47,19,22,9,8,21,16
1610612754,IND,Indiana Pacers,0021901242,2020-08-01,IND vs. PHI,W,240,127,48,95,0.505,14,34,0.412,17,23,0.739,10,24,34,31,10,8,5,25,6
1610612746,LAC,LA Clippers,0021901241,2020-08-01,LAC vs. NOP,W,240,126,37,87,0.425,25,47,0.532,27,35,0.771,8,40,48,23,10,10,2,28,23
1610612763,MEM,Memphis Grizzlies,0021901246,2020-08-02,MEM vs. SAS,L,240,106,42,91,0.462,7,30,0.233,15,18,0.833,3,36,39,27,12,5,3,27,-2
1610612749,MIL,Milwaukee Bucks,0021901248,2020-08-02,MIL @ HOU,L,240,116,45,92,0.489,9,35,0.257,17,23,0.739,17,48,65,21,23,6,6,23,-4
1610612759,SAS,San Antonio Spurs,0021901246,2020-08-02,SAS @ MEM,W,240,108,36,86,0.419,12,29,0.414,24,33,0.727,12,37,49,22,17,5,6,20,2
1610612742,DAL,Dallas Mavericks,0021901249,2020-08-02,DAL @ PHX,L,240,115,38,93,0.409,6,31,0.194,33,37,0.892,10,39,49,22,8,8,5,22,-2
1610612756,PHX,Phoenix Suns,0021901249,2020-08-02,PHX vs. DAL,W,240,117,42,93,0.452,12,33,0.364,21,23,0.913,6,43,49,22,11,5,4,29,2
1610612758,SAC,Sacramento Kings,0021901247,2020-08-02,SAC @ ORL,L,240,116,45,91,0.495,8,28,0.286,18,22,0.818,9,30,39,30,15,10,0,28,-16
1610612745,HOU,Houston Rockets,0021901248,2020-08-02,HOU vs. MIL,W,240,120,36,91,0.396,21,61,0.344,27,31,0.871,6,30,36,22,9,15,3,24,4
1610612764,WAS,Washington Wizards,0021901244,2020-08-02,WAS @ BKN,L,240,110,40,88,0.455,9,31,0.29,21,27,0.778,10,36,46,26,13,6,6,31,-8
1610612753,ORL,Orlando Magic,0021901247,2020-08-02,ORL vs. SAC,W,240,132,43,82,0.524,18,38,0.474,28,35,0.8,12,34,46,31,18,10,4,25,16
1610612738,BOS,Boston Celtics,0021901245,2020-08-02,BOS vs. POR,W,240,128,42,77,0.545,18,30,0.6,26,34,0.765,6,30,36,24,14,9,6,21,4
1610612751,BKN,Brooklyn Nets,0021901244,2020-08-02,BKN vs. WAS,W,240,118,38,90,0.422,11,33,0.333,31,37,0.838,13,35,48,23,11,5,4,24,8
1610612757,POR,Portland Trail Blazers,0021901245,2020-08-02,POR @ BOS,L,240,124,45,90,0.5,19,42,0.452,15,16,0.938,9,26,35,31,12,8,5,25,-4
1610612748,MIA,Miami Heat,0021901250,2020-08-03,MIA vs. TOR,L,240,103,37,87,0.425,14,45,0.311,15,16,0.938,8,33,41,29,15,9,8,24,-4
1610612759,SAS,San Antonio Spurs,0021901254,2020-08-03,SAS @ PHI,L,240,130,46,93,0.495,12,26,0.462,26,29,0.897,13,31,44,21,14,7,6,23,-2
1610612762,UTA,Utah Jazz,0021901255,2020-08-03,UTA vs. LAL,L,240,108,37,83,0.446,12,43,0.279,22,25,0.88,7,35,42,25,21,8,3,29,-8
1610612763,MEM,Memphis Grizzlies,0021901253,2020-08-03,MEM @ NOP,L,240,99,37,93,0.398,12,43,0.279,13,15,0.867,8,35,43,25,14,3,10,32,-10
1610612764,WAS,Washington Wizards,0021901252,2020-08-03,WAS vs. IND,L,240,100,41,94,0.436,11,30,0.367,7,13,0.538,9,36,45,30,13,6,7,19,-11
1610612747,LAL,Los Angeles Lakers,0021901255,2020-08-03,LAL @ UTA,W,240,116,41,82,0.5,9,26,0.346,25,31,0.806,4,34,38,23,14,12,3,24,8
1610612740,NOP,New Orleans Pelicans,0021901253,2020-08-03,NOP vs. MEM,W,240,109,37,82,0.451,11,29,0.379,24,39,0.615,8,41,49,25,15,7,1,20,10
1610612760,OKC,Oklahoma City Thunder,0021901251,2020-08-03,OKC vs. DEN,L,265,113,37,87,0.425,15,36,0.417,24,31,0.774,8,34,42,20,16,4,5,32,-8
1610612743,DEN,Denver Nuggets,0021901251,2020-08-03,DEN @ OKC,W,265,121,42,87,0.483,7,25,0.28,30,39,0.769,9,37,46,23,13,10,3,29,8
1610612754,IND,Indiana Pacers,0021901252,2020-08-03,IND @ WAS,W,240,111,44,92,0.478,7,26,0.269,16,16,1.0,9,36,45,20,10,6,11,15,11
1610612761,TOR,Toronto Raptors,0021901250,2020-08-03,TOR @ MIA,W,240,107,29,67,0.433,16,32,0.5,33,36,0.917,3,36,39,19,21,6,3,19,4
1610612755,PHI,Philadelphia 76ers,0021901254,2020-08-03,PHI vs. SAS,W,240,132,46,87,0.529,14,31,0.452,26,30,0.867,8,27,35,26,13,6,6,25,2
1610612753,ORL,Orlando Magic,0021901259,2020-08-04,ORL @ IND,L,240,109,39,82,0.476,12,34,0.353,19,23,0.826,11,32,43,21,18,3,2,22,-11
1610612745,HOU,Houston Rockets,0021901261,2020-08-04,HOU @ POR,L,240,102,34,87,0.391,19,53,0.358,15,24,0.625,5,34,39,24,10,7,3,26,-8
1610612757,POR,Portland Trail Blazers,0021901261,2020-08-04,POR vs. HOU,W,240,110,39,95,0.411,12,31,0.387,20,29,0.69,15,49,64,18,12,7,5,21,8
1610612756,PHX,Phoenix Suns,0021901258,2020-08-04,PHX @ LAC,W,240,117,45,96,0.469,17,32,0.531,10,14,0.714,11,33,44,25,8,5,0,21,2
1610612749,MIL,Milwaukee Bucks,0021901256,2020-08-04,MIL vs. BKN,L,240,116,42,88,0.477,17,51,0.333,15,23,0.652,7,47,54,28,19,3,5,19,-3
1610612746,LAC,LA Clippers,0021901258,2020-08-04,LAC vs. PHX,L,240,115,42,85,0.494,8,29,0.276,23,27,0.852,8,40,48,21,10,2,3,16,-2
1610612758,SAC,Sacramento Kings,0021901257,2020-08-04,SAC vs. DAL,L,265,110,43,104,0.413,16,43,0.372,8,12,0.667,8,39,47,26,11,8,3,37,-4
1610612738,BOS,Boston Celtics,0021901260,2020-08-04,BOS @ MIA,L,240,106,37,85,0.435,10,33,0.303,22,27,0.815,14,31,45,15,16,7,4,26,-6
1610612742,DAL,Dallas Mavericks,0021901257,2020-08-04,DAL @ SAC,W,265,114,33,90,0.367,9,41,0.22,39,50,0.78,17,44,61,22,17,4,2,21,4
1610612748,MIA,Miami Heat,0021901260,2020-08-04,MIA vs. BOS,W,240,112,34,77,0.442,15,43,0.349,29,39,0.744,12,30,42,22,13,8,5,19,6
1610612751,BKN,Brooklyn Nets,0021901256,2020-08-04,BKN @ MIL,W,240,119,43,103,0.417,21,57,0.368,12,16,0.75,7,35,42,30,7,5,6,26,3
1610612754,IND,Indiana Pacers,0021901259,2020-08-04,IND vs. ORL,W,240,120,46,84,0.548,13,33,0.394,15,19,0.789,2,30,32,29,7,10,3,17,11
1610612747,LAL,Los Angeles Lakers,0021901265,2020-08-05,LAL vs. OKC,L,240,86,31,88,0.352,5,37,0.135,19,29,0.655,10,36,46,17,11,7,3,24,-19
1610612743,DEN,Denver Nuggets,0021901264,2020-08-05,DEN @ SAS,W,240,132,50,91,0.549,14,36,0.389,18,21,0.857,14,32,46,31,14,6,5,21,6
1610612738,BOS,Boston Celtics,0021901267,2020-08-05,BOS vs. BKN,W,240,149,50,88,0.568,20,39,0.513,29,35,0.829,6,37,43,29,14,10,10,23,34
1610612762,UTA,Utah Jazz,0021901262,2020-08-05,UTA vs. MEM,W,240,124,38,84,0.452,18,45,0.4,30,33,0.909,11,35,46,25,18,5,4,23,9
1610612753,ORL,Orlando Magic,0021901266,2020-08-05,ORL vs. TOR,L,240,99,35,87,0.402,11,41,0.268,18,26,0.692,8,35,43,26,13,8,4,26,-10
1610612755,PHI,Philadelphia 76ers,0021901263,2020-08-05,PHI @ WAS,W,240,107,38,82,0.463,11,29,0.379,20,29,0.69,6,35,41,27,14,11,4,21,9
1610612761,TOR,Toronto Raptors,0021901266,2020-08-05,TOR @ ORL,W,240,109,38,78,0.487,12,33,0.364,21,30,0.7,3,41,44,25,15,6,2,21,10
1610612764,WAS,Washington Wizards,0021901263,2020-08-05,WAS vs. PHI,L,240,98,36,85,0.424,7,21,0.333,19,24,0.792,9,39,48,17,15,8,5,26,-9
1610612763,MEM,Memphis Grizzlies,0021901262,2020-08-05,MEM @ UTA,L,240,115,43,91,0.473,11,29,0.379,18,25,0.72,9,32,41,21,14,7,3,28,-9
1610612759,SAS,San Antonio Spurs,0021901264,2020-08-05,SAS vs. DEN,L,240,126,46,93,0.495,11,30,0.367,23,27,0.852,10,25,35,29,9,10,5,20,-6
1610612751,BKN,Brooklyn Nets,0021901267,2020-08-05,BKN @ BOS,L,240,115,45,95,0.474,8,32,0.25,17,21,0.81,7,27,34,23,18,9,2,22,-34
1610612760,OKC,Oklahoma City Thunder,0021901265,2020-08-05,OKC @ LAL,W,240,105,34,79,0.43,5,24,0.208,32,36,0.889,4,48,52,17,14,9,2,23,19
1610612758,SAC,Sacramento Kings,0021901268,2020-08-06,SAC vs. NOP,W,240,140,50,93,0.538,16,33,0.485,24,33,0.727,13,26,39,26,8,11,3,20,15
1610612757,POR,Portland Trail Blazers,0021901272,2020-08-06,POR @ DEN,W,240,125,43,92,0.467,23,39,0.59,16,20,0.8,13,26,39,30,9,7,6,18,10
1610612745,HOU,Houston Rockets,0021901273,2020-08-06,HOU vs. LAL,W,240,113,36,84,0.429,21,57,0.368,20,23,0.87,4,30,34,26,20,11,5,28,16
1610612740,NOP,New Orleans Pelicans,0021901268,2020-08-06,NOP @ SAC,L,240,125,47,82,0.573,14,34,0.412,17,23,0.739,5,25,30,31,17,4,3,26,-15
1610612754,IND,Indiana Pacers,0021901270,2020-08-06,IND @ PHX,L,240,99,37,85,0.435,10,29,0.345,15,19,0.789,5,33,38,20,15,6,5,22,-15
1610612749,MIL,Milwaukee Bucks,0021901269,2020-08-06,MIL vs. MIA,W,240,130,41,78,0.526,15,37,0.405,33,38,0.868,5,39,44,27,14,7,3,21,14
1610612756,PHX,Phoenix Suns,0021901270,2020-08-06,PHX vs. IND,W,240,114,43,92,0.467,9,34,0.265,19,20,0.95,12,41,53,27,16,6,4,20,15
1610612742,DAL,Dallas Mavericks,0021901271,2020-08-06,DAL vs. LAC,L,240,111,39,87,0.448,17,48,0.354,16,21,0.762,8,29,37,24,8,3,4,17,-15
1610612748,MIA,Miami Heat,0021901269,2020-08-06,MIA @ MIL,L,240,116,35,83,0.422,21,46,0.457,25,27,0.926,6,33,39,28,19,6,1,28,-14
1610612743,DEN,Denver Nuggets,0021901272,2020-08-06,DEN vs. POR,L,240,115,44,84,0.524,14,28,0.5,13,17,0.765,11,33,44,30,16,5,4,22,-10
1610612746,LAC,LA Clippers,0021901271,2020-08-06,LAC @ DAL,W,240,126,50,92,0.543,14,31,0.452,12,15,0.8,9,36,45,22,8,3,3,21,15
1610612747,LAL,Los Angeles Lakers,0021901273,2020-08-06,LAL @ HOU,L,240,97,35,77,0.455,2,19,0.105,25,36,0.694,12,36,48,18,25,11,6,20,-16
1610612738,BOS,Boston Celtics,0021901279,2020-08-07,BOS @ TOR,W,240,122,47,96,0.49,16,46,0.348,12,16,0.75,9,43,52,27,15,8,2,22,22
1610612759,SAS,San Antonio Spurs,0021901274,2020-08-07,SAS vs. UTA,W,240,119,45,89,0.506,9,22,0.409,20,26,0.769,8,39,47,27,13,10,5,18,8
1610612764,WAS,Washington Wizards,0021901278,2020-08-07,WAS @ NOP,L,240,107,38,90,0.422,10,27,0.37,21,23,0.913,10,30,40,22,16,9,4,27,-11
1610612758,SAC,Sacramento Kings,0021901276,2020-08-07,SAC @ BKN,L,240,106,38,89,0.427,12,40,0.3,18,24,0.75,13,37,50,19,15,3,4,26,-13
1610612740,NOP,New Orleans Pelicans,0021901278,2020-08-07,NOP vs. WAS,W,240,118,42,88,0.477,12,35,0.343,22,26,0.846,11,34,45,25,20,7,8,19,11
1610612761,TOR,Toronto Raptors,0021901279,2020-08-07,TOR vs. BOS,L,240,100,38,89,0.427,10,38,0.263,14,17,0.824,9,39,48,20,18,8,7,18,-22
1610612763,MEM,Memphis Grizzlies,0021901275,2020-08-07,MEM vs. OKC,W,240,121,46,83,0.554,11,31,0.355,18,20,0.9,12,46,58,24,20,6,4,19,29
1610612753,ORL,Orlando Magic,0021901277,2020-08-07,ORL @ PHI,L,240,101,37,88,0.42,8,32,0.25,19,25,0.76,10,37,47,17,11,5,2,24,-7
1610612760,OKC,Oklahoma City Thunder,0021901275,2020-08-07,OKC @ MEM,L,240,92,34,97,0.351,13,43,0.302,11,15,0.733,12,24,36,19,10,12,2,20,-29
1610612755,PHI,Philadelphia 76ers,0021901277,2020-08-07,PHI vs. ORL,W,240,108,38,93,0.409,8,29,0.276,24,33,0.727,15,36,51,19,9,4,4,20,7
1610612751,BKN,Brooklyn Nets,0021901276,2020-08-07,BKN vs. SAC,W,240,119,42,86,0.488,17,40,0.425,18,28,0.643,7,37,44,30,11,9,3,23,13
1610612762,UTA,Utah Jazz,0021901274,2020-08-07,UTA @ SAS,L,240,111,38,91,0.418,16,37,0.432,19,24,0.792,10,39,49,25,16,8,4,19,-8
1610612762,UTA,Utah Jazz,0021901281,2020-08-08,UTA @ DEN,L,290,132,47,105,0.448,22,55,0.4,16,22,0.727,15,36,51,34,23,6,4,30,-2
1610612743,DEN,Denver Nuggets,0021901281,2020-08-08,DEN vs. UTA,W,290,134,51,108,0.472,9,37,0.243,23,30,0.767,12,40,52,29,11,10,5,24,2
1610612746,LAC,LA Clippers,0021901280,2020-08-08,LAC @ POR,W,240,122,42,85,0.494,15,34,0.441,23,28,0.821,9,36,45,24,14,5,2,22,5
1610612748,MIA,Miami Heat,0021901283,2020-08-08,MIA vs. PHX,L,240,112,41,84,0.488,11,36,0.306,19,22,0.864,3,34,37,28,12,6,9,21,-7
1610612756,PHX,Phoenix Suns,0021901283,2020-08-08,PHX @ MIA,W,240,119,44,92,0.478,12,32,0.375,19,20,0.95,12,40,52,27,11,5,4,21,7
1610612742,DAL,Dallas Mavericks,0021901284,2020-08-08,DAL vs. MIL,W,265,136,48,115,0.417,17,53,0.321,23,25,0.92,11,43,54,37,7,6,2,26,4
1610612747,LAL,Los Angeles Lakers,0021901282,2020-08-08,LAL @ IND,L,240,111,42,100,0.42,13,39,0.333,14,19,0.737,15,29,44,20,15,13,6,16,-5
1610612754,IND,Indiana Pacers,0021901282,2020-08-08,IND vs. LAL,W,240,116,44,84,0.524,15,33,0.455,13,14,0.929,7,35,42,25,20,12,4,21,5
1610612757,POR,Portland Trail Blazers,0021901280,2020-08-08,POR vs. LAC,L,240,117,44,90,0.489,17,43,0.395,12,17,0.706,9,32,41,24,11,5,2,26,-5
1610612749,MIL,Milwaukee Bucks,0021901284,2020-08-08,MIL @ DAL,L,265,132,47,99,0.475,15,44,0.341,23,34,0.676,9,46,55,26,13,3,9,26,-4
1610612758,SAC,Sacramento Kings,0021901290,2020-08-09,SAC vs. HOU,L,240,112,41,87,0.471,10,37,0.27,20,23,0.87,5,36,41,29,18,9,2,22,-17
1610612764,WAS,Washington Wizards,0021901285,2020-08-09,WAS @ OKC,L,240,103,38,92,0.413,9,36,0.25,18,22,0.818,13,31,44,23,16,6,3,18,-18
1610612745,HOU,Houston Rockets,0021901290,2020-08-09,HOU @ SAC,W,240,129,43,91,0.473,18,57,0.316,25,30,0.833,8,40,48,21,15,9,3,18,17
1610612761,TOR,Toronto Raptors,0021901286,2020-08-09,TOR vs. MEM,W,240,108,34,71,0.479,15,39,0.385,25,33,0.758,5,35,40,25,26,17,7,23,9
1610612760,OKC,Oklahoma City Thunder,0021901285,2020-08-09,OKC vs. WAS,W,240,121,43,84,0.512,18,39,0.462,17,22,0.773,8,35,43,25,12,7,3,18,18
1610612757,POR,Portland Trail Blazers,0021901289,2020-08-09,POR vs. PHI,W,240,124,43,91,0.473,11,35,0.314,27,29,0.931,7,34,41,19,10,8,6,16,3
1610612753,ORL,Orlando Magic,0021901288,2020-08-09,ORL @ BOS,L,265,119,41,102,0.402,15,47,0.319,22,26,0.846,12,40,52,24,14,7,4,25,-3
1610612755,PHI,Philadelphia 76ers,0021901289,2020-08-09,PHI @ POR,L,240,121,47,97,0.485,14,30,0.467,13,17,0.765,14,34,48,24,15,6,3,23,-3
1610612738,BOS,Boston Celtics,0021901288,2020-08-09,BOS vs. ORL,W,265,122,45,102,0.441,12,40,0.3,20,24,0.833,13,41,54,32,13,9,7,19,3
1610612763,MEM,Memphis Grizzlies,0021901286,2020-08-09,MEM @ TOR,L,240,99,37,91,0.407,14,42,0.333,11,16,0.688,10,32,42,24,22,14,3,27,-9
1610612746,LAC,LA Clippers,0021901291,2020-08-09,LAC vs. BKN,L,240,120,45,93,0.484,13,36,0.361,17,20,0.85,10,29,39,23,10,8,2,19,-9
1610612759,SAS,San Antonio Spurs,0021901287,2020-08-09,SAS @ NOP,W,240,122,40,89,0.449,11,28,0.393,31,32,0.969,15,36,51,22,17,12,6,27,9
1610612740,NOP,New Orleans Pelicans,0021901287,2020-08-09,NOP vs. SAS,L,240,113,42,96,0.438,12,30,0.4,17,22,0.773,16,32,48,30,20,5,5,26,-9
1610612751,BKN,Brooklyn Nets,0021901291,2020-08-09,BKN @ LAC,W,240,129,47,85,0.553,20,43,0.465,15,19,0.789,8,38,46,32,16,5,5,25,9
1610612756,PHX,Phoenix Suns,0021901292,2020-08-10,PHX vs. OKC,W,240,128,42,89,0.472,17,34,0.5,27,29,0.931,12,41,53,29,20,11,7,23,27
1610612748,MIA,Miami Heat,0021901295,2020-08-10,MIA vs. IND,W,240,114,44,98,0.449,13,40,0.325,13,19,0.684,13,46,59,29,14,11,9,20,22
1610612754,IND,Indiana Pacers,0021901295,2020-08-10,IND @ MIA,L,240,92,33,84,0.393,10,35,0.286,16,25,0.64,6,39,45,20,17,5,4,19,-22
1610612761,TOR,Toronto Raptors,0021901294,2020-08-10,TOR @ MIL,W,240,114,42,97,0.433,12,40,0.3,18,26,0.692,16,39,55,24,14,11,6,27,8
1610612747,LAL,Los Angeles Lakers,0021901296,2020-08-10,LAL vs. DEN,W,240,124,44,81,0.543,14,29,0.483,22,32,0.688,14,18,32,28,10,8,4,18,3
1610612743,DEN,Denver Nuggets,0021901296,2020-08-10,DEN @ LAL,L,240,121,45,77,0.584,13,23,0.565,18,23,0.783,10,25,35,27,14,6,2,20,-3
1610612742,DAL,Dallas Mavericks,0021901293,2020-08-10,DAL @ UTA,W,240,122,48,85,0.565,12,24,0.5,14,16,0.875,4,30,34,29,8,6,3,23,8
1610612749,MIL,Milwaukee Bucks,0021901294,2020-08-10,MIL vs. TOR,L,240,106,33,84,0.393,14,43,0.326,26,35,0.743,11,38,49,25,19,4,6,21,-8
1610612760,OKC,Oklahoma City Thunder,0021901292,2020-08-10,OKC @ PHX,L,240,101,35,90,0.389,13,39,0.333,18,21,0.857,8,32,40,24,19,10,2,23,-27
1610612762,UTA,Utah Jazz,0021901293,2020-08-10,UTA vs. DAL,L,240,114,39,82,0.476,21,46,0.457,15,20,0.75,11,27,38,28,12,5,6,19,-8
1610612745,HOU,Houston Rockets,0021901298,2020-08-11,HOU @ SAS,L,240,105,36,89,0.404,14,48,0.292,19,21,0.905,4,33,37,18,18,14,3,19,-18
1610612740,NOP,New Orleans Pelicans,0021901302,2020-08-11,NOP @ SAC,L,240,106,42,82,0.512,7,24,0.292,15,19,0.789,5,29,34,25,19,8,6,18,-6
1610612742,DAL,Dallas Mavericks,0021901300,2020-08-11,DAL vs. POR,L,240,131,42,81,0.519,20,44,0.455,27,33,0.818,5,32,37,28,17,4,5,23,-3
1610612763,MEM,Memphis Grizzlies,0021901301,2020-08-11,MEM vs. BOS,L,240,107,35,89,0.393,7,29,0.241,30,38,0.789,14,30,44,26,8,8,4,15,-15
1610612759,SAS,San Antonio Spurs,0021901298,2020-08-11,SAS vs. HOU,W,240,123,46,93,0.495,13,32,0.406,18,20,0.9,9,50,59,28,22,10,5,20,18
1610612749,MIL,Milwaukee Bucks,0021901303,2020-08-11,MIL @ WAS,W,240,126,44,87,0.506,18,38,0.474,20,28,0.714,9,44,53,25,15,6,0,26,13
1610612755,PHI,Philadelphia 76ers,0021901299,2020-08-11,PHI vs. PHX,L,240,117,46,93,0.495,15,33,0.455,10,14,0.714,11,23,34,28,9,5,4,20,-13
1610612764,WAS,Washington Wizards,0021901303,2020-08-11,WAS vs. MIL,L,240,113,39,95,0.411,12,35,0.343,23,30,0.767,11,33,44,22,11,2,3,23,-13
1610612758,SAC,Sacramento Kings,0021901302,2020-08-11,SAC vs. NOP,W,240,112,43,88,0.489,11,26,0.423,15,16,0.938,14,31,45,27,21,4,6,22,6
1610612756,PHX,Phoenix Suns,0021901299,2020-08-11,PHX @ PHI,W,240,130,49,89,0.551,12,28,0.429,20,21,0.952,11,33,44,28,7,4,3,18,13
1610612738,BOS,Boston Celtics,0021901301,2020-08-11,BOS @ MEM,W,240,122,44,86,0.512,16,37,0.432,18,23,0.783,10,36,46,29,15,7,7,27,15
1610612753,ORL,Orlando Magic,0021901297,2020-08-11,ORL vs. BKN,L,240,96,32,83,0.386,7,23,0.304,25,29,0.862,12,37,49,13,17,9,3,24,-12
1610612751,BKN,Brooklyn Nets,0021901297,2020-08-11,BKN @ ORL,W,240,108,38,89,0.427,13,43,0.302,19,24,0.792,8,39,47,26,15,9,4,20,12
1610612757,POR,Portland Trail Blazers,0021901300,2020-08-11,POR @ DAL,W,240,134,46,98,0.469,15,38,0.395,27,29,0.931,12,36,48,18,8,9,3,31,3
1610612746,LAC,LA Clippers,0021901307,2020-08-12,LAC @ DEN,W,240,124,46,85,0.541,14,37,0.378,18,23,0.783,6,34,40,29,8,11,1,25,13
1610612754,IND,Indiana Pacers,0021901304,2020-08-12,IND @ HOU,W,240,108,40,100,0.4,11,31,0.355,17,22,0.773,12,42,54,25,15,15,7,25,4
1610612760,OKC,Oklahoma City Thunder,0021901306,2020-08-12,OKC vs. MIA,W,240,116,39,89,0.438,16,42,0.381,22,27,0.815,14,36,50,20,16,7,4,19,1
1610612761,TOR,Toronto Raptors,0021901305,2020-08-12,TOR @ PHI,W,240,125,40,90,0.444,18,43,0.419,27,40,0.675,11,36,47,28,12,8,7,23,4
1610612755,PHI,Philadelphia 76ers,0021901305,2020-08-12,PHI vs. TOR,L,240,121,39,84,0.464,17,40,0.425,26,33,0.788,9,38,47,27,17,9,10,29,-4
1610612745,HOU,Houston Rockets,0021901304,2020-08-12,HOU vs. IND,L,240,104,32,86,0.372,16,57,0.281,24,28,0.857,6,43,49,20,20,8,6,20,-4
1610612748,MIA,Miami Heat,0021901306,2020-08-12,MIA @ OKC,L,240,115,42,86,0.488,14,42,0.333,17,20,0.85,6,34,40,24,12,14,2,23,-1
1610612743,DEN,Denver Nuggets,0021901307,2020-08-12,DEN vs. LAC,L,240,111,43,87,0.494,13,35,0.371,12,19,0.632,9,33,42,33,12,4,3,19,-13
1610612756,PHX,Phoenix Suns,0021901313,2020-08-13,PHX vs. DAL,W,240,128,49,89,0.551,14,34,0.412,16,21,0.762,7,38,45,34,6,6,4,14,26
1610612763,MEM,Memphis Grizzlies,0021901311,2020-08-13,MEM vs. MIL,W,240,119,45,90,0.5,13,33,0.394,16,23,0.696,9,46,55,36,18,4,3,18,13
1610612751,BKN,Brooklyn Nets,0021901309,2020-08-13,BKN vs. POR,L,240,133,53,96,0.552,14,33,0.424,13,19,0.684,12,34,46,28,14,5,5,23,-1
1610612747,LAL,Los Angeles Lakers,0021901310,2020-08-13,LAL vs. SAC,L,240,122,48,98,0.49,15,35,0.429,11,15,0.733,15,32,47,29,17,6,1,18,-14
1610612757,POR,Portland Trail Blazers,0021901309,2020-08-13,POR @ BKN,W,240,134,50,104,0.481,13,39,0.333,21,24,0.875,14,28,42,25,9,10,4,21,1
1610612753,ORL,Orlando Magic,0021901312,2020-08-13,ORL vs. NOP,W,240,133,48,84,0.571,15,28,0.536,22,30,0.733,6,27,33,25,12,6,2,22,6
1610612762,UTA,Utah Jazz,0021901314,2020-08-13,UTA vs. SAS,W,240,118,47,101,0.465,15,46,0.326,9,10,0.9,12,31,43,25,9,7,5,23,6
1610612740,NOP,New Orleans Pelicans,0021901312,2020-08-13,NOP @ ORL,L,240,127,48,87,0.552,10,34,0.294,21,27,0.778,9,31,40,22,13,6,4,22,-6
1610612759,SAS,San Antonio Spurs,0021901314,2020-08-13,SAS @ UTA,L,240,112,39,79,0.494,10,20,0.5,24,36,0.667,9,35,44,24,15,4,8,20,-6
1610612758,SAC,Sacramento Kings,0021901310,2020-08-13,SAC @ LAL,W,240,136,54,95,0.568,21,47,0.447,7,12,0.583,9,35,44,37,15,12,2,15,14
1610612749,MIL,Milwaukee Bucks,0021901311,2020-08-13,MIL @ MEM,L,240,106,39,98,0.398,13,41,0.317,15,23,0.652,9,36,45,27,15,8,3,22,-13
1610612764,WAS,Washington Wizards,0021901308,2020-08-13,WAS @ BOS,W,240,96,34,88,0.386,10,26,0.385,18,24,0.75,18,38,56,22,18,11,6,19,6
1610612738,BOS,Boston Celtics,0021901308,2020-08-13,BOS vs. WAS,L,240,90,35,88,0.398,8,35,0.229,12,14,0.857,13,38,51,22,19,8,7,19,-6
1610612742,DAL,Dallas Mavericks,0021901313,2020-08-13,DAL @ PHX,L,240,102,39,89,0.438,8,26,0.308,16,19,0.842,11,32,43,17,11,3,4,18,-26
1610612755,PHI,Philadelphia 76ers,0021901315,2020-08-14,PHI @ HOU,W,240,134,49,87,0.563,18,38,0.474,18,22,0.818,8,43,51,31,16,8,4,19,38
1610612746,LAC,LA Clippers,0021901317,2020-08-14,LAC vs. OKC,W,265,107,34,85,0.4,12,37,0.324,27,39,0.692,12,49,61,23,23,10,2,22,4
1610612754,IND,Indiana Pacers,0021901316,2020-08-14,IND vs. MIA,W,240,109,43,89,0.483,15,38,0.395,8,11,0.727,12,39,51,32,20,11,3,27,17
1610612743,DEN,Denver Nuggets,0021901318,2020-08-14,DEN @ TOR,L,240,109,36,87,0.414,16,38,0.421,21,23,0.913,9,32,41,27,16,9,11,15,-8
1610612760,OKC,Oklahoma City Thunder,0021901317,2020-08-14,OKC @ LAC,L,265,103,38,106,0.358,14,44,0.318,13,22,0.591,11,37,48,18,16,5,6,29,-4
1610612761,TOR,Toronto Raptors,0021901318,2020-08-14,TOR vs. DEN,W,240,117,45,90,0.5,18,35,0.514,9,14,0.643,13,38,51,27,19,8,5,24,8
1610612748,MIA,Miami Heat,0021901316,2020-08-14,MIA @ IND,L,240,92,31,87,0.356,10,38,0.263,20,27,0.741,14,34,48,14,19,6,5,15,-17
1610612745,HOU,Houston Rockets,0021901315,2020-08-14,HOU vs. PHI,L,240,96,35,80,0.438,12,48,0.25,14,16,0.875,1,26,27,25,17,10,9,18,-38
