GAME_ID,DATE,Team1,Team2,Team1_PTS,Team2_PTS,Team1_FG_PCT,Team2_FG_PCT,Team1_AST,Team2_AST,Team1_REB,Team2_REB,Team1_TOV,Team2_TOV,Team1_PLUS_MINUS,Team2_PLUS_MINUS,Team1Win
0022200001,2022-10-18,boston celtics,philadelphia 76ers,126,117,0.561,0.5,24,16,36,31,10,14,9.0,-9.0,1
0022200002,2022-10-18,golden state warriors,los angeles lakers,123,109,0.455,0.426,31,23,48,48,18,21,14.0,-14.0,1
0022200003,2022-10-19,detroit pistons,orlando magic,113,109,0.426,0.488,31,21,41,48,12,18,4.0,-4.0,1
0022200004,2022-10-19,indiana pacers,washington wizards,107,114,0.402,0.457,21,21,42,53,15,16,-7.0,7.0,0
0022200005,2022-10-19,atlanta hawks,houston rockets,117,107,0.5,0.429,30,25,38,54,9,15,10.0,-10.0,1
0022200006,2022-10-19,brooklyn nets,new orleans pelicans,108,130,0.449,0.49,22,31,39,61,16,12,-22.0,22.0,0
0022200007,2022-10-19,chicago bulls,miami heat,116,108,0.441,0.463,23,21,46,46,14,19,8.0,-8.0,1
0022200008,2022-10-19,cleveland cavaliers,toronto raptors,105,108,0.494,0.419,25,19,38,41,17,13,-3.0,3.0,0
0022200009,2022-10-19,memphis grizzlies,new york knicks,115,112,0.389,0.404,27,28,64,54,13,12,3.0,-3.0,1
0022200010,2022-10-19,minnesota timberwolves,oklahoma city thunder,115,108,0.415,0.384,25,22,55,57,14,13,7.0,-7.0,1
0022200011,2022-10-19,charlotte hornets,san antonio spurs,129,102,0.511,0.404,26,22,51,44,15,15,27.0,-27.0,1
0022200012,2022-10-19,denver nuggets,utah jazz,102,123,0.482,0.506,21,27,35,43,21,19,-21.0,21.0,0
0022200013,2022-10-19,dallas mavericks,phoenix suns,105,107,0.467,0.471,17,25,40,40,12,12,-2.0,2.0,0
0022200014,2022-10-19,portland trail blazers,sacramento kings,115,108,0.443,0.459,20,27,44,41,11,15,7.0,-7.0,1
0022200015,2022-10-20,milwaukee bucks,philadelphia 76ers,90,88,0.405,0.434,24,17,48,44,12,10,2.0,-2.0,1
0022200016,2022-10-20,la clippers,los angeles lakers,103,97,0.463,0.351,18,23,58,38,22,10,6.0,-6.0,1
0022200017,2022-10-21,charlotte hornets,new orleans pelicans,112,124,0.454,0.472,30,23,37,53,13,15,-12.0,12.0,0
0022200018,2022-10-21,indiana pacers,san antonio spurs,134,137,0.49,0.543,32,34,42,37,16,17,-3.0,3.0,0
0022200019,2022-10-21,chicago bulls,washington wizards,100,102,0.418,0.513,19,26,38,39,13,16,-2.0,2.0,0
0022200020,2022-10-21,atlanta hawks,orlando magic,108,98,0.449,0.413,26,16,46,44,17,19,10.0,-10.0,1
0022200021,2022-10-21,brooklyn nets,toronto raptors,109,105,0.475,0.488,26,25,44,41,13,13,4.0,-4.0,1
0022200022,2022-10-21,boston celtics,miami heat,111,104,0.519,0.457,17,23,43,36,19,9,7.0,-7.0,1
0022200023,2022-10-21,detroit pistons,new york knicks,106,130,0.433,0.526,26,29,49,50,15,12,-24.0,24.0,0
0022200024,2022-10-21,houston rockets,memphis grizzlies,122,129,0.473,0.459,18,26,45,50,14,12,-7.0,7.0,0
0022200025,2022-10-21,minnesota timberwolves,utah jazz,126,132,0.458,0.441,20,39,60,54,20,13,-6.0,6.0,0
0022200026,2022-10-21,denver nuggets,golden state warriors,128,123,0.535,0.477,30,34,41,35,20,18,5.0,-5.0,1
0022200027,2022-10-21,phoenix suns,portland trail blazers,111,113,0.457,0.439,31,14,41,48,16,18,-2.0,2.0,0
0022200028,2022-10-22,philadelphia 76ers,san antonio spurs,105,114,0.44,0.483,26,27,40,43,12,14,-9.0,9.0,0
0022200029,2022-10-22,detroit pistons,indiana pacers,115,124,0.389,0.437,26,28,53,59,13,11,-9.0,9.0,0
0022200030,2022-10-22,boston celtics,orlando magic,126,120,0.483,0.474,24,21,37,48,8,9,6.0,-6.0,1
0022200031,2022-10-22,miami heat,toronto raptors,112,109,0.5,0.425,28,24,44,37,15,6,3.0,-3.0,1
0022200032,2022-10-22,chicago bulls,cleveland cavaliers,96,128,0.405,0.565,19,32,35,48,10,17,-32.0,32.0,0
0022200033,2022-10-22,houston rockets,milwaukee bucks,105,125,0.387,0.565,20,29,47,47,12,16,-20.0,20.0,0
0022200034,2022-10-22,dallas mavericks,memphis grizzlies,137,96,0.5,0.43,23,20,52,29,15,17,41.0,-41.0,1
0022200035,2022-10-22,denver nuggets,oklahoma city thunder,122,117,0.494,0.447,33,29,46,47,18,12,5.0,-5.0,1
0022200036,2022-10-22,la clippers,sacramento kings,111,109,0.506,0.471,24,24,40,39,13,12,2.0,-2.0,1
0022200037,2022-10-23,los angeles lakers,portland trail blazers,104,106,0.446,0.44,26,19,40,52,13,19,-2.0,2.0,0
0022200038,2022-10-23,atlanta hawks,charlotte hornets,109,126,0.411,0.522,23,28,45,52,12,13,-17.0,17.0,0
0022200039,2022-10-23,cleveland cavaliers,washington wizards,117,107,0.427,0.494,19,25,48,35,13,18,10.0,-10.0,1
0022200040,2022-10-23,new orleans pelicans,utah jazz,121,122,0.471,0.439,30,29,45,44,17,16,-4.0,4.0,0
0022200041,2022-10-23,minnesota timberwolves,oklahoma city thunder,116,106,0.523,0.436,24,24,54,42,15,11,10.0,-10.0,1
0022200042,2022-10-23,golden state warriors,sacramento kings,130,125,0.517,0.47,24,31,37,51,13,16,5.0,-5.0,1
0022200043,2022-10-23,la clippers,phoenix suns,95,112,0.439,0.462,16,29,43,49,14,12,-17.0,17.0,0
0022200044,2022-10-24,indiana pacers,philadelphia 76ers,106,120,0.422,0.475,27,25,47,39,13,7,-14.0,14.0,0
0022200045,2022-10-24,miami heat,toronto raptors,90,98,0.349,0.395,19,22,46,52,12,12,-8.0,8.0,0
0022200046,2022-10-24,new york knicks,orlando magic,115,102,0.462,0.419,24,14,50,41,13,12,13.0,-13.0,1
0022200047,2022-10-24,boston celtics,chicago bulls,102,120,0.37,0.483,26,29,45,60,10,13,-18.0,18.0,0
0022200048,2022-10-24,houston rockets,utah jazz,114,108,0.422,0.473,17,23,47,49,15,20,6.0,-6.0,1
0022200049,2022-10-24,brooklyn nets,memphis grizzlies,124,134,0.54,0.5,27,21,35,38,11,8,-10.0,10.0,0
0022200050,2022-10-24,minnesota timberwolves,san antonio spurs,106,115,0.442,0.457,24,37,50,50,16,13,-9.0,9.0,0
0022200051,2022-10-24,denver nuggets,portland trail blazers,110,135,0.495,0.578,28,23,38,45,8,8,-25.0,25.0,0
0022200052,2022-10-25,detroit pistons,washington wizards,99,120,0.409,0.518,12,26,41,47,13,11,-21.0,21.0,0
0022200053,2022-10-25,dallas mavericks,new orleans pelicans,111,113,0.5,0.579,18,25,37,26,11,14,-2.0,2.0,0
0022200054,2022-10-25,la clippers,oklahoma city thunder,94,108,0.422,0.382,21,19,47,60,18,5,-14.0,14.0,0
0022200055,2022-10-25,golden state warriors,phoenix suns,105,134,0.451,0.511,28,31,40,48,13,13,-29.0,29.0,0
0022200056,2022-10-26,cleveland cavaliers,orlando magic,103,92,0.414,0.432,25,19,43,43,12,16,11.0,-11.0,1
0022200057,2022-10-26,atlanta hawks,detroit pistons,118,113,0.495,0.462,22,23,46,40,12,13,5.0,-5.0,1
0022200058,2022-10-26,charlotte hornets,new york knicks,131,134,0.495,0.536,31,26,42,46,15,16,-3.0,3.0,0
0022200059,2022-10-26,philadelphia 76ers,toronto raptors,109,119,0.506,0.548,29,32,34,39,12,9,-10.0,10.0,0
0022200060,2022-10-26,brooklyn nets,milwaukee bucks,99,110,0.395,0.443,23,21,37,54,14,18,-11.0,11.0,0
0022200061,2022-10-26,chicago bulls,indiana pacers,124,109,0.494,0.43,34,31,44,38,17,16,15.0,-15.0,1
0022200062,2022-10-26,minnesota timberwolves,san antonio spurs,134,122,0.65,0.453,37,34,30,41,16,16,12.0,-12.0,1
0022200063,2022-10-26,houston rockets,utah jazz,101,109,0.383,0.422,19,28,49,53,19,15,-8.0,8.0,0
0022200064,2022-10-26,denver nuggets,los angeles lakers,110,99,0.457,0.444,34,25,54,47,11,14,11.0,-11.0,1
0022200065,2022-10-26,miami heat,portland trail blazers,119,98,0.506,0.436,34,20,46,38,16,19,21.0,-21.0,1
0022200066,2022-10-27,brooklyn nets,dallas mavericks,125,129,0.462,0.506,20,25,45,37,13,17,-4.0,4.0,0
0022200067,2022-10-27,la clippers,oklahoma city thunder,110,118,0.537,0.495,21,27,44,36,19,11,-8.0,8.0,0
0022200068,2022-10-27,golden state warriors,miami heat,123,110,0.5,0.443,30,25,50,31,19,12,13.0,-13.0,1
0022200069,2022-10-27,memphis grizzlies,sacramento kings,125,110,0.533,0.482,27,28,43,40,12,13,15.0,-15.0,1
0022200070,2022-10-28,atlanta hawks,detroit pistons,136,112,0.567,0.43,31,18,45,42,6,10,24.0,-24.0,1
0022200071,2022-10-28,charlotte hornets,orlando magic,93,113,0.384,0.494,21,28,47,48,14,12,-20.0,20.0,0
0022200072,2022-10-28,boston celtics,cleveland cavaliers,123,132,0.512,0.517,28,18,34,42,19,15,-9.0,9.0,0
0022200073,2022-10-28,philadelphia 76ers,toronto raptors,112,90,0.524,0.384,25,20,41,45,14,17,22.0,-22.0,1
0022200074,2022-10-28,indiana pacers,washington wizards,127,117,0.506,0.477,30,25,41,38,13,13,10.0,-10.0,1
0022200075,2022-10-28,milwaukee bucks,new york knicks,119,108,0.385,0.398,23,19,60,54,6,12,11.0,-11.0,1
0022200076,2022-10-28,los angeles lakers,minnesota timberwolves,102,111,0.416,0.414,20,27,55,49,22,10,-9.0,9.0,0
0022200077,2022-10-28,chicago bulls,san antonio spurs,124,129,0.475,0.535,20,37,42,42,12,20,-5.0,5.0,0
0022200078,2022-10-28,denver nuggets,utah jazz,117,101,0.459,0.418,18,24,58,38,12,9,16.0,-16.0,1
0022200079,2022-10-28,new orleans pelicans,phoenix suns,111,124,0.442,0.522,25,33,33,47,13,12,-13.0,13.0,0
0022200080,2022-10-28,houston rockets,portland trail blazers,111,125,0.426,0.533,23,30,39,45,15,15,-14.0,14.0,0
0022200081,2022-10-29,miami heat,sacramento kings,113,119,0.427,0.553,18,27,34,43,8,20,-6.0,6.0,0
0022200082,2022-10-29,charlotte hornets,golden state warriors,120,113,0.422,0.44,32,31,55,49,10,10,7.0,-7.0,1
0022200083,2022-10-29,brooklyn nets,indiana pacers,116,125,0.5,0.426,29,31,34,53,9,10,-9.0,9.0,0
0022200084,2022-10-29,chicago bulls,philadelphia 76ers,109,114,0.45,0.494,22,28,40,41,18,17,-5.0,5.0,0
0022200085,2022-10-29,atlanta hawks,milwaukee bucks,115,123,0.479,0.489,19,24,42,49,12,11,-5.0,8.0,0
0022200086,2022-10-29,dallas mavericks,oklahoma city thunder,111,117,0.4,0.494,17,25,49,47,16,15,-6.0,6.0,0
0022200087,2022-10-29,memphis grizzlies,utah jazz,123,124,0.568,0.517,24,30,40,34,20,19,-1.0,1.0,0
0022200088,2022-10-30,la clippers,new orleans pelicans,91,112,0.419,0.495,24,32,39,50,14,10,-21.0,21.0,0
0022200089,2022-10-30,boston celtics,washington wizards,112,94,0.456,0.388,29,22,47,51,13,8,18.0,-18.0,1
0022200090,2022-10-30,cleveland cavaliers,new york knicks,121,108,0.461,0.489,33,26,43,45,14,14,13.0,-13.0,1
0022200091,2022-10-30,detroit pistons,golden state warriors,128,114,0.482,0.424,24,23,47,42,15,14,14.0,-14.0,1
0022200092,2022-10-30,minnesota timberwolves,san antonio spurs,98,107,0.404,0.419,21,27,45,52,11,19,-9.0,9.0,0
0022200093,2022-10-30,dallas mavericks,orlando magic,114,105,0.494,0.457,15,20,37,47,4,12,9.0,-9.0,1
0022200094,2022-10-30,houston rockets,phoenix suns,109,124,0.437,0.536,18,29,49,36,15,11,-15.0,15.0,0
0022200095,2022-10-30,denver nuggets,los angeles lakers,110,121,0.427,0.479,24,24,48,51,9,8,-11.0,11.0,0
0022200096,2022-10-31,charlotte hornets,sacramento kings,108,115,0.512,0.435,31,26,38,42,20,19,-7.0,7.0,0
0022200097,2022-10-31,philadelphia 76ers,washington wizards,118,111,0.554,0.469,26,22,37,41,13,15,7.0,-7.0,1
0022200098,2022-10-31,brooklyn nets,indiana pacers,116,109,0.538,0.471,26,23,39,38,19,24,7.0,-7.0,1
0022200099,2022-10-31,atlanta hawks,toronto raptors,109,139,0.464,0.5,28,25,37,44,18,6,-30.0,30.0,0
0022200100,2022-10-31,detroit pistons,milwaukee bucks,108,110,0.446,0.437,19,20,43,50,12,16,-2.0,2.0,0
0022200101,2022-10-31,memphis grizzlies,utah jazz,105,121,0.413,0.472,14,26,52,48,16,15,-16.0,16.0,0
0022200102,2022-10-31,houston rockets,la clippers,93,95,0.386,0.425,17,23,44,46,13,13,-2.0,2.0,0
0022200103,2022-11-01,brooklyn nets,chicago bulls,99,108,0.486,0.438,27,20,38,44,18,9,-9.0,9.0,0
0022200104,2022-11-01,golden state warriors,miami heat,109,116,0.464,0.455,31,32,41,39,20,15,-7.0,7.0,0
0022200105,2022-11-01,oklahoma city thunder,orlando magic,116,108,0.474,0.448,28,20,36,49,15,24,8.0,-8.0,1
0022200106,2022-11-01,minnesota timberwolves,phoenix suns,107,116,0.425,0.461,24,31,42,34,16,9,-9.0,9.0,0
0022200107,2022-11-02,boston celtics,cleveland cavaliers,113,114,0.409,0.42,26,24,52,51,14,11,-1.0,1.0,0
0022200108,2022-11-02,philadelphia 76ers,washington wizards,111,121,0.464,0.577,25,27,32,43,8,7,-10.0,10.0,0
0022200109,2022-11-02,miami heat,sacramento kings,110,107,0.494,0.477,27,29,46,39,11,12,3.0,-3.0,1
0022200110,2022-11-02,atlanta hawks,new york knicks,112,99,0.411,0.411,28,23,51,52,7,16,13.0,-13.0,1
0022200111,2022-11-02,charlotte hornets,chicago bulls,88,106,0.391,0.432,22,28,47,51,16,19,-18.0,18.0,0
0022200112,2022-11-02,houston rockets,la clippers,101,109,0.42,0.488,17,20,50,43,19,14,-8.0,8.0,0
0022200113,2022-11-02,detroit pistons,milwaukee bucks,91,116,0.418,0.467,18,24,35,52,21,16,-25.0,25.0,0
0022200114,2022-11-02,san antonio spurs,toronto raptors,100,143,0.394,0.538,29,31,46,50,23,11,-43.0,43.0,0
0022200115,2022-11-02,dallas mavericks,utah jazz,103,100,0.5,0.464,20,28,37,40,11,16,3.0,-3.0,1
0022200116,2022-11-02,memphis grizzlies,portland trail blazers,111,106,0.458,0.404,28,27,46,46,14,20,5.0,-5.0,1
0022200117,2022-11-02,los angeles lakers,new orleans pelicans,120,117,0.459,0.461,30,35,56,51,17,13,3.0,-3.0,1
0022200118,2022-11-03,golden state warriors,orlando magic,129,130,0.515,0.538,31,20,35,46,14,19,-1.0,1.0,0
0022200119,2022-11-03,denver nuggets,oklahoma city thunder,122,110,0.536,0.484,32,19,47,40,18,10,12.0,-12.0,1
0022200120,2022-11-04,cleveland cavaliers,detroit pistons,112,88,0.543,0.373,30,16,47,34,18,18,24.0,-24.0,1
0022200121,2022-11-04,indiana pacers,miami heat,101,99,0.463,0.383,28,17,42,42,19,19,2.0,-2.0,1
0022200122,2022-11-04,new york knicks,philadelphia 76ers,106,104,0.463,0.378,24,27,50,44,21,15,2.0,-2.0,1
0022200123,2022-11-04,brooklyn nets,washington wizards,128,86,0.556,0.361,32,18,48,39,7,13,42.0,-42.0,1
0022200124,2022-11-04,boston celtics,chicago bulls,123,119,0.494,0.518,24,21,39,37,13,17,4.0,-4.0,1
0022200125,2022-11-04,charlotte hornets,memphis grizzlies,99,130,0.384,0.51,22,34,41,60,18,18,-31.0,31.0,0
0022200126,2022-11-04,la clippers,san antonio spurs,113,106,0.525,0.477,26,23,44,35,16,13,7.0,-7.0,1
0022200127,2022-11-04,dallas mavericks,toronto raptors,111,110,0.506,0.443,23,20,31,44,18,19,1.0,-1.0,1
0022200128,2022-11-04,golden state warriors,new orleans pelicans,105,114,0.493,0.506,23,24,29,37,22,15,-9.0,9.0,0
0022200129,2022-11-04,milwaukee bucks,minnesota timberwolves,115,102,0.482,0.424,29,22,51,47,13,16,13.0,-13.0,1
0022200130,2022-11-04,phoenix suns,portland trail blazers,106,108,0.434,0.506,26,30,39,42,17,17,-2.0,2.0,0
0022200131,2022-11-04,los angeles lakers,utah jazz,116,130,0.482,0.505,22,31,40,48,11,8,-14.0,14.0,0
0022200132,2022-11-05,orlando magic,sacramento kings,123,126,0.543,0.505,27,24,48,36,17,14,-3.0,3.0,0
0022200133,2022-11-05,brooklyn nets,charlotte hornets,98,94,0.393,0.372,23,22,41,50,11,15,4.0,-4.0,1
0022200134,2022-11-05,atlanta hawks,new orleans pelicans,124,121,0.456,0.435,28,23,50,59,13,16,3.0,-3.0,1
0022200135,2022-11-05,boston celtics,new york knicks,133,118,0.534,0.511,30,22,34,44,12,13,10.4,-12.6,1
0022200136,2022-11-05,milwaukee bucks,oklahoma city thunder,108,94,0.422,0.429,23,22,55,38,18,15,14.0,-14.0,1
0022200137,2022-11-05,houston rockets,minnesota timberwolves,117,129,0.476,0.613,27,38,33,36,22,24,-12.0,12.0,0
0022200138,2022-11-05,denver nuggets,san antonio spurs,126,101,0.609,0.488,37,28,47,28,16,15,22.4,-20.0,1
0022200139,2022-11-05,phoenix suns,portland trail blazers,102,82,0.427,0.38,22,22,44,40,14,17,20.0,-20.0,1
0022200140,2022-11-06,cleveland cavaliers,los angeles lakers,114,100,0.44,0.46,19,24,48,43,12,16,14.0,-14.0,1
0022200141,2022-11-06,chicago bulls,toronto raptors,104,113,0.455,0.427,27,28,46,52,17,9,-9.0,9.0,0
0022200142,2022-11-06,memphis grizzlies,washington wizards,103,97,0.429,0.427,20,25,50,49,10,10,6.0,-6.0,1
0022200143,2022-11-06,la clippers,utah jazz,102,110,0.494,0.467,22,18,32,42,13,20,-8.0,8.0,0
0022200144,2022-11-07,charlotte hornets,washington wizards,100,108,0.416,0.525,27,21,45,47,10,14,-8.0,8.0,0
0022200145,2022-11-07,houston rockets,orlando magic,134,127,0.529,0.549,31,27,40,37,20,19,7.0,-7.0,1
0022200146,2022-11-07,detroit pistons,oklahoma city thunder,112,103,0.419,0.402,20,23,58,46,14,10,9.0,-9.0,1
0022200147,2022-11-07,indiana pacers,new orleans pelicans,129,122,0.5,0.495,33,32,45,43,17,10,7.0,-7.0,1
0022200148,2022-11-07,philadelphia 76ers,phoenix suns,100,88,0.388,0.438,22,19,48,37,15,13,12.0,-12.0,1
0022200149,2022-11-07,atlanta hawks,milwaukee bucks,117,98,0.465,0.414,23,21,48,41,12,18,19.0,-19.0,1
0022200150,2022-11-07,miami heat,portland trail blazers,107,110,0.476,0.528,28,27,32,37,10,18,-3.0,3.0,0
0022200151,2022-11-07,chicago bulls,toronto raptors,111,97,0.525,0.424,30,24,49,31,21,14,14.0,-14.0,1
0022200152,2022-11-07,boston celtics,memphis grizzlies,109,106,0.463,0.451,26,27,45,45,15,11,3.0,-3.0,1
0022200153,2022-11-07,minnesota timberwolves,new york knicks,107,120,0.469,0.438,28,26,39,43,17,16,-13.0,13.0,0
0022200154,2022-11-07,denver nuggets,san antonio spurs,115,109,0.534,0.524,33,31,40,38,20,24,6.0,-6.0,1
0022200155,2022-11-07,brooklyn nets,dallas mavericks,94,96,0.438,0.444,22,18,34,41,13,22,-2.0,2.0,0
0022200156,2022-11-07,golden state warriors,sacramento kings,116,113,0.5,0.407,28,24,48,43,15,10,3.0,-3.0,1
0022200157,2022-11-07,los angeles lakers,utah jazz,116,139,0.488,0.558,15,30,33,41,16,14,-23.0,23.0,0
0022200158,2022-11-07,cleveland cavaliers,la clippers,117,119,0.518,0.506,29,19,48,31,17,9,-2.0,2.0,0
0022200159,2022-11-09,charlotte hornets,portland trail blazers,95,105,0.374,0.533,21,28,42,45,11,17,-10.0,10.0,0
0022200160,2022-11-09,denver nuggets,indiana pacers,122,119,0.489,0.469,27,28,47,44,20,18,3.0,-3.0,1
0022200161,2022-11-09,dallas mavericks,orlando magic,87,94,0.376,0.493,17,20,29,49,4,18,-7.0,7.0,0
0022200162,2022-11-09,atlanta hawks,utah jazz,119,125,0.468,0.468,24,27,54,47,11,13,-6.0,6.0,0
0022200163,2022-11-09,boston celtics,detroit pistons,128,112,0.534,0.416,31,15,43,48,12,10,16.0,-16.0,1
0022200164,2022-11-09,brooklyn nets,new york knicks,112,85,0.483,0.322,30,21,55,46,14,15,27.0,-27.0,1
0022200165,2022-11-09,houston rockets,toronto raptors,109,116,0.44,0.412,29,19,49,50,16,13,-7.0,7.0,0
0022200166,2022-11-09,chicago bulls,new orleans pelicans,111,115,0.506,0.5,23,20,35,50,15,16,-4.0,4.0,0
0022200167,2022-11-09,minnesota timberwolves,phoenix suns,117,129,0.526,0.485,26,31,38,36,19,11,-12.0,12.0,0
0022200168,2022-11-09,milwaukee bucks,oklahoma city thunder,136,132,0.472,0.45,27,24,55,55,16,13,4.0,-4.0,1
0022200169,2022-11-09,memphis grizzlies,san antonio spurs,124,122,0.51,0.48,24,30,53,39,19,12,2.0,-2.0,1
0022200170,2022-11-09,la clippers,los angeles lakers,114,101,0.506,0.455,24,26,41,43,15,15,13.0,-13.0,1
0022200171,2022-11-09,cleveland cavaliers,sacramento kings,120,127,0.535,0.526,24,30,42,24,18,9,-7.0,7.0,0
0022200172,2022-11-10,dallas mavericks,washington wizards,105,113,0.43,0.488,19,25,41,52,12,17,-8.0,8.0,0
0022200173,2022-11-10,atlanta hawks,philadelphia 76ers,104,95,0.443,0.386,19,15,54,45,18,17,9.0,-9.0,1
0022200174,2022-11-10,charlotte hornets,miami heat,112,117,0.489,0.433,23,21,50,38,20,10,-5.0,5.0,0
0022200175,2022-11-10,new orleans pelicans,portland trail blazers,95,106,0.418,0.435,19,25,45,46,17,8,-11.0,11.0,0
0022200176,2022-11-11,boston celtics,denver nuggets,131,112,0.556,0.457,30,26,46,38,7,5,19.0,-19.0,1
0022200177,2022-11-11,orlando magic,phoenix suns,114,97,0.524,0.4,23,22,50,38,13,11,17.0,-17.0,1
0022200178,2022-11-11,detroit pistons,new york knicks,112,121,0.463,0.447,22,23,43,47,15,11,-9.0,9.0,0
0022200179,2022-11-11,oklahoma city thunder,toronto raptors,132,113,0.559,0.432,31,20,44,39,19,16,19.0,-19.0,1
0022200180,2022-11-11,milwaukee bucks,san antonio spurs,93,111,0.327,0.506,22,22,48,50,13,19,-18.0,18.0,0
0022200181,2022-11-11,memphis grizzlies,minnesota timberwolves,114,103,0.5,0.468,25,29,46,33,13,14,11.0,-11.0,1
0022200182,2022-11-11,cleveland cavaliers,golden state warriors,101,106,0.402,0.488,25,29,46,44,10,14,-5.0,5.0,0
0022200183,2022-11-11,los angeles lakers,sacramento kings,114,120,0.477,0.517,22,27,41,40,14,15,-6.0,6.0,0
0022200184,2022-11-12,brooklyn nets,la clippers,110,95,0.482,0.4,27,22,41,46,12,16,15.0,-15.0,1
0022200185,2022-11-12,utah jazz,washington wizards,112,121,0.468,0.5,33,27,42,46,12,9,-9.0,9.0,0
0022200186,2022-11-12,boston celtics,detroit pistons,117,108,0.429,0.416,27,23,42,50,7,14,9.0,-9.0,1
0022200187,2022-11-12,indiana pacers,toronto raptors,118,104,0.5,0.394,33,14,51,43,21,12,14.0,-14.0,1
0022200188,2022-11-12,atlanta hawks,philadelphia 76ers,109,121,0.449,0.55,20,24,43,31,18,12,-12.0,12.0,0
0022200189,2022-11-12,charlotte hornets,miami heat,115,132,0.511,0.527,25,32,37,46,12,12,-17.0,17.0,0
0022200190,2022-11-12,dallas mavericks,portland trail blazers,117,112,0.506,0.45,26,20,40,44,11,12,5.0,-5.0,1
0022200191,2022-11-12,houston rockets,new orleans pelicans,106,119,0.506,0.488,24,28,43,36,26,12,-13.0,13.0,0
0022200192,2022-11-13,new york knicks,oklahoma city thunder,135,145,0.495,0.625,25,31,35,38,13,19,-10.0,10.0,0
0022200193,2022-11-13,cleveland cavaliers,minnesota timberwolves,124,129,0.449,0.561,22,30,40,47,10,13,-5.0,5.0,0
0022200194,2022-11-13,memphis grizzlies,washington wizards,92,102,0.396,0.419,21,26,51,47,16,15,-10.0,10.0,0
0022200195,2022-11-13,philadelphia 76ers,utah jazz,105,98,0.482,0.394,21,23,39,50,12,17,7.0,-7.0,1
0022200196,2022-11-13,chicago bulls,denver nuggets,103,126,0.494,0.6,24,33,36,36,18,16,-23.0,23.0,0
0022200197,2022-11-13,golden state warriors,sacramento kings,115,122,0.467,0.516,27,31,43,45,18,15,-7.0,7.0,0
0022200198,2022-11-13,brooklyn nets,los angeles lakers,103,116,0.45,0.484,22,25,41,45,12,9,-13.0,13.0,0
0022200199,2022-11-14,detroit pistons,toronto raptors,111,115,0.455,0.488,23,27,39,42,19,17,-4.0,4.0,0
0022200200,2022-11-14,charlotte hornets,orlando magic,112,105,0.477,0.409,22,23,37,48,12,22,7.0,-7.0,1
0022200201,2022-11-14,boston celtics,oklahoma city thunder,126,122,0.479,0.48,25,21,46,51,14,19,4.0,-4.0,1
0022200202,2022-11-14,miami heat,phoenix suns,113,112,0.458,0.485,23,22,42,45,14,11,1.0,-1.0,1
0022200203,2022-11-14,houston rockets,la clippers,106,122,0.453,0.506,20,25,40,44,14,16,-16.0,16.0,0
0022200204,2022-11-14,atlanta hawks,milwaukee bucks,121,106,0.478,0.415,23,21,45,46,9,15,15.0,-15.0,1
0022200205,2022-11-14,golden state warriors,san antonio spurs,132,95,0.534,0.36,35,18,40,53,12,18,37.0,-37.0,1
0022200206,2022-11-15,memphis grizzlies,new orleans pelicans,102,113,0.413,0.473,16,31,51,43,11,10,-11.0,11.0,0
0022200207,2022-11-15,dallas mavericks,la clippers,103,101,0.438,0.531,20,23,34,40,12,21,2.0,-2.0,1
0022200208,2022-11-15,new york knicks,utah jazz,118,111,0.473,0.434,26,29,43,49,12,20,7.0,-7.0,1
0022200209,2022-11-15,portland trail blazers,san antonio spurs,117,110,0.519,0.518,22,34,39,38,15,19,7.0,-7.0,1
0022200210,2022-11-15,brooklyn nets,sacramento kings,121,153,0.494,0.596,25,39,29,43,17,16,-32.0,32.0,0
0022200211,2022-11-16,charlotte hornets,indiana pacers,113,125,0.457,0.537,29,27,44,34,17,12,-12.0,12.0,0
0022200212,2022-11-16,minnesota timberwolves,orlando magic,126,108,0.523,0.452,28,21,40,47,10,16,18.0,-18.0,1
0022200213,2022-11-16,oklahoma city thunder,washington wizards,121,120,0.543,0.512,24,32,37,41,15,19,1.0,-1.0,1
0022200214,2022-11-16,atlanta hawks,boston celtics,101,126,0.416,0.545,21,29,45,49,9,14,-25.0,25.0,0
0022200215,2022-11-16,miami heat,toronto raptors,104,112,0.545,0.512,19,23,23,42,23,14,-8.0,8.0,0
0022200216,2022-11-16,cleveland cavaliers,milwaukee bucks,98,113,0.429,0.477,22,26,34,52,8,14,-15.0,15.0,0
0022200217,2022-11-16,chicago bulls,new orleans pelicans,110,124,0.494,0.506,25,30,37,46,12,13,-14.0,14.0,0
0022200218,2022-11-16,dallas mavericks,houston rockets,92,101,0.304,0.467,21,21,38,56,6,20,-9.0,9.0,0
0022200219,2022-11-16,denver nuggets,new york knicks,103,106,0.439,0.44,18,24,42,40,15,7,-3.0,3.0,0
0022200220,2022-11-16,golden state warriors,phoenix suns,119,130,0.457,0.512,30,33,40,47,17,15,-11.0,11.0,0
0022200221,2022-11-17,brooklyn nets,portland trail blazers,109,107,0.506,0.387,32,22,47,39,17,9,2.0,-2.0,1
0022200222,2022-11-17,sacramento kings,san antonio spurs,130,112,0.578,0.548,28,29,37,32,12,18,18.0,-18.0,1
0022200223,2022-11-17,detroit pistons,la clippers,91,96,0.375,0.407,15,17,43,51,12,18,-5.0,5.0,0
0022200224,2022-11-18,miami heat,washington wizards,106,107,0.357,0.427,23,33,53,54,9,15,-1.0,1.0,0
0022200225,2022-11-18,charlotte hornets,cleveland cavaliers,122,132,0.4,0.533,24,25,53,50,14,19,-10.0,10.0,0
0022200226,2022-11-18,milwaukee bucks,philadelphia 76ers,102,110,0.456,0.513,22,28,42,41,12,18,-8.0,8.0,0
0022200227,2022-11-18,chicago bulls,orlando magic,107,108,0.461,0.494,27,25,46,41,11,16,-1.0,1.0,0
0022200228,2022-11-18,houston rockets,indiana pacers,91,99,0.337,0.402,15,25,49,45,17,15,-8.0,8.0,0
0022200229,2022-11-18,memphis grizzlies,oklahoma city thunder,121,110,0.419,0.469,26,34,57,43,11,10,11.0,-11.0,1
0022200230,2022-11-18,dallas mavericks,denver nuggets,127,99,0.597,0.422,29,24,44,36,10,11,28.0,-28.0,1
0022200231,2022-11-18,boston celtics,new orleans pelicans,117,109,0.482,0.494,28,24,46,37,17,11,8.0,-8.0,1
0022200232,2022-11-18,phoenix suns,utah jazz,133,134,0.521,0.56,29,32,42,36,14,16,-1.0,1.0,0
0022200233,2022-11-18,golden state warriors,new york knicks,111,101,0.451,0.345,32,16,51,45,16,16,10.0,-10.0,1
0022200234,2022-11-18,detroit pistons,los angeles lakers,121,128,0.467,0.551,27,29,37,44,11,16,-7.0,7.0,0
0022200235,2022-11-19,atlanta hawks,toronto raptors,124,122,0.5,0.444,23,27,50,51,14,13,2.0,-2.0,1
0022200236,2022-11-19,indiana pacers,orlando magic,114,113,0.456,0.429,27,16,42,41,15,9,4.6,-2.6,1
0022200237,2022-11-19,minnesota timberwolves,philadelphia 76ers,112,109,0.471,0.479,28,21,43,39,17,22,3.0,-3.0,1
0022200238,2022-11-19,portland trail blazers,utah jazz,113,118,0.47,0.462,27,23,43,42,17,13,-5.0,5.0,0
0022200239,2022-11-19,la clippers,san antonio spurs,119,97,0.543,0.414,32,22,35,43,12,15,22.0,-22.0,1
0022200240,2022-11-20,new york knicks,phoenix suns,95,116,0.4,0.426,20,35,39,60,10,13,-21.0,21.0,0
0022200241,2022-11-20,charlotte hornets,washington wizards,102,106,0.39,0.43,19,19,51,49,13,17,-4.0,4.0,0
0022200242,2022-11-20,detroit pistons,sacramento kings,129,137,0.528,0.553,20,29,35,41,12,11,-8.0,8.0,0
0022200243,2022-11-20,brooklyn nets,memphis grizzlies,127,115,0.602,0.434,33,28,45,44,18,10,12.0,-12.0,1
0022200244,2022-11-20,cleveland cavaliers,miami heat,113,87,0.53,0.388,31,17,49,30,19,16,26.0,-26.0,1
0022200245,2022-11-20,golden state warriors,houston rockets,127,120,0.535,0.456,38,24,40,45,17,12,7.0,-7.0,1
0022200246,2022-11-20,dallas mavericks,denver nuggets,97,98,0.449,0.474,24,22,36,44,12,15,-1.0,1.0,0
0022200247,2022-11-20,los angeles lakers,san antonio spurs,123,92,0.529,0.39,29,26,54,44,15,10,31.0,-31.0,1
0022200248,2022-11-21,atlanta hawks,cleveland cavaliers,102,114,0.437,0.6,24,24,35,37,16,19,-4.2,7.8,0
0022200249,2022-11-21,indiana pacers,orlando magic,123,102,0.5,0.424,32,20,48,38,21,17,21.0,-21.0,1
0022200250,2022-11-21,boston celtics,chicago bulls,107,121,0.437,0.517,28,26,38,51,15,11,-14.0,14.0,0
0022200251,2022-11-21,milwaukee bucks,portland trail blazers,119,111,0.547,0.473,31,19,42,40,14,15,8.0,-8.0,1
0022200252,2022-11-21,miami heat,minnesota timberwolves,101,105,0.389,0.435,26,30,46,40,15,18,-4.0,4.0,0
0022200253,2022-11-21,golden state warriors,new orleans pelicans,83,128,0.378,0.538,17,30,34,50,26,14,-45.0,45.0,0
0022200254,2022-11-21,new york knicks,oklahoma city thunder,129,119,0.526,0.489,21,25,48,38,13,14,10.0,-10.0,1
0022200255,2022-11-21,la clippers,utah jazz,121,114,0.516,0.449,26,22,41,45,16,17,7.0,-7.0,1
0022200256,2022-11-22,brooklyn nets,philadelphia 76ers,106,115,0.55,0.434,31,19,35,49,15,9,-9.0,9.0,0
0022200257,2022-11-22,memphis grizzlies,sacramento kings,109,113,0.451,0.433,26,27,49,45,18,18,-4.0,4.0,0
0022200258,2022-11-22,denver nuggets,detroit pistons,108,110,0.5,0.511,28,27,42,40,17,16,-2.0,2.0,0
0022200259,2022-11-22,los angeles lakers,phoenix suns,105,115,0.424,0.471,19,23,45,49,17,15,-10.0,10.0,0
0022200260,2022-11-23,charlotte hornets,philadelphia 76ers,107,101,0.478,0.442,25,20,44,45,15,19,6.0,-6.0,1
0022200261,2022-11-23,cleveland cavaliers,portland trail blazers,114,96,0.554,0.449,22,28,39,32,16,16,18.0,-18.0,1
0022200262,2022-11-23,indiana pacers,minnesota timberwolves,101,115,0.385,0.61,25,31,30,50,13,23,-14.0,14.0,0
0022200263,2022-11-23,atlanta hawks,sacramento kings,115,106,0.446,0.461,23,27,47,48,13,18,9.0,-9.0,1
0022200264,2022-11-23,boston celtics,dallas mavericks,125,112,0.536,0.537,29,20,38,35,11,14,13.0,-13.0,1
0022200265,2022-11-23,miami heat,washington wizards,113,105,0.419,0.472,20,27,53,43,12,14,8.0,-8.0,1
0022200266,2022-11-23,brooklyn nets,toronto raptors,112,98,0.549,0.356,32,16,39,52,19,13,14.0,-14.0,1
0022200267,2022-11-23,chicago bulls,milwaukee bucks,118,113,0.494,0.456,30,24,35,48,13,19,5.0,-5.0,1
0022200268,2022-11-23,denver nuggets,oklahoma city thunder,131,126,0.477,0.433,31,26,55,39,17,9,5.0,-5.0,1
0022200269,2022-11-23,new orleans pelicans,san antonio spurs,129,110,0.573,0.482,33,31,42,37,21,18,19.0,-19.0,1
0022200270,2022-11-23,detroit pistons,utah jazz,125,116,0.494,0.494,24,31,38,38,7,15,9.0,-9.0,1
0022200271,2022-11-23,golden state warriors,la clippers,124,107,0.495,0.453,36,22,45,43,13,16,17.0,-17.0,1
0022200272,2022-11-25,charlotte hornets,minnesota timberwolves,110,108,0.449,0.427,24,24,55,45,17,16,2.0,-2.0,1
0022200273,2022-11-25,orlando magic,philadelphia 76ers,99,107,0.425,0.476,20,25,35,47,14,15,-8.0,8.0,0
0022200274,2022-11-25,new york knicks,portland trail blazers,129,132,0.438,0.494,27,24,44,48,10,12,-3.0,3.0,0
0022200275,2022-11-25,boston celtics,sacramento kings,122,104,0.494,0.414,27,20,38,45,10,18,18.0,-18.0,1
0022200276,2022-11-25,brooklyn nets,indiana pacers,117,128,0.534,0.5,27,28,38,41,18,9,-11.0,11.0,0
0022200277,2022-11-25,miami heat,washington wizards,110,107,0.472,0.43,24,27,47,45,10,12,3.0,-3.0,1
0022200278,2022-11-25,atlanta hawks,houston rockets,122,128,0.476,0.471,14,25,28,59,13,21,-6.0,6.0,0
0022200279,2022-11-25,memphis grizzlies,new orleans pelicans,132,111,0.516,0.43,26,26,46,41,14,13,21.0,-21.0,1
0022200280,2022-11-25,cleveland cavaliers,milwaukee bucks,102,117,0.391,0.506,12,27,41,43,9,13,-15.0,15.0,0
0022200281,2022-11-25,chicago bulls,oklahoma city thunder,119,123,0.436,0.463,25,24,47,50,15,13,-4.0,4.0,0
0022200282,2022-11-25,los angeles lakers,san antonio spurs,105,94,0.482,0.38,28,21,49,50,21,16,11.0,-11.0,1
0022200283,2022-11-25,detroit pistons,phoenix suns,102,108,0.424,0.483,21,25,49,43,18,13,-6.0,6.0,0
0022200284,2022-11-25,golden state warriors,utah jazz,129,118,0.515,0.474,33,28,49,42,19,13,11.0,-11.0,1
0022200285,2022-11-25,denver nuggets,la clippers,114,104,0.494,0.544,27,22,37,33,6,14,10.0,-10.0,1
0022200286,2022-11-26,dallas mavericks,toronto raptors,100,105,0.479,0.432,28,20,34,48,16,13,-5.0,5.0,0
0022200287,2022-11-26,houston rockets,oklahoma city thunder,118,105,0.523,0.392,25,19,53,41,24,15,13.0,-13.0,1
0022200288,2022-11-26,los angeles lakers,san antonio spurs,143,138,0.58,0.505,25,33,39,47,17,10,5.0,-5.0,1
0022200289,2022-11-26,phoenix suns,utah jazz,113,112,0.457,0.506,23,20,48,40,6,12,1.0,-1.0,1
0022200290,2022-11-27,brooklyn nets,portland trail blazers,111,97,0.526,0.443,27,27,38,42,7,13,14.0,-14.0,1
0022200291,2022-11-27,golden state warriors,minnesota timberwolves,137,114,0.575,0.443,36,22,47,31,16,14,23.0,-23.0,1
0022200292,2022-11-27,indiana pacers,la clippers,100,114,0.383,0.447,23,33,39,62,11,18,-14.0,14.0,0
0022200293,2022-11-27,atlanta hawks,miami heat,98,106,0.398,0.488,24,28,42,46,9,12,-8.0,8.0,0
0022200294,2022-11-27,boston celtics,washington wizards,130,121,0.55,0.537,25,23,38,29,14,4,9.0,-9.0,1
0022200295,2022-11-27,cleveland cavaliers,detroit pistons,102,94,0.429,0.456,14,14,41,36,14,13,8.0,-8.0,1
0022200296,2022-11-27,memphis grizzlies,new york knicks,127,123,0.484,0.506,32,30,50,42,10,8,4.0,-4.0,1
0022200297,2022-11-27,orlando magic,philadelphia 76ers,103,133,0.456,0.649,21,32,26,43,15,14,-30.0,30.0,0
0022200298,2022-11-27,dallas mavericks,milwaukee bucks,115,124,0.513,0.558,23,28,32,40,13,13,-9.0,9.0,0
0022200299,2022-11-28,atlanta hawks,philadelphia 76ers,101,104,0.5,0.453,26,23,42,37,19,12,-3.0,3.0,0
0022200300,2022-11-28,minnesota timberwolves,washington wizards,127,142,0.5,0.571,20,31,45,34,18,7,-15.0,15.0,0
0022200301,2022-11-28,boston celtics,charlotte hornets,140,105,0.591,0.488,40,28,39,37,13,20,35.0,-35.0,1
0022200302,2022-11-28,brooklyn nets,orlando magic,109,102,0.543,0.475,20,18,42,35,16,18,7.0,-7.0,1
0022200303,2022-11-28,cleveland cavaliers,toronto raptors,88,100,0.378,0.44,21,23,47,45,9,10,-12.0,12.0,0
0022200304,2022-11-28,new orleans pelicans,oklahoma city thunder,105,101,0.448,0.37,21,16,49,47,22,19,4.0,-4.0,1
0022200305,2022-11-28,denver nuggets,houston rockets,129,113,0.568,0.459,31,25,43,37,14,17,16.0,-16.0,1
0022200306,2022-11-28,chicago bulls,utah jazz,114,107,0.462,0.482,21,30,50,45,7,14,7.0,-7.0,1
0022200307,2022-11-28,phoenix suns,sacramento kings,122,117,0.532,0.523,26,32,45,37,17,15,5.0,-5.0,1
0022200308,2022-11-28,indiana pacers,los angeles lakers,116,115,0.41,0.43,29,23,49,57,9,14,1.0,-1.0,1
0022200309,2022-11-29,detroit pistons,new york knicks,110,140,0.506,0.563,28,31,30,51,16,14,-30.0,30.0,0
0022200310,2022-11-29,dallas mavericks,golden state warriors,116,113,0.462,0.477,21,27,39,50,13,18,3.0,-3.0,1
0022200311,2022-11-29,la clippers,portland trail blazers,118,112,0.461,0.467,26,24,48,43,13,11,6.0,-6.0,1
0022200312,2022-11-30,cleveland cavaliers,philadelphia 76ers,113,85,0.608,0.416,28,19,40,30,18,16,28.0,-28.0,1
0022200313,2022-11-30,atlanta hawks,orlando magic,125,108,0.543,0.494,25,26,49,33,12,18,17.0,-17.0,1
0022200314,2022-11-30,boston celtics,miami heat,134,121,0.554,0.522,32,25,41,32,17,15,13.0,-13.0,1
0022200315,2022-11-30,brooklyn nets,washington wizards,113,107,0.464,0.438,22,19,35,51,9,14,6.0,-6.0,1
0022200316,2022-11-30,milwaukee bucks,new york knicks,109,103,0.433,0.42,23,18,52,55,5,7,6.0,-6.0,1
0022200317,2022-11-30,memphis grizzlies,minnesota timberwolves,101,109,0.425,0.461,17,26,59,29,24,12,-8.0,8.0,0
0022200318,2022-11-30,new orleans pelicans,toronto raptors,126,108,0.523,0.477,28,29,52,30,20,16,18.0,-18.0,1
0022200319,2022-11-30,oklahoma city thunder,san antonio spurs,119,111,0.511,0.446,17,27,52,44,11,10,8.0,-8.0,1
0022200320,2022-11-30,denver nuggets,houston rockets,120,100,0.53,0.42,30,18,42,39,11,14,20.0,-20.0,1
0022200321,2022-11-30,chicago bulls,phoenix suns,113,132,0.5,0.527,21,22,35,46,11,13,-19.0,19.0,0
0022200322,2022-11-30,la clippers,utah jazz,112,125,0.398,0.556,16,24,39,46,10,18,-13.0,13.0,0
0022200323,2022-11-30,indiana pacers,sacramento kings,114,137,0.4,0.505,28,28,47,58,15,18,-23.0,23.0,0
0022200324,2022-11-30,los angeles lakers,portland trail blazers,128,109,0.495,0.467,28,21,48,45,7,10,19.0,-19.0,1
0022200325,2022-12-01,dallas mavericks,detroit pistons,125,131,0.535,0.543,25,29,30,52,13,13,-6.0,6.0,0
0022200326,2022-12-02,charlotte hornets,washington wizards,117,116,0.421,0.453,25,23,45,56,4,14,1.0,-1.0,1
0022200327,2022-12-02,atlanta hawks,denver nuggets,117,109,0.557,0.529,24,31,43,33,12,15,8.0,-8.0,1
0022200328,2022-12-02,boston celtics,miami heat,116,120,0.46,0.475,26,19,48,50,20,16,-4.0,4.0,0
0022200329,2022-12-02,brooklyn nets,toronto raptors,114,105,0.537,0.437,27,16,41,43,18,13,9.0,-9.0,1
0022200330,2022-12-02,cleveland cavaliers,orlando magic,107,96,0.488,0.494,22,19,33,40,12,17,11.0,-11.0,1
0022200331,2022-12-02,los angeles lakers,milwaukee bucks,133,129,0.542,0.532,32,29,44,42,4,9,4.0,-4.0,1
0022200332,2022-12-02,memphis grizzlies,philadelphia 76ers,117,109,0.433,0.44,22,23,57,42,12,13,8.0,-8.0,1
0022200333,2022-12-02,new orleans pelicans,san antonio spurs,117,99,0.435,0.388,25,26,53,49,9,12,18.0,-18.0,1
0022200334,2022-12-02,houston rockets,phoenix suns,122,121,0.494,0.529,19,30,41,37,16,17,1.0,-1.0,1
0022200335,2022-12-02,indiana pacers,utah jazz,119,139,0.435,0.554,25,29,35,47,18,24,-20.0,20.0,0
0022200336,2022-12-02,chicago bulls,golden state warriors,111,119,0.462,0.483,28,32,44,50,12,19,-8.0,8.0,0
0022200337,2022-12-03,dallas mavericks,new york knicks,121,100,0.43,0.455,27,18,50,45,11,19,21.0,-21.0,1
0022200338,2022-12-03,la clippers,sacramento kings,96,123,0.355,0.517,15,31,50,46,17,9,-27.0,27.0,0
0022200339,2022-12-03,charlotte hornets,milwaukee bucks,96,105,0.391,0.47,15,24,44,47,14,21,-9.0,9.0,0
0022200340,2022-12-03,orlando magic,toronto raptors,108,121,0.487,0.56,23,31,29,43,15,16,-13.0,13.0,0
0022200341,2022-12-03,minnesota timberwolves,oklahoma city thunder,128,135,0.528,0.516,25,26,44,42,23,21,-7.0,7.0,0
0022200342,2022-12-03,golden state warriors,houston rockets,120,101,0.529,0.44,34,17,35,45,13,15,19.0,-19.0,1
0022200343,2022-12-03,portland trail blazers,utah jazz,116,111,0.482,0.452,19,20,49,44,13,13,5.0,-5.0,1
0022200344,2022-12-04,denver nuggets,new orleans pelicans,106,121,0.506,0.506,24,29,43,36,19,10,-15.0,15.0,0
0022200345,2022-12-04,phoenix suns,san antonio spurs,133,95,0.521,0.437,38,19,45,40,11,19,38.0,-38.0,1
0022200346,2022-12-04,boston celtics,brooklyn nets,103,92,0.432,0.405,18,17,48,45,15,14,11.0,-11.0,1
0022200347,2022-12-04,detroit pistons,memphis grizzlies,112,122,0.44,0.467,26,28,39,46,14,13,-10.0,10.0,0
0022200348,2022-12-04,cleveland cavaliers,new york knicks,81,92,0.349,0.407,17,17,39,54,17,20,-11.0,11.0,0
0022200349,2022-12-04,los angeles lakers,washington wizards,130,119,0.542,0.467,34,24,51,44,15,10,11.0,-11.0,1
0022200350,2022-12-04,chicago bulls,sacramento kings,101,110,0.442,0.465,17,30,39,46,16,18,-9.0,9.0,0
0022200351,2022-12-04,indiana pacers,portland trail blazers,100,116,0.44,0.488,22,32,44,45,15,15,-16.2,16.0,0
0022200352,2022-12-05,charlotte hornets,la clippers,117,119,0.48,0.484,29,30,49,47,10,12,-2.0,2.0,0
0022200353,2022-12-05,milwaukee bucks,orlando magic,109,102,0.447,0.366,31,21,45,52,17,13,7.0,-7.0,1
0022200354,2022-12-05,atlanta hawks,oklahoma city thunder,114,121,0.431,0.453,24,25,54,49,18,16,-7.0,7.0,0
0022200355,2022-12-05,boston celtics,toronto raptors,116,110,0.489,0.459,27,19,49,46,11,13,6.0,-6.0,1
0022200356,2022-12-05,houston rockets,philadelphia 76ers,132,123,0.447,0.448,19,23,51,39,19,19,9.0,-9.0,1
0022200357,2022-12-05,memphis grizzlies,miami heat,101,93,0.467,0.392,23,23,41,45,11,16,8.0,-8.0,1
0022200358,2022-12-05,dallas mavericks,phoenix suns,130,111,0.524,0.44,23,28,41,41,12,11,19.0,-19.0,1
0022200359,2022-12-05,golden state warriors,indiana pacers,104,112,0.404,0.478,26,26,47,47,12,11,-8.0,8.0,0
0022200360,2022-12-06,cleveland cavaliers,los angeles lakers,116,102,0.516,0.427,25,16,44,43,7,16,14.0,-14.0,1
0022200361,2022-12-06,detroit pistons,miami heat,116,96,0.494,0.429,27,21,40,40,12,15,20.0,-20.0,1
0022200362,2022-12-06,dallas mavericks,denver nuggets,116,115,0.5,0.513,27,30,35,36,15,17,1.0,-1.0,1
0022200363,2022-12-07,la clippers,orlando magic,111,116,0.411,0.421,26,20,53,53,15,12,-5.0,5.0,0
0022200364,2022-12-07,brooklyn nets,charlotte hornets,122,116,0.57,0.534,33,25,39,40,10,11,6.0,-6.0,1
0022200365,2022-12-07,atlanta hawks,new york knicks,89,113,0.376,0.446,16,26,39,55,11,14,-24.0,24.0,0
0022200366,2022-12-07,los angeles lakers,toronto raptors,113,126,0.425,0.443,16,25,46,54,15,11,-13.0,13.0,0
0022200367,2022-12-07,chicago bulls,washington wizards,115,111,0.5,0.488,29,22,41,38,19,18,4.0,-4.0,1
0022200368,2022-12-07,memphis grizzlies,oklahoma city thunder,123,102,0.511,0.37,32,25,50,48,14,18,21.0,-21.0,1
0022200369,2022-12-07,milwaukee bucks,sacramento kings,126,113,0.479,0.473,34,19,50,40,7,8,13.0,-13.0,1
0022200370,2022-12-07,indiana pacers,minnesota timberwolves,115,121,0.481,0.473,22,25,31,51,19,21,-6.0,6.0,0
0022200371,2022-12-07,detroit pistons,new orleans pelicans,98,104,0.389,0.459,17,21,42,50,12,18,-6.0,6.0,0
0022200372,2022-12-07,golden state warriors,utah jazz,123,124,0.459,0.535,26,26,42,40,14,17,-1.0,1.0,0
0022200373,2022-12-07,boston celtics,phoenix suns,125,98,0.485,0.398,29,19,53,49,12,18,27.0,-27.0,1
0022200374,2022-12-08,la clippers,miami heat,110,115,0.463,0.511,24,24,43,43,16,8,-5.0,5.0,0
0022200375,2022-12-08,houston rockets,san antonio spurs,109,118,0.449,0.554,23,25,42,38,14,16,-9.0,9.0,0
0022200376,2022-12-08,denver nuggets,portland trail blazers,121,120,0.516,0.484,28,30,48,38,16,12,1.0,-1.0,1
0022200377,2022-12-09,charlotte hornets,new york knicks,102,121,0.44,0.441,16,25,45,48,12,11,-19.0,19.0,0
0022200378,2022-12-09,indiana pacers,washington wizards,121,111,0.506,0.532,23,25,40,38,11,14,10.0,-10.0,1
0022200379,2022-12-09,orlando magic,toronto raptors,113,109,0.592,0.424,24,23,43,33,18,7,4.0,-4.0,1
0022200380,2022-12-09,atlanta hawks,brooklyn nets,116,120,0.495,0.542,21,30,38,38,18,21,-4.0,4.0,0
0022200381,2022-12-09,cleveland cavaliers,sacramento kings,95,106,0.43,0.53,20,21,36,38,19,17,-11.0,11.0,0
0022200382,2022-12-09,los angeles lakers,philadelphia 76ers,122,133,0.5,0.533,29,30,37,42,19,21,-11.0,11.0,0
0022200383,2022-12-09,detroit pistons,memphis grizzlies,103,114,0.4,0.484,23,30,47,48,19,14,-11.0,11.0,0
0022200384,2022-12-09,new orleans pelicans,phoenix suns,128,117,0.511,0.5,27,30,44,37,11,16,11.0,-11.0,1
0022200385,2022-12-09,minnesota timberwolves,utah jazz,118,108,0.532,0.433,30,22,44,40,17,11,10.0,-10.0,1
0022200386,2022-12-09,dallas mavericks,milwaukee bucks,105,106,0.466,0.437,21,27,43,51,10,15,-1.0,1.0,0
0022200387,2022-12-10,miami heat,san antonio spurs,111,115,0.481,0.538,26,24,32,46,10,18,-4.0,4.0,0
0022200388,2022-12-10,brooklyn nets,indiana pacers,136,133,0.52,0.553,19,30,59,30,18,18,3.0,-3.0,1
0022200389,2022-12-10,la clippers,washington wizards,114,107,0.426,0.435,22,24,42,50,10,14,7.0,-7.0,1
0022200390,2022-12-10,cleveland cavaliers,oklahoma city thunder,110,102,0.471,0.458,25,25,48,40,11,10,8.0,-8.0,1
0022200391,2022-12-10,chicago bulls,dallas mavericks,144,115,0.635,0.456,33,24,44,37,8,8,29.0,-29.0,1
0022200392,2022-12-10,boston celtics,golden state warriors,107,123,0.437,0.511,17,26,39,53,10,13,-16.0,16.0,0
0022200393,2022-12-10,denver nuggets,utah jazz,115,110,0.547,0.459,28,20,39,42,8,13,5.0,-5.0,1
0022200394,2022-12-10,minnesota timberwolves,portland trail blazers,118,124,0.542,0.518,22,20,28,45,13,16,-6.0,6.0,0
0022200395,2022-12-11,new orleans pelicans,phoenix suns,129,124,0.581,0.467,31,34,43,42,15,14,5.0,-5.0,1
0022200396,2022-12-11,detroit pistons,los angeles lakers,117,124,0.462,0.548,28,31,40,42,12,11,-7.0,7.0,0
0022200397,2022-12-11,new york knicks,sacramento kings,112,99,0.449,0.398,19,20,55,41,14,16,13.0,-13.0,1
0022200398,2022-12-11,orlando magic,toronto raptors,111,99,0.468,0.4,25,18,42,28,14,9,12.0,-12.0,1
0022200399,2022-12-11,charlotte hornets,philadelphia 76ers,113,131,0.409,0.554,21,31,45,41,15,15,-18.0,18.0,0
0022200400,2022-12-11,atlanta hawks,chicago bulls,123,122,0.48,0.48,28,28,45,53,14,18,1.0,-1.0,1
0022200401,2022-12-11,houston rockets,milwaukee bucks,97,92,0.44,0.367,23,18,49,52,12,15,5.0,-5.0,1
0022200402,2022-12-12,indiana pacers,miami heat,82,87,0.354,0.386,16,23,45,48,15,13,-5.0,5.0,0
0022200403,2022-12-12,brooklyn nets,washington wizards,112,100,0.494,0.468,25,21,41,44,11,19,12.0,-12.0,1
0022200404,2022-12-12,atlanta hawks,memphis grizzlies,103,128,0.356,0.602,20,36,39,49,15,22,-25.0,25.0,0
0022200405,2022-12-12,dallas mavericks,oklahoma city thunder,121,114,0.419,0.477,24,21,50,42,14,13,7.0,-7.0,1
0022200406,2022-12-12,cleveland cavaliers,san antonio spurs,111,112,0.489,0.474,21,25,44,46,15,12,-1.0,1.0,0
0022200407,2022-12-12,minnesota timberwolves,portland trail blazers,112,133,0.495,0.539,25,32,37,54,10,18,-21.0,21.0,0
0022200408,2022-12-12,boston celtics,la clippers,93,113,0.434,0.489,27,18,36,46,15,9,-20.0,20.0,0
0022200409,2022-12-13,philadelphia 76ers,sacramento kings,123,103,0.512,0.413,34,21,42,48,11,17,20.0,-20.0,1
0022200410,2022-12-13,golden state warriors,milwaukee bucks,111,128,0.4,0.549,25,22,37,55,18,21,-17.0,17.0,0
0022200411,2022-12-13,houston rockets,phoenix suns,111,97,0.42,0.32,16,22,67,44,22,9,14.0,-14.0,1
0022200412,2022-12-13,new orleans pelicans,utah jazz,100,121,0.398,0.476,25,31,43,59,17,19,-21.0,21.0,0
0022200413,2022-12-13,boston celtics,los angeles lakers,122,118,0.442,0.473,27,23,51,49,14,11,4.0,-4.0,1
0022200414,2022-12-14,charlotte hornets,detroit pistons,134,141,0.412,0.516,21,25,52,52,5,15,-7.0,7.0,0
0022200415,2022-12-14,golden state warriors,indiana pacers,119,125,0.465,0.506,27,30,46,34,23,17,-6.0,6.0,0
0022200416,2022-12-14,atlanta hawks,orlando magic,124,135,0.5,0.505,30,28,39,46,13,11,-11.0,11.0,0
0022200417,2022-12-14,sacramento kings,toronto raptors,124,123,0.484,0.5,29,25,50,39,15,7,1.0,-1.0,1
0022200418,2022-12-14,chicago bulls,new york knicks,120,128,0.548,0.495,25,25,31,48,12,15,-8.0,8.0,0
0022200419,2022-12-14,miami heat,oklahoma city thunder,110,108,0.43,0.5,25,26,39,44,14,14,2.0,-2.0,1
0022200420,2022-12-14,portland trail blazers,san antonio spurs,128,112,0.605,0.464,26,23,40,40,17,11,16.0,-16.0,1
0022200421,2022-12-14,cleveland cavaliers,dallas mavericks,105,90,0.526,0.392,26,17,43,33,6,12,15.0,-15.0,1
0022200422,2022-12-14,denver nuggets,washington wizards,141,128,0.651,0.527,31,40,45,24,18,13,13.0,-13.0,1
0022200423,2022-12-14,la clippers,minnesota timberwolves,99,88,0.382,0.419,21,15,52,43,14,17,11.0,-11.0,1
0022200424,2022-12-15,houston rockets,miami heat,108,111,0.468,0.443,22,21,51,40,14,14,-3.0,3.0,0
0022200425,2022-12-15,memphis grizzlies,milwaukee bucks,142,101,0.549,0.372,30,22,56,39,7,9,41.0,-41.0,1
0022200426,2022-12-15,new orleans pelicans,utah jazz,129,132,0.475,0.457,24,24,49,44,16,16,-3.0,3.0,0
0022200427,2022-12-15,la clippers,phoenix suns,95,111,0.378,0.463,21,27,52,53,16,8,-16.0,16.0,0
0022200428,2022-12-16,atlanta hawks,charlotte hornets,125,106,0.547,0.398,25,26,41,43,12,12,19.0,-19.0,1
0022200429,2022-12-16,detroit pistons,sacramento kings,113,122,0.459,0.524,22,30,46,33,16,13,-9.0,9.0,0
0022200430,2022-12-16,boston celtics,orlando magic,109,117,0.417,0.462,17,19,38,53,14,17,-8.0,8.0,0
0022200431,2022-12-16,cleveland cavaliers,indiana pacers,118,112,0.5,0.525,23,34,34,33,8,10,6.0,-6.0,1
0022200432,2022-12-16,golden state warriors,philadelphia 76ers,106,118,0.415,0.459,31,23,48,49,17,15,-12.0,12.0,0
0022200433,2022-12-16,brooklyn nets,toronto raptors,119,116,0.605,0.488,22,17,37,32,14,8,3.0,-3.0,1
0022200434,2022-12-16,chicago bulls,new york knicks,91,114,0.468,0.402,26,19,39,50,20,10,-23.0,23.0,0
0022200435,2022-12-16,minnesota timberwolves,oklahoma city thunder,112,110,0.494,0.466,23,29,43,45,16,22,2.0,-2.0,1
0022200436,2022-12-16,dallas mavericks,portland trail blazers,130,110,0.556,0.438,25,21,40,42,12,12,20.0,-20.0,1
0022200437,2022-12-16,denver nuggets,los angeles lakers,108,126,0.481,0.527,25,29,39,45,19,14,-18.0,18.0,0
0022200438,2022-12-17,la clippers,washington wizards,102,93,0.43,0.429,19,20,49,42,14,14,9.0,-9.0,1
0022200439,2022-12-17,miami heat,san antonio spurs,111,101,0.512,0.429,25,29,40,38,12,17,10.0,-10.0,1
0022200440,2022-12-17,cleveland cavaliers,dallas mavericks,100,99,0.426,0.409,23,19,51,45,10,11,1.0,-1.0,1
0022200441,2022-12-17,houston rockets,portland trail blazers,95,107,0.4,0.471,19,20,51,36,15,12,-12.0,12.0,0
0022200442,2022-12-17,milwaukee bucks,utah jazz,123,97,0.533,0.453,30,24,54,29,14,14,26.0,-26.0,1
0022200443,2022-12-17,memphis grizzlies,oklahoma city thunder,109,115,0.378,0.413,15,29,53,53,9,9,-6.0,6.0,0
0022200444,2022-12-17,new orleans pelicans,phoenix suns,114,118,0.584,0.47,27,23,36,35,16,8,-4.0,4.0,0
0022200445,2022-12-18,boston celtics,orlando magic,92,95,0.348,0.384,22,20,54,46,16,13,-3.0,3.0,0
0022200446,2022-12-18,indiana pacers,new york knicks,106,109,0.433,0.47,20,13,44,49,14,16,-3.0,3.0,0
0022200447,2022-12-18,brooklyn nets,detroit pistons,124,121,0.55,0.477,26,20,35,41,13,8,3.0,-3.0,1
0022200448,2022-12-18,golden state warriors,toronto raptors,126,110,0.531,0.421,31,21,41,43,17,12,16.0,-16.0,1
0022200449,2022-12-18,chicago bulls,minnesota timberwolves,126,150,0.523,0.655,31,38,30,39,11,12,-24.0,24.0,0
0022200450,2022-12-18,charlotte hornets,denver nuggets,115,119,0.427,0.457,26,33,48,55,11,14,-4.0,4.0,0
0022200451,2022-12-18,los angeles lakers,washington wizards,119,117,0.5,0.463,29,24,43,48,9,10,2.0,-2.0,1
0022200452,2022-12-19,cleveland cavaliers,utah jazz,122,99,0.614,0.387,24,19,45,35,21,14,23.0,-23.0,1
0022200453,2022-12-19,philadelphia 76ers,toronto raptors,104,101,0.4,0.42,22,24,41,50,16,15,3.0,-3.0,1
0022200454,2022-12-19,atlanta hawks,orlando magic,126,125,0.511,0.474,29,29,41,45,10,8,1.0,-1.0,1
0022200455,2022-12-19,houston rockets,san antonio spurs,105,124,0.426,0.554,23,30,41,46,11,19,-19.0,19.0,0
0022200456,2022-12-19,dallas mavericks,minnesota timberwolves,106,116,0.408,0.472,23,19,42,44,15,10,-10.0,10.0,0
0022200457,2022-12-19,milwaukee bucks,new orleans pelicans,128,119,0.556,0.424,26,30,44,44,17,15,9.0,-9.0,1
0022200458,2022-12-19,oklahoma city thunder,portland trail blazers,123,121,0.455,0.5,20,26,39,45,10,16,2.0,-2.0,1
0022200459,2022-12-19,los angeles lakers,phoenix suns,104,130,0.448,0.495,13,21,38,51,14,8,-26.0,26.0,0
0022200460,2022-12-19,charlotte hornets,sacramento kings,125,119,0.516,0.474,26,23,56,42,14,8,6.0,-6.0,1
0022200461,2022-12-20,detroit pistons,utah jazz,111,126,0.506,0.505,22,27,43,43,14,12,-15.0,15.0,0
0022200462,2022-12-20,chicago bulls,miami heat,113,103,0.548,0.469,24,26,39,35,16,13,10.0,-10.0,1
0022200463,2022-12-20,golden state warriors,new york knicks,94,132,0.473,0.517,23,27,29,47,19,11,-38.0,38.0,0
0022200464,2022-12-20,phoenix suns,washington wizards,110,113,0.461,0.475,26,22,44,41,14,9,-3.0,3.0,0
0022200465,2022-12-20,denver nuggets,memphis grizzlies,105,91,0.449,0.444,28,25,48,42,17,16,14.0,-14.0,1
0022200466,2022-12-21,cleveland cavaliers,milwaukee bucks,114,106,0.482,0.47,22,20,37,46,10,19,8.0,-8.0,1
0022200467,2022-12-21,detroit pistons,philadelphia 76ers,93,113,0.392,0.441,15,27,46,49,22,12,-20.0,20.0,0
0022200468,2022-12-21,atlanta hawks,chicago bulls,108,110,0.429,0.5,22,20,47,47,15,11,-2.0,2.0,0
0022200469,2022-12-21,boston celtics,indiana pacers,112,117,0.386,0.469,26,27,62,47,16,14,-5.0,5.0,0
0022200470,2022-12-21,brooklyn nets,golden state warriors,143,113,0.643,0.494,42,32,32,36,14,21,30.0,-30.0,1
0022200471,2022-12-21,new york knicks,toronto raptors,106,113,0.553,0.447,25,17,38,38,16,4,-7.0,7.0,0
0022200472,2022-12-21,houston rockets,orlando magic,110,116,0.466,0.451,22,19,49,45,16,11,-6.0,6.0,0
0022200473,2022-12-21,dallas mavericks,minnesota timberwolves,104,99,0.453,0.494,17,23,39,39,13,13,5.0,-5.0,1
0022200474,2022-12-21,oklahoma city thunder,portland trail blazers,101,98,0.468,0.494,19,29,37,36,18,18,3.0,-3.0,1
0022200475,2022-12-21,los angeles lakers,sacramento kings,120,134,0.5,0.505,25,29,39,46,15,12,-14.0,14.0,0
0022200476,2022-12-21,charlotte hornets,la clippers,105,126,0.402,0.506,25,29,40,48,14,27,-21.0,21.0,0
0022200477,2022-12-22,new orleans pelicans,san antonio spurs,126,117,0.484,0.478,25,23,46,44,17,17,9.0,-9.0,1
0022200478,2022-12-22,utah jazz,washington wizards,120,112,0.488,0.561,16,20,40,37,11,10,8.0,-8.0,1
0022200479,2022-12-23,orlando magic,san antonio spurs,133,113,0.575,0.454,30,28,44,38,17,13,20.0,-20.0,1
0022200480,2022-12-23,la clippers,philadelphia 76ers,114,119,0.506,0.534,25,31,33,39,11,9,-5.0,5.0,0
0022200481,2022-12-23,atlanta hawks,detroit pistons,130,105,0.533,0.411,30,17,48,43,8,14,25.0,-25.0,1
0022200482,2022-12-23,boston celtics,minnesota timberwolves,121,109,0.44,0.484,28,25,53,45,11,16,12.0,-12.0,1
0022200483,2022-12-23,brooklyn nets,milwaukee bucks,118,100,0.495,0.44,30,17,45,45,10,18,18.0,-18.0,1
0022200484,2022-12-23,cleveland cavaliers,toronto raptors,107,118,0.513,0.5,27,25,35,45,14,18,-11.0,11.0,0
0022200485,2022-12-23,chicago bulls,new york knicks,118,117,0.484,0.5,24,23,41,47,4,10,1.0,-1.0,1
0022200486,2022-12-23,indiana pacers,miami heat,111,108,0.482,0.432,26,23,43,38,16,10,3.0,-3.0,1
0022200487,2022-12-23,dallas mavericks,houston rockets,112,106,0.45,0.457,20,26,34,45,14,14,6.0,-6.0,1
0022200488,2022-12-23,new orleans pelicans,oklahoma city thunder,128,125,0.436,0.461,30,27,55,47,21,18,3.0,-3.0,1
0022200489,2022-12-23,denver nuggets,portland trail blazers,120,107,0.58,0.448,31,24,38,43,10,13,13.0,-13.0,1
0022200490,2022-12-23,memphis grizzlies,phoenix suns,125,100,0.495,0.437,30,23,53,35,10,14,25.0,-25.0,1
0022200491,2022-12-23,sacramento kings,washington wizards,111,125,0.44,0.557,19,30,47,40,13,9,-14.0,14.0,0
0022200492,2022-12-23,charlotte hornets,los angeles lakers,134,130,0.553,0.522,30,27,41,42,16,17,4.0,-4.0,1
0022200493,2022-12-25,new york knicks,philadelphia 76ers,112,119,0.478,0.506,30,22,46,32,8,6,-7.0,7.0,0
0022200494,2022-12-25,dallas mavericks,los angeles lakers,124,115,0.524,0.488,31,18,38,35,11,8,9.0,-9.0,1
0022200495,2022-12-25,boston celtics,milwaukee bucks,139,118,0.588,0.5,29,22,35,39,11,15,21.0,-21.0,1
0022200496,2022-12-25,golden state warriors,memphis grizzlies,123,109,0.473,0.415,31,19,51,44,10,13,14.0,-14.0,1
0022200497,2022-12-25,denver nuggets,phoenix suns,128,125,0.479,0.479,29,32,48,46,12,13,3.0,-3.0,1
0022200498,2022-12-26,brooklyn nets,cleveland cavaliers,125,117,0.573,0.476,27,21,38,33,15,12,8.0,-8.0,1
0022200499,2022-12-26,detroit pistons,la clippers,131,142,0.44,0.538,32,25,45,48,17,19,-11.0,11.0,0
0022200500,2022-12-26,miami heat,minnesota timberwolves,113,110,0.461,0.544,27,31,40,44,9,22,3.0,-3.0,1
0022200501,2022-12-26,chicago bulls,houston rockets,118,133,0.489,0.556,27,28,35,45,8,12,-15.0,15.0,0
0022200502,2022-12-26,indiana pacers,new orleans pelicans,93,113,0.422,0.456,23,30,36,54,13,14,-20.0,20.0,0
0022200503,2022-12-26,san antonio spurs,utah jazz,126,122,0.552,0.402,27,20,41,45,14,12,4.0,-4.0,1
0022200504,2022-12-26,charlotte hornets,portland trail blazers,113,124,0.398,0.5,25,28,45,50,12,15,-11.0,11.0,0
0022200505,2022-12-27,los angeles lakers,orlando magic,129,110,0.544,0.5,32,25,46,37,13,11,19.0,-19.0,1
0022200506,2022-12-27,philadelphia 76ers,washington wizards,111,116,0.464,0.459,21,18,39,39,15,15,-5.0,5.0,0
0022200507,2022-12-27,boston celtics,houston rockets,126,102,0.473,0.4,32,24,49,49,10,13,24.0,-24.0,1
0022200508,2022-12-27,atlanta hawks,indiana pacers,114,129,0.449,0.511,26,28,42,49,9,10,-15.0,15.0,0
0022200509,2022-12-27,la clippers,toronto raptors,124,113,0.484,0.512,27,24,47,39,9,12,11.0,-11.0,1
0022200510,2022-12-27,memphis grizzlies,phoenix suns,108,125,0.396,0.494,18,26,40,47,14,19,-17.0,17.0,0
0022200511,2022-12-27,oklahoma city thunder,san antonio spurs,130,114,0.535,0.465,25,20,45,41,12,14,16.0,-16.0,1
0022200512,2022-12-27,dallas mavericks,new york knicks,126,121,0.489,0.437,20,27,47,55,9,9,5.0,-5.0,1
0022200513,2022-12-27,charlotte hornets,golden state warriors,105,110,0.413,0.432,22,31,47,49,12,14,-5.0,5.0,0
0022200514,2022-12-27,denver nuggets,sacramento kings,113,106,0.477,0.488,34,20,40,39,13,16,7.0,-7.0,1
0022200515,2022-12-28,detroit pistons,orlando magic,121,101,0.45,0.412,25,24,49,47,13,13,20.0,-20.0,1
0022200516,2022-12-28,phoenix suns,washington wizards,102,127,0.448,0.573,25,27,30,46,11,12,-25.0,25.0,0
0022200517,2022-12-28,atlanta hawks,brooklyn nets,107,108,0.433,0.506,22,22,47,47,3,12,-1.0,1.0,0
0022200518,2022-12-28,los angeles lakers,miami heat,98,112,0.481,0.478,25,20,44,37,24,5,-14.0,14.0,0
0022200519,2022-12-28,chicago bulls,milwaukee bucks,119,113,0.457,0.373,21,18,52,61,13,14,6.0,-6.0,1
0022200520,2022-12-28,minnesota timberwolves,new orleans pelicans,118,119,0.506,0.481,18,22,35,43,11,13,-1.0,1.0,0
0022200521,2022-12-28,golden state warriors,utah jazz,112,107,0.425,0.407,22,26,51,50,12,12,5.0,-5.0,1
0022200522,2022-12-28,denver nuggets,sacramento kings,126,127,0.576,0.528,31,32,34,34,16,12,-1.0,1.0,0
0022200523,2022-12-29,charlotte hornets,oklahoma city thunder,121,113,0.548,0.424,33,15,52,41,17,12,8.0,-8.0,1
0022200524,2022-12-29,cleveland cavaliers,indiana pacers,126,135,0.521,0.565,29,28,44,32,10,8,-9.0,9.0,0
0022200525,2022-12-29,boston celtics,la clippers,116,110,0.484,0.483,22,26,49,41,11,12,6.0,-6.0,1
0022200526,2022-12-29,memphis grizzlies,toronto raptors,119,106,0.505,0.406,37,21,53,47,15,8,13.0,-13.0,1
0022200527,2022-12-29,new york knicks,san antonio spurs,115,122,0.422,0.511,20,25,38,48,12,11,-7.0,7.0,0
0022200528,2022-12-29,dallas mavericks,houston rockets,129,114,0.516,0.442,30,21,44,48,8,12,15.0,-15.0,1
0022200529,2022-12-30,orlando magic,washington wizards,100,119,0.42,0.56,24,33,35,53,11,26,-19.0,19.0,0
0022200530,2022-12-30,atlanta hawks,los angeles lakers,121,130,0.475,0.542,22,34,41,55,10,16,-9.0,9.0,0
0022200531,2022-12-30,phoenix suns,toronto raptors,104,113,0.493,0.494,26,20,42,31,25,12,-9.0,12.0,0
0022200532,2022-12-30,chicago bulls,detroit pistons,132,118,0.576,0.477,21,28,38,35,13,14,14.0,-14.0,1
0022200533,2022-12-30,milwaukee bucks,minnesota timberwolves,123,114,0.462,0.435,25,18,68,36,21,8,9.0,-9.0,1
0022200534,2022-12-30,new orleans pelicans,philadelphia 76ers,127,116,0.538,0.56,19,28,36,29,12,18,11.0,-11.0,1
0022200535,2022-12-30,denver nuggets,miami heat,124,119,0.592,0.448,34,21,36,36,20,14,5.0,-5.0,1
0022200536,2022-12-30,golden state warriors,portland trail blazers,118,112,0.462,0.462,29,22,46,49,12,14,6.0,-6.0,1
0022200537,2022-12-30,sacramento kings,utah jazz,126,125,0.556,0.548,32,30,38,37,15,13,1.0,-1.0,1
0022200538,2022-12-31,indiana pacers,la clippers,131,130,0.523,0.538,28,23,36,39,11,15,1.0,-1.0,1
0022200539,2022-12-31,brooklyn nets,charlotte hornets,123,106,0.6,0.396,26,28,42,45,14,12,17.0,-17.0,1
0022200540,2022-12-31,chicago bulls,cleveland cavaliers,102,103,0.481,0.459,14,20,40,50,15,20,-1.0,1.0,0
0022200541,2022-12-31,houston rockets,new york knicks,88,108,0.377,0.389,20,20,52,46,24,10,-20.0,20.0,0
0022200542,2022-12-31,dallas mavericks,san antonio spurs,126,125,0.581,0.553,21,28,26,48,5,13,1.0,-1.0,1
0022200543,2022-12-31,memphis grizzlies,new orleans pelicans,116,101,0.511,0.352,26,16,52,46,17,19,15.0,-15.0,1
0022200544,2022-12-31,detroit pistons,minnesota timberwolves,116,104,0.483,0.434,21,17,52,39,14,15,12.0,-12.0,1
0022200545,2022-12-31,oklahoma city thunder,philadelphia 76ers,96,115,0.38,0.465,16,29,50,56,16,13,-19.0,19.0,0
0022200546,2022-12-31,miami heat,utah jazz,126,123,0.506,0.432,32,23,37,49,12,16,3.0,-3.0,1
0022200547,2023-01-01,memphis grizzlies,sacramento kings,118,108,0.46,0.406,25,24,57,47,11,15,10.0,-10.0,1
0022200548,2023-01-01,milwaukee bucks,washington wizards,95,118,0.354,0.532,22,29,44,54,16,17,-23.0,23.0,0
0022200549,2023-01-01,boston celtics,denver nuggets,111,123,0.46,0.57,30,31,41,35,13,14,-12.0,12.0,0
0022200550,2023-01-02,new york knicks,phoenix suns,102,83,0.486,0.391,26,22,45,36,7,8,19.0,-19.0,1
0022200551,2023-01-02,charlotte hornets,los angeles lakers,115,121,0.452,0.484,24,26,47,53,14,14,-6.0,6.0,0
0022200552,2023-01-02,chicago bulls,cleveland cavaliers,134,145,0.495,0.522,22,27,42,47,7,10,-11.0,11.0,0
0022200553,2023-01-02,indiana pacers,toronto raptors,122,114,0.484,0.451,24,26,50,36,12,11,8.0,-8.0,1
0022200554,2023-01-02,new orleans pelicans,philadelphia 76ers,111,120,0.5,0.477,26,26,49,35,17,9,-9.0,9.0,0
0022200555,2023-01-02,brooklyn nets,san antonio spurs,139,103,0.624,0.433,31,26,45,43,12,18,36.0,-36.0,1
0022200556,2023-01-02,dallas mavericks,houston rockets,111,106,0.42,0.463,19,21,41,46,8,10,5.0,-5.0,1
0022200557,2023-01-02,denver nuggets,minnesota timberwolves,111,124,0.462,0.517,27,29,45,41,14,11,-13.0,13.0,0
0022200558,2023-01-02,atlanta hawks,golden state warriors,141,143,0.486,0.446,30,34,53,69,13,19,-2.0,2.0,0
0022200559,2023-01-02,detroit pistons,portland trail blazers,106,135,0.415,0.571,16,29,45,44,21,18,-29.0,29.0,0
0022200560,2023-01-02,la clippers,miami heat,100,110,0.433,0.459,19,22,34,48,15,11,-10.0,10.0,0
0022200561,2023-01-03,milwaukee bucks,washington wizards,123,113,0.48,0.433,27,27,49,46,12,10,10.0,-10.0,1
0022200562,2023-01-03,boston celtics,oklahoma city thunder,117,150,0.455,0.592,29,31,38,44,17,13,-33.0,33.0,0
0022200563,2023-01-03,sacramento kings,utah jazz,117,115,0.535,0.432,23,21,40,44,17,16,2.0,-2.0,1
0022200564,2023-01-04,charlotte hornets,memphis grizzlies,107,131,0.404,0.5,25,28,44,59,12,14,-24.0,24.0,0
0022200565,2023-01-04,cleveland cavaliers,phoenix suns,90,88,0.39,0.395,15,24,46,49,14,13,2.0,-2.0,1
0022200566,2023-01-04,oklahoma city thunder,orlando magic,115,126,0.404,0.519,23,26,33,49,9,16,-11.0,11.0,0
0022200567,2023-01-04,indiana pacers,philadelphia 76ers,126,129,0.474,0.49,31,24,45,46,13,9,-3.0,3.0,0
0022200568,2023-01-04,new york knicks,san antonio spurs,117,114,0.479,0.5,16,25,47,38,12,15,3.0,-3.0,1
0022200569,2023-01-04,milwaukee bucks,toronto raptors,104,101,0.398,0.328,26,22,73,47,25,8,3.0,-3.0,1
0022200570,2023-01-04,brooklyn nets,chicago bulls,112,121,0.462,0.531,24,21,34,46,10,15,-9.0,9.0,0
0022200571,2023-01-04,minnesota timberwolves,portland trail blazers,113,106,0.513,0.44,25,18,33,39,14,16,7.0,-7.0,1
0022200572,2023-01-04,houston rockets,new orleans pelicans,108,119,0.443,0.461,25,25,43,51,13,14,-11.0,11.0,0
0022200573,2023-01-04,detroit pistons,golden state warriors,122,119,0.489,0.517,29,31,41,40,8,14,3.0,-3.0,1
0022200574,2023-01-04,los angeles lakers,miami heat,112,109,0.494,0.453,20,24,42,43,17,13,3.0,-3.0,1
0022200575,2023-01-04,atlanta hawks,sacramento kings,120,117,0.536,0.466,21,26,44,42,15,10,3.0,-3.0,1
0022200576,2023-01-05,memphis grizzlies,orlando magic,123,115,0.522,0.464,24,23,49,39,12,10,8.0,-8.0,1
0022200577,2023-01-05,boston celtics,dallas mavericks,124,95,0.488,0.378,29,15,52,42,11,11,29.0,-29.0,1
0022200578,2023-01-05,houston rockets,utah jazz,114,131,0.413,0.495,19,33,49,42,14,8,-17.0,17.0,0
0022200579,2023-01-05,denver nuggets,la clippers,122,91,0.506,0.374,28,24,57,41,11,7,31.0,-31.0,1
0022200580,2023-01-06,indiana pacers,portland trail blazers,108,99,0.452,0.404,22,30,41,52,12,18,9.0,-9.0,1
0022200581,2023-01-06,chicago bulls,philadelphia 76ers,126,112,0.571,0.435,33,28,45,38,11,7,14.0,-14.0,1
0022200582,2023-01-06,new york knicks,toronto raptors,112,108,0.47,0.422,19,22,51,46,11,7,4.0,-4.0,1
0022200583,2023-01-06,charlotte hornets,milwaukee bucks,138,109,0.52,0.44,32,22,49,45,5,16,29.0,-29.0,1
0022200584,2023-01-06,oklahoma city thunder,washington wizards,127,110,0.51,0.481,30,21,41,46,9,20,17.0,-17.0,1
0022200585,2023-01-06,detroit pistons,san antonio spurs,109,121,0.473,0.556,23,27,37,44,15,17,-12.0,12.0,0
0022200586,2023-01-06,brooklyn nets,new orleans pelicans,108,102,0.435,0.398,26,16,43,51,12,15,6.0,-6.0,1
0022200587,2023-01-06,la clippers,minnesota timberwolves,115,128,0.44,0.568,22,28,40,45,8,19,-13.0,13.0,0
0022200588,2023-01-06,cleveland cavaliers,denver nuggets,108,121,0.455,0.531,30,28,40,49,6,12,-13.0,13.0,0
0022200589,2023-01-06,miami heat,phoenix suns,104,96,0.423,0.415,19,22,37,44,12,14,8.0,-8.0,1
0022200590,2023-01-06,atlanta hawks,los angeles lakers,114,130,0.458,0.548,24,33,39,51,12,16,-16.0,16.0,0
0022200591,2023-01-07,boston celtics,san antonio spurs,121,116,0.495,0.49,30,25,43,51,14,13,5.0,-5.0,1
0022200592,2023-01-07,chicago bulls,utah jazz,126,118,0.53,0.495,22,36,44,39,10,10,8.0,-8.0,1
0022200593,2023-01-07,dallas mavericks,new orleans pelicans,127,117,0.568,0.479,23,26,39,44,17,12,10.0,-10.0,1
0022200594,2023-01-07,golden state warriors,orlando magic,101,115,0.375,0.506,26,26,49,44,16,10,-14.0,14.0,0
0022200595,2023-01-07,los angeles lakers,sacramento kings,136,134,0.61,0.523,26,25,38,34,17,14,2.0,-2.0,1
0022200596,2023-01-08,detroit pistons,philadelphia 76ers,111,123,0.506,0.489,25,24,43,44,23,13,-12.0,12.0,0
0022200597,2023-01-08,portland trail blazers,toronto raptors,105,117,0.447,0.44,19,26,42,41,22,10,-12.0,12.0,0
0022200598,2023-01-08,charlotte hornets,indiana pacers,111,116,0.432,0.437,25,27,49,41,18,16,-5.0,5.0,0
0022200599,2023-01-08,brooklyn nets,miami heat,102,101,0.513,0.413,22,22,40,41,16,11,1.0,-1.0,1
0022200600,2023-01-08,memphis grizzlies,utah jazz,123,118,0.451,0.511,28,29,39,46,10,20,5.0,-5.0,1
0022200601,2023-01-08,houston rockets,minnesota timberwolves,96,104,0.427,0.475,26,23,41,44,18,17,-8.0,8.0,0
0022200602,2023-01-08,dallas mavericks,oklahoma city thunder,109,120,0.425,0.484,21,27,39,48,12,8,-11.0,11.0,0
0022200603,2023-01-08,cleveland cavaliers,phoenix suns,112,98,0.577,0.44,29,22,39,36,14,16,14.0,-14.0,1
0022200604,2023-01-08,atlanta hawks,la clippers,112,108,0.494,0.389,22,25,43,59,9,11,4.0,-4.0,1
0022200605,2023-01-09,new orleans pelicans,washington wizards,132,112,0.527,0.512,24,26,44,37,9,20,20.0,-20.0,1
0022200606,2023-01-09,boston celtics,chicago bulls,107,99,0.437,0.453,25,19,50,42,9,7,8.0,-8.0,1
0022200607,2023-01-09,milwaukee bucks,new york knicks,111,107,0.438,0.38,27,16,48,48,14,7,4.0,-4.0,1
0022200608,2023-01-09,memphis grizzlies,san antonio spurs,121,113,0.495,0.454,26,28,50,42,13,14,8.0,-8.0,1
0022200609,2023-01-09,denver nuggets,los angeles lakers,122,109,0.465,0.441,29,20,55,44,17,13,13.0,-13.0,1
0022200610,2023-01-09,orlando magic,sacramento kings,111,136,0.456,0.536,24,39,41,48,13,11,-25.0,25.0,0
0022200611,2023-01-10,miami heat,oklahoma city thunder,112,111,0.392,0.484,18,27,41,44,19,18,1.0,-1.0,1
0022200612,2023-01-10,detroit pistons,philadelphia 76ers,116,147,0.404,0.607,23,36,26,55,11,18,-31.0,31.0,0
0022200613,2023-01-10,charlotte hornets,toronto raptors,120,132,0.547,0.495,33,32,34,49,9,11,-12.0,12.0,0
0022200614,2023-01-10,cleveland cavaliers,utah jazz,114,116,0.467,0.437,18,21,37,54,5,15,-2.0,2.0,0
0022200615,2023-01-10,golden state warriors,phoenix suns,113,125,0.385,0.456,24,26,45,57,15,21,-12.0,12.0,0
0022200616,2023-01-10,orlando magic,portland trail blazers,109,106,0.513,0.483,19,22,35,43,16,16,3.0,-3.0,1
0022200617,2023-01-10,dallas mavericks,la clippers,101,113,0.435,0.453,15,20,32,46,11,9,-12.0,12.0,0
0022200618,2023-01-11,detroit pistons,minnesota timberwolves,135,118,0.6,0.489,30,22,38,36,16,18,17.0,-17.0,1
0022200619,2023-01-11,chicago bulls,washington wizards,97,100,0.466,0.463,16,21,39,52,12,17,-3.0,3.0,0
0022200620,2023-01-11,atlanta hawks,milwaukee bucks,105,114,0.448,0.459,25,28,41,57,11,10,-9.0,9.0,0
0022200621,2023-01-11,boston celtics,new orleans pelicans,125,114,0.484,0.517,24,22,50,33,9,9,11.0,-11.0,1
0022200622,2023-01-11,indiana pacers,new york knicks,113,119,0.478,0.452,27,21,41,50,13,12,-6.0,6.0,0
0022200623,2023-01-11,memphis grizzlies,san antonio spurs,135,129,0.515,0.467,19,33,57,48,13,12,6.0,-6.0,1
0022200624,2023-01-11,denver nuggets,phoenix suns,126,97,0.565,0.433,30,28,38,44,10,16,29.0,-29.0,1
0022200625,2023-01-11,houston rockets,sacramento kings,115,135,0.458,0.479,30,28,48,45,13,9,-20.0,20.0,0
0022200626,2023-01-12,oklahoma city thunder,philadelphia 76ers,133,114,0.512,0.443,28,30,39,39,11,17,19.0,-19.0,1
0022200627,2023-01-12,boston celtics,brooklyn nets,109,98,0.477,0.452,23,26,48,31,13,12,11.0,-11.0,1
0022200628,2023-01-12,miami heat,milwaukee bucks,108,102,0.442,0.402,22,20,61,39,13,10,6.0,-6.0,1
0022200629,2023-01-12,charlotte hornets,toronto raptors,114,124,0.532,0.518,27,30,42,32,22,9,-10.0,10.0,0
0022200630,2023-01-12,dallas mavericks,los angeles lakers,119,115,0.5,0.393,25,24,54,56,16,9,4.0,-4.0,1
0022200631,2023-01-12,cleveland cavaliers,portland trail blazers,119,113,0.494,0.513,28,17,44,36,11,16,6.0,-6.0,1
0022200632,2023-01-13,detroit pistons,new orleans pelicans,110,116,0.478,0.488,20,29,42,48,13,16,-6.0,6.0,0
0022200633,2023-01-13,atlanta hawks,indiana pacers,113,111,0.436,0.396,26,24,50,51,13,12,2.0,-2.0,1
0022200634,2023-01-13,new york knicks,washington wizards,112,108,0.446,0.387,15,18,54,50,7,7,4.0,-4.0,1
0022200635,2023-01-13,golden state warriors,san antonio spurs,144,113,0.545,0.455,33,26,55,38,12,15,31.0,-31.0,1
0022200636,2023-01-13,chicago bulls,oklahoma city thunder,110,124,0.447,0.511,30,22,42,46,16,10,-14.0,14.0,0
0022200637,2023-01-13,minnesota timberwolves,phoenix suns,121,116,0.522,0.477,24,28,37,43,14,19,5.0,-5.0,1
0022200638,2023-01-13,orlando magic,utah jazz,108,112,0.438,0.434,23,15,40,59,15,24,-4.0,4.0,0
0022200639,2023-01-13,denver nuggets,la clippers,115,103,0.5,0.471,24,20,43,43,10,12,12.0,-12.0,1
0022200640,2023-01-13,houston rockets,sacramento kings,114,139,0.473,0.547,23,34,34,46,15,14,-25.0,25.0,0
0022200641,2023-01-14,miami heat,milwaukee bucks,111,95,0.517,0.405,17,26,51,32,11,10,16.0,-16.0,1
0022200642,2023-01-14,boston celtics,charlotte hornets,122,106,0.475,0.466,35,21,46,46,7,11,16.0,-16.0,1
0022200643,2023-01-14,indiana pacers,memphis grizzlies,112,130,0.369,0.552,26,32,49,45,19,15,-18.0,18.0,0
0022200644,2023-01-14,atlanta hawks,toronto raptors,114,103,0.512,0.414,19,19,40,43,11,12,11.0,-11.0,1
0022200645,2023-01-14,cleveland cavaliers,minnesota timberwolves,102,110,0.487,0.563,24,22,40,31,18,13,-8.0,8.0,0
0022200646,2023-01-14,philadelphia 76ers,utah jazz,118,117,0.449,0.478,23,20,37,48,8,10,1.0,-1.0,1
0022200647,2023-01-14,dallas mavericks,portland trail blazers,119,136,0.524,0.557,28,34,25,47,10,9,-17.0,17.0,0
0022200648,2023-01-15,detroit pistons,new york knicks,104,117,0.446,0.455,23,17,38,52,11,6,-13.0,13.0,0
0022200649,2023-01-15,houston rockets,la clippers,100,121,0.452,0.523,22,21,39,44,20,15,-21.0,21.0,0
0022200650,2023-01-15,chicago bulls,golden state warriors,132,118,0.505,0.494,29,35,38,40,10,23,14.0,-14.0,1
0022200651,2023-01-15,brooklyn nets,oklahoma city thunder,102,112,0.429,0.444,24,21,51,50,15,8,-10.0,10.0,0
0022200652,2023-01-15,sacramento kings,san antonio spurs,132,119,0.551,0.516,24,27,38,40,5,10,13.0,-13.0,1
0022200653,2023-01-15,denver nuggets,orlando magic,119,116,0.539,0.488,32,24,41,39,15,13,3.0,-3.0,1
0022200654,2023-01-15,dallas mavericks,portland trail blazers,123,140,0.461,0.506,31,28,39,41,9,7,-17.0,17.0,0
0022200655,2023-01-15,los angeles lakers,philadelphia 76ers,112,113,0.552,0.506,28,29,38,38,9,9,-1.0,1.0,0
0022200656,2023-01-16,boston celtics,charlotte hornets,130,118,0.494,0.456,34,26,47,38,11,5,12.0,-12.0,1
0022200657,2023-01-16,indiana pacers,milwaukee bucks,119,132,0.512,0.527,29,32,37,41,15,13,-13.0,13.0,0
0022200658,2023-01-16,cleveland cavaliers,new orleans pelicans,113,103,0.488,0.507,22,26,43,28,15,17,10.0,-10.0,1
0022200659,2023-01-16,new york knicks,toronto raptors,121,123,0.424,0.396,17,27,54,42,11,6,-2.0,2.0,0
0022200660,2023-01-16,golden state warriors,washington wizards,127,118,0.495,0.488,28,31,43,36,12,14,9.0,-9.0,1
0022200661,2023-01-16,atlanta hawks,miami heat,121,113,0.592,0.483,27,30,28,41,16,14,8.0,-8.0,1
0022200662,2023-01-16,minnesota timberwolves,utah jazz,125,126,0.455,0.536,28,25,41,50,5,18,-1.0,1.0,0
0022200663,2023-01-16,memphis grizzlies,phoenix suns,136,106,0.531,0.438,29,33,51,37,10,15,30.0,-30.0,1
0022200664,2023-01-16,houston rockets,los angeles lakers,132,140,0.49,0.538,28,23,48,39,8,2,-8.0,8.0,0
0022200665,2023-01-17,milwaukee bucks,toronto raptors,130,122,0.535,0.455,24,20,42,50,11,9,8.0,-8.0,1
0022200666,2023-01-17,brooklyn nets,san antonio spurs,98,106,0.42,0.381,22,23,49,54,21,15,-8.0,8.0,0
0022200667,2023-01-17,denver nuggets,portland trail blazers,122,113,0.5,0.458,32,21,42,35,11,13,9.0,-9.0,1
0022200668,2023-01-17,la clippers,philadelphia 76ers,110,120,0.5,0.534,20,25,33,33,18,14,-10.0,10.0,0
0022200669,2023-01-18,new york knicks,washington wizards,105,116,0.417,0.442,14,28,49,52,9,13,-11.0,11.0,0
0022200670,2023-01-18,atlanta hawks,dallas mavericks,130,122,0.57,0.524,28,26,35,31,12,16,8.0,-8.0,1
0022200671,2023-01-18,charlotte hornets,houston rockets,122,117,0.5,0.505,27,21,37,47,9,19,5.0,-5.0,1
0022200672,2023-01-18,cleveland cavaliers,memphis grizzlies,114,115,0.512,0.454,29,22,47,42,16,8,-1.0,1.0,0
0022200673,2023-01-18,miami heat,new orleans pelicans,124,98,0.532,0.463,37,27,43,38,9,18,26.0,-26.0,1
0022200674,2023-01-18,indiana pacers,oklahoma city thunder,106,126,0.415,0.505,23,41,48,42,23,17,-20.0,20.0,0
0022200675,2023-01-18,la clippers,utah jazz,103,126,0.402,0.517,23,26,50,44,13,8,-23.0,23.0,0
0022200676,2023-01-18,denver nuggets,minnesota timberwolves,122,118,0.529,0.519,27,26,34,36,14,17,4.0,-4.0,1
0022200677,2023-01-18,los angeles lakers,sacramento kings,111,116,0.483,0.494,26,23,36,47,6,11,-5.0,5.0,0
0022200678,2023-01-19,chicago bulls,detroit pistons,126,108,0.543,0.402,23,25,48,49,14,15,18.0,-18.0,1
0022200679,2023-01-19,boston celtics,golden state warriors,121,118,0.398,0.4,21,28,63,47,17,16,3.0,-3.0,1
0022200680,2023-01-19,minnesota timberwolves,toronto raptors,128,126,0.506,0.529,31,26,37,38,15,16,2.0,-2.0,1
0022200681,2023-01-19,brooklyn nets,phoenix suns,112,117,0.524,0.459,27,30,34,49,12,16,-5.0,5.0,0
0022200682,2023-01-19,philadelphia 76ers,portland trail blazers,105,95,0.506,0.376,24,19,43,44,12,15,10.0,-10.0,1
0022200683,2023-01-20,new orleans pelicans,orlando magic,110,123,0.451,0.52,29,28,39,42,10,14,-13.0,13.0,0
0022200684,2023-01-20,atlanta hawks,new york knicks,139,124,0.56,0.59,27,27,39,34,7,12,15.0,-15.0,1
0022200685,2023-01-20,cleveland cavaliers,golden state warriors,114,120,0.5,0.488,24,25,35,45,15,17,-6.0,6.0,0
0022200686,2023-01-20,dallas mavericks,miami heat,115,90,0.463,0.478,21,15,37,39,10,15,25.0,-25.0,1
0022200687,2023-01-20,la clippers,san antonio spurs,131,126,0.63,0.573,31,34,32,34,9,6,5.0,-5.0,1
0022200688,2023-01-20,denver nuggets,indiana pacers,134,111,0.614,0.44,38,23,38,39,16,21,23.0,-23.0,1
0022200689,2023-01-20,brooklyn nets,utah jazz,117,106,0.538,0.42,26,24,42,46,9,10,11.0,-11.0,1
0022200690,2023-01-20,los angeles lakers,memphis grizzlies,122,121,0.409,0.422,24,24,47,63,9,14,1.0,-1.0,1
0022200691,2023-01-20,oklahoma city thunder,sacramento kings,113,118,0.484,0.471,21,25,36,53,9,15,-5.0,5.0,0
0022200692,2023-01-21,boston celtics,toronto raptors,106,104,0.447,0.535,25,24,41,41,15,14,2.0,-2.0,1
0022200693,2023-01-21,orlando magic,washington wizards,118,138,0.467,0.537,24,34,41,46,10,8,-20.0,20.0,0
0022200694,2023-01-21,atlanta hawks,charlotte hornets,118,122,0.542,0.506,24,28,40,36,16,12,-4.0,4.0,0
0022200695,2023-01-21,cleveland cavaliers,milwaukee bucks,114,102,0.558,0.453,33,24,41,36,9,14,12.0,-12.0,1
0022200696,2023-01-21,houston rockets,minnesota timberwolves,104,113,0.481,0.458,24,20,56,30,21,11,-9.0,9.0,0
0022200697,2023-01-21,indiana pacers,phoenix suns,107,112,0.375,0.418,22,27,48,55,14,15,-5.0,5.0,0
0022200698,2023-01-21,philadelphia 76ers,sacramento kings,129,127,0.527,0.548,27,28,46,29,15,8,2.0,-2.0,1
0022200699,2023-01-22,miami heat,new orleans pelicans,100,96,0.438,0.474,17,24,42,41,21,24,4.0,-4.0,1
0022200700,2023-01-22,new york knicks,toronto raptors,116,125,0.488,0.456,30,21,47,45,16,7,-9.0,9.0,0
0022200701,2023-01-22,dallas mavericks,la clippers,98,112,0.438,0.455,15,20,38,46,10,10,-14.0,14.0,0
0022200702,2023-01-22,denver nuggets,oklahoma city thunder,99,101,0.439,0.449,22,21,42,50,9,8,-2.0,2.0,0
0022200703,2023-01-22,memphis grizzlies,phoenix suns,110,112,0.435,0.443,28,25,52,40,20,16,-2.0,2.0,0
0022200704,2023-01-22,brooklyn nets,golden state warriors,120,116,0.544,0.456,30,28,42,42,15,10,4.0,-4.0,1
0022200705,2023-01-22,los angeles lakers,portland trail blazers,121,112,0.523,0.43,23,24,51,38,12,11,9.0,-9.0,1
0022200706,2023-01-23,detroit pistons,milwaukee bucks,130,150,0.494,0.561,26,38,41,50,20,18,-20.0,20.0,0
0022200707,2023-01-23,boston celtics,orlando magic,98,113,0.434,0.512,24,22,37,40,18,10,-15.0,15.0,0
0022200708,2023-01-23,atlanta hawks,chicago bulls,100,111,0.459,0.463,24,28,43,47,18,9,-11.0,11.0,0
0022200709,2023-01-23,houston rockets,minnesota timberwolves,119,114,0.5,0.451,24,19,47,41,20,19,5.0,-5.0,1
0022200710,2023-01-23,charlotte hornets,utah jazz,102,120,0.447,0.477,22,25,42,46,14,16,-18.0,18.0,0
0022200711,2023-01-23,portland trail blazers,san antonio spurs,147,127,0.598,0.522,34,30,36,40,9,15,20.0,-20.0,1
0022200712,2023-01-23,memphis grizzlies,sacramento kings,100,133,0.408,0.557,28,37,31,53,15,24,-33.0,33.0,0
0022200713,2023-01-24,chicago bulls,indiana pacers,110,116,0.489,0.424,19,24,45,45,16,6,-6.0,6.0,0
0022200714,2023-01-24,boston celtics,miami heat,95,98,0.432,0.362,21,21,44,51,17,7,-3.0,3.0,0
0022200715,2023-01-24,cleveland cavaliers,new york knicks,103,105,0.46,0.493,29,25,41,42,10,15,-2.0,2.0,0
0022200716,2023-01-24,denver nuggets,new orleans pelicans,99,98,0.488,0.447,27,18,34,43,12,14,1.0,-1.0,1
0022200717,2023-01-24,dallas mavericks,washington wizards,126,127,0.528,0.506,24,28,38,41,9,10,-1.0,1.0,0
0022200718,2023-01-24,charlotte hornets,phoenix suns,97,128,0.406,0.5,19,38,40,55,13,17,-31.0,31.0,0
0022200719,2023-01-24,la clippers,los angeles lakers,133,115,0.607,0.442,25,21,47,32,12,6,18.0,-18.0,1
0022200720,2023-01-25,indiana pacers,orlando magic,120,126,0.482,0.561,25,34,32,34,14,17,-6.0,6.0,0
0022200721,2023-01-25,brooklyn nets,philadelphia 76ers,133,137,0.645,0.512,29,26,31,36,16,9,-4.0,4.0,0
0022200722,2023-01-25,houston rockets,washington wizards,103,108,0.433,0.398,29,27,57,48,14,7,-5.0,5.0,0
0022200723,2023-01-25,denver nuggets,milwaukee bucks,99,107,0.392,0.474,21,16,51,49,19,22,-8.0,8.0,0
0022200724,2023-01-25,minnesota timberwolves,new orleans pelicans,111,102,0.488,0.435,23,25,36,42,9,14,9.0,-9.0,1
0022200725,2023-01-25,atlanta hawks,oklahoma city thunder,137,132,0.595,0.52,26,31,46,37,16,11,5.0,-5.0,1
0022200726,2023-01-25,golden state warriors,memphis grizzlies,122,120,0.506,0.477,33,26,44,36,21,13,2.0,-2.0,1
0022200727,2023-01-25,portland trail blazers,utah jazz,134,124,0.573,0.522,26,32,41,35,10,13,10.0,-10.0,1
0022200728,2023-01-25,sacramento kings,toronto raptors,95,113,0.479,0.495,29,28,34,41,19,9,-18.0,18.0,0
0022200729,2023-01-25,los angeles lakers,san antonio spurs,113,104,0.444,0.377,25,22,56,48,19,14,9.0,-9.0,1
0022200730,2023-01-26,boston celtics,new york knicks,117,120,0.41,0.458,22,17,54,50,13,8,-3.0,3.0,0
0022200731,2023-01-26,brooklyn nets,detroit pistons,122,130,0.457,0.505,24,27,40,48,16,11,-8.0,8.0,0
0022200732,2023-01-26,charlotte hornets,chicago bulls,111,96,0.464,0.407,24,16,52,43,14,13,15.0,-15.0,1
0022200733,2023-01-26,cleveland cavaliers,houston rockets,113,95,0.46,0.513,29,24,36,46,9,22,18.0,-18.0,1
0022200734,2023-01-26,dallas mavericks,phoenix suns,99,95,0.429,0.407,20,24,43,50,7,7,4.0,-4.0,1
0022200735,2023-01-26,la clippers,san antonio spurs,138,100,0.584,0.451,26,24,37,42,5,12,38.0,-38.0,1
0022200736,2023-01-27,indiana pacers,milwaukee bucks,131,141,0.551,0.531,22,32,38,50,13,16,-10.0,10.0,0
0022200737,2023-01-27,memphis grizzlies,minnesota timberwolves,100,111,0.409,0.512,22,31,47,45,20,19,-11.0,11.0,0
0022200738,2023-01-27,miami heat,orlando magic,110,105,0.459,0.478,28,21,37,40,11,20,5.0,-5.0,1
0022200739,2023-01-27,cleveland cavaliers,oklahoma city thunder,100,112,0.443,0.526,27,19,37,46,10,14,-12.0,12.0,0
0022200740,2023-01-27,golden state warriors,toronto raptors,129,117,0.556,0.455,40,24,43,46,12,10,12.0,-12.0,1
0022200741,2023-01-28,denver nuggets,philadelphia 76ers,119,126,0.543,0.517,28,31,36,39,14,11,-7.0,7.0,0
0022200742,2023-01-28,brooklyn nets,new york knicks,122,115,0.529,0.511,31,19,35,45,8,10,7.0,-7.0,1
0022200743,2023-01-28,detroit pistons,houston rockets,114,117,0.458,0.478,23,20,35,48,16,17,-3.0,3.0,0
0022200744,2023-01-28,chicago bulls,orlando magic,128,109,0.593,0.494,30,29,38,36,12,12,19.0,-19.0,1
0022200745,2023-01-28,atlanta hawks,la clippers,113,120,0.474,0.525,24,25,47,37,8,14,-7.0,7.0,0
0022200746,2023-01-28,minnesota timberwolves,sacramento kings,117,110,0.525,0.451,25,23,44,36,19,9,7.0,-7.0,1
0022200747,2023-01-28,new orleans pelicans,washington wizards,103,113,0.424,0.455,21,18,42,53,10,16,-10.0,10.0,0
0022200748,2023-01-28,phoenix suns,san antonio spurs,128,118,0.485,0.44,31,32,52,53,9,13,10.0,-10.0,1
0022200749,2023-01-28,boston celtics,los angeles lakers,125,121,0.464,0.448,18,30,46,47,12,12,3.0,-3.0,1
0022200750,2023-01-28,dallas mavericks,utah jazz,100,108,0.438,0.476,26,26,31,49,14,16,-8.0,8.0,0
0022200751,2023-01-28,portland trail blazers,toronto raptors,105,123,0.526,0.522,18,24,27,45,11,6,-18.0,18.0,0
0022200752,2023-01-29,charlotte hornets,miami heat,122,117,0.542,0.484,25,26,47,36,19,10,5.0,-5.0,1
0022200753,2023-01-29,indiana pacers,memphis grizzlies,100,112,0.456,0.483,21,29,38,41,17,7,-12.0,12.0,0
0022200754,2023-01-29,cleveland cavaliers,la clippers,122,99,0.564,0.416,35,17,35,45,10,13,23.0,-23.0,1
0022200755,2023-01-29,milwaukee bucks,new orleans pelicans,135,110,0.552,0.441,27,25,57,38,11,12,25.0,-25.0,1
0022200756,2023-01-30,orlando magic,philadelphia 76ers,119,109,0.424,0.471,23,28,50,45,10,19,10.0,-10.0,1
0022200757,2023-01-30,brooklyn nets,los angeles lakers,121,104,0.474,0.393,24,24,50,53,9,14,17.0,-17.0,1
0022200758,2023-01-30,minnesota timberwolves,sacramento kings,111,118,0.467,0.475,26,20,49,50,18,12,-7.0,7.0,0
0022200759,2023-01-30,golden state warriors,oklahoma city thunder,128,120,0.511,0.495,37,23,44,43,15,16,8.0,-8.0,1
0022200760,2023-01-30,san antonio spurs,washington wizards,106,127,0.433,0.558,26,32,43,45,10,13,-21.0,21.0,0
0022200761,2023-01-30,dallas mavericks,detroit pistons,111,105,0.494,0.456,17,18,40,40,10,14,6.0,-6.0,1
0022200762,2023-01-30,phoenix suns,toronto raptors,114,106,0.494,0.449,28,19,42,44,12,13,8.0,-8.0,1
0022200763,2023-01-30,atlanta hawks,portland trail blazers,125,129,0.468,0.544,26,24,45,32,6,8,-4.0,4.0,0
0022200764,2023-01-31,cleveland cavaliers,miami heat,97,100,0.482,0.436,32,21,39,45,13,13,-3.0,3.0,0
0022200765,2023-01-31,los angeles lakers,new york knicks,129,123,0.516,0.449,29,27,44,45,14,9,6.0,-6.0,1
0022200766,2023-01-31,chicago bulls,la clippers,103,108,0.494,0.398,26,24,51,44,20,8,-5.0,5.0,0
0022200767,2023-01-31,charlotte hornets,milwaukee bucks,115,124,0.378,0.41,27,18,62,66,11,12,-9.0,9.0,0
0022200768,2023-01-31,denver nuggets,new orleans pelicans,122,113,0.494,0.494,33,28,44,36,18,15,9.0,-9.0,1
0022200769,2023-03-07,detroit pistons,washington wizards,117,119,0.512,0.58,29,27,30,37,11,14,-2.0,2.0,0
0022200770,2023-02-01,orlando magic,philadelphia 76ers,94,105,0.379,0.436,12,27,46,43,14,18,-11.0,11.0,0
0022200771,2023-02-01,memphis grizzlies,portland trail blazers,112,122,0.471,0.471,28,24,44,41,12,13,-10.0,10.0,0
0022200772,2023-02-01,boston celtics,brooklyn nets,139,96,0.576,0.409,28,19,57,32,10,5,43.0,-43.0,1
0022200773,2023-02-01,houston rockets,oklahoma city thunder,112,106,0.436,0.369,20,22,65,52,17,10,6.0,-6.0,1
0022200774,2023-02-01,golden state warriors,minnesota timberwolves,114,119,0.418,0.434,21,26,58,53,17,11,-5.0,5.0,0
0022200775,2023-02-01,sacramento kings,san antonio spurs,119,109,0.533,0.545,25,30,34,40,9,18,10.0,-10.0,1
0022200776,2023-02-01,toronto raptors,utah jazz,128,131,0.455,0.53,27,29,52,49,7,16,-3.0,3.0,0
0022200777,2023-02-01,atlanta hawks,phoenix suns,132,100,0.571,0.407,32,22,45,44,12,16,32.0,-32.0,1
0022200778,2023-02-02,indiana pacers,los angeles lakers,111,112,0.484,0.457,30,29,46,51,16,13,-1.0,1.0,0
0022200779,2023-02-02,cleveland cavaliers,memphis grizzlies,128,113,0.538,0.471,33,22,41,44,15,18,15.0,-15.0,1
0022200780,2023-02-02,miami heat,new york knicks,104,106,0.448,0.482,24,25,33,44,10,17,-2.0,2.0,0
0022200781,2023-02-02,charlotte hornets,chicago bulls,98,114,0.419,0.519,19,24,45,40,14,13,-16.0,16.0,0
0022200782,2023-02-02,dallas mavericks,new orleans pelicans,111,106,0.435,0.5,16,27,36,50,8,17,5.0,-5.0,1
0022200783,2023-02-02,denver nuggets,golden state warriors,134,117,0.567,0.506,35,25,38,42,11,17,17.0,-17.0,1
0022200784,2023-02-02,la clippers,milwaukee bucks,105,106,0.411,0.433,15,16,49,53,7,10,-1.0,1.0,0
0022200785,2023-02-03,charlotte hornets,detroit pistons,112,118,0.444,0.512,22,27,37,51,13,22,-6.0,6.0,0
0022200786,2023-02-03,indiana pacers,sacramento kings,107,104,0.449,0.43,28,24,47,49,16,19,3.0,-3.0,1
0022200787,2023-02-03,portland trail blazers,washington wizards,124,116,0.489,0.5,25,27,38,41,7,10,8.0,-8.0,1
0022200788,2023-02-03,boston celtics,phoenix suns,94,106,0.387,0.432,18,28,43,53,14,8,-12.0,12.0,0
0022200789,2023-02-03,houston rockets,toronto raptors,111,117,0.5,0.456,22,21,40,43,13,9,-6.0,6.0,0
0022200790,2023-02-03,minnesota timberwolves,orlando magic,120,127,0.46,0.529,21,23,41,42,20,15,-7.0,7.0,0
0022200791,2023-02-03,philadelphia 76ers,san antonio spurs,137,125,0.529,0.584,28,32,39,35,10,18,12.0,-12.0,1
0022200792,2023-02-03,atlanta hawks,utah jazz,115,108,0.463,0.451,28,20,52,50,9,15,7.0,-7.0,1
0022200793,2023-02-04,brooklyn nets,washington wizards,125,123,0.5,0.481,21,22,39,39,15,15,2.0,-2.0,1
0022200794,2023-02-04,detroit pistons,phoenix suns,100,116,0.432,0.56,23,34,30,46,16,16,-16.0,16.0,0
0022200795,2023-02-04,la clippers,new york knicks,134,128,0.478,0.479,24,30,46,46,13,10,6.0,-6.0,1
0022200796,2023-02-04,chicago bulls,portland trail blazers,129,121,0.6,0.506,32,22,41,33,12,9,8.0,-8.0,1
0022200797,2023-02-04,miami heat,milwaukee bucks,115,123,0.446,0.523,23,23,44,51,7,12,-8.0,8.0,0
0022200798,2023-02-04,los angeles lakers,new orleans pelicans,126,131,0.479,0.52,30,28,44,48,9,10,-5.0,5.0,0
0022200799,2023-02-04,houston rockets,oklahoma city thunder,121,153,0.506,0.577,29,39,34,42,15,8,-32.0,32.0,0
0022200800,2023-02-04,dallas mavericks,golden state warriors,113,119,0.459,0.549,22,33,39,38,14,14,-6.0,6.0,0
0022200801,2023-02-04,atlanta hawks,denver nuggets,108,128,0.484,0.505,26,32,43,48,15,12,-20.0,20.0,0
0022200802,2023-02-05,charlotte hornets,orlando magic,113,119,0.542,0.462,28,25,39,52,15,12,-6.0,6.0,0
0022200803,2023-02-05,cleveland cavaliers,indiana pacers,122,103,0.523,0.435,33,28,46,42,12,13,19.0,-19.0,1
0022200804,2023-02-05,new york knicks,philadelphia 76ers,108,97,0.43,0.405,21,23,49,44,9,11,11.0,-11.0,1
0022200805,2023-02-05,memphis grizzlies,toronto raptors,103,106,0.487,0.436,25,24,44,42,20,11,-3.0,3.0,0
0022200806,2023-02-05,denver nuggets,minnesota timberwolves,98,128,0.479,0.552,19,33,37,34,21,11,-30.0,30.0,0
0022200807,2023-02-05,new orleans pelicans,sacramento kings,136,104,0.565,0.427,26,23,48,38,10,15,32.0,-32.0,1
0022200808,2023-02-06,boston celtics,detroit pistons,111,99,0.47,0.425,25,22,51,42,11,9,12.0,-12.0,1
0022200809,2023-02-06,cleveland cavaliers,washington wizards,114,91,0.564,0.427,26,20,43,37,16,14,23.0,-23.0,1
0022200810,2023-02-06,brooklyn nets,la clippers,116,124,0.488,0.478,21,20,42,46,16,7,-8.0,8.0,0
0022200811,2023-02-06,chicago bulls,san antonio spurs,128,104,0.562,0.444,27,25,49,38,13,18,24.0,-24.0,1
0022200812,2023-02-06,houston rockets,sacramento kings,120,140,0.5,0.584,27,38,39,35,13,10,-20.0,20.0,0
0022200813,2023-02-06,dallas mavericks,utah jazz,124,111,0.466,0.471,26,21,49,37,13,13,13.0,-13.0,1
0022200814,2023-02-06,golden state warriors,oklahoma city thunder,141,114,0.577,0.484,43,21,45,36,16,11,27.0,-27.0,1
0022200815,2023-02-06,milwaukee bucks,portland trail blazers,127,108,0.54,0.407,27,23,55,28,14,8,19.0,-19.0,1
0022200816,2023-02-07,new york knicks,orlando magic,102,98,0.457,0.468,21,23,43,41,10,11,4.0,-4.0,1
0022200817,2023-02-07,brooklyn nets,phoenix suns,112,116,0.481,0.467,25,31,36,48,16,15,-4.0,4.0,0
0022200818,2023-02-07,atlanta hawks,new orleans pelicans,107,116,0.447,0.495,30,28,41,47,11,9,-9.0,9.0,0
0022200819,2023-02-07,chicago bulls,memphis grizzlies,89,104,0.368,0.481,24,22,49,39,18,13,-15.0,15.0,0
0022200820,2023-02-07,denver nuggets,minnesota timberwolves,146,112,0.624,0.471,44,24,44,36,10,17,34.0,-34.0,1
0022200821,2023-02-07,los angeles lakers,oklahoma city thunder,130,133,0.576,0.521,27,32,41,37,20,12,-3.0,3.0,0
0022200822,2023-02-08,cleveland cavaliers,detroit pistons,113,85,0.494,0.37,30,19,50,32,10,13,28.0,-28.0,1
0022200823,2023-02-08,charlotte hornets,washington wizards,104,118,0.419,0.506,23,29,40,52,7,16,-14.0,14.0,0
0022200824,2023-02-08,boston celtics,philadelphia 76ers,106,99,0.526,0.446,25,20,44,37,13,6,7.0,-7.0,1
0022200825,2023-02-08,indiana pacers,miami heat,111,116,0.487,0.468,24,21,31,48,11,11,-5.0,5.0,0
0022200826,2023-02-08,san antonio spurs,toronto raptors,98,112,0.402,0.489,24,21,39,51,12,16,-14.0,14.0,0
0022200827,2023-02-08,houston rockets,sacramento kings,128,130,0.547,0.5,25,29,44,31,19,9,-2.0,2.0,0
0022200828,2023-02-08,minnesota timberwolves,utah jazz,143,118,0.571,0.419,35,27,47,50,10,8,25.0,-25.0,1
0022200829,2023-02-08,dallas mavericks,la clippers,110,104,0.526,0.442,26,21,44,40,18,11,6.0,-6.0,1
0022200830,2023-02-08,golden state warriors,portland trail blazers,122,125,0.474,0.551,31,25,32,47,11,21,-3.0,3.0,0
0022200831,2023-02-09,denver nuggets,orlando magic,104,115,0.464,0.485,24,24,39,47,16,10,-11.0,11.0,0
0022200832,2023-02-09,atlanta hawks,phoenix suns,116,107,0.453,0.453,23,24,59,35,18,10,9.0,-9.0,1
0022200833,2023-02-09,brooklyn nets,chicago bulls,116,105,0.429,0.462,26,15,49,46,11,11,11.0,-11.0,1
0022200834,2023-02-09,los angeles lakers,milwaukee bucks,106,115,0.472,0.455,23,24,43,51,12,10,-9.0,9.0,0
0022200835,2023-02-10,detroit pistons,san antonio spurs,138,131,0.43,0.421,29,21,62,51,15,17,7.0,-7.0,1
0022200836,2023-02-10,indiana pacers,phoenix suns,104,117,0.424,0.462,23,25,38,53,15,15,-13.0,13.0,0
0022200837,2023-02-10,new york knicks,philadelphia 76ers,108,119,0.531,0.524,23,27,35,40,12,6,-11.0,11.0,0
0022200838,2023-02-10,boston celtics,charlotte hornets,127,116,0.494,0.484,34,26,43,47,15,13,11.0,-11.0,1
0022200839,2023-02-10,toronto raptors,utah jazz,116,122,0.451,0.54,28,31,40,46,13,17,-6.0,6.0,0
0022200840,2023-02-10,houston rockets,miami heat,95,97,0.417,0.416,23,21,47,40,16,16,-2.0,2.0,0
0022200841,2023-02-10,memphis grizzlies,minnesota timberwolves,128,107,0.583,0.466,27,25,44,35,18,17,21.0,-21.0,1
0022200842,2023-02-10,cleveland cavaliers,new orleans pelicans,118,107,0.565,0.476,28,25,41,34,11,14,11.0,-11.0,1
0022200843,2023-02-10,oklahoma city thunder,portland trail blazers,138,129,0.566,0.553,29,29,29,32,10,18,9.0,-9.0,1
0022200844,2023-02-10,dallas mavericks,sacramento kings,122,114,0.489,0.542,34,21,39,38,9,14,8.0,-8.0,1
0022200845,2023-02-10,la clippers,milwaukee bucks,106,119,0.494,0.5,17,28,35,49,9,11,-13.0,13.0,0
0022200846,2023-02-11,brooklyn nets,philadelphia 76ers,98,101,0.402,0.44,23,17,42,41,8,10,-3.0,3.0,0
0022200847,2023-02-11,charlotte hornets,denver nuggets,105,119,0.471,0.505,25,35,37,51,14,14,-14.0,14.0,0
0022200848,2023-02-11,miami heat,orlando magic,107,103,0.435,0.425,24,22,46,44,19,18,4.0,-4.0,1
0022200849,2023-02-11,indiana pacers,washington wizards,113,127,0.453,0.64,27,32,33,40,7,16,-14.0,14.0,0
0022200850,2023-02-11,atlanta hawks,san antonio spurs,125,106,0.485,0.426,29,25,48,49,10,19,19.0,-19.0,1
0022200851,2023-02-11,new york knicks,utah jazz,126,120,0.453,0.511,18,23,52,38,6,10,6.0,-6.0,1
0022200852,2023-02-11,chicago bulls,cleveland cavaliers,89,97,0.486,0.419,27,26,44,39,22,12,-8.0,8.0,0
0022200853,2023-02-11,golden state warriors,los angeles lakers,103,109,0.417,0.449,31,19,43,52,15,15,-6.0,6.0,0
0022200854,2023-02-11,dallas mavericks,sacramento kings,128,133,0.516,0.51,27,22,43,50,15,7,-5.0,5.0,0
0022200855,2023-02-12,boston celtics,memphis grizzlies,119,109,0.443,0.5,28,24,55,34,10,8,10.0,-10.0,1
0022200856,2023-02-12,detroit pistons,toronto raptors,118,119,0.506,0.483,25,21,32,40,16,8,-1.0,1.0,0
0022200857,2023-02-13,atlanta hawks,charlotte hornets,138,144,0.491,0.631,26,36,42,35,12,17,-6.0,6.0,0
0022200858,2023-02-13,cleveland cavaliers,san antonio spurs,117,109,0.564,0.506,21,27,36,35,14,16,8.0,-8.0,1
0022200859,2023-02-13,indiana pacers,utah jazz,117,123,0.505,0.506,30,24,32,46,11,18,-6.0,6.0,0
0022200860,2023-02-13,houston rockets,philadelphia 76ers,104,123,0.407,0.561,17,26,42,38,17,16,-19.0,19.0,0
0022200861,2023-02-13,denver nuggets,miami heat,112,108,0.579,0.438,34,25,39,34,13,8,4.0,-4.0,1
0022200862,2023-02-13,brooklyn nets,new york knicks,106,124,0.449,0.549,18,18,39,38,10,8,-18.0,18.0,0
0022200863,2023-02-13,chicago bulls,orlando magic,91,100,0.407,0.469,17,24,44,42,16,17,-9.0,9.0,0
0022200864,2023-02-13,new orleans pelicans,oklahoma city thunder,103,100,0.527,0.422,19,20,33,43,18,16,3.0,-3.0,1
0022200865,2023-02-13,dallas mavericks,minnesota timberwolves,121,124,0.512,0.578,21,28,33,39,9,12,-3.0,3.0,0
0022200866,2023-02-13,golden state warriors,washington wizards,135,126,0.584,0.6,40,26,34,33,15,17,9.0,-9.0,1
0022200867,2023-02-13,los angeles lakers,portland trail blazers,115,127,0.442,0.474,24,27,56,42,13,7,-12.0,12.0,0
0022200868,2023-02-14,orlando magic,toronto raptors,113,123,0.512,0.602,26,31,29,40,18,18,-10.0,10.0,0
0022200869,2023-02-14,boston celtics,milwaukee bucks,125,131,0.465,0.478,28,29,44,52,13,18,-6.0,6.0,0
0022200870,2023-02-14,phoenix suns,sacramento kings,120,109,0.568,0.446,33,23,37,40,13,17,11.0,-11.0,1
0022200871,2023-02-14,golden state warriors,la clippers,124,134,0.542,0.533,28,33,36,36,11,8,-10.0,10.0,0
0022200872,2023-02-14,portland trail blazers,washington wizards,101,126,0.419,0.57,20,28,37,44,12,14,-25.0,25.0,0
0022200873,2023-02-15,charlotte hornets,san antonio spurs,120,110,0.448,0.383,26,24,58,58,15,15,10.0,-10.0,1
0022200874,2023-02-15,chicago bulls,indiana pacers,113,117,0.488,0.476,23,27,38,41,13,17,-4.0,4.0,0
0022200875,2023-02-15,cleveland cavaliers,philadelphia 76ers,112,118,0.5,0.5,23,24,35,38,8,11,-6.0,6.0,0
0022200876,2023-02-15,atlanta hawks,new york knicks,101,122,0.412,0.469,25,16,40,55,4,9,-21.0,21.0,0
0022200877,2023-02-15,boston celtics,detroit pistons,127,109,0.533,0.512,30,24,43,35,11,14,18.0,-18.0,1
0022200878,2023-02-15,brooklyn nets,miami heat,116,105,0.532,0.458,26,19,36,41,11,8,11.0,-11.0,1
0022200879,2023-02-15,memphis grizzlies,utah jazz,117,111,0.402,0.462,24,24,46,61,4,23,6.0,-6.0,1
0022200880,2023-02-15,houston rockets,oklahoma city thunder,96,133,0.337,0.483,20,21,47,49,17,10,-37.0,37.0,0
0022200881,2023-02-15,dallas mavericks,denver nuggets,109,118,0.464,0.571,25,34,31,43,12,13,-9.0,9.0,0
0022200882,2023-02-15,los angeles lakers,new orleans pelicans,120,102,0.53,0.438,32,24,43,50,10,15,18.0,-18.0,1
0022200883,2023-02-16,chicago bulls,milwaukee bucks,100,112,0.381,0.455,19,24,51,52,5,8,-12.0,12.0,0
0022200884,2023-02-16,minnesota timberwolves,washington wizards,106,114,0.411,0.453,21,25,53,49,18,15,-8.0,8.0,0
0022200885,2023-02-16,la clippers,phoenix suns,116,107,0.488,0.472,29,30,43,38,14,12,9.0,-9.0,1
0022200886,2023-02-23,cleveland cavaliers,denver nuggets,109,115,0.478,0.464,24,30,41,47,10,16,-6.0,6.0,0
0022200887,2023-02-23,boston celtics,indiana pacers,142,138,0.515,0.521,31,33,51,37,15,14,4.0,-4.0,1
0022200888,2023-02-23,detroit pistons,orlando magic,106,108,0.457,0.411,22,27,45,46,19,12,-2.0,2.0,0
0022200889,2023-02-23,memphis grizzlies,philadelphia 76ers,105,110,0.391,0.405,22,25,49,43,11,10,-5.0,5.0,0
0022200890,2023-02-23,new orleans pelicans,toronto raptors,110,115,0.464,0.467,23,17,43,48,13,11,-5.0,5.0,0
0022200891,2023-02-23,dallas mavericks,san antonio spurs,142,116,0.561,0.523,27,30,36,45,6,16,26.0,-26.0,1
0022200892,2023-02-23,oklahoma city thunder,utah jazz,119,120,0.402,0.42,23,26,54,58,10,21,-1.0,1.0,0
0022200893,2023-02-23,golden state warriors,los angeles lakers,111,124,0.381,0.488,24,30,48,58,10,14,-13.0,13.0,0
0022200894,2023-02-23,portland trail blazers,sacramento kings,116,133,0.462,0.553,26,27,33,49,12,18,-17.0,17.0,0
0022200895,2023-02-24,new york knicks,washington wizards,115,109,0.489,0.494,21,25,43,34,12,17,6.0,-6.0,1
0022200896,2023-02-24,atlanta hawks,cleveland cavaliers,136,119,0.588,0.455,28,20,42,35,14,11,17.0,-17.0,1
0022200897,2023-02-24,miami heat,milwaukee bucks,99,128,0.391,0.48,21,27,45,57,10,10,-29.0,29.0,0
0022200898,2023-02-24,charlotte hornets,minnesota timberwolves,121,113,0.467,0.495,25,25,52,45,11,15,8.0,-8.0,1
0022200899,2023-02-24,oklahoma city thunder,phoenix suns,115,124,0.432,0.467,27,23,47,54,9,11,-9.0,9.0,0
0022200900,2023-02-24,brooklyn nets,chicago bulls,87,131,0.37,0.568,21,25,31,57,13,9,-44.0,44.0,0
0022200901,2023-02-24,golden state warriors,houston rockets,116,101,0.474,0.391,27,23,47,44,18,7,15.0,-15.0,1
0022200902,2023-02-24,la clippers,sacramento kings,175,176,0.602,0.586,39,33,42,43,25,15,-1.0,1.0,0
0022200903,2023-02-25,detroit pistons,toronto raptors,91,95,0.404,0.375,26,22,62,46,13,8,-4.0,4.0,0
0022200904,2023-02-25,charlotte hornets,miami heat,108,103,0.432,0.4,20,24,48,42,15,16,5.0,-5.0,1
0022200905,2023-02-25,indiana pacers,orlando magic,121,108,0.485,0.389,35,16,45,55,7,13,13.0,-13.0,1
0022200906,2023-02-25,new orleans pelicans,new york knicks,106,128,0.392,0.511,25,24,39,54,7,19,-22.0,22.0,0
0022200907,2023-02-25,denver nuggets,memphis grizzlies,94,112,0.404,0.474,22,25,48,50,15,12,-18.0,18.0,0
0022200908,2023-02-25,boston celtics,philadelphia 76ers,110,107,0.5,0.449,20,19,44,42,12,10,3.0,-3.0,1
0022200909,2023-02-25,san antonio spurs,utah jazz,102,118,0.392,0.467,21,29,41,56,9,14,-16.0,16.0,0
0022200910,2023-02-26,milwaukee bucks,phoenix suns,104,101,0.437,0.421,15,21,45,55,11,12,3.0,-3.0,1
0022200911,2023-02-26,atlanta hawks,brooklyn nets,129,127,0.5,0.494,20,20,46,37,15,9,2.0,-2.0,1
0022200912,2023-02-26,chicago bulls,washington wizards,102,82,0.506,0.421,21,22,39,42,8,16,20.0,-20.0,1
0022200913,2023-02-26,dallas mavericks,los angeles lakers,108,111,0.419,0.433,21,25,48,56,16,10,-3.0,3.0,0
0022200914,2023-02-26,cleveland cavaliers,toronto raptors,118,93,0.524,0.387,31,19,45,43,13,14,25.0,-25.0,1
0022200915,2023-02-26,oklahoma city thunder,sacramento kings,115,124,0.477,0.529,24,32,37,48,14,19,-9.0,9.0,0
0022200916,2023-02-26,golden state warriors,minnesota timberwolves,109,104,0.429,0.422,23,26,56,43,16,16,5.0,-5.0,1
0022200917,2023-02-26,houston rockets,portland trail blazers,114,131,0.45,0.545,24,20,48,37,13,13,-17.0,17.0,0
0022200918,2023-02-26,denver nuggets,la clippers,134,124,0.51,0.489,35,24,50,38,14,12,10.0,-10.0,1
0022200919,2023-02-27,charlotte hornets,detroit pistons,117,106,0.518,0.457,24,18,46,39,16,9,11.0,-11.0,1
0022200920,2023-02-27,miami heat,philadelphia 76ers,101,99,0.432,0.438,21,20,37,39,12,18,2.0,-2.0,1
0022200921,2023-02-27,boston celtics,new york knicks,94,109,0.44,0.474,21,20,35,44,11,11,-15.0,15.0,0
0022200922,2023-02-27,new orleans pelicans,orlando magic,93,101,0.447,0.456,23,21,38,43,17,15,-8.0,8.0,0
0022200923,2023-02-28,atlanta hawks,washington wizards,116,119,0.462,0.495,21,19,42,48,9,8,-3.0,3.0,0
0022200924,2023-02-28,brooklyn nets,milwaukee bucks,104,118,0.434,0.49,25,32,38,55,17,17,-14.0,14.0,0
0022200925,2023-02-28,chicago bulls,toronto raptors,98,104,0.521,0.404,28,26,35,47,19,11,-6.0,6.0,0
0022200926,2023-02-28,denver nuggets,houston rockets,133,112,0.576,0.495,40,33,43,40,11,13,21.0,-21.0,1
0022200927,2023-02-28,los angeles lakers,memphis grizzlies,109,121,0.442,0.455,22,25,56,47,26,6,-12.0,12.0,0
0022200928,2023-02-28,oklahoma city thunder,sacramento kings,117,123,0.439,0.524,28,34,42,51,10,19,-6.0,6.0,0
0022200929,2023-02-28,dallas mavericks,indiana pacers,122,124,0.505,0.526,28,25,38,41,7,9,-2.0,2.0,0
0022200930,2023-02-28,san antonio spurs,utah jazz,102,94,0.429,0.353,23,15,45,52,12,20,8.0,-8.0,1
0022200931,2023-02-28,golden state warriors,portland trail blazers,123,105,0.538,0.43,34,26,46,33,18,13,18.0,-18.0,1
0022200932,2023-02-28,la clippers,minnesota timberwolves,101,108,0.422,0.478,24,22,44,46,24,17,-7.0,7.0,0
0022200933,2023-03-01,charlotte hornets,phoenix suns,91,105,0.364,0.472,20,30,48,48,13,12,-14.0,14.0,0
0022200934,2023-03-01,chicago bulls,detroit pistons,117,115,0.482,0.5,27,23,40,40,15,16,2.0,-2.0,1
0022200935,2023-03-01,boston celtics,cleveland cavaliers,117,113,0.5,0.489,27,21,43,38,12,6,4.0,-4.0,1
0022200936,2023-03-01,miami heat,philadelphia 76ers,96,119,0.436,0.494,18,25,33,41,12,8,-23.0,23.0,0
0022200937,2023-03-01,brooklyn nets,new york knicks,118,142,0.467,0.607,26,28,31,46,12,16,-24.0,24.0,0
0022200938,2023-03-01,houston rockets,memphis grizzlies,99,113,0.4,0.482,17,27,49,44,12,7,-14.0,14.0,0
0022200939,2023-03-01,milwaukee bucks,orlando magic,139,117,0.521,0.457,29,22,46,50,8,13,22.0,-22.0,1
0022200940,2023-03-01,los angeles lakers,oklahoma city thunder,123,117,0.475,0.484,22,29,41,42,13,11,6.0,-6.0,1
0022200941,2023-03-01,new orleans pelicans,portland trail blazers,121,110,0.517,0.444,23,18,41,41,6,14,11.0,-11.0,1
0022200942,2023-03-02,toronto raptors,washington wizards,108,119,0.446,0.512,28,30,43,43,14,14,-11.0,11.0,0
0022200943,2023-03-02,dallas mavericks,philadelphia 76ers,133,126,0.549,0.577,26,28,31,37,12,14,7.0,-7.0,1
0022200944,2023-03-02,indiana pacers,san antonio spurs,99,110,0.456,0.459,23,31,40,50,14,15,-11.0,11.0,0
0022200945,2023-03-02,golden state warriors,la clippers,115,91,0.419,0.36,25,19,60,47,11,16,24.0,-24.0,1
0022200946,2023-03-03,charlotte hornets,orlando magic,106,117,0.487,0.535,25,21,34,42,21,18,-11.0,11.0,0
0022200947,2023-03-03,atlanta hawks,portland trail blazers,129,111,0.571,0.471,30,22,43,34,17,17,18.0,-18.0,1
0022200948,2023-03-03,boston celtics,brooklyn nets,105,115,0.488,0.421,26,25,48,47,19,12,-10.0,10.0,0
0022200949,2023-03-03,miami heat,new york knicks,120,122,0.481,0.58,23,23,39,34,12,11,-2.0,2.0,0
0022200950,2023-03-03,chicago bulls,phoenix suns,104,125,0.47,0.5,24,29,34,41,8,9,-21.0,21.0,0
0022200951,2023-03-03,oklahoma city thunder,utah jazz,130,103,0.5,0.487,31,24,40,48,7,25,27.0,-27.0,1
0022200952,2023-03-03,denver nuggets,memphis grizzlies,113,97,0.46,0.369,28,24,53,40,8,10,16.0,-16.0,1
0022200953,2023-03-03,golden state warriors,new orleans pelicans,108,99,0.513,0.442,28,20,43,29,18,13,9.0,-9.0,1
0022200954,2023-03-03,la clippers,sacramento kings,127,128,0.54,0.529,31,26,32,45,7,11,-1.0,1.0,0
0022200955,2023-03-03,los angeles lakers,minnesota timberwolves,102,110,0.414,0.472,23,29,41,46,15,13,-8.0,8.0,0
0022200956,2023-03-04,toronto raptors,washington wizards,116,109,0.522,0.507,30,26,34,43,14,24,7.0,-7.0,1
0022200957,2023-03-04,cleveland cavaliers,detroit pistons,114,90,0.495,0.407,29,19,39,49,11,23,24.0,-24.0,1
0022200958,2023-03-04,atlanta hawks,miami heat,109,117,0.468,0.506,22,31,37,43,16,19,-8.0,8.0,0
0022200959,2023-03-04,houston rockets,san antonio spurs,122,110,0.563,0.442,26,24,45,42,14,14,12.0,-12.0,1
0022200960,2023-03-04,milwaukee bucks,philadelphia 76ers,130,133,0.53,0.5,30,24,43,32,13,5,-3.0,3.0,0
0022200961,2023-03-04,minnesota timberwolves,sacramento kings,138,134,0.6,0.551,31,25,40,39,11,6,4.0,-4.0,1
0022200962,2023-03-05,dallas mavericks,phoenix suns,126,130,0.494,0.551,15,27,31,41,10,9,-4.0,4.0,0
0022200963,2023-03-05,chicago bulls,indiana pacers,122,125,0.608,0.511,18,27,33,35,14,9,-3.0,3.0,0
0022200964,2023-03-05,golden state warriors,los angeles lakers,105,113,0.396,0.442,27,29,42,46,12,7,-8.0,8.0,0
0022200965,2023-03-05,brooklyn nets,charlotte hornets,102,86,0.391,0.375,21,17,52,49,5,10,16.0,-16.0,1
0022200966,2023-03-05,orlando magic,portland trail blazers,119,122,0.5,0.47,29,27,38,46,11,17,-3.0,3.0,0
0022200967,2023-03-05,houston rockets,san antonio spurs,142,110,0.612,0.462,29,23,44,35,12,15,32.0,-32.0,1
0022200968,2023-03-05,oklahoma city thunder,utah jazz,129,119,0.506,0.489,24,30,42,39,12,16,10.0,-10.0,1
0022200969,2023-03-05,boston celtics,new york knicks,129,131,0.394,0.495,27,18,54,54,16,19,-2.0,2.0,0
0022200970,2023-03-05,la clippers,memphis grizzlies,135,129,0.529,0.543,25,32,53,26,17,8,6.0,-6.0,1
0022200971,2023-03-06,boston celtics,cleveland cavaliers,114,118,0.416,0.448,25,27,52,58,12,15,-4.0,4.0,0
0022200972,2023-03-06,indiana pacers,philadelphia 76ers,143,147,0.589,0.585,28,37,30,36,9,11,-4.0,4.0,0
0022200973,2023-03-05,milwaukee bucks,washington wizards,117,111,0.47,0.426,30,21,45,56,12,9,6.0,-6.0,1
0022200974,2023-03-06,atlanta hawks,miami heat,128,130,0.554,0.532,28,27,37,32,10,11,-2.0,2.0,0
0022200975,2023-03-06,denver nuggets,toronto raptors,118,113,0.5,0.5,30,29,41,41,13,15,5.0,-5.0,1
0022200976,2023-03-06,new orleans pelicans,sacramento kings,108,123,0.538,0.566,29,39,40,33,16,10,-15.0,15.0,0
0022200977,2023-03-06,detroit pistons,portland trail blazers,104,110,0.465,0.487,30,28,52,38,16,11,-6.0,6.0,0
0022200978,2023-03-07,milwaukee bucks,orlando magic,134,123,0.59,0.5,28,24,38,38,16,13,11.0,-11.0,1
0022200979,2023-03-07,charlotte hornets,new york knicks,112,105,0.494,0.427,27,18,42,39,10,8,7.0,-7.0,1
0022200980,2023-03-07,minnesota timberwolves,philadelphia 76ers,94,117,0.395,0.494,19,21,34,54,11,15,-23.0,23.0,0
0022200981,2023-03-07,brooklyn nets,houston rockets,118,96,0.494,0.434,23,14,36,48,12,19,22.0,-22.0,1
0022200982,2023-03-07,golden state warriors,oklahoma city thunder,128,137,0.528,0.532,36,28,33,44,21,15,-9.0,9.0,0
0022200983,2023-03-07,dallas mavericks,utah jazz,120,116,0.472,0.446,24,23,43,47,16,16,4.0,-4.0,1
0022200984,2023-03-07,los angeles lakers,memphis grizzlies,112,103,0.456,0.387,27,18,57,45,13,7,9.0,-9.0,1
0022200985,2023-03-08,atlanta hawks,washington wizards,122,120,0.529,0.566,26,34,36,39,11,17,2.0,-2.0,1
0022200986,2023-03-08,boston celtics,portland trail blazers,115,93,0.477,0.366,26,18,45,47,10,15,22.0,-22.0,1
0022200987,2023-03-08,cleveland cavaliers,miami heat,104,100,0.488,0.5,26,22,32,37,15,22,4.0,-4.0,1
0022200988,2023-03-08,dallas mavericks,new orleans pelicans,106,113,0.432,0.506,24,32,34,49,9,15,-7.0,7.0,0
0022200989,2023-03-08,chicago bulls,denver nuggets,117,96,0.517,0.42,26,26,50,44,8,11,21.0,-21.0,1
0022200990,2023-03-08,oklahoma city thunder,phoenix suns,101,132,0.375,0.521,23,31,37,54,16,14,-31.0,31.0,0
0022200991,2023-03-08,la clippers,toronto raptors,108,100,0.549,0.385,23,21,44,41,17,12,8.0,-8.0,1
0022200992,2023-03-09,charlotte hornets,detroit pistons,113,103,0.5,0.449,24,20,44,48,12,19,10.0,-10.0,1
0022200993,2023-03-09,houston rockets,indiana pacers,125,134,0.458,0.48,18,34,58,42,16,11,-9.0,9.0,0
0022200994,2023-03-09,orlando magic,utah jazz,124,131,0.468,0.557,21,27,36,42,10,17,-7.0,7.0,0
0022200995,2023-03-09,brooklyn nets,milwaukee bucks,113,118,0.394,0.423,20,33,47,61,13,16,-5.0,5.0,0
0022200996,2023-03-09,golden state warriors,memphis grizzlies,110,131,0.439,0.538,25,36,32,42,17,12,-21.0,21.0,0
0022200997,2023-03-09,new york knicks,sacramento kings,117,122,0.416,0.524,27,28,58,42,13,12,-5.0,5.0,0
0022200998,2023-03-10,philadelphia 76ers,portland trail blazers,120,119,0.518,0.525,25,24,42,36,9,9,1.0,-1.0,1
0022200999,2023-03-10,atlanta hawks,washington wizards,114,107,0.442,0.489,25,27,46,43,14,14,7.0,-7.0,1
0022201000,2023-03-10,cleveland cavaliers,miami heat,115,119,0.465,0.512,25,22,34,46,11,16,-4.0,4.0,0
0022201001,2023-03-10,brooklyn nets,minnesota timberwolves,124,123,0.462,0.49,20,29,48,47,14,14,1.0,-1.0,1
0022201002,2023-03-10,denver nuggets,san antonio spurs,120,128,0.489,0.543,32,31,33,50,14,18,-8.0,8.0,0
0022201003,2023-03-10,los angeles lakers,toronto raptors,122,112,0.563,0.5,28,29,35,37,20,13,10.0,-10.0,1
0022201004,2023-03-11,la clippers,new york knicks,106,95,0.483,0.356,22,21,39,54,8,9,11.0,-11.0,1
0022201005,2023-03-11,charlotte hornets,utah jazz,111,119,0.408,0.447,24,22,43,60,7,11,-8.0,8.0,0
0022201006,2023-03-11,detroit pistons,indiana pacers,115,121,0.457,0.462,25,24,42,58,12,14,-6.0,6.0,0
0022201007,2023-03-11,miami heat,orlando magic,114,126,0.447,0.485,19,34,35,54,17,18,-12.0,12.0,0
0022201008,2023-03-11,atlanta hawks,boston celtics,125,134,0.5,0.547,24,35,48,40,10,8,-9.0,9.0,0
0022201009,2023-03-11,chicago bulls,houston rockets,119,111,0.512,0.482,25,28,44,33,14,16,8.0,-8.0,1
0022201010,2023-03-11,dallas mavericks,memphis grizzlies,108,112,0.459,0.477,25,25,43,45,11,11,-4.0,4.0,0
0022201011,2023-03-11,new orleans pelicans,oklahoma city thunder,96,110,0.42,0.463,23,17,43,38,22,11,-14.0,14.0,0
0022201012,2023-03-11,golden state warriors,milwaukee bucks,125,116,0.411,0.43,33,28,65,48,15,17,9.0,-9.0,1
0022201013,2023-03-11,phoenix suns,sacramento kings,119,128,0.494,0.482,30,19,40,39,14,15,-9.0,9.0,0
0022201014,2023-03-12,brooklyn nets,denver nuggets,122,120,0.5,0.5,32,27,28,49,8,15,2.0,-2.0,1
0022201015,2023-03-12,charlotte hornets,cleveland cavaliers,108,114,0.513,0.471,25,18,43,40,19,10,-6.0,6.0,0
0022201016,2023-03-12,philadelphia 76ers,washington wizards,112,93,0.513,0.405,29,19,42,35,8,9,19.0,-19.0,1
0022201017,2023-03-12,new orleans pelicans,portland trail blazers,127,110,0.5,0.489,35,26,43,46,15,17,17.0,-17.0,1
0022201018,2023-03-12,oklahoma city thunder,san antonio spurs,102,90,0.379,0.375,26,24,55,50,9,18,12.0,-12.0,1
0022201019,2023-03-12,los angeles lakers,new york knicks,108,112,0.483,0.477,24,18,37,46,11,11,-4.0,4.0,0
0022201020,2023-03-13,detroit pistons,indiana pacers,117,97,0.48,0.419,28,23,52,42,14,14,20.0,-20.0,1
0022201021,2023-03-13,atlanta hawks,minnesota timberwolves,115,136,0.454,0.587,17,39,51,37,15,10,-21.0,21.0,0
0022201022,2023-03-13,miami heat,utah jazz,119,115,0.468,0.478,20,31,37,48,13,18,4.0,-4.0,1
0022201023,2023-03-13,dallas mavericks,memphis grizzlies,88,104,0.389,0.458,23,23,41,47,13,14,-16.0,16.0,0
0022201024,2023-03-13,boston celtics,houston rockets,109,111,0.448,0.444,19,27,38,48,13,10,-2.0,2.0,0
0022201025,2023-03-13,golden state warriors,phoenix suns,123,112,0.542,0.484,28,25,41,47,14,14,11.0,-11.0,1
0022201026,2023-03-13,milwaukee bucks,sacramento kings,133,124,0.581,0.442,29,31,43,45,12,9,9.0,-9.0,1
0022201027,2023-03-14,charlotte hornets,cleveland cavaliers,104,120,0.566,0.511,28,29,40,30,19,8,-16.0,16.0,0
0022201028,2023-03-14,detroit pistons,washington wizards,97,117,0.384,0.518,18,24,44,48,11,13,-20.0,20.0,0
0022201029,2023-03-14,denver nuggets,toronto raptors,110,125,0.553,0.527,29,25,32,44,14,11,-15.0,15.0,0
0022201030,2023-03-14,los angeles lakers,new orleans pelicans,123,108,0.488,0.429,24,23,52,41,17,12,15.0,-15.0,1
0022201031,2023-03-14,brooklyn nets,oklahoma city thunder,107,121,0.427,0.455,25,22,46,51,17,9,-14.0,14.0,0
0022201032,2023-03-14,orlando magic,san antonio spurs,114,132,0.454,0.565,24,39,42,47,9,14,-18.0,18.0,0
0022201033,2023-03-14,milwaukee bucks,phoenix suns,116,104,0.471,0.432,24,23,46,41,12,11,12.0,-12.0,1
0022201034,2023-03-14,new york knicks,portland trail blazers,123,107,0.519,0.384,23,22,52,38,12,10,16.0,-16.0,1
0022201035,2023-03-15,cleveland cavaliers,philadelphia 76ers,109,118,0.471,0.52,20,24,33,46,10,18,-9.0,9.0,0
0022201036,2023-03-15,memphis grizzlies,miami heat,119,138,0.505,0.598,29,33,39,41,16,13,-19.0,19.0,0
0022201037,2023-03-15,chicago bulls,sacramento kings,114,117,0.392,0.487,28,26,48,45,14,19,-3.0,3.0,0
0022201038,2023-03-15,houston rockets,los angeles lakers,114,110,0.528,0.378,22,21,51,36,17,8,4.0,-4.0,1
0022201039,2023-03-15,boston celtics,minnesota timberwolves,104,102,0.405,0.44,20,27,44,46,9,13,2.0,-2.0,1
0022201040,2023-03-15,dallas mavericks,san antonio spurs,137,128,0.512,0.458,23,26,52,47,18,10,9.0,-9.0,1
0022201041,2023-03-15,golden state warriors,la clippers,126,134,0.557,0.479,28,30,36,44,16,7,-8.0,8.0,0
0022201042,2023-03-16,denver nuggets,detroit pistons,119,100,0.528,0.459,29,24,47,37,9,17,19.0,-19.0,1
0022201043,2023-03-16,brooklyn nets,sacramento kings,96,101,0.413,0.39,20,22,41,57,6,12,-5.0,5.0,0
0022201044,2023-03-16,oklahoma city thunder,toronto raptors,111,128,0.426,0.485,18,29,39,59,13,10,-17.0,17.0,0
0022201045,2023-03-16,indiana pacers,milwaukee bucks,139,123,0.557,0.528,36,26,42,44,8,12,17.0,-17.0,1
0022201046,2023-03-16,orlando magic,phoenix suns,113,116,0.5,0.478,25,26,47,35,17,14,-3.0,3.0,0
0022201047,2023-03-17,charlotte hornets,philadelphia 76ers,82,121,0.337,0.5,20,24,35,62,13,13,-39.0,39.0,0
0022201048,2023-03-17,atlanta hawks,golden state warriors,127,119,0.47,0.48,27,28,45,54,10,17,8.0,-8.0,1
0022201049,2023-03-17,cleveland cavaliers,washington wizards,117,94,0.552,0.461,31,22,41,38,10,16,23.0,-23.0,1
0022201050,2023-03-17,chicago bulls,minnesota timberwolves,139,131,0.543,0.46,23,33,47,50,11,15,8.0,-8.0,1
0022201051,2023-03-17,houston rockets,new orleans pelicans,114,112,0.489,0.476,20,22,52,35,12,9,2.0,-2.0,1
0022201052,2023-03-17,memphis grizzlies,san antonio spurs,126,120,0.485,0.398,27,31,52,54,17,19,6.0,-6.0,1
0022201053,2023-03-17,boston celtics,portland trail blazers,126,112,0.471,0.481,29,20,52,37,16,18,14.0,-14.0,1
0022201054,2023-03-17,dallas mavericks,los angeles lakers,111,110,0.506,0.512,27,23,35,42,13,12,1.0,-1.0,1
0022201055,2023-03-18,denver nuggets,new york knicks,110,116,0.512,0.494,30,23,33,43,13,12,-6.0,6.0,0
0022201056,2023-03-18,la clippers,orlando magic,108,113,0.467,0.5,23,23,43,45,15,17,-5.0,5.0,0
0022201057,2023-03-18,indiana pacers,philadelphia 76ers,121,141,0.517,0.614,28,31,41,30,14,7,-20.0,20.0,0
0022201058,2023-03-18,minnesota timberwolves,toronto raptors,107,122,0.459,0.533,27,23,42,45,14,15,-15.0,15.0,0
0022201059,2023-03-18,sacramento kings,washington wizards,132,118,0.558,0.451,34,27,44,46,8,9,14.0,-14.0,1
0022201060,2023-03-18,chicago bulls,miami heat,113,99,0.563,0.427,34,23,32,39,10,13,14.0,-14.0,1
0022201061,2023-03-18,golden state warriors,memphis grizzlies,119,133,0.429,0.547,27,35,42,39,13,6,-14.0,14.0,0
0022201062,2023-03-18,boston celtics,utah jazz,117,118,0.477,0.433,30,29,40,56,6,7,-1.0,1.0,0
0022201063,2023-03-19,brooklyn nets,denver nuggets,102,108,0.463,0.525,26,31,33,40,11,16,-6.0,6.0,0
0022201064,2023-03-19,oklahoma city thunder,phoenix suns,124,120,0.5,0.478,20,31,44,40,15,14,4.0,-4.0,1
0022201065,2023-03-19,atlanta hawks,san antonio spurs,118,126,0.475,0.543,21,26,51,41,12,12,-8.0,8.0,0
0022201066,2023-03-19,detroit pistons,miami heat,100,112,0.463,0.481,26,33,39,42,11,10,-12.0,12.0,0
0022201067,2023-03-19,houston rockets,new orleans pelicans,107,117,0.408,0.494,15,28,36,39,12,10,-10.0,10.0,0
0022201068,2023-03-19,milwaukee bucks,toronto raptors,118,111,0.524,0.444,35,25,45,41,12,7,7.0,-7.0,1
0022201069,2023-03-19,la clippers,portland trail blazers,117,102,0.457,0.451,26,24,49,40,9,13,15.0,-15.0,1
0022201070,2023-03-19,los angeles lakers,orlando magic,111,105,0.462,0.402,25,24,52,44,15,8,6.0,-6.0,1
0022201071,2023-03-20,charlotte hornets,indiana pacers,115,109,0.456,0.451,26,27,37,48,11,21,6.0,-6.0,1
0022201072,2023-03-20,chicago bulls,philadelphia 76ers,109,105,0.415,0.422,20,28,42,54,10,19,4.0,-4.0,1
0022201073,2023-03-20,minnesota timberwolves,new york knicks,140,134,0.614,0.565,34,26,34,34,15,16,6.0,-6.0,1
0022201074,2023-03-20,golden state warriors,houston rockets,121,108,0.5,0.419,31,14,48,41,18,17,13.0,-13.0,1
0022201075,2023-03-20,dallas mavericks,memphis grizzlies,108,112,0.464,0.461,22,21,37,50,12,11,-4.0,4.0,0
0022201076,2023-03-20,sacramento kings,utah jazz,120,128,0.423,0.523,28,33,43,48,6,12,-8.0,8.0,0
0022201077,2023-03-21,orlando magic,washington wizards,122,112,0.538,0.506,27,30,42,33,15,14,10.0,-10.0,1
0022201078,2023-03-21,atlanta hawks,detroit pistons,129,107,0.463,0.407,26,20,61,35,9,9,22.0,-22.0,1
0022201079,2023-03-21,brooklyn nets,cleveland cavaliers,109,115,0.446,0.506,25,23,49,34,16,14,-6.0,6.0,0
0022201080,2023-03-21,new orleans pelicans,san antonio spurs,119,84,0.556,0.345,31,22,49,37,16,14,35.0,-35.0,1
0022201081,2023-03-21,boston celtics,sacramento kings,132,109,0.533,0.481,33,25,43,42,5,14,23.0,-23.0,1
0022201082,2023-03-21,la clippers,oklahoma city thunder,100,101,0.477,0.419,21,19,46,47,13,11,-1.0,1.0,0
0022201083,2023-03-22,denver nuggets,washington wizards,118,104,0.506,0.506,28,20,41,37,10,7,14.0,-14.0,1
0022201084,2023-03-22,miami heat,new york knicks,127,120,0.57,0.512,28,29,29,42,10,16,7.0,-7.0,1
0022201085,2023-03-22,indiana pacers,toronto raptors,118,114,0.558,0.438,27,21,39,40,18,10,4.0,-4.0,1
0022201086,2023-03-22,dallas mavericks,golden state warriors,125,127,0.494,0.556,27,33,31,44,10,13,-2.0,2.0,0
0022201087,2023-03-22,chicago bulls,philadelphia 76ers,91,116,0.41,0.476,18,30,42,44,19,15,-25.0,25.0,0
0022201088,2023-03-22,houston rockets,memphis grizzlies,125,130,0.516,0.517,27,27,48,36,16,10,-5.0,5.0,0
0022201089,2023-03-22,milwaukee bucks,san antonio spurs,130,94,0.52,0.387,24,26,54,46,15,19,36.0,-36.0,1
0022201090,2023-03-22,atlanta hawks,minnesota timberwolves,124,125,0.529,0.489,28,27,41,42,16,11,-1.0,1.0,0
0022201091,2023-03-22,portland trail blazers,utah jazz,127,115,0.484,0.476,28,24,43,47,8,17,12.0,-12.0,1
0022201092,2023-03-22,los angeles lakers,phoenix suns,122,111,0.557,0.467,27,23,36,39,13,17,11.0,-11.0,1
0022201093,2023-03-23,new york knicks,orlando magic,106,111,0.42,0.46,26,25,44,43,13,14,-5.0,5.0,0
0022201094,2023-03-23,brooklyn nets,cleveland cavaliers,114,116,0.481,0.472,24,24,42,40,15,9,-2.0,2.0,0
0022201095,2023-03-23,charlotte hornets,new orleans pelicans,96,115,0.458,0.459,24,26,38,52,17,11,-19.0,19.0,0
0022201096,2023-03-23,la clippers,oklahoma city thunder,127,105,0.56,0.441,34,24,42,40,13,14,22.0,-22.0,1
0022201097,2023-03-24,boston celtics,indiana pacers,120,95,0.473,0.464,28,24,49,44,14,17,25.0,-25.0,1
0022201098,2023-03-24,san antonio spurs,washington wizards,124,136,0.505,0.6,35,29,41,43,5,7,-12.0,12.0,0
0022201099,2023-03-24,detroit pistons,toronto raptors,97,118,0.466,0.446,23,25,39,46,22,11,-21.0,21.0,0
0022201100,2023-03-24,houston rockets,memphis grizzlies,114,151,0.54,0.613,25,36,38,35,15,10,-37.0,37.0,0
0022201101,2023-03-24,charlotte hornets,dallas mavericks,117,109,0.483,0.488,32,25,43,45,8,10,8.0,-8.0,1
0022201102,2023-03-24,milwaukee bucks,utah jazz,144,116,0.556,0.385,42,28,50,51,12,11,28.0,-28.0,1
0022201103,2023-03-24,golden state warriors,philadelphia 76ers,120,112,0.477,0.487,27,23,49,38,11,10,8.0,-8.0,1
0022201104,2023-03-24,chicago bulls,portland trail blazers,124,96,0.571,0.43,33,23,47,31,16,12,28.0,-28.0,1
0022201105,2023-03-24,phoenix suns,sacramento kings,127,135,0.539,0.528,33,29,43,33,12,4,-8.0,8.0,0
0022201106,2023-03-24,los angeles lakers,oklahoma city thunder,116,111,0.462,0.435,20,21,53,45,11,10,5.0,-5.0,1
0022201107,2023-03-25,atlanta hawks,indiana pacers,143,130,0.552,0.542,33,33,42,32,11,17,13.0,-13.0,1
0022201108,2023-03-25,brooklyn nets,miami heat,129,100,0.494,0.475,30,22,45,32,6,12,29.0,-29.0,1
0022201109,2023-03-25,denver nuggets,milwaukee bucks,129,106,0.528,0.443,28,26,48,40,10,10,23.0,-23.0,1
0022201110,2023-03-25,philadelphia 76ers,phoenix suns,105,125,0.436,0.505,21,35,36,45,12,7,-20.0,20.0,0
0022201111,2023-03-25,sacramento kings,utah jazz,121,113,0.463,0.516,30,30,42,45,8,16,8.0,-8.0,1
0022201112,2023-03-25,la clippers,new orleans pelicans,110,131,0.52,0.531,29,36,31,45,19,15,-21.0,21.0,0
0022201113,2023-03-26,charlotte hornets,dallas mavericks,110,104,0.443,0.381,27,18,58,37,14,8,6.0,-6.0,1
0022201114,2023-03-26,chicago bulls,los angeles lakers,118,108,0.54,0.507,32,24,42,38,9,18,10.0,-10.0,1
0022201115,2023-03-26,atlanta hawks,memphis grizzlies,119,123,0.459,0.539,27,28,48,39,10,11,-4.0,4.0,0
0022201116,2023-03-26,boston celtics,san antonio spurs,137,93,0.571,0.371,29,22,61,38,14,10,44.0,-44.0,1
0022201117,2023-03-26,cleveland cavaliers,houston rockets,108,91,0.47,0.438,20,20,41,36,9,16,17.0,-17.0,1
0022201118,2023-03-26,brooklyn nets,orlando magic,106,119,0.407,0.529,17,30,44,47,15,11,-13.0,13.0,0
0022201119,2023-03-26,toronto raptors,washington wizards,114,104,0.459,0.442,22,25,53,45,11,16,10.0,-10.0,1
0022201120,2023-03-26,oklahoma city thunder,portland trail blazers,118,112,0.436,0.476,23,18,42,37,11,18,6.0,-6.0,1
0022201121,2023-03-26,golden state warriors,minnesota timberwolves,96,99,0.415,0.425,25,25,37,49,16,17,-3.0,3.0,0
0022201122,2023-03-27,detroit pistons,milwaukee bucks,117,126,0.446,0.474,22,28,47,50,10,8,-9.0,9.0,0
0022201123,2023-03-27,dallas mavericks,indiana pacers,127,104,0.566,0.419,29,20,33,43,13,13,23.0,-23.0,1
0022201124,2023-03-27,houston rockets,new york knicks,115,137,0.483,0.581,24,35,40,39,14,10,-22.0,22.0,0
0022201125,2023-03-27,phoenix suns,utah jazz,117,103,0.426,0.442,31,25,49,47,6,13,14.0,-14.0,1
0022201126,2023-03-27,denver nuggets,philadelphia 76ers,116,111,0.506,0.483,34,18,42,40,12,11,5.0,-5.0,1
0022201127,2023-03-27,new orleans pelicans,portland trail blazers,124,90,0.57,0.389,31,15,53,29,16,12,34.0,-34.0,1
0022201128,2023-03-27,minnesota timberwolves,sacramento kings,119,115,0.512,0.464,33,16,40,42,6,10,4.0,-4.0,1
0022201129,2023-03-27,chicago bulls,la clippers,112,124,0.537,0.593,26,41,34,37,14,15,-12.0,12.0,0
0022201130,2023-03-28,boston celtics,washington wizards,111,130,0.484,0.545,29,33,38,43,12,9,-19.0,19.0,0
0022201131,2023-03-28,atlanta hawks,cleveland cavaliers,120,118,0.461,0.505,25,20,51,40,12,8,2.0,-2.0,1
0022201132,2023-03-28,miami heat,toronto raptors,92,106,0.4,0.484,18,32,43,47,15,9,-14.0,14.0,0
0022201133,2023-03-28,memphis grizzlies,orlando magic,113,108,0.477,0.41,26,24,49,47,16,16,5.0,-5.0,1
0022201134,2023-03-28,charlotte hornets,oklahoma city thunder,137,134,0.553,0.521,34,25,52,39,18,11,3.0,-3.0,1
0022201135,2023-03-28,golden state warriors,new orleans pelicans,120,109,0.524,0.467,32,30,41,41,18,17,11.0,-11.0,1
0022201136,2023-03-29,indiana pacers,milwaukee bucks,136,149,0.525,0.624,36,28,29,52,8,18,-13.0,13.0,0
0022201137,2023-03-29,brooklyn nets,houston rockets,123,114,0.537,0.469,33,21,41,52,12,10,9.0,-9.0,1
0022201138,2023-03-29,miami heat,new york knicks,92,101,0.443,0.5,20,22,35,47,11,15,-9.0,9.0,0
0022201139,2023-03-29,dallas mavericks,philadelphia 76ers,108,116,0.458,0.463,24,26,40,43,14,10,-8.0,8.0,0
0022201140,2023-03-29,chicago bulls,los angeles lakers,110,121,0.511,0.523,31,22,32,45,14,15,-11.0,11.0,0
0022201141,2023-03-29,la clippers,memphis grizzlies,141,132,0.615,0.516,28,26,32,45,15,13,9.0,-9.0,1
0022201142,2023-03-29,detroit pistons,oklahoma city thunder,106,107,0.5,0.448,27,19,42,38,17,9,-1.0,1.0,0
0022201143,2023-03-29,san antonio spurs,utah jazz,117,128,0.474,0.544,31,28,39,45,15,16,-11.0,11.0,0
0022201144,2023-03-29,minnesota timberwolves,phoenix suns,100,107,0.444,0.417,24,23,54,48,21,8,-7.0,7.0,0
0022201145,2023-03-29,portland trail blazers,sacramento kings,80,120,0.323,0.457,18,30,45,59,14,8,-40.0,40.0,0
0022201146,2023-03-30,boston celtics,milwaukee bucks,140,99,0.56,0.376,28,22,47,45,8,13,41.0,-41.0,1
0022201147,2023-03-30,denver nuggets,new orleans pelicans,88,107,0.4,0.475,21,22,40,46,9,10,-19.0,19.0,0
0022201148,2023-03-31,charlotte hornets,chicago bulls,91,121,0.455,0.511,27,25,36,42,21,7,-30.0,30.0,0
0022201149,2023-03-31,indiana pacers,oklahoma city thunder,121,117,0.459,0.477,30,21,56,45,15,10,4.0,-4.0,1
0022201150,2023-03-31,philadelphia 76ers,toronto raptors,117,110,0.562,0.5,28,26,37,34,16,13,7.0,-7.0,1
0022201151,2023-03-31,orlando magic,washington wizards,116,109,0.5,0.39,26,24,48,51,10,12,7.0,-7.0,1
0022201152,2023-03-31,boston celtics,utah jazz,122,114,0.438,0.479,27,23,42,52,11,18,8.0,-8.0,1
0022201153,2023-03-31,atlanta hawks,brooklyn nets,107,124,0.429,0.557,23,33,46,41,11,12,-17.0,17.0,0
0022201154,2023-03-31,cleveland cavaliers,new york knicks,116,130,0.512,0.527,33,24,33,48,10,7,-14.0,14.0,0
0022201155,2023-03-31,detroit pistons,houston rockets,115,121,0.483,0.458,24,18,40,46,12,12,-6.0,6.0,0
0022201156,2023-03-31,la clippers,memphis grizzlies,94,108,0.378,0.448,26,25,50,51,17,14,-14.0,14.0,0
0022201157,2023-03-31,los angeles lakers,minnesota timberwolves,123,111,0.5,0.432,28,25,53,39,16,16,12.0,-12.0,1
0022201158,2023-03-31,golden state warriors,san antonio spurs,130,115,0.505,0.462,37,27,45,46,14,13,15.0,-15.0,1
0022201159,2023-03-31,portland trail blazers,sacramento kings,114,138,0.471,0.614,29,38,33,41,18,13,-24.0,24.0,0
0022201160,2023-03-31,denver nuggets,phoenix suns,93,100,0.4,0.42,19,28,51,51,11,16,-7.0,7.0,0
0022201161,2023-04-01,dallas mavericks,miami heat,122,129,0.61,0.523,32,27,31,36,14,8,-7.0,7.0,0
0022201162,2023-04-01,la clippers,new orleans pelicans,114,122,0.494,0.488,25,21,37,40,13,7,-8.0,8.0,0
0022201163,2023-04-02,charlotte hornets,toronto raptors,108,128,0.494,0.538,26,38,37,45,17,7,-20.0,20.0,0
0022201164,2023-04-02,brooklyn nets,utah jazz,111,110,0.442,0.44,25,24,40,52,8,11,1.0,-1.0,1
0022201165,2023-04-02,chicago bulls,memphis grizzlies,128,107,0.532,0.464,29,29,36,47,1,18,21.0,-21.0,1
0022201166,2023-04-02,minnesota timberwolves,portland trail blazers,105,107,0.481,0.462,29,29,47,42,18,10,-2.0,2.0,0
0022201167,2023-04-02,atlanta hawks,dallas mavericks,132,130,0.472,0.516,28,24,53,47,9,14,2.0,-2.0,1
0022201168,2023-04-02,new york knicks,washington wizards,118,109,0.523,0.494,31,26,39,38,11,18,9.0,-9.0,1
0022201169,2023-04-02,detroit pistons,orlando magic,102,128,0.41,0.573,22,30,38,41,16,14,-26.0,26.0,0
0022201170,2023-04-02,sacramento kings,san antonio spurs,134,142,0.476,0.531,24,31,43,52,15,17,-8.0,8.0,0
0022201171,2023-04-02,houston rockets,los angeles lakers,109,134,0.431,0.559,23,36,44,51,8,5,-25.0,25.0,0
0022201172,2023-04-02,oklahoma city thunder,phoenix suns,118,128,0.409,0.568,21,31,41,38,8,13,-10.0,10.0,0
0022201173,2023-04-02,cleveland cavaliers,indiana pacers,115,105,0.489,0.434,23,21,43,44,10,15,10.0,-10.0,1
0022201174,2023-04-02,milwaukee bucks,philadelphia 76ers,117,104,0.575,0.46,28,19,42,36,9,11,13.0,-13.0,1
0022201175,2023-04-02,denver nuggets,golden state warriors,112,110,0.44,0.4,24,26,47,57,11,15,2.0,-2.0,1
0022201176,2023-04-04,charlotte hornets,toronto raptors,100,120,0.468,0.477,27,27,42,41,17,6,-20.0,20.0,0
0022201177,2023-04-04,detroit pistons,miami heat,105,118,0.493,0.513,21,26,35,33,14,7,-13.0,13.0,0
0022201178,2023-04-04,cleveland cavaliers,orlando magic,117,113,0.5,0.506,23,25,30,47,8,13,4.0,-4.0,1
0022201179,2023-04-04,milwaukee bucks,washington wizards,140,128,0.543,0.505,33,30,56,42,18,9,12.0,-12.0,1
0022201180,2023-04-04,brooklyn nets,minnesota timberwolves,102,107,0.433,0.482,21,21,40,44,9,8,-5.0,5.0,0
0022201181,2023-04-04,boston celtics,philadelphia 76ers,101,103,0.418,0.5,28,21,43,37,8,10,-2.0,2.0,0
0022201182,2023-04-04,atlanta hawks,chicago bulls,123,105,0.558,0.461,26,16,48,32,16,8,18.0,-18.0,1
0022201183,2023-04-04,denver nuggets,houston rockets,103,124,0.471,0.461,26,23,47,55,20,13,-21.0,21.0,0
0022201184,2023-04-04,memphis grizzlies,portland trail blazers,119,109,0.483,0.433,30,23,49,49,11,8,10.0,-10.0,1
0022201185,2023-04-04,new orleans pelicans,sacramento kings,103,121,0.44,0.505,20,35,37,43,13,11,-18.0,18.0,0
0022201186,2023-04-04,los angeles lakers,utah jazz,135,133,0.5,0.522,27,29,44,41,11,12,2.0,-2.0,1
0022201187,2023-04-04,golden state warriors,oklahoma city thunder,136,125,0.495,0.473,25,23,54,38,13,10,11.0,-11.0,1
0022201188,2023-04-04,phoenix suns,san antonio spurs,115,94,0.483,0.389,25,25,57,38,13,12,21.0,-21.0,1
0022201189,2023-04-05,brooklyn nets,detroit pistons,123,108,0.523,0.488,36,27,38,34,11,14,15.0,-15.0,1
0022201190,2023-04-05,indiana pacers,new york knicks,129,138,0.517,0.52,33,34,37,52,17,14,-9.0,9.0,0
0022201191,2023-04-05,atlanta hawks,washington wizards,134,116,0.512,0.479,30,23,48,39,16,14,18.0,-18.0,1
0022201192,2023-04-05,boston celtics,toronto raptors,97,93,0.427,0.411,20,20,48,50,15,11,4.0,-4.0,1
0022201193,2023-04-05,chicago bulls,milwaukee bucks,92,105,0.434,0.424,28,26,38,53,15,12,-13.0,13.0,0
0022201194,2023-04-05,memphis grizzlies,new orleans pelicans,131,138,0.481,0.5,33,35,49,44,13,16,-7.0,7.0,0
0022201195,2023-04-05,dallas mavericks,sacramento kings,123,119,0.494,0.434,24,31,39,57,10,9,4.0,-4.0,1
0022201196,2023-04-05,la clippers,los angeles lakers,125,118,0.524,0.506,23,27,38,44,12,14,7.0,-7.0,1
0022201197,2023-04-06,cleveland cavaliers,orlando magic,118,94,0.523,0.398,31,21,42,39,16,21,24.0,-24.0,1
0022201198,2023-04-06,miami heat,philadelphia 76ers,129,101,0.557,0.513,39,23,42,32,10,15,28.0,-28.0,1
0022201199,2023-04-06,portland trail blazers,san antonio spurs,127,129,0.531,0.443,34,29,36,47,15,14,-2.0,2.0,0
0022201200,2023-04-06,oklahoma city thunder,utah jazz,114,98,0.402,0.494,29,24,50,45,12,19,16.0,-16.0,1
0022201201,2023-04-06,denver nuggets,phoenix suns,115,119,0.53,0.519,24,26,38,33,12,10,-4.0,4.0,0
0022201202,2023-04-07,charlotte hornets,houston rockets,109,112,0.432,0.472,22,21,41,48,17,18,-3.0,3.0,0
0022201203,2023-04-07,detroit pistons,indiana pacers,122,115,0.489,0.494,24,29,42,42,13,19,7.0,-7.0,1
0022201204,2023-04-07,miami heat,washington wizards,108,114,0.439,0.464,26,23,47,50,16,16,-6.0,6.0,0
0022201205,2023-04-07,atlanta hawks,philadelphia 76ers,131,136,0.554,0.5,32,33,38,52,20,20,-5.0,5.0,0
0022201206,2023-04-07,boston celtics,toronto raptors,121,102,0.556,0.43,37,21,53,35,19,7,19.0,-19.0,1
0022201207,2023-04-07,brooklyn nets,orlando magic,101,84,0.393,0.356,27,17,45,57,9,21,17.0,-17.0,1
0022201208,2023-04-07,memphis grizzlies,milwaukee bucks,137,114,0.57,0.457,39,30,44,38,12,17,23.0,-23.0,1
0022201209,2023-04-07,new orleans pelicans,new york knicks,113,105,0.532,0.432,27,19,43,37,12,9,8.0,-8.0,1
0022201210,2023-04-07,chicago bulls,dallas mavericks,115,112,0.523,0.452,24,23,50,43,12,9,3.0,-3.0,1
0022201211,2023-04-07,golden state warriors,sacramento kings,119,97,0.526,0.388,36,24,47,40,24,12,22.0,-22.0,1
0022201212,2023-04-07,los angeles lakers,phoenix suns,121,107,0.489,0.413,25,23,54,47,15,9,14.0,-14.0,1
0022201213,2023-04-08,denver nuggets,utah jazz,114,118,0.456,0.44,32,30,41,59,14,16,-4.0,4.0,0
0022201214,2023-04-08,minnesota timberwolves,san antonio spurs,151,131,0.554,0.526,42,34,45,45,7,13,20.0,-20.0,1
0022201215,2023-04-08,la clippers,portland trail blazers,136,125,0.527,0.528,30,32,51,34,12,10,11.0,-11.0,1
0022201216,2023-04-09,atlanta hawks,boston celtics,114,120,0.454,0.472,27,33,50,47,9,15,-6.0,6.0,0
0022201217,2023-04-09,brooklyn nets,philadelphia 76ers,105,134,0.422,0.525,22,31,42,50,18,13,-29.0,29.0,0
0022201218,2023-04-09,charlotte hornets,cleveland cavaliers,106,95,0.457,0.393,23,27,49,44,18,16,11.0,-11.0,1
0022201219,2023-04-09,miami heat,orlando magic,123,110,0.542,0.422,30,29,44,43,18,14,13.0,-13.0,1
0022201220,2023-04-09,indiana pacers,new york knicks,141,136,0.517,0.481,33,29,44,53,15,15,5.0,-5.0,1
0022201221,2023-04-09,milwaukee bucks,toronto raptors,105,121,0.463,0.505,28,29,38,45,14,9,-16.0,16.0,0
0022201222,2023-04-09,houston rockets,washington wizards,114,109,0.489,0.423,24,28,51,51,15,12,5.0,-5.0,1
0022201223,2023-04-09,chicago bulls,detroit pistons,103,81,0.421,0.365,21,20,48,59,3,24,22.0,-22.0,1
0022201224,2023-04-09,dallas mavericks,san antonio spurs,117,138,0.426,0.49,28,31,46,69,2,12,-21.0,21.0,0
0022201225,2023-04-09,minnesota timberwolves,new orleans pelicans,113,108,0.476,0.444,25,18,42,49,17,15,5.0,-5.0,1
0022201226,2023-04-09,memphis grizzlies,oklahoma city thunder,100,115,0.435,0.5,25,30,43,49,12,14,-15.0,15.0,0
0022201227,2023-04-09,denver nuggets,sacramento kings,109,95,0.5,0.435,25,24,51,34,16,15,14.0,-14.0,1
0022201228,2023-04-09,los angeles lakers,utah jazz,128,117,0.485,0.505,28,31,49,45,10,11,11.0,-11.0,1
0022201229,2023-04-09,la clippers,phoenix suns,119,114,0.49,0.424,22,29,53,47,10,7,5.0,-5.0,1
0022201230,2023-04-09,golden state warriors,portland trail blazers,157,101,0.604,0.4,47,25,58,30,15,14,56.0,-56.0,1
2022200001,2022-12-27,fort wayne mad ants,maine celtics,113,126,0.457,0.505,27,31,38,53,18,20,-14.0,13.8,0
2022200002,2022-12-27,oklahoma city blue,sioux falls skyforce,112,108,0.444,0.414,29,27,53,46,13,16,6.0,-5.0,1
2022200003,2022-12-27,capital city go-go,motor city cruise,115,108,0.543,0.449,27,29,39,39,21,18,7.0,-7.0,1
2022200004,2022-12-27,delaware blue coats,rio grande valley vipers,99,138,0.468,0.495,17,28,39,50,22,14,-33.8,30.4,0
2022200005,2023-01-11,osceola magic,westchester knicks,129,117,0.598,0.543,31,31,33,36,13,18,11.2,-10.8,1
2022200006,2022-12-27,greensboro swarm,long island nets,108,113,0.415,0.478,21,23,36,50,12,13,-4.8,3.8,0
2022200007,2022-12-27,g league ignite,ontario clippers,114,108,0.494,0.446,26,19,48,39,16,15,0.4,-1.2,1
2022200008,2022-12-28,cleveland charge,grand rapids gold,104,108,0.393,0.529,22,23,43,47,16,16,-4.0,4.6,0
2022200009,2022-12-28,mexico city capitanes,salt lake city stars,111,103,0.409,0.396,23,18,49,56,11,15,8.0,-8.0,1
2022200010,2022-12-29,fort wayne mad ants,windy city bulls,131,121,0.576,0.455,35,22,39,47,14,13,13.6,-15.2,1
2022200011,2022-12-29,capital city go-go,motor city cruise,107,105,0.519,0.488,25,23,39,43,12,19,2.0,-2.0,1
2022200012,2023-01-30,osceola magic,westchester knicks,113,114,0.488,0.531,26,24,45,34,16,17,-1.0,1.0,0
2022200013,2022-12-29,greensboro swarm,long island nets,95,122,0.423,0.522,19,34,34,45,28,23,-28.4,30.4,0
2022200014,2022-12-29,birmingham squadron,texas legends,134,101,0.616,0.438,27,17,43,33,16,20,27.4,-28.0,1
2022200015,2022-12-29,iowa wolves,raptors 905,118,127,0.419,0.5,20,30,40,53,14,16,-6.6,8.8,0
2022200016,2022-12-29,memphis hustle,south bay lakers,122,103,0.489,0.451,27,24,48,42,9,15,19.0,-19.0,1
2022200017,2022-12-29,austin spurs,oklahoma city blue,108,105,0.419,0.482,11,20,53,41,17,18,3.0,-3.0,1
2022200018,2022-12-29,g league ignite,ontario clippers,96,111,0.404,0.468,25,24,41,45,14,16,-15.0,15.0,0
2022200019,2022-12-29,santa cruz warriors,stockton kings,112,121,0.467,0.453,22,18,54,38,22,8,-13.0,7.8,0
2022200020,2022-12-30,maine celtics,rio grande valley vipers,118,98,0.433,0.351,30,23,71,44,25,17,20.0,-20.0,1
2022200021,2022-12-30,delaware blue coats,long island nets,111,108,0.404,0.43,26,30,61,58,15,19,3.0,-3.0,1
2022200022,2022-12-30,birmingham squadron,texas legends,94,104,0.396,0.506,21,20,46,44,15,16,-10.0,10.0,0
2022200023,2022-12-30,mexico city capitanes,salt lake city stars,136,109,0.57,0.451,29,22,44,37,18,23,27.0,-26.8,1
2022200024,2022-12-30,memphis hustle,south bay lakers,118,117,0.442,0.518,20,23,44,43,20,23,1.0,-1.0,1
2022200025,2022-12-30,santa cruz warriors,stockton kings,112,113,0.493,0.464,27,24,46,38,20,14,-1.0,1.0,0
2022200026,2022-12-31,capital city go-go,greensboro swarm,131,124,0.516,0.488,32,25,45,42,17,21,7.4,-7.0,1
2022200027,2022-12-31,maine celtics,rio grande valley vipers,136,132,0.57,0.506,26,18,42,32,20,15,4.0,-4.0,1
2022200028,2022-12-31,iowa wolves,raptors 905,128,124,0.489,0.429,32,28,45,49,16,13,4.0,-4.0,1
2022200029,2022-12-31,motor city cruise,windy city bulls,122,108,0.571,0.512,22,10,43,32,18,10,14.0,-14.8,1
2022200030,2022-12-31,college park skyhawks,osceola magic,124,96,0.6,0.33,29,18,55,44,18,10,23.8,-23.8,1
2022200031,2022-12-31,ontario clippers,sioux falls skyforce,99,95,0.411,0.429,19,19,62,40,17,10,4.0,-4.0,1
2022200032,2022-12-31,grand rapids gold,wisconsin herd,91,93,0.413,0.374,24,22,54,55,12,9,-2.0,2.0,0
2022200033,2023-01-01,iowa wolves,texas legends,126,138,0.436,0.516,29,26,51,43,14,15,-3.2,2.6,0
2022200034,2023-01-01,birmingham squadron,g league ignite,124,126,0.533,0.577,18,33,34,28,16,18,-2.0,2.0,0
2022200035,2023-01-01,ontario clippers,sioux falls skyforce,110,123,0.527,0.485,19,25,42,44,18,8,-13.0,13.0,0
2022200036,2023-01-01,austin spurs,stockton kings,94,108,0.526,0.545,8,20,39,39,20,15,-14.0,14.0,0
2022200037,2023-01-02,college park skyhawks,osceola magic,116,131,0.478,0.547,24,30,37,48,10,11,-8.6,5.8,0
2022200038,2023-01-02,delaware blue coats,grand rapids gold,125,107,0.479,0.462,29,28,48,47,12,13,16.4,-14.8,1
2022200039,2023-01-02,long island nets,raptors 905,110,102,0.447,0.439,30,21,41,52,12,26,8.0,-8.0,1
2022200040,2023-01-02,cleveland charge,westchester knicks,115,103,0.494,0.436,25,19,55,41,23,13,16.6,-15.8,1
2022200041,2023-01-03,oklahoma city blue,rio grande valley vipers,122,117,0.568,0.44,30,27,43,43,22,15,5.0,-5.0,1
2022200042,2023-01-03,delaware blue coats,grand rapids gold,113,119,0.444,0.49,27,29,46,54,12,14,-6.0,6.0,0
2022200043,2023-01-03,cleveland charge,westchester knicks,99,97,0.474,0.442,26,15,36,47,16,21,-6.0,2.2,1
2022200044,2023-01-04,sioux falls skyforce,texas legends,132,130,0.588,0.54,34,21,40,32,16,12,2.0,-2.0,1
2022200045,2023-01-03,birmingham squadron,g league ignite,116,119,0.475,0.544,20,25,32,43,14,19,-3.0,3.0,0
2022200046,2023-01-03,memphis hustle,mexico city capitanes,128,113,0.567,0.454,25,22,45,37,16,16,15.0,-15.0,1
2022200047,2023-01-04,austin spurs,capital city go-go,103,128,0.442,0.563,23,33,44,35,24,12,-25.0,25.0,0
2022200048,2023-01-04,fort wayne mad ants,windy city bulls,116,128,0.5,0.506,34,29,49,35,24,13,-12.0,12.0,0
2022200049,2023-01-04,long island nets,raptors 905,129,119,0.5,0.461,28,20,55,38,18,16,-4.4,-3.0,1
2022200050,2023-01-04,college park skyhawks,wisconsin herd,121,126,0.438,0.457,23,23,60,48,16,16,-4.8,5.4,0
2022200051,2023-01-04,salt lake city stars,stockton kings,116,127,0.517,0.568,25,29,45,35,16,12,-11.0,11.0,0
2022200052,2023-01-05,fort wayne mad ants,grand rapids gold,129,108,0.614,0.465,28,29,39,36,18,13,17.4,-19.4,1
2022200053,2023-01-05,maine celtics,motor city cruise,132,102,0.538,0.412,38,17,46,40,17,18,30.0,-30.0,1
2022200054,2023-01-05,mexico city capitanes,oklahoma city blue,98,95,0.369,0.451,21,19,56,45,17,17,3.0,-3.0,1
2022200055,2023-01-05,g league ignite,santa cruz warriors,100,125,0.412,0.598,23,40,34,43,15,19,-18.0,23.6,0
2022200056,2023-01-05,birmingham squadron,south bay lakers,107,113,0.44,0.506,29,31,34,54,14,17,-8.4,11.8,0
2022200057,2023-01-06,austin spurs,capital city go-go,85,97,0.411,0.479,14,17,45,32,25,17,-12.0,12.0,0
2022200058,2023-01-06,delaware blue coats,greensboro swarm,113,118,0.394,0.465,23,21,53,45,13,18,-5.0,5.0,0
2022200059,2023-01-06,maine celtics,motor city cruise,112,106,0.476,0.518,26,26,43,34,17,15,6.0,-6.0,1
2022200060,2023-01-06,long island nets,westchester knicks,119,120,0.495,0.5,24,24,46,44,22,23,-2.0,0.0,0
2022200061,2023-01-06,mexico city capitanes,oklahoma city blue,118,116,0.477,0.448,24,23,42,49,15,13,2.0,-2.0,1
2022200062,2023-01-06,osceola magic,windy city bulls,117,122,0.459,0.462,24,23,49,37,18,11,-5.0,5.0,0
2022200063,2023-01-06,college park skyhawks,wisconsin herd,116,120,0.44,0.471,17,22,37,48,11,19,-4.0,4.0,0
2022200064,2023-01-06,rio grande valley vipers,sioux falls skyforce,104,115,0.391,0.462,16,16,45,53,11,13,-7.6,7.8,0
2022200065,2023-01-06,iowa wolves,salt lake city stars,114,131,0.378,0.505,22,32,35,61,13,23,-17.0,17.0,0
2022200066,2023-01-06,g league ignite,santa cruz warriors,136,115,0.556,0.458,35,22,34,49,9,22,18.8,-17.6,1
2022200067,2023-01-06,ontario clippers,stockton kings,92,104,0.407,0.471,19,20,40,48,19,13,-12.8,12.0,0
2022200068,2023-01-07,osceola magic,windy city bulls,109,108,0.44,0.463,19,24,41,50,10,21,-15.0,9.8,1
2022200069,2023-01-07,birmingham squadron,south bay lakers,98,128,0.438,0.49,24,26,32,50,16,13,-22.2,22.2,0
2022200070,2023-01-07,rio grande valley vipers,sioux falls skyforce,110,124,0.468,0.478,25,25,46,51,13,10,-6.4,8.6,0
2022200071,2023-01-07,memphis hustle,texas legends,118,105,0.517,0.476,27,26,44,39,11,14,14.2,-12.8,1
2022200072,2023-01-07,iowa wolves,salt lake city stars,115,118,0.44,0.438,31,26,49,52,14,14,-3.0,3.0,0
2022200073,2023-01-08,oklahoma city blue,santa cruz warriors,108,112,0.426,0.518,25,18,49,46,13,15,-9.8,8.4,0
2022200074,2023-01-08,long island nets,westchester knicks,130,97,0.567,0.354,31,15,55,46,15,14,27.8,-27.8,1
2022200075,2023-01-08,austin spurs,college park skyhawks,114,107,0.506,0.42,29,19,45,45,14,14,7.0,-7.0,1
2022200076,2023-01-08,delaware blue coats,greensboro swarm,121,117,0.473,0.452,30,32,48,46,18,14,4.0,-4.0,1
2022200077,2023-01-08,cleveland charge,fort wayne mad ants,122,119,0.483,0.451,25,27,55,41,21,14,3.0,-3.0,1
2022200078,2023-01-08,grand rapids gold,maine celtics,106,121,0.419,0.427,25,25,43,62,15,13,-5.8,5.2,0
2022200079,2023-01-08,memphis hustle,texas legends,119,114,0.436,0.419,35,24,53,45,13,9,5.0,-5.0,1
2022200080,2023-01-08,g league ignite,mexico city capitanes,115,121,0.462,0.538,20,26,37,47,13,24,-4.4,6.0,0
2022200081,2023-01-09,long island nets,windy city bulls,118,110,0.484,0.476,27,17,46,35,19,18,8.0,-8.0,1
2022200082,2023-01-09,motor city cruise,osceola magic,99,110,0.477,0.456,24,21,47,45,13,14,-11.0,11.0,0
2022200083,2023-01-09,capital city go-go,raptors 905,119,122,0.527,0.488,33,25,50,36,17,12,-3.0,3.0,0
2022200084,2023-01-09,birmingham squadron,ontario clippers,97,106,0.45,0.506,21,31,38,38,19,15,-10.8,9.6,0
2022200085,2023-01-09,iowa wolves,south bay lakers,132,143,0.532,0.551,33,36,39,36,15,9,-9.6,8.8,0
2022200086,2023-01-09,sioux falls skyforce,stockton kings,112,104,0.446,0.447,23,26,38,48,7,15,8.0,-8.0,1
2022200087,2023-01-10,grand rapids gold,maine celtics,115,132,0.603,0.57,28,32,25,36,12,10,-17.0,17.0,0
2022200088,2023-01-10,greensboro swarm,westchester knicks,93,125,0.398,0.51,17,33,40,59,15,15,-30.8,30.2,0
2022200089,2023-01-10,capital city go-go,raptors 905,123,116,0.493,0.476,26,22,42,37,11,8,7.0,-7.0,1
2022200090,2023-01-10,rio grande valley vipers,salt lake city stars,128,122,0.473,0.505,28,26,38,49,10,18,6.0,-6.0,1
2022200091,2023-01-10,g league ignite,mexico city capitanes,123,122,0.526,0.513,19,27,34,36,15,15,1.0,-1.0,1
2022200092,2023-01-11,long island nets,windy city bulls,118,121,0.485,0.482,28,27,56,36,22,12,-3.0,3.0,0
2022200093,2023-01-11,memphis hustle,wisconsin herd,115,104,0.505,0.457,36,20,47,48,12,13,11.0,-11.0,1
2022200094,2023-01-11,birmingham squadron,ontario clippers,106,126,0.506,0.535,26,27,38,38,18,12,-20.0,20.0,0
2022200095,2023-01-11,oklahoma city blue,south bay lakers,111,120,0.462,0.532,24,30,48,45,15,13,-9.0,9.0,0
2022200096,2023-01-12,delaware blue coats,maine celtics,149,137,0.59,0.531,32,38,36,44,12,20,12.0,-12.0,1
2022200097,2023-01-12,motor city cruise,raptors 905,99,105,0.4,0.444,27,22,38,51,13,15,-6.0,6.0,0
2022200098,2023-01-12,g league ignite,oklahoma city blue,109,118,0.461,0.494,24,26,39,45,14,14,-9.0,9.0,0
2022200099,2023-01-12,iowa wolves,ontario clippers,107,126,0.429,0.522,24,31,35,51,13,22,-19.0,19.0,0
2022200100,2023-01-12,santa cruz warriors,sioux falls skyforce,126,103,0.524,0.455,27,20,61,28,20,11,23.0,-23.0,1
2022200101,2023-01-13,cleveland charge,wisconsin herd,115,96,0.454,0.378,23,20,59,48,15,16,18.6,-20.0,1
2022200102,2023-01-13,greensboro swarm,osceola magic,136,133,0.49,0.495,29,33,46,53,16,19,3.0,-3.0,1
2022200103,2023-01-13,birmingham squadron,salt lake city stars,110,132,0.438,0.54,18,28,47,43,11,11,-22.0,22.0,0
2022200104,2023-01-13,austin spurs,mexico city capitanes,125,127,0.582,0.506,23,21,43,34,16,9,-2.0,2.0,0
2022200105,2023-01-13,south bay lakers,texas legends,125,105,0.568,0.365,26,18,46,40,17,14,20.0,-20.0,1
2022200106,2023-01-13,santa cruz warriors,sioux falls skyforce,110,129,0.427,0.515,22,25,51,46,13,6,-19.0,19.0,0
2022200107,2023-01-13,rio grande valley vipers,stockton kings,113,134,0.39,0.56,19,31,44,55,13,20,-21.0,21.0,0
2022200108,2023-01-14,capital city go-go,college park skyhawks,97,108,0.4,0.446,14,23,50,54,12,13,-11.0,11.0,0
2022200109,2023-01-14,fort wayne mad ants,wisconsin herd,129,123,0.474,0.479,36,26,48,45,11,14,6.0,-6.0,1
2022200110,2023-01-14,greensboro swarm,osceola magic,100,117,0.446,0.538,20,25,27,48,13,15,-17.0,16.0,0
2022200111,2023-01-14,grand rapids gold,long island nets,85,96,0.359,0.405,15,27,48,45,21,18,-11.0,11.0,0
2022200112,2023-01-14,delaware blue coats,maine celtics,116,111,0.484,0.482,31,29,32,53,4,20,5.0,-5.0,1
2022200113,2023-01-14,austin spurs,mexico city capitanes,86,91,0.41,0.449,15,11,46,44,19,15,-5.0,5.0,0
2022200114,2023-01-14,birmingham squadron,salt lake city stars,108,110,0.441,0.529,19,20,46,42,14,16,-2.0,2.0,0
2022200115,2023-01-14,cleveland charge,windy city bulls,105,96,0.47,0.416,26,22,49,38,17,12,9.0,-9.0,1
2022200116,2023-01-14,south bay lakers,texas legends,106,113,0.427,0.451,17,24,42,42,20,15,-7.0,7.0,0
2022200117,2023-01-14,rio grande valley vipers,stockton kings,118,124,0.539,0.5,25,28,34,42,14,20,-6.0,6.0,0
2022200118,2023-01-15,iowa wolves,memphis hustle,110,107,0.422,0.426,27,25,47,51,20,17,3.0,-3.0,1
2022200119,2023-01-15,raptors 905,sioux falls skyforce,126,123,0.53,0.478,27,24,37,46,18,13,3.0,-3.0,1
2022200120,2023-01-15,motor city cruise,ontario clippers,113,118,0.451,0.512,26,19,52,42,14,10,-5.0,5.0,0
2022200121,2023-01-16,delaware blue coats,wisconsin herd,153,132,0.546,0.494,38,27,45,41,19,26,21.0,-21.0,1
2022200122,2023-01-16,grand rapids gold,long island nets,80,99,0.415,0.463,16,22,36,56,13,19,-19.0,19.0,0
2022200123,2023-01-16,cleveland charge,windy city bulls,112,105,0.466,0.494,27,24,47,38,11,9,7.0,-7.0,1
2022200124,2023-01-16,salt lake city stars,texas legends,125,116,0.489,0.535,23,26,46,37,8,12,9.0,-9.0,1
2022200125,2023-01-16,austin spurs,stockton kings,98,112,0.481,0.506,19,24,34,40,20,17,-14.0,14.0,0
2022200126,2023-01-16,fort wayne mad ants,g league ignite,141,119,0.527,0.442,39,29,47,55,10,13,22.0,-22.0,1
2022200127,2023-01-16,capital city go-go,college park skyhawks,111,104,0.44,0.488,25,25,42,43,16,18,8.8,-7.0,1
2022200128,2023-01-16,motor city cruise,ontario clippers,106,93,0.521,0.384,23,20,51,44,16,8,13.0,-13.0,1
2022200129,2023-01-17,osceola magic,sioux falls skyforce,104,100,0.432,0.472,22,18,49,39,19,22,3.2,-3.8,1
2022200130,2023-01-17,birmingham squadron,rio grande valley vipers,105,132,0.438,0.567,21,26,32,49,20,17,-27.0,27.0,0
2022200131,2023-01-17,memphis hustle,santa cruz warriors,140,131,0.57,0.466,36,28,35,50,13,20,9.0,-9.0,1
2022200132,2023-01-17,fort wayne mad ants,g league ignite,121,114,0.458,0.512,27,28,39,40,16,20,7.0,-7.0,1
2022200133,2023-01-18,westchester knicks,wisconsin herd,118,127,0.41,0.5,30,25,47,48,10,13,-9.0,9.0,0
2022200134,2023-01-18,oklahoma city blue,stockton kings,113,118,0.484,0.473,25,23,49,40,17,10,-5.0,5.0,0
2022200135,2023-01-18,capital city go-go,long island nets,114,121,0.459,0.479,21,28,50,45,20,15,-7.0,7.0,0
2022200136,2023-01-18,cleveland charge,greensboro swarm,112,102,0.518,0.5,25,20,32,39,14,23,10.0,-10.0,1
2022200137,2023-01-18,memphis hustle,santa cruz warriors,129,122,0.5,0.466,29,33,45,51,18,17,7.0,-7.0,1
2022200138,2023-01-19,osceola magic,sioux falls skyforce,125,121,0.529,0.522,27,31,38,47,12,14,4.0,-4.0,1
2022200139,2023-01-19,college park skyhawks,windy city bulls,133,111,0.605,0.402,31,14,41,42,14,13,22.0,-22.0,1
2022200140,2023-01-19,fort wayne mad ants,salt lake city stars,121,107,0.433,0.41,29,26,48,66,7,19,14.0,-14.0,1
2022200141,2023-01-19,motor city cruise,south bay lakers,117,127,0.454,0.57,25,26,43,34,21,20,-4.6,5.0,0
2022200142,2023-01-20,capital city go-go,grand rapids gold,104,101,0.43,0.5,16,28,48,39,17,28,3.0,-3.0,1
2022200143,2023-01-20,mexico city capitanes,santa cruz warriors,126,135,0.44,0.506,20,25,45,52,16,22,-9.0,9.0,0
2022200144,2023-01-20,austin spurs,ontario clippers,108,100,0.441,0.421,26,18,53,53,8,15,8.0,-9.4,1
2022200145,2023-01-20,g league ignite,rio grande valley vipers,107,110,0.429,0.467,23,22,40,54,12,15,-3.0,3.0,0
2022200146,2023-01-21,delaware blue coats,long island nets,101,116,0.438,0.463,26,29,43,56,18,17,-14.6,13.6,0
2022200147,2023-01-21,greensboro swarm,windy city bulls,105,112,0.487,0.425,29,22,42,41,21,10,-7.0,7.0,0
2022200148,2023-01-21,maine celtics,osceola magic,111,117,0.438,0.448,25,29,41,52,16,16,-6.0,6.8,0
2022200149,2023-01-21,austin spurs,ontario clippers,82,115,0.405,0.53,20,23,39,45,10,7,-33.0,33.0,0
2022200150,2023-01-21,birmingham squadron,stockton kings,112,111,0.488,0.536,22,30,35,42,12,18,1.0,-1.0,1
2022200151,2023-01-21,raptors 905,wisconsin herd,135,126,0.562,0.495,32,24,41,41,11,7,9.0,-9.0,1
2022200152,2023-01-21,g league ignite,rio grande valley vipers,114,107,0.592,0.426,35,25,48,35,16,6,7.0,-7.0,1
2022200153,2023-01-21,oklahoma city blue,texas legends,117,121,0.489,0.5,30,31,50,44,17,15,-4.0,4.0,0
2022200154,2023-01-21,salt lake city stars,south bay lakers,110,119,0.534,0.462,25,28,48,38,26,5,-9.0,9.0,0
2022200155,2023-01-22,iowa wolves,westchester knicks,99,97,0.427,0.405,23,21,48,46,17,19,2.0,-2.0,1
2022200156,2023-01-22,capital city go-go,cleveland charge,107,111,0.404,0.553,17,22,49,36,14,23,-8.6,8.8,0
2022200157,2023-01-22,college park skyhawks,fort wayne mad ants,129,91,0.511,0.393,30,25,55,44,12,16,38.0,-38.0,1
2022200158,2023-01-22,maine celtics,osceola magic,115,112,0.475,0.475,34,27,42,44,12,20,3.0,-3.0,1
2022200159,2023-01-22,birmingham squadron,stockton kings,104,122,0.552,0.517,23,26,28,37,20,13,-18.0,18.0,0
2022200160,2023-01-22,mexico city capitanes,santa cruz warriors,128,117,0.52,0.453,21,17,40,44,15,18,11.0,-11.0,1
2022200161,2023-01-23,motor city cruise,wisconsin herd,134,130,0.482,0.494,31,18,43,52,7,17,4.0,-4.0,1
2022200162,2023-01-23,ontario clippers,salt lake city stars,147,105,0.682,0.425,33,21,42,29,12,16,42.0,-40.6,1
2022200163,2023-01-24,grand rapids gold,oklahoma city blue,113,99,0.506,0.368,25,21,49,45,18,17,14.0,-14.0,1
2022200164,2023-01-25,fort wayne mad ants,maine celtics,133,119,0.563,0.448,36,24,51,40,17,14,14.0,-14.0,1
2022200165,2023-01-24,cleveland charge,college park skyhawks,106,111,0.436,0.47,23,23,50,47,16,16,-5.0,5.0,0
2022200166,2023-01-24,delaware blue coats,osceola magic,123,105,0.465,0.396,30,27,49,56,7,16,18.0,-18.0,1
2022200167,2023-01-24,iowa wolves,westchester knicks,99,126,0.406,0.548,23,29,41,51,13,18,-27.0,27.0,0
2022200168,2023-01-24,austin spurs,sioux falls skyforce,87,92,0.44,0.4,23,18,48,38,20,11,-5.0,5.0,0
2022200169,2023-01-24,mexico city capitanes,rio grande valley vipers,120,124,0.484,0.578,30,26,35,41,17,26,-4.0,4.0,0
2022200170,2023-01-25,birmingham squadron,raptors 905,89,110,0.418,0.454,23,31,38,55,19,18,-21.0,21.0,0
2022200171,2023-01-25,grand rapids gold,oklahoma city blue,105,113,0.436,0.506,24,24,32,51,12,19,-8.0,8.0,0
2022200172,2023-01-25,capital city go-go,windy city bulls,109,124,0.475,0.479,30,26,33,55,15,14,-15.0,15.0,0
2022200173,2023-01-25,cleveland charge,college park skyhawks,116,115,0.488,0.476,22,21,45,39,15,14,1.0,-1.0,1
2022200174,2023-01-25,iowa wolves,long island nets,112,131,0.465,0.564,25,39,40,46,13,10,-19.0,18.8,0
2022200175,2023-01-25,motor city cruise,wisconsin herd,120,102,0.462,0.449,35,11,52,44,8,12,18.0,-18.0,1
2022200176,2023-01-25,ontario clippers,salt lake city stars,124,112,0.529,0.458,27,20,47,46,10,16,12.2,-12.0,1
2022200177,2023-01-26,birmingham squadron,raptors 905,115,95,0.5,0.352,29,20,49,52,11,14,20.0,-20.0,1
2022200178,2023-01-26,mexico city capitanes,rio grande valley vipers,96,110,0.463,0.442,23,24,44,50,19,13,-14.0,14.0,0
2022200179,2023-01-26,austin spurs,texas legends,131,108,0.643,0.444,39,20,49,34,13,11,23.0,-23.0,1
2022200180,2023-01-26,g league ignite,salt lake city stars,99,116,0.432,0.494,20,20,45,47,14,9,-17.0,17.0,0
2022200181,2023-01-26,memphis hustle,stockton kings,104,124,0.459,0.541,33,28,32,49,20,18,-20.0,20.0,0
2022200182,2023-01-27,capital city go-go,windy city bulls,118,116,0.441,0.524,30,20,45,38,18,17,2.0,-2.0,1
2022200183,2023-01-27,college park skyhawks,motor city cruise,120,124,0.488,0.5,20,26,46,48,10,8,-4.0,4.0,0
2022200184,2023-01-27,fort wayne mad ants,osceola magic,121,128,0.476,0.442,24,28,44,50,19,18,-7.0,7.0,0
2022200185,2023-01-27,grand rapids gold,westchester knicks,108,99,0.5,0.419,28,24,43,46,14,18,9.0,-8.0,1
2022200186,2023-01-27,iowa wolves,oklahoma city blue,123,125,0.495,0.527,28,37,43,42,16,13,-2.0,2.0,0
2022200187,2023-01-27,greensboro swarm,wisconsin herd,112,115,0.478,0.443,30,25,51,41,16,10,-3.0,3.0,0
2022200188,2023-01-27,santa cruz warriors,south bay lakers,119,117,0.423,0.465,22,30,59,50,19,17,2.0,-2.0,1
2022200189,2023-01-28,birmingham squadron,maine celtics,113,106,0.584,0.471,27,31,46,30,21,15,7.0,-7.0,1
2022200190,2023-01-28,fort wayne mad ants,osceola magic,124,116,0.565,0.479,32,23,42,43,16,13,7.4,-8.0,1
2022200191,2023-01-28,greensboro swarm,wisconsin herd,116,102,0.484,0.393,29,21,45,41,12,13,14.0,-14.0,1
2022200192,2023-01-28,memphis hustle,stockton kings,110,109,0.408,0.566,25,27,38,46,11,21,1.0,-1.0,1
2022200193,2023-01-28,austin spurs,rio grande valley vipers,110,126,0.5,0.5,27,34,45,39,19,11,-16.0,16.0,0
2022200194,2023-01-28,mexico city capitanes,texas legends,120,117,0.451,0.474,29,23,54,47,10,7,3.0,-3.0,1
2022200195,2023-01-29,grand rapids gold,westchester knicks,94,103,0.425,0.439,24,21,40,47,15,14,-9.0,9.0,0
2022200196,2023-01-29,college park skyhawks,motor city cruise,123,107,0.483,0.442,25,23,41,47,9,15,16.0,-16.0,1
2022200197,2023-01-29,capital city go-go,long island nets,98,111,0.453,0.464,18,25,45,41,17,12,-13.0,13.0,0
2022200198,2023-01-29,iowa wolves,oklahoma city blue,127,122,0.515,0.462,36,34,43,47,15,17,5.0,-5.0,1
2022200199,2023-01-29,mexico city capitanes,texas legends,114,110,0.4,0.56,17,29,46,32,10,17,4.0,-4.0,1
2022200200,2023-01-29,santa cruz warriors,south bay lakers,118,152,0.461,0.561,23,35,42,42,21,8,-34.0,34.0,0
2022200201,2023-01-30,long island nets,wisconsin herd,131,116,0.566,0.524,30,21,38,34,14,18,13.6,-12.4,1
2022200202,2023-01-30,memphis hustle,salt lake city stars,111,118,0.473,0.472,33,28,40,51,8,16,-7.0,7.0,0
2022200203,2023-01-30,ontario clippers,rio grande valley vipers,107,112,0.468,0.398,24,24,50,45,22,19,-5.0,5.0,0
2022200204,2023-01-31,sioux falls skyforce,texas legends,105,93,0.519,0.389,27,21,39,50,15,22,12.0,-12.0,1
2022200205,2023-01-31,memphis hustle,salt lake city stars,105,135,0.464,0.531,28,31,32,56,10,12,-30.0,30.0,0
2022200206,2023-02-01,capital city go-go,maine celtics,131,126,0.565,0.469,32,25,42,42,12,13,5.4,-4.6,1
2022200207,2023-02-01,grand rapids gold,greensboro swarm,108,112,0.489,0.506,27,24,40,38,15,19,-4.0,4.0,0
2022200208,2023-02-01,westchester knicks,wisconsin herd,115,111,0.449,0.418,25,19,47,44,14,15,4.0,-4.0,1
2022200209,2023-02-01,birmingham squadron,delaware blue coats,102,124,0.487,0.49,24,25,49,37,31,14,-22.0,22.0,0
2022200210,2023-02-01,mexico city capitanes,south bay lakers,113,109,0.489,0.489,24,21,54,37,18,10,4.0,-4.0,1
2022200211,2023-02-01,ontario clippers,rio grande valley vipers,121,129,0.45,0.489,23,21,49,39,15,14,-8.0,8.0,0
2022200212,2023-02-02,austin spurs,oklahoma city blue,114,115,0.482,0.524,30,23,38,42,15,20,-1.0,1.0,0
2022200213,2023-02-02,cleveland charge,raptors 905,100,136,0.284,0.598,15,39,38,53,17,17,-36.0,36.0,0
2022200214,2023-02-03,grand rapids gold,greensboro swarm,107,123,0.442,0.573,25,31,38,42,12,15,-16.0,16.0,0
2022200215,2023-02-03,college park skyhawks,maine celtics,114,96,0.494,0.427,22,22,42,43,13,17,18.0,-18.0,1
2022200216,2023-02-03,delaware blue coats,memphis hustle,130,132,0.5,0.544,30,32,42,49,13,19,-2.0,2.0,0
2022200217,2023-02-03,birmingham squadron,sioux falls skyforce,99,106,0.466,0.456,29,19,44,49,21,14,-7.0,7.0,0
2022200218,2023-02-03,windy city bulls,wisconsin herd,144,133,0.596,0.505,27,33,45,33,4,7,11.0,-11.0,1
2022200219,2023-02-03,ontario clippers,santa cruz warriors,114,123,0.406,0.494,26,25,40,63,10,22,-9.0,9.0,0
2022200220,2023-02-04,oklahoma city blue,stockton kings,119,105,0.531,0.422,31,24,45,42,16,13,14.0,-14.0,1
2022200221,2023-02-04,cleveland charge,raptors 905,118,124,0.494,0.489,32,28,44,40,22,19,-6.0,6.0,0
2022200222,2023-02-04,capital city go-go,fort wayne mad ants,115,122,0.449,0.5,27,36,56,47,18,20,-7.0,7.0,0
2022200223,2023-02-04,long island nets,motor city cruise,123,121,0.573,0.582,30,23,23,33,12,16,2.0,-2.0,1
2022200224,2023-02-04,college park skyhawks,maine celtics,108,132,0.42,0.56,18,31,33,46,13,14,-24.0,24.0,0
2022200225,2023-02-04,austin spurs,iowa wolves,134,128,0.478,0.511,35,28,49,37,12,15,6.0,-6.0,1
2022200226,2023-02-04,delaware blue coats,memphis hustle,129,120,0.563,0.482,36,25,32,49,12,23,9.0,-9.0,1
2022200227,2023-02-04,g league ignite,south bay lakers,107,119,0.467,0.549,24,27,42,36,11,12,-12.0,12.0,0
2022200228,2023-02-04,rio grande valley vipers,salt lake city stars,125,131,0.506,0.5,27,30,34,48,16,18,-6.0,6.0,0
2022200229,2023-02-05,mexico city capitanes,osceola magic,122,121,0.485,0.484,30,25,44,53,17,22,1.0,-1.0,1
2022200230,2023-02-05,greensboro swarm,windy city bulls,133,122,0.543,0.551,37,28,39,35,12,12,11.0,-11.0,1
2022200231,2023-02-05,austin spurs,iowa wolves,110,141,0.482,0.556,27,30,36,41,15,11,-31.2,36.6,0
2022200232,2023-02-05,birmingham squadron,sioux falls skyforce,111,120,0.506,0.488,25,21,40,39,17,9,-9.0,9.0,0
2022200233,2023-02-05,ontario clippers,south bay lakers,123,122,0.495,0.585,27,24,38,47,8,18,1.0,-1.0,1
2022200234,2023-02-06,capital city go-go,fort wayne mad ants,126,123,0.538,0.465,26,25,49,41,21,11,3.0,-3.0,1
2022200235,2023-02-06,cleveland charge,delaware blue coats,99,110,0.402,0.444,18,22,48,50,19,17,-10.0,10.0,0
2022200236,2023-02-06,college park skyhawks,westchester knicks,126,112,0.565,0.474,24,20,47,44,14,11,14.0,-14.0,1
2022200237,2023-02-06,motor city cruise,stockton kings,102,116,0.432,0.524,19,27,43,48,11,14,-14.0,14.0,0
2022200238,2023-02-06,maine celtics,raptors 905,115,112,0.47,0.467,26,28,45,42,12,9,3.0,-3.4,1
2022200239,2023-02-07,iowa wolves,mexico city capitanes,113,114,0.453,0.479,30,29,45,49,19,21,-1.0,1.0,0
2022200240,2023-02-07,long island nets,sioux falls skyforce,112,92,0.478,0.439,27,22,47,49,14,17,20.0,-20.0,1
2022200241,2023-02-07,santa cruz warriors,wisconsin herd,122,104,0.467,0.422,28,20,59,43,22,11,18.0,-18.0,1
2022200242,2023-02-07,birmingham squadron,memphis hustle,99,129,0.447,0.5,22,37,43,49,20,17,-30.0,30.0,0
2022200243,2023-02-08,cleveland charge,delaware blue coats,112,122,0.477,0.523,30,28,37,42,22,25,-8.8,10.0,0
2022200244,2023-02-08,maine celtics,raptors 905,126,117,0.529,0.505,25,29,45,31,14,9,9.0,-9.0,1
2022200245,2023-02-08,fort wayne mad ants,oklahoma city blue,133,119,0.537,0.542,23,30,43,42,15,21,14.0,-14.0,1
2022200246,2023-02-08,college park skyhawks,westchester knicks,121,107,0.55,0.414,25,21,46,35,17,10,14.0,-14.0,1
2022200247,2023-02-08,grand rapids gold,stockton kings,92,119,0.414,0.506,25,25,34,46,17,15,-28.2,28.2,0
2022200248,2023-02-08,greensboro swarm,salt lake city stars,119,128,0.557,0.505,31,28,36,54,17,14,-9.0,9.0,0
2022200249,2023-02-08,long island nets,sioux falls skyforce,130,95,0.548,0.413,32,15,44,39,12,19,35.0,-35.0,1
2022200250,2023-02-08,austin spurs,g league ignite,99,106,0.378,0.457,20,21,43,52,12,22,-15.4,13.0,0
2022200251,2023-02-09,memphis hustle,mexico city capitanes,111,99,0.478,0.461,29,22,47,40,12,15,12.0,-12.0,1
2022200252,2023-02-09,santa cruz warriors,windy city bulls,112,116,0.427,0.394,32,33,52,53,15,5,-4.0,4.0,0
2022200253,2023-02-09,ontario clippers,south bay lakers,117,122,0.433,0.548,20,20,44,43,10,15,-5.0,5.0,0
2022200254,2023-02-09,grand rapids gold,stockton kings,113,97,0.524,0.437,30,27,45,43,8,9,16.0,-16.0,1
2022200255,2023-02-09,iowa wolves,texas legends,121,130,0.447,0.539,28,27,46,40,16,12,-9.0,9.0,0
2022200256,2023-02-10,capital city go-go,wisconsin herd,130,141,0.593,0.553,29,24,39,35,15,11,-11.0,11.0,0
2022200257,2023-02-10,fort wayne mad ants,greensboro swarm,137,138,0.519,0.551,31,31,42,45,14,23,-1.0,1.0,0
2022200258,2023-02-10,osceola magic,salt lake city stars,115,124,0.451,0.556,24,24,36,51,7,25,-9.0,9.0,0
2022200259,2023-02-10,cleveland charge,maine celtics,84,110,0.383,0.438,17,33,35,58,12,13,-26.0,26.0,0
2022200260,2023-02-10,motor city cruise,oklahoma city blue,117,113,0.45,0.473,26,29,57,44,10,10,4.0,-4.0,1
2022200261,2023-02-10,sioux falls skyforce,westchester knicks,114,96,0.553,0.43,26,23,47,33,20,11,18.0,-18.0,1
2022200262,2023-02-10,austin spurs,g league ignite,116,82,0.513,0.363,23,19,45,48,10,16,34.0,-34.0,1
2022200263,2023-02-11,delaware blue coats,wisconsin herd,166,139,0.62,0.526,35,30,51,37,18,15,27.0,-27.0,1
2022200264,2023-02-11,college park skyhawks,long island nets,107,120,0.429,0.446,21,24,49,51,18,15,-13.0,13.0,0
2022200265,2023-02-11,osceola magic,salt lake city stars,126,116,0.429,0.484,26,23,47,51,2,13,10.0,-10.0,1
2022200266,2023-02-11,cleveland charge,maine celtics,105,116,0.434,0.553,20,32,29,37,13,14,-10.0,12.4,0
2022200267,2023-02-11,motor city cruise,oklahoma city blue,99,95,0.404,0.481,22,25,47,42,11,13,4.0,-4.0,1
2022200268,2023-02-11,austin spurs,birmingham squadron,113,120,0.579,0.549,27,26,30,40,15,14,-7.2,11.0,0
2022200269,2023-02-11,santa cruz warriors,windy city bulls,112,98,0.494,0.373,32,22,50,35,21,12,14.0,-14.0,1
2022200270,2023-02-11,g league ignite,texas legends,89,107,0.388,0.418,17,22,52,47,18,8,-18.0,18.0,0
2022200271,2023-02-12,fort wayne mad ants,south bay lakers,102,124,0.409,0.535,24,28,37,55,16,16,-22.0,22.0,0
2022200272,2023-02-12,raptors 905,westchester knicks,124,123,0.495,0.516,22,27,43,46,14,11,-6.6,3.8,1
2022200273,2023-02-12,iowa wolves,stockton kings,108,132,0.432,0.575,24,40,35,49,16,20,-24.2,24.0,0
2022200274,2023-02-13,fort wayne mad ants,south bay lakers,132,128,0.559,0.561,31,33,34,44,11,13,2.8,-0.6,1
2022200275,2023-02-13,iowa wolves,stockton kings,119,109,0.482,0.452,23,24,42,39,11,15,10.0,-10.0,1
2022200276,2023-02-13,memphis hustle,oklahoma city blue,133,113,0.5,0.495,37,25,44,48,13,17,20.0,-20.0,1
2022200277,2023-02-13,college park skyhawks,delaware blue coats,104,130,0.37,0.567,16,26,40,53,15,22,-26.0,26.0,0
2022200278,2023-02-13,grand rapids gold,windy city bulls,112,115,0.494,0.461,31,23,46,39,13,10,-3.0,3.0,0
2022200279,2023-02-13,greensboro swarm,motor city cruise,104,119,0.432,0.494,26,22,35,48,11,12,-15.4,15.0,0
2022200280,2023-02-13,raptors 905,westchester knicks,104,113,0.467,0.512,26,21,33,50,16,17,-9.0,9.0,0
2022200281,2023-02-13,salt lake city stars,sioux falls skyforce,124,115,0.532,0.464,28,29,48,39,12,7,9.0,-9.0,1
2022200282,2023-02-14,cleveland charge,wisconsin herd,128,120,0.516,0.414,30,17,50,45,17,19,5.6,-6.6,1
2022200283,2023-02-14,grand rapids gold,windy city bulls,115,108,0.489,0.435,30,22,47,44,14,15,5.8,-4.2,1
2022200284,2023-02-14,ontario clippers,texas legends,107,101,0.459,0.402,27,22,57,47,10,10,6.0,-6.0,1
2022200285,2023-02-15,greensboro swarm,motor city cruise,119,123,0.524,0.5,14,25,37,40,11,14,-4.0,3.6,0
2022200286,2023-02-15,capital city go-go,westchester knicks,109,111,0.448,0.452,25,21,52,45,16,10,-2.8,2.4,0
2022200287,2023-02-15,college park skyhawks,fort wayne mad ants,135,141,0.471,0.554,29,38,43,49,17,17,-6.0,6.0,0
2022200288,2023-02-15,memphis hustle,oklahoma city blue,106,98,0.43,0.423,25,24,54,53,17,19,8.0,-8.0,1
2022200289,2023-02-15,cleveland charge,south bay lakers,95,114,0.382,0.513,24,27,45,42,20,18,-19.0,19.0,0
2022200290,2023-02-15,santa cruz warriors,texas legends,130,111,0.515,0.478,35,23,57,31,15,8,18.2,-19.0,1
2022200291,2023-02-22,delaware blue coats,motor city cruise,111,116,0.446,0.463,24,22,43,48,14,21,-5.0,5.0,0
2022200292,2023-02-22,cleveland charge,greensboro swarm,110,100,0.467,0.473,27,27,50,35,17,17,10.0,-10.0,1
2022200293,2023-02-22,fort wayne mad ants,long island nets,102,122,0.387,0.5,23,24,51,49,21,17,-20.0,20.0,0
2022200294,2023-02-22,iowa wolves,mexico city capitanes,116,124,0.473,0.467,28,28,43,46,17,14,-8.0,8.0,0
2022200295,2023-02-22,rio grande valley vipers,south bay lakers,112,120,0.418,0.458,15,26,55,52,13,12,-8.0,8.0,0
2022200296,2023-02-22,raptors 905,windy city bulls,110,114,0.468,0.469,27,28,44,54,16,17,-4.0,4.0,0
2022200297,2023-02-22,austin spurs,santa cruz warriors,105,126,0.409,0.455,25,25,34,66,10,17,-21.0,21.0,0
2022200298,2023-02-23,capital city go-go,grand rapids gold,112,111,0.441,0.528,22,36,54,42,13,19,1.0,-1.0,1
2022200299,2023-02-23,mexico city capitanes,sioux falls skyforce,109,118,0.396,0.512,23,26,41,47,10,10,-9.0,9.0,0
2022200300,2023-02-23,birmingham squadron,oklahoma city blue,111,113,0.506,0.513,20,14,43,39,17,18,-1.2,-0.8,0
2022200301,2023-02-23,g league ignite,memphis hustle,114,116,0.495,0.474,32,23,42,43,11,13,-2.0,2.0,0
2022200302,2023-02-23,rio grande valley vipers,south bay lakers,99,125,0.389,0.517,22,30,51,49,21,17,-22.4,23.8,0
2022200303,2023-02-23,raptors 905,windy city bulls,103,108,0.459,0.43,30,22,47,49,15,9,-5.0,5.0,0
2022200304,2023-02-23,ontario clippers,stockton kings,113,114,0.489,0.519,26,25,39,44,9,12,-1.8,1.0,0
2022200305,2023-02-24,cleveland charge,osceola magic,130,105,0.568,0.444,30,17,41,40,24,24,14.0,-14.8,1
2022200306,2023-02-24,delaware blue coats,motor city cruise,107,111,0.447,0.466,29,28,50,36,16,10,-4.0,4.0,0
2022200307,2023-02-24,greensboro swarm,maine celtics,106,120,0.443,0.522,27,31,46,55,11,16,-14.0,14.0,0
2022200308,2023-02-24,fort wayne mad ants,westchester knicks,122,119,0.5,0.461,30,27,53,43,19,12,3.0,-3.0,1
2022200309,2023-02-24,birmingham squadron,college park skyhawks,107,119,0.393,0.543,13,25,44,49,13,16,-12.0,12.0,0
2022200310,2023-02-24,g league ignite,memphis hustle,97,123,0.367,0.535,22,33,46,60,15,20,-26.0,26.0,0
2022200311,2023-02-24,texas legends,wisconsin herd,122,123,0.433,0.454,30,27,49,58,6,14,-1.0,1.0,0
2022200312,2023-02-24,austin spurs,santa cruz warriors,105,114,0.393,0.385,22,24,42,58,15,15,-9.0,9.0,0
2022200313,2023-02-25,capital city go-go,delaware blue coats,121,136,0.516,0.557,33,34,41,30,20,18,-15.0,15.0,0
2022200314,2023-02-25,cleveland charge,osceola magic,102,101,0.5,0.4,17,21,33,48,13,12,4.8,-3.2,1
2022200315,2023-02-25,greensboro swarm,maine celtics,122,110,0.488,0.408,22,25,43,52,8,14,4.2,-5.4,1
2022200316,2023-02-25,motor city cruise,raptors 905,87,104,0.317,0.469,16,27,48,51,12,15,-17.0,16.0,0
2022200317,2023-02-25,iowa wolves,south bay lakers,126,148,0.489,0.519,26,26,39,49,18,10,-22.0,22.0,0
2022200318,2023-02-25,rio grande valley vipers,texas legends,112,98,0.547,0.451,26,24,49,30,22,15,14.0,-14.0,1
2022200319,2023-02-25,salt lake city stars,santa cruz warriors,119,112,0.447,0.404,31,23,53,48,16,16,7.0,-6.4,1
2022200320,2023-02-26,college park skyhawks,oklahoma city blue,104,116,0.452,0.447,19,27,48,45,22,19,-12.0,12.0,0
2022200321,2023-02-26,fort wayne mad ants,grand rapids gold,104,110,0.386,0.474,21,27,50,48,15,10,-6.2,5.8,0
2022200322,2023-02-26,westchester knicks,windy city bulls,108,123,0.447,0.516,24,29,39,52,16,17,-15.0,15.0,0
2022200323,2023-02-26,austin spurs,long island nets,96,117,0.411,0.489,12,16,43,44,22,13,-21.0,21.0,0
2022200324,2023-02-26,mexico city capitanes,ontario clippers,96,103,0.378,0.475,13,20,43,48,9,16,-3.0,4.4,0
2022200325,2023-02-27,capital city go-go,delaware blue coats,124,125,0.564,0.522,27,25,44,32,23,14,-1.0,1.0,0
2022200326,2023-02-27,motor city cruise,osceola magic,108,123,0.432,0.527,24,30,46,47,14,11,-7.0,5.0,0
2022200327,2023-02-27,mexico city capitanes,ontario clippers,109,105,0.43,0.48,19,19,46,38,9,16,4.0,-4.0,1
2022200328,2023-02-27,salt lake city stars,wisconsin herd,135,100,0.521,0.363,34,18,63,32,17,10,35.0,-35.0,1
2022200329,2023-02-27,g league ignite,iowa wolves,125,110,0.512,0.419,27,23,52,42,9,7,15.0,-15.0,1
2022200330,2023-02-28,oklahoma city blue,sioux falls skyforce,99,107,0.416,0.443,20,19,49,52,17,16,-10.2,12.8,0
2022200331,2023-02-28,cleveland charge,stockton kings,111,122,0.462,0.5,22,21,32,42,22,20,-11.0,11.0,0
2022200332,2023-02-28,grand rapids gold,memphis hustle,96,107,0.421,0.442,22,28,48,45,17,15,-12.0,14.2,0
2022200333,2023-02-28,long island nets,rio grande valley vipers,109,100,0.456,0.417,25,20,44,44,17,18,9.0,-9.0,1
2022200334,2023-02-28,salt lake city stars,wisconsin herd,106,120,0.381,0.443,22,31,53,55,13,14,-14.0,14.0,0
2022200335,2023-02-28,g league ignite,iowa wolves,110,102,0.411,0.488,25,18,40,48,17,24,6.0,-5.0,1
2022200336,2023-03-01,delaware blue coats,westchester knicks,147,126,0.591,0.439,29,19,45,44,18,16,21.0,-21.0,1
2022200337,2023-03-02,college park skyhawks,greensboro swarm,120,117,0.473,0.488,18,20,46,39,14,19,3.0,-3.0,1
2022200338,2023-03-02,grand rapids gold,motor city cruise,91,103,0.4,0.433,22,26,41,49,7,10,-8.6,11.6,0
2022200339,2023-03-02,fort wayne mad ants,raptors 905,125,135,0.471,0.528,29,31,40,51,12,13,-6.6,5.8,0
2022200340,2023-03-02,austin spurs,birmingham squadron,103,110,0.459,0.476,20,16,43,47,16,14,-4.4,6.4,0
2022200341,2023-03-02,cleveland charge,santa cruz warriors,110,115,0.406,0.469,30,22,49,49,16,16,-5.0,5.0,0
2022200342,2023-03-02,maine celtics,south bay lakers,128,129,0.505,0.578,30,29,42,38,16,10,-3.6,2.0,0
2022200343,2023-03-02,stockton kings,texas legends,127,100,0.521,0.42,31,22,51,36,9,15,14.8,-20.2,1
2022200344,2023-03-03,oklahoma city blue,rio grande valley vipers,117,125,0.53,0.515,28,30,43,43,20,15,-5.8,5.2,0
2022200345,2023-03-03,delaware blue coats,westchester knicks,122,117,0.465,0.479,26,19,54,44,21,26,5.0,-5.4,1
2022200346,2023-03-03,iowa wolves,sioux falls skyforce,131,128,0.522,0.554,25,32,40,42,12,11,6.2,-4.0,1
2022200347,2023-03-03,capital city go-go,g league ignite,122,110,0.524,0.42,23,18,42,35,18,14,15.0,-13.2,1
2022200348,2023-03-04,windy city bulls,wisconsin herd,120,102,0.468,0.374,23,20,49,42,8,13,13.0,-11.4,1
2022200349,2023-03-04,fort wayne mad ants,raptors 905,114,129,0.434,0.583,22,33,39,49,12,24,-19.2,17.6,0
2022200350,2023-03-04,college park skyhawks,greensboro swarm,115,100,0.512,0.463,22,22,48,43,13,19,19.8,-14.0,1
2022200351,2023-03-04,austin spurs,memphis hustle,121,109,0.484,0.512,22,24,51,38,8,10,16.6,-13.6,1
2022200352,2023-03-04,iowa wolves,sioux falls skyforce,112,109,0.443,0.489,25,37,49,51,15,18,5.8,-4.8,1
2022200353,2023-03-04,maine celtics,south bay lakers,98,114,0.419,0.494,26,24,45,46,16,18,-10.8,9.2,0
2022200354,2023-03-04,stockton kings,texas legends,129,106,0.588,0.461,31,22,49,33,14,9,23.0,-23.0,1
2022200355,2023-03-04,cleveland charge,santa cruz warriors,127,110,0.484,0.439,32,19,37,45,8,15,17.4,-15.6,1
2022200356,2023-03-05,grand rapids gold,osceola magic,98,110,0.397,0.519,22,22,44,47,14,17,-12.0,12.0,0
2022200357,2023-03-05,birmingham squadron,rio grande valley vipers,124,134,0.494,0.516,23,26,34,43,22,17,-19.6,20.8,0
2022200358,2023-03-05,westchester knicks,windy city bulls,121,120,0.457,0.454,25,25,50,57,12,13,1.0,-1.0,1
2022200359,2023-03-05,maine celtics,ontario clippers,120,108,0.471,0.471,22,23,47,40,14,12,9.8,-9.2,1
2022200360,2023-03-05,capital city go-go,mexico city capitanes,107,122,0.476,0.517,21,18,34,41,11,10,-20.4,19.0,0
2022200361,2023-03-06,g league ignite,raptors 905,108,127,0.433,0.48,28,31,53,47,18,8,-6.6,13.2,0
2022200362,2023-03-06,austin spurs,memphis hustle,97,112,0.441,0.554,24,26,41,41,12,12,-15.0,15.0,0
2022200363,2023-03-06,salt lake city stars,texas legends,134,128,0.541,0.528,24,25,48,37,12,13,7.4,-7.0,1
2022200364,2023-03-06,capital city go-go,mexico city capitanes,109,90,0.532,0.41,16,14,43,38,15,16,7.4,-11.2,1
2022200365,2023-03-06,sioux falls skyforce,south bay lakers,135,133,0.583,0.505,30,34,39,40,19,10,3.2,-4.6,1
2022200366,2023-03-07,long island nets,motor city cruise,114,102,0.537,0.412,27,23,46,42,17,16,11.0,-12.0,1
2022200367,2023-03-07,birmingham squadron,santa cruz warriors,127,112,0.489,0.455,20,21,54,46,16,18,-1.2,-5.8,1
2022200368,2023-03-07,grand rapids gold,ontario clippers,88,106,0.45,0.433,17,23,44,49,19,13,-13.6,14.2,0
2022200369,2023-03-07,stockton kings,westchester knicks,121,104,0.554,0.443,31,14,47,36,15,16,17.0,-17.0,1
2022200370,2023-03-07,osceola magic,wisconsin herd,116,111,0.421,0.488,26,20,61,40,21,20,5.0,-6.0,1
2022200371,2023-03-08,oklahoma city blue,salt lake city stars,95,108,0.467,0.471,26,27,46,42,17,11,-13.0,13.0,0
2022200372,2023-03-08,college park skyhawks,g league ignite,131,105,0.547,0.477,20,21,42,44,14,16,26.0,-26.0,1
2022200373,2023-03-08,delaware blue coats,raptors 905,112,97,0.495,0.411,29,28,45,51,13,19,11.6,-10.0,1
2022200374,2023-03-08,texas legends,windy city bulls,110,122,0.416,0.495,24,24,36,56,12,14,-12.0,12.0,0
2022200375,2023-03-08,greensboro swarm,rio grande valley vipers,110,116,0.455,0.476,20,22,43,49,13,18,-4.2,3.6,0
2022200376,2023-03-08,sioux falls skyforce,south bay lakers,125,127,0.468,0.457,24,32,59,41,16,6,-2.0,2.0,0
2022200377,2023-03-09,osceola magic,wisconsin herd,131,132,0.472,0.538,37,22,56,39,15,16,-1.0,1.0,0
2022200378,2023-03-09,fort wayne mad ants,motor city cruise,116,119,0.494,0.469,33,28,41,54,14,14,2.6,-1.6,0
2022200379,2023-03-09,college park skyhawks,g league ignite,113,130,0.473,0.582,18,38,33,46,16,12,-17.0,17.0,0
2022200380,2023-03-09,long island nets,maine celtics,115,108,0.438,0.419,27,27,41,59,12,26,7.0,-7.0,1
2022200381,2023-03-09,delaware blue coats,raptors 905,127,112,0.495,0.444,31,25,49,41,12,13,15.0,-15.0,1
2022200382,2023-03-09,birmingham squadron,santa cruz warriors,126,124,0.49,0.51,25,24,43,47,9,11,0.0,0.0,1
2022200383,2023-03-09,iowa wolves,rio grande valley vipers,117,128,0.468,0.486,23,28,40,53,17,15,-4.6,1.2,0
2022200384,2023-03-09,texas legends,windy city bulls,110,135,0.453,0.531,27,25,33,55,12,15,-24.2,22.8,0
2022200385,2023-03-14,stockton kings,westchester knicks,135,123,0.621,0.549,30,25,37,34,16,15,12.0,-12.0,1
2022200386,2023-03-10,cleveland charge,ontario clippers,102,117,0.46,0.558,16,19,34,55,14,24,-15.0,15.0,0
2022200387,2023-03-10,oklahoma city blue,salt lake city stars,110,112,0.484,0.465,38,25,45,41,14,13,3.2,1.0,0
2022200388,2023-03-10,austin spurs,greensboro swarm,125,110,0.553,0.481,25,20,50,37,13,14,15.0,-15.0,1
2022200389,2023-03-11,college park skyhawks,delaware blue coats,137,116,0.525,0.447,24,30,55,37,11,13,21.0,-21.0,1
2022200390,2023-03-11,cleveland charge,ontario clippers,100,103,0.405,0.372,17,13,46,51,18,17,-3.0,3.0,0
2022200391,2023-03-11,fort wayne mad ants,motor city cruise,102,132,0.367,0.511,25,27,45,54,20,18,-30.6,31.6,0
2022200392,2023-03-11,south bay lakers,stockton kings,109,118,0.495,0.5,26,32,38,52,7,12,-1.8,3.6,0
2022200393,2023-03-11,iowa wolves,rio grande valley vipers,115,123,0.461,0.411,26,26,49,59,15,9,-8.0,8.0,0
2022200394,2023-03-11,santa cruz warriors,westchester knicks,114,108,0.442,0.468,20,26,59,44,13,10,5.0,-4.2,1
2022200395,2023-03-12,long island nets,maine celtics,112,121,0.46,0.494,27,27,31,46,14,24,-14.8,15.6,0
2022200396,2023-03-12,grand rapids gold,raptors 905,119,121,0.528,0.517,31,21,38,45,11,18,-1.6,3.0,0
2022200397,2023-03-12,capital city go-go,osceola magic,95,119,0.452,0.635,12,29,32,32,21,23,-26.8,25.8,0
2022200398,2023-03-12,austin spurs,sioux falls skyforce,108,124,0.5,0.544,23,32,35,43,15,8,-10.4,7.4,0
2022200399,2023-03-12,g league ignite,texas legends,99,82,0.506,0.363,21,18,47,42,16,13,17.0,-17.8,1
2022200400,2023-03-12,mexico city capitanes,windy city bulls,105,112,0.419,0.481,20,20,46,42,12,12,-7.0,7.0,0
2022200401,2023-03-13,capital city go-go,osceola magic,109,85,0.512,0.373,25,21,48,34,14,11,24.0,-24.0,1
2022200402,2023-03-13,memphis hustle,wisconsin herd,126,108,0.505,0.438,40,26,51,44,13,12,18.0,-18.0,1
2022200403,2023-03-13,birmingham squadron,iowa wolves,124,97,0.511,0.314,35,13,49,62,9,15,17.2,-17.0,1
2022200404,2023-03-13,oklahoma city blue,ontario clippers,101,97,0.463,0.396,26,21,48,50,18,12,-6.4,4.6,1
2022200405,2023-03-13,salt lake city stars,stockton kings,125,138,0.506,0.505,27,33,38,45,21,10,-17.2,14.2,0
2022200406,2023-03-14,delaware blue coats,texas legends,148,116,0.538,0.457,37,28,43,53,2,17,28.8,-29.2,1
2022200407,2023-03-14,grand rapids gold,raptors 905,113,109,0.422,0.43,27,26,58,48,12,11,4.0,-4.0,1
2022200408,2023-03-14,fort wayne mad ants,long island nets,125,114,0.538,0.422,30,28,53,37,23,18,4.2,2.8,1
2022200409,2023-03-15,cleveland charge,motor city cruise,110,122,0.432,0.529,14,23,27,60,9,18,-12.0,12.0,0
2022200410,2023-03-15,greensboro swarm,mexico city capitanes,116,122,0.512,0.473,28,22,36,45,21,18,6.8,-6.2,0
2022200411,2023-03-15,maine celtics,wisconsin herd,119,114,0.46,0.432,28,22,55,42,15,10,0.0,0.0,1
2022200412,2023-03-15,oklahoma city blue,ontario clippers,105,114,0.526,0.433,28,29,43,44,19,9,-0.4,-1.0,0
2022200413,2023-03-15,memphis hustle,windy city bulls,116,112,0.469,0.516,30,29,42,38,17,11,16.6,-20.0,1
2022200414,2023-03-15,austin spurs,south bay lakers,96,132,0.43,0.564,22,24,35,56,17,19,-36.0,36.0,0
2022200415,2023-03-15,g league ignite,sioux falls skyforce,116,120,0.524,0.444,25,24,43,45,15,13,-2.8,4.0,0
2022200416,2023-03-15,salt lake city stars,santa cruz warriors,129,132,0.545,0.477,27,26,42,42,15,16,-3.0,3.0,0
2022200417,2023-03-16,delaware blue coats,texas legends,129,132,0.431,0.558,16,28,53,44,7,15,-3.0,3.0,0
2022200418,2023-03-16,osceola magic,raptors 905,124,102,0.554,0.427,30,19,45,37,19,16,13.6,-16.4,1
2022200419,2023-03-16,greensboro swarm,mexico city capitanes,118,107,0.505,0.444,38,26,51,42,16,11,11.2,-9.4,1
2022200420,2023-03-16,fort wayne mad ants,westchester knicks,117,108,0.489,0.423,34,28,48,54,11,14,9.0,-9.0,1
2022200421,2023-03-16,austin spurs,south bay lakers,121,123,0.453,0.518,26,28,43,42,14,10,-2.0,2.0,0
2022200422,2023-03-16,g league ignite,sioux falls skyforce,114,132,0.534,0.462,31,25,49,38,23,10,-16.8,17.6,0
2022200423,2023-03-17,cleveland charge,long island nets,122,115,0.434,0.482,18,19,48,44,14,17,-18.0,8.2,1
2022200424,2023-03-17,capital city go-go,texas legends,140,91,0.662,0.384,29,17,55,25,17,11,50.6,-50.4,1
2022200425,2023-03-17,college park skyhawks,grand rapids gold,132,126,0.485,0.481,23,25,54,54,11,9,6.0,-6.0,1
2022200426,2023-03-17,memphis hustle,rio grande valley vipers,103,128,0.44,0.516,24,26,41,57,16,18,-19.6,21.8,0
2022200427,2023-03-17,maine celtics,wisconsin herd,116,118,0.394,0.471,26,20,61,44,15,14,-2.0,2.0,0
2022200428,2023-03-17,iowa wolves,santa cruz warriors,119,127,0.425,0.5,27,28,57,49,11,11,-4.0,7.2,0
2022200429,2023-03-18,osceola magic,raptors 905,112,111,0.533,0.46,26,31,48,39,21,11,1.0,-1.0,1
2022200430,2023-03-18,motor city cruise,westchester knicks,122,112,0.479,0.416,29,17,59,44,13,12,10.0,-10.0,1
2022200431,2023-03-18,delaware blue coats,windy city bulls,112,119,0.426,0.542,22,23,43,50,10,16,-7.0,7.0,0
2022200432,2023-03-18,college park skyhawks,grand rapids gold,93,102,0.341,0.43,17,26,44,50,18,23,-9.0,9.4,0
2022200433,2023-03-18,cleveland charge,long island nets,108,100,0.493,0.411,24,13,44,42,25,18,8.0,-9.8,1
2022200434,2023-03-18,austin spurs,greensboro swarm,124,127,0.537,0.571,25,22,35,34,10,11,-0.8,1.4,0
2022200435,2023-03-18,memphis hustle,rio grande valley vipers,114,87,0.5,0.388,25,17,40,44,12,16,27.0,-27.0,1
2022200436,2023-03-18,sioux falls skyforce,stockton kings,144,119,0.559,0.512,28,19,43,40,6,15,25.0,-25.0,1
2022200437,2023-03-18,iowa wolves,santa cruz warriors,112,132,0.418,0.443,25,28,53,58,15,10,-20.0,20.0,0
2022200438,2023-03-19,fort wayne mad ants,wisconsin herd,128,114,0.505,0.476,36,20,47,52,13,18,14.8,-12.0,1
2022200439,2023-03-19,maine celtics,windy city bulls,93,114,0.363,0.472,22,21,56,55,12,9,-19.8,18.6,0
2022200440,2023-03-19,oklahoma city blue,texas legends,122,107,0.533,0.477,34,23,46,37,11,11,13.6,-13.2,1
2022200441,2023-03-19,salt lake city stars,south bay lakers,121,114,0.556,0.441,24,25,43,40,20,15,-2.8,-7.6,1
2022200442,2023-03-19,g league ignite,stockton kings,90,120,0.429,0.563,13,35,41,43,14,12,-30.4,31.6,0
2022200443,2023-03-19,birmingham squadron,mexico city capitanes,115,124,0.529,0.533,21,14,30,50,10,15,-4.0,3.6,0
2022200444,2023-03-20,motor city cruise,westchester knicks,122,93,0.568,0.43,31,15,45,36,9,12,32.2,-28.0,1
2022200445,2023-03-20,birmingham squadron,mexico city capitanes,111,98,0.512,0.398,18,21,46,39,14,10,17.0,-15.2,1
2022200446,2023-03-20,memphis hustle,ontario clippers,108,101,0.477,0.453,26,24,36,47,9,17,5.8,-3.2,1
2022200447,2023-03-21,capital city go-go,greensboro swarm,129,116,0.571,0.518,32,30,44,28,14,14,17.2,-15.0,1
2022200448,2023-03-21,long island nets,osceola magic,118,112,0.554,0.5,23,25,32,42,17,14,6.0,-6.0,1
2022200449,2023-03-21,grand rapids gold,wisconsin herd,114,129,0.5,0.484,29,22,34,49,13,18,-15.0,15.0,0
2022200450,2023-03-21,college park skyhawks,raptors 905,104,111,0.388,0.463,24,32,54,48,16,11,-7.0,7.0,0
2022200451,2023-03-21,rio grande valley vipers,santa cruz warriors,119,126,0.46,0.536,31,28,46,44,16,21,-3.4,6.4,0
2022200452,2023-03-21,maine celtics,windy city bulls,93,89,0.407,0.383,25,21,51,50,13,9,2.0,-0.8,1
2022200453,2023-03-21,austin spurs,salt lake city stars,93,101,0.383,0.486,19,23,39,53,13,18,-12.4,11.6,0
2022200454,2023-03-21,oklahoma city blue,south bay lakers,132,115,0.584,0.471,35,27,46,40,18,13,21.4,-17.2,1
2022200455,2023-03-22,birmingham squadron,iowa wolves,131,139,0.602,0.558,35,38,32,37,13,13,-8.0,8.0,0
2022200456,2023-03-22,memphis hustle,ontario clippers,98,96,0.456,0.45,18,19,44,37,14,15,2.0,-1.6,1
2022200457,2023-03-22,mexico city capitanes,stockton kings,115,117,0.494,0.478,27,24,32,46,20,19,-5.6,7.4,0
2022200458,2023-03-23,capital city go-go,wisconsin herd,114,104,0.44,0.414,26,28,48,47,10,11,7.6,-6.0,1
2022200459,2023-03-23,cleveland charge,grand rapids gold,108,101,0.476,0.471,25,23,49,42,15,13,8.2,-7.0,1
2022200460,2023-03-23,long island nets,osceola magic,113,115,0.446,0.5,24,19,45,53,13,17,-2.8,7.4,0
2022200461,2023-03-23,maine celtics,westchester knicks,110,97,0.529,0.384,29,20,54,38,15,7,12.6,-14.6,1
2022200462,2023-03-23,rio grande valley vipers,santa cruz warriors,121,111,0.475,0.474,31,23,47,47,14,22,12.6,-11.8,1
2022200463,2023-03-23,college park skyhawks,windy city bulls,115,126,0.457,0.517,27,21,45,44,12,9,-14.4,13.0,0
2022200464,2023-03-23,austin spurs,salt lake city stars,107,134,0.385,0.614,20,31,28,59,13,28,-22.4,20.2,0
2022200465,2023-03-23,g league ignite,oklahoma city blue,94,100,0.415,0.356,17,16,49,62,18,10,-6.0,6.0,0
2022200466,2023-03-23,ontario clippers,texas legends,128,125,0.554,0.51,26,25,47,40,13,12,3.0,-3.0,1
2022200467,2023-03-24,delaware blue coats,fort wayne mad ants,110,114,0.408,0.484,23,35,55,48,19,19,-4.6,3.8,0
2022200468,2023-03-24,greensboro swarm,raptors 905,118,116,0.452,0.452,26,25,44,46,16,16,2.0,-1.8,1
2022200469,2023-03-24,cleveland charge,motor city cruise,113,106,0.461,0.442,20,23,43,43,16,14,7.8,-6.4,1
2022200470,2023-03-24,memphis hustle,sioux falls skyforce,105,119,0.427,0.558,31,32,38,49,15,21,-10.2,11.0,0
2022200471,2023-03-24,mexico city capitanes,stockton kings,104,116,0.476,0.488,30,30,38,52,18,19,-12.0,12.0,0
2022200472,2023-03-25,greensboro swarm,raptors 905,126,137,0.553,0.607,23,29,36,32,23,17,-11.0,11.0,0
2022200473,2023-03-25,delaware blue coats,fort wayne mad ants,121,125,0.458,0.478,26,25,40,51,12,21,-4.0,4.0,0
2022200474,2023-03-25,capital city go-go,westchester knicks,114,105,0.46,0.392,24,17,60,44,19,9,4.0,-7.6,1
2022200475,2023-03-25,birmingham squadron,college park skyhawks,122,120,0.566,0.471,24,21,42,51,18,16,2.0,-2.0,1
2022200476,2023-03-25,iowa wolves,osceola magic,121,133,0.484,0.51,33,41,46,39,18,12,-9.2,12.0,0
2022200477,2023-03-25,memphis hustle,sioux falls skyforce,88,116,0.374,0.478,27,29,46,59,14,16,-22.0,20.0,0
2022200478,2023-03-25,g league ignite,south bay lakers,96,120,0.372,0.48,18,36,48,60,11,10,-26.6,24.2,0
2022200479,2023-03-25,long island nets,rio grande valley vipers,116,135,0.448,0.545,27,25,40,50,11,12,-12.0,12.2,0
2022200480,2023-03-25,santa cruz warriors,texas legends,134,111,0.5,0.384,32,24,61,40,15,9,25.4,-24.2,1
0042200101,2023-04-16,miami heat,milwaukee bucks,130,117,0.595,0.495,32,29,36,38,15,13,13.0,-13.0,1
0042200102,2023-04-19,miami heat,milwaukee bucks,122,138,0.536,0.535,26,35,41,45,17,11,-16.0,16.0,0
0042200103,2023-04-22,miami heat,milwaukee bucks,121,99,0.536,0.447,22,22,44,37,13,18,22.0,-22.0,1
0042200104,2023-04-24,miami heat,milwaukee bucks,119,114,0.494,0.433,21,28,47,46,15,14,5.0,-5.0,1
0042200105,2023-04-26,miami heat,milwaukee bucks,128,126,0.455,0.462,25,20,45,56,11,15,2.0,-2.0,1
0042200111,2023-04-15,atlanta hawks,boston celtics,99,112,0.388,0.477,23,25,45,58,11,16,-13.0,13.0,0
0042200112,2023-04-18,atlanta hawks,boston celtics,106,119,0.426,0.558,21,28,49,44,15,14,-13.0,13.0,0
0042200113,2023-04-21,atlanta hawks,boston celtics,130,122,0.56,0.489,24,31,48,29,18,12,8.0,-8.0,1
0042200114,2023-04-23,atlanta hawks,boston celtics,121,129,0.439,0.517,25,25,42,49,12,16,-8.0,8.0,0
0042200115,2023-04-25,atlanta hawks,boston celtics,119,117,0.469,0.533,26,31,34,43,8,9,2.0,-2.0,1
0042200116,2023-04-27,atlanta hawks,boston celtics,120,128,0.468,0.5,28,24,45,47,10,7,-8.0,8.0,0
0042200121,2023-04-15,brooklyn nets,philadelphia 76ers,101,121,0.557,0.472,23,32,35,38,19,8,-20.0,20.0,0
0042200122,2023-04-17,brooklyn nets,philadelphia 76ers,84,96,0.375,0.45,24,21,33,56,9,19,-12.0,12.0,0
0042200123,2023-04-20,brooklyn nets,philadelphia 76ers,97,102,0.43,0.488,22,15,34,46,8,14,-5.0,5.0,0
0042200124,2023-04-22,brooklyn nets,philadelphia 76ers,88,96,0.413,0.396,20,19,38,54,10,8,-8.0,8.0,0
0042200131,2023-04-15,cleveland cavaliers,new york knicks,97,101,0.434,0.42,20,18,38,51,14,13,-4.0,4.0,0
0042200132,2023-04-18,cleveland cavaliers,new york knicks,107,90,0.494,0.367,26,16,43,36,17,17,17.0,-17.0,1
0042200133,2023-04-21,cleveland cavaliers,new york knicks,79,99,0.388,0.47,16,21,42,45,20,14,-20.0,20.0,0
0042200134,2023-04-23,cleveland cavaliers,new york knicks,93,102,0.468,0.452,24,15,33,47,12,10,-9.0,9.0,0
0042200135,2023-04-26,cleveland cavaliers,new york knicks,95,106,0.467,0.435,24,21,30,48,13,10,-11.0,11.0,0
0042200141,2023-04-16,denver nuggets,minnesota timberwolves,109,80,0.456,0.37,24,18,54,38,10,11,29.0,-29.0,1
0042200142,2023-04-19,denver nuggets,minnesota timberwolves,122,113,0.541,0.506,26,24,36,35,10,13,9.0,-9.0,1
0042200143,2023-04-21,denver nuggets,minnesota timberwolves,120,111,0.571,0.456,32,24,40,32,14,13,9.0,-9.0,1
0042200144,2023-04-23,denver nuggets,minnesota timberwolves,108,114,0.442,0.452,21,23,47,51,11,11,-6.0,6.0,0
0042200145,2023-04-25,denver nuggets,minnesota timberwolves,112,109,0.4,0.506,22,24,47,40,12,14,3.0,-3.0,1
0042200151,2023-04-16,los angeles lakers,memphis grizzlies,128,112,0.533,0.472,25,24,45,34,14,12,16.0,-16.0,1
0042200152,2023-04-19,los angeles lakers,memphis grizzlies,93,103,0.412,0.427,21,24,47,49,12,10,-10.0,10.0,0
0042200153,2023-04-22,los angeles lakers,memphis grizzlies,111,101,0.456,0.376,19,23,48,50,13,18,10.0,-10.0,1
0042200154,2023-04-24,los angeles lakers,memphis grizzlies,117,111,0.436,0.396,22,26,52,49,15,13,6.0,-6.0,1
0042200155,2023-04-26,los angeles lakers,memphis grizzlies,99,116,0.402,0.444,28,24,54,52,13,11,-17.0,17.0,0
0042200156,2023-04-28,los angeles lakers,memphis grizzlies,125,85,0.538,0.302,33,19,52,45,13,14,40.0,-40.0,1
0042200161,2023-04-15,golden state warriors,sacramento kings,123,126,0.478,0.449,31,18,41,50,15,13,-3.0,3.0,0
0042200162,2023-04-17,golden state warriors,sacramento kings,106,114,0.476,0.457,18,22,41,41,20,14,-8.0,8.0,0
0042200163,2023-04-20,golden state warriors,sacramento kings,114,97,0.4,0.38,31,21,59,53,11,15,17.0,-17.0,1
0042200164,2023-04-23,golden state warriors,sacramento kings,126,125,0.5,0.471,31,25,44,44,11,10,1.0,-1.0,1
0042200165,2023-04-26,golden state warriors,sacramento kings,123,116,0.521,0.467,33,22,43,44,14,19,7.0,-7.0,1
0042200166,2023-04-28,golden state warriors,sacramento kings,99,118,0.372,0.404,20,25,42,53,18,19,-19.0,19.0,0
0042200167,2023-04-30,golden state warriors,sacramento kings,120,100,0.43,0.375,25,21,55,49,7,8,20.0,-20.0,1
0042200171,2023-04-16,la clippers,phoenix suns,115,110,0.441,0.476,23,27,49,42,13,10,5.0,-5.0,1
0042200172,2023-04-18,la clippers,phoenix suns,109,123,0.438,0.588,17,30,32,35,15,11,-14.0,14.0,0
0042200173,2023-04-20,la clippers,phoenix suns,124,129,0.542,0.477,26,20,40,45,18,13,-5.0,5.0,0
0042200174,2023-04-22,la clippers,phoenix suns,100,112,0.435,0.488,19,25,33,49,13,13,-12.0,12.0,0
0042200175,2023-04-25,la clippers,phoenix suns,130,136,0.453,0.543,23,31,46,43,10,7,-6.0,6.0,0
0042200201,2023-04-30,miami heat,new york knicks,108,101,0.424,0.477,26,20,39,48,8,13,7.0,-7.0,1
0042200202,2023-05-02,miami heat,new york knicks,105,111,0.447,0.451,24,23,34,50,6,10,-6.0,6.0,0
0042200203,2023-05-06,miami heat,new york knicks,105,86,0.389,0.341,17,15,50,48,13,13,19.0,-19.0,1
0042200204,2023-05-08,miami heat,new york knicks,109,101,0.471,0.487,28,21,44,35,12,16,8.0,-8.0,1
0042200205,2023-05-10,miami heat,new york knicks,103,112,0.42,0.493,27,23,34,50,12,18,-9.0,9.0,0
0042200206,2023-05-12,miami heat,new york knicks,96,92,0.402,0.38,25,13,40,41,7,12,4.0,-4.0,1
0042200211,2023-05-01,boston celtics,philadelphia 76ers,115,119,0.587,0.506,26,17,38,28,16,6,-4.0,4.0,0
0042200212,2023-05-03,boston celtics,philadelphia 76ers,121,87,0.467,0.392,26,13,46,41,6,11,34.0,-34.0,1
0042200213,2023-05-05,boston celtics,philadelphia 76ers,114,102,0.442,0.397,25,21,45,42,12,13,12.0,-12.0,1
0042200214,2023-05-07,boston celtics,philadelphia 76ers,115,116,0.471,0.462,25,19,44,44,10,7,-1.0,1.0,0
0042200215,2023-05-09,boston celtics,philadelphia 76ers,103,115,0.398,0.506,21,20,36,49,8,9,-12.0,12.0,0
0042200216,2023-05-11,boston celtics,philadelphia 76ers,95,86,0.423,0.361,22,18,50,38,17,11,9.0,-9.0,1
0042200217,2023-05-14,boston celtics,philadelphia 76ers,112,88,0.471,0.373,18,15,43,37,7,12,24.0,-24.0,1
0042200221,2023-04-29,denver nuggets,phoenix suns,125,107,0.475,0.512,22,20,49,38,9,16,18.0,-18.0,1
0042200222,2023-05-01,denver nuggets,phoenix suns,97,87,0.474,0.4,19,23,41,39,10,9,10.0,-10.0,1
0042200223,2023-05-05,denver nuggets,phoenix suns,114,121,0.443,0.505,27,24,51,41,12,9,-7.0,7.0,0
0042200224,2023-05-07,denver nuggets,phoenix suns,124,129,0.562,0.568,28,28,32,37,8,13,-5.0,5.0,0
0042200225,2023-05-09,denver nuggets,phoenix suns,118,102,0.494,0.432,32,22,50,42,10,10,16.0,-16.0,1
0042200226,2023-05-11,denver nuggets,phoenix suns,125,100,0.537,0.481,24,20,41,29,10,14,25.0,-25.0,1
0042200231,2023-05-02,golden state warriors,los angeles lakers,112,117,0.406,0.467,30,24,49,53,8,8,-5.0,5.0,0
0042200232,2023-05-04,golden state warriors,los angeles lakers,127,100,0.505,0.426,38,27,55,40,15,9,27.0,-27.0,1
0042200233,2023-05-06,golden state warriors,los angeles lakers,97,127,0.396,0.525,26,27,42,44,19,12,-30.0,30.0,0
0042200234,2023-05-08,golden state warriors,los angeles lakers,101,104,0.465,0.453,29,21,40,42,16,14,-3.0,3.0,0
0042200235,2023-05-10,golden state warriors,los angeles lakers,121,106,0.511,0.483,29,24,48,38,14,14,15.0,-15.0,1
0042200236,2023-05-12,golden state warriors,los angeles lakers,101,122,0.379,0.52,25,25,53,46,10,6,-21.0,21.0,0
0042200301,2023-05-17,boston celtics,miami heat,116,123,0.519,0.541,22,20,34,35,15,12,-7.0,7.0,0
0042200302,2023-05-19,boston celtics,miami heat,105,111,0.468,0.457,22,23,35,45,15,10,-6.0,6.0,0
0042200303,2023-05-21,boston celtics,miami heat,102,128,0.398,0.568,25,25,57,35,15,9,-26.0,26.0,0
0042200304,2023-05-23,boston celtics,miami heat,116,99,0.512,0.436,28,18,39,44,10,15,17.0,-17.0,1
0042200305,2023-05-25,boston celtics,miami heat,110,97,0.506,0.513,23,20,37,36,9,16,13.0,-13.0,1
0042200306,2023-05-27,boston celtics,miami heat,104,103,0.436,0.355,18,22,47,47,12,5,1.0,-1.0,1
0042200307,2023-05-29,boston celtics,miami heat,84,103,0.39,0.488,18,26,40,42,15,12,-19.0,19.0,0
0042200311,2023-05-16,denver nuggets,los angeles lakers,132,126,0.549,0.548,29,30,47,30,11,7,6.0,-6.0,1
0042200312,2023-05-18,denver nuggets,los angeles lakers,108,103,0.438,0.439,27,26,49,40,15,12,5.0,-5.0,1
0042200313,2023-05-20,denver nuggets,los angeles lakers,119,108,0.5,0.452,30,27,39,45,5,12,11.0,-11.0,1
0042200314,2023-05-22,denver nuggets,los angeles lakers,113,111,0.482,0.465,25,20,40,38,8,6,2.0,-2.0,1
0042200401,2023-06-01,denver nuggets,miami heat,104,93,0.506,0.406,29,26,45,43,10,8,11.0,-11.0,1
0042200402,2023-06-04,denver nuggets,miami heat,108,111,0.52,0.487,23,28,38,31,13,11,-3.0,3.0,0
0042200403,2023-06-07,denver nuggets,miami heat,109,94,0.513,0.37,28,20,58,33,13,4,15.0,-15.0,1
0042200404,2023-06-09,denver nuggets,miami heat,108,95,0.494,0.449,26,23,34,37,6,14,13.0,-13.0,1
0042200405,2023-06-12,denver nuggets,miami heat,94,89,0.452,0.344,21,18,57,44,14,8,5.0,-5.0,1
2042200101,2023-03-28,capital city go-go,fort wayne mad ants,101,87,0.477,0.363,27,26,56,44,16,14,14.0,-14.0,1
2042200111,2023-03-29,cleveland charge,maine celtics,113,100,0.458,0.461,26,20,47,40,12,19,13.0,-13.0,1
2042200121,2023-03-29,rio grande valley vipers,south bay lakers,124,122,0.453,0.478,25,26,49,47,10,11,2.0,-2.0,1
2042200131,2023-03-28,salt lake city stars,sioux falls skyforce,107,115,0.484,0.429,20,23,48,48,17,11,-11.6,11.2,0
2042200201,2023-03-31,cleveland charge,long island nets,107,111,0.414,0.506,16,21,39,41,14,15,-7.8,13.4,0
2042200211,2023-03-30,capital city go-go,delaware blue coats,99,104,0.41,0.446,18,15,50,37,27,16,-5.0,5.0,0
2042200221,2023-03-30,sioux falls skyforce,stockton kings,98,97,0.468,0.488,25,27,41,44,15,11,1.4,-1.6,1
2042200231,2023-03-31,memphis hustle,rio grande valley vipers,108,110,0.393,0.46,22,26,48,48,15,17,-1.4,1.8,0
2042200301,2023-04-02,rio grande valley vipers,sioux falls skyforce,110,105,0.376,0.409,20,21,54,49,11,14,5.0,-5.0,1
2042200311,2023-04-02,delaware blue coats,long island nets,108,94,0.482,0.364,18,26,57,37,22,15,18.0,-17.6,1
2042200401,2023-04-04,delaware blue coats,rio grande valley vipers,134,120,0.471,0.44,31,25,65,48,18,17,16.2,-17.4,1
2042200402,2023-04-06,delaware blue coats,rio grande valley vipers,114,110,0.43,0.433,22,20,54,49,21,8,11.4,-11.6,1
0052200101,2023-04-11,atlanta hawks,miami heat,116,105,0.469,0.429,26,24,63,39,12,8,11.0,-11.0,1
0052200111,2023-04-12,chicago bulls,toronto raptors,109,105,0.488,0.437,20,23,36,50,10,14,4.0,-4.0,1
0052200121,2023-04-11,los angeles lakers,minnesota timberwolves,108,102,0.413,0.434,27,30,48,37,20,20,6.0,-6.0,1
0052200131,2023-04-12,new orleans pelicans,oklahoma city thunder,118,123,0.483,0.457,27,25,48,38,11,7,-5.0,5.4,0
0052200201,2023-04-14,chicago bulls,miami heat,91,102,0.439,0.41,24,19,37,51,11,13,-11.0,11.0,0
0052200211,2023-04-14,minnesota timberwolves,oklahoma city thunder,120,95,0.518,0.36,29,19,47,42,16,17,25.0,-25.0,1
