GAME_ID,DATE,Team1,Team2,Team1_PTS,Team2_PTS,Team1_FG_PCT,Team2_FG_PCT,Team1_AST,Team2_AST,Team1_REB,Team2_REB,Team1_TOV,Team2_TOV,Team1_PLUS_MINUS,Team2_PLUS_MINUS,Team1Win
0022100001,2021-10-19,brooklyn nets,milwaukee bucks,104,127,0.44,0.457,19,25,44,54,12,7,-23.0,23.0,0
0022100002,2021-10-19,golden state warriors,los angeles lakers,121,114,0.441,0.474,30,21,50,45,17,17,7.0,-7.0,1
0022100003,2021-10-20,charlotte hornets,indiana pacers,123,122,0.43,0.467,29,29,46,51,8,16,1.0,-1.0,1
0022100004,2021-10-20,chicago bulls,detroit pistons,94,88,0.43,0.4,18,17,48,47,17,16,6.0,-6.0,1
0022100005,2021-10-20,boston celtics,new york knicks,134,138,0.41,0.486,34,27,56,55,18,17,-4.0,4.0,0
0022100006,2021-10-20,toronto raptors,washington wizards,83,98,0.309,0.444,14,20,54,51,19,21,-15.0,15.0,0
0022100007,2021-10-20,cleveland cavaliers,memphis grizzlies,121,132,0.505,0.53,38,28,36,53,10,10,-11.0,11.0,0
0022100008,2021-10-20,houston rockets,minnesota timberwolves,106,124,0.455,0.483,21,26,41,46,24,18,-18.0,18.0,0
0022100009,2021-10-20,new orleans pelicans,philadelphia 76ers,97,117,0.419,0.518,28,24,44,47,13,12,-20.0,20.0,0
0022100010,2021-10-20,orlando magic,san antonio spurs,97,123,0.407,0.5,17,32,44,43,16,8,-26.0,26.0,0
0022100011,2021-10-20,oklahoma city thunder,utah jazz,86,107,0.374,0.44,19,18,50,53,14,10,-21.0,21.0,0
0022100012,2021-10-20,denver nuggets,phoenix suns,110,98,0.53,0.414,25,23,46,45,17,18,12.0,-12.0,1
0022100013,2021-10-20,portland trail blazers,sacramento kings,121,124,0.484,0.457,25,24,49,43,12,10,-3.0,3.0,0
0022100014,2021-10-21,atlanta hawks,dallas mavericks,113,87,0.479,0.333,31,16,55,50,13,15,26.0,-26.0,1
0022100015,2021-10-21,miami heat,milwaukee bucks,137,95,0.531,0.381,28,19,58,38,11,15,42.0,-42.0,1
0022100016,2021-10-21,golden state warriors,la clippers,115,113,0.518,0.438,27,24,53,39,21,7,-3.0,3.0,1
0022100017,2021-10-22,charlotte hornets,cleveland cavaliers,123,112,0.527,0.512,32,26,46,36,18,18,11.0,-11.0,1
0022100018,2021-10-22,new york knicks,orlando magic,121,96,0.5,0.398,34,24,38,46,11,18,25.0,-25.0,1
0022100019,2021-10-22,indiana pacers,washington wizards,134,135,0.536,0.521,28,24,42,38,12,9,-1.0,1.0,0
0022100020,2021-10-22,boston celtics,toronto raptors,83,115,0.39,0.42,19,22,42,60,25,11,-32.0,32.0,0
0022100021,2021-10-22,brooklyn nets,philadelphia 76ers,114,109,0.466,0.473,26,17,47,35,12,8,5.0,-5.0,1
0022100022,2021-10-22,chicago bulls,new orleans pelicans,128,112,0.528,0.483,32,26,46,42,14,16,16.0,-16.0,1
0022100023,2021-10-22,houston rockets,oklahoma city thunder,124,91,0.505,0.374,29,22,54,39,17,19,33.0,-33.0,1
0022100024,2021-10-22,denver nuggets,san antonio spurs,102,96,0.512,0.476,26,24,41,39,21,20,6.0,-6.0,1
0022100025,2021-10-22,los angeles lakers,phoenix suns,105,115,0.395,0.488,25,31,46,47,16,11,-10.0,10.0,0
0022100026,2021-10-22,sacramento kings,utah jazz,101,110,0.394,0.411,20,16,52,51,15,17,-9.0,9.0,0
0022100027,2021-10-23,atlanta hawks,cleveland cavaliers,95,101,0.384,0.416,20,23,54,54,9,10,-6.0,6.0,0
0022100028,2021-10-23,indiana pacers,miami heat,102,91,0.392,0.385,18,18,55,55,16,22,9.0,-11.0,1
0022100029,2021-10-23,dallas mavericks,toronto raptors,103,95,0.418,0.4,24,17,50,49,9,12,8.0,-8.0,1
0022100030,2021-10-23,chicago bulls,detroit pistons,97,82,0.417,0.386,24,14,42,53,12,20,15.0,-15.0,1
0022100031,2021-10-23,minnesota timberwolves,new orleans pelicans,96,89,0.406,0.348,22,15,47,61,19,28,7.0,-7.0,1
0022100032,2021-10-23,milwaukee bucks,san antonio spurs,121,111,0.53,0.485,21,29,44,38,20,12,10.0,-10.0,1
0022100033,2021-10-23,phoenix suns,portland trail blazers,105,134,0.483,0.543,27,24,38,48,14,9,-29.0,29.0,0
0022100034,2021-10-23,la clippers,memphis grizzlies,114,120,0.434,0.467,23,26,44,48,7,11,-6.0,6.0,0
0022100035,2021-10-24,brooklyn nets,charlotte hornets,95,111,0.437,0.457,18,26,44,48,17,12,-16.0,16.0,0
0022100036,2021-10-24,new york knicks,orlando magic,104,110,0.37,0.409,20,22,52,57,12,13,-6.0,6.0,0
0022100037,2021-10-24,boston celtics,houston rockets,107,97,0.442,0.427,22,20,43,40,11,18,10.0,-10.0,1
0022100038,2021-10-24,oklahoma city thunder,philadelphia 76ers,103,115,0.476,0.466,24,25,42,47,11,12,-12.0,12.0,0
0022100039,2021-10-24,golden state warriors,sacramento kings,119,107,0.443,0.488,26,26,43,47,6,19,12.0,-12.0,1
0022100040,2021-10-24,los angeles lakers,memphis grizzlies,121,118,0.536,0.45,29,25,36,49,17,17,3.0,-3.0,1
0022100041,2021-10-25,boston celtics,charlotte hornets,140,129,0.495,0.447,33,26,53,52,12,14,11.0,-11.0,1
0022100042,2021-10-25,indiana pacers,milwaukee bucks,109,119,0.444,0.482,23,24,47,42,19,13,-10.0,10.0,0
0022100043,2021-10-25,atlanta hawks,detroit pistons,122,104,0.511,0.44,24,26,49,36,13,14,18.0,-18.0,1
0022100044,2021-10-25,brooklyn nets,washington wizards,104,90,0.426,0.347,23,16,54,53,9,12,14.0,-14.0,1
0022100045,2021-10-25,miami heat,orlando magic,107,90,0.471,0.407,28,21,42,39,10,16,17.0,-17.0,1
0022100046,2021-10-25,chicago bulls,toronto raptors,111,108,0.481,0.482,24,27,29,47,13,19,3.0,-3.0,1
0022100047,2021-10-25,minnesota timberwolves,new orleans pelicans,98,107,0.344,0.448,20,19,41,60,11,17,-9.0,9.0,0
0022100048,2021-10-25,cleveland cavaliers,denver nuggets,99,87,0.463,0.407,26,21,49,47,14,21,12.0,-12.0,1
0022100049,2021-10-25,la clippers,portland trail blazers,116,86,0.473,0.376,37,15,43,47,17,30,30.0,-30.0,1
0022100050,2021-10-26,new york knicks,philadelphia 76ers,112,99,0.471,0.439,24,24,45,40,12,14,13.0,-13.0,1
0022100051,2021-10-26,golden state warriors,oklahoma city thunder,106,98,0.47,0.419,30,19,46,42,15,13,8.0,-8.0,1
0022100052,2021-10-26,dallas mavericks,houston rockets,116,106,0.462,0.419,25,24,50,49,14,17,10.0,-10.0,1
0022100053,2021-10-26,los angeles lakers,san antonio spurs,125,121,0.476,0.444,20,33,56,59,13,15,4.0,-4.0,1
0022100054,2021-10-26,denver nuggets,utah jazz,110,122,0.506,0.518,19,20,35,41,13,13,-12.0,12.0,0
0022100055,2021-10-27,charlotte hornets,orlando magic,120,111,0.518,0.489,22,22,40,33,16,18,9.0,-9.0,1
0022100056,2021-10-27,boston celtics,washington wizards,107,116,0.435,0.512,18,18,37,47,13,15,-9.0,9.0,0
0022100057,2021-10-27,brooklyn nets,miami heat,93,106,0.388,0.396,21,21,42,62,15,14,-13.0,13.0,0
0022100058,2021-10-27,indiana pacers,toronto raptors,100,118,0.481,0.46,19,22,40,41,22,10,-18.0,18.0,0
0022100059,2021-10-27,atlanta hawks,new orleans pelicans,102,99,0.417,0.43,21,24,55,44,11,9,3.0,-3.0,1
0022100060,2021-10-27,milwaukee bucks,minnesota timberwolves,108,113,0.411,0.473,22,29,43,49,8,17,-5.0,5.0,0
0022100061,2021-10-27,los angeles lakers,oklahoma city thunder,115,123,0.5,0.5,29,21,40,42,17,15,-8.0,8.0,0
0022100062,2021-10-27,phoenix suns,sacramento kings,107,110,0.452,0.442,23,28,56,40,11,11,-3.0,3.0,0
0022100063,2021-10-27,memphis grizzlies,portland trail blazers,96,116,0.365,0.464,27,22,50,48,21,13,-20.0,20.0,0
0022100064,2021-10-27,cleveland cavaliers,la clippers,92,79,0.407,0.356,12,19,57,36,20,14,13.0,-13.0,1
0022100065,2021-10-28,detroit pistons,philadelphia 76ers,102,110,0.407,0.5,22,22,37,46,12,20,-8.0,8.0,0
0022100066,2021-10-28,atlanta hawks,washington wizards,111,122,0.545,0.465,26,26,43,51,13,6,-11.0,11.0,0
0022100067,2021-10-28,chicago bulls,new york knicks,103,104,0.429,0.459,25,16,37,49,7,13,-1.0,1.0,0
0022100068,2021-10-28,houston rockets,utah jazz,91,122,0.326,0.482,15,24,41,58,11,16,-31.0,31.0,0
0022100069,2021-10-28,dallas mavericks,san antonio spurs,104,99,0.461,0.443,18,21,45,48,12,14,5.0,-5.0,1
0022100070,2021-10-28,golden state warriors,memphis grizzlies,101,104,0.433,0.402,29,25,48,51,22,17,-3.0,3.0,0
0022100071,2021-10-29,orlando magic,toronto raptors,109,110,0.471,0.5,24,18,46,40,17,7,-1.0,1.0,0
0022100072,2021-10-29,brooklyn nets,indiana pacers,105,98,0.447,0.398,20,20,50,46,18,14,7.0,-7.0,1
0022100073,2021-10-29,charlotte hornets,miami heat,99,114,0.389,0.473,21,23,37,60,11,17,-15.0,15.0,0
0022100074,2021-10-29,new orleans pelicans,sacramento kings,109,113,0.429,0.5,18,19,49,45,10,14,-4.0,4.0,0
0022100075,2021-10-29,dallas mavericks,denver nuggets,75,106,0.295,0.518,14,28,36,51,15,19,-31.0,31.0,0
0022100076,2021-10-29,la clippers,portland trail blazers,92,111,0.391,0.418,17,21,43,63,12,14,-19.0,19.0,0
0022100077,2021-10-29,cleveland cavaliers,los angeles lakers,101,113,0.425,0.548,28,24,36,42,15,20,-12.0,12.0,0
0022100078,2021-10-30,boston celtics,washington wizards,112,115,0.411,0.365,23,19,54,62,11,13,-3.0,3.0,0
0022100079,2021-10-30,detroit pistons,orlando magic,110,103,0.404,0.437,26,21,48,46,13,17,7.0,-7.0,1
0022100080,2021-10-30,new orleans pelicans,new york knicks,117,123,0.457,0.519,30,22,43,37,11,12,-6.0,6.0,0
0022100081,2021-10-30,indiana pacers,toronto raptors,94,97,0.432,0.424,25,18,40,48,19,15,-3.0,3.0,0
0022100082,2021-10-30,atlanta hawks,philadelphia 76ers,94,122,0.379,0.535,24,24,49,37,19,12,-28.0,28.0,0
0022100083,2021-10-30,chicago bulls,utah jazz,107,99,0.429,0.38,16,15,45,54,9,20,8.0,-8.0,1
0022100084,2021-10-30,memphis grizzlies,miami heat,103,129,0.386,0.523,26,31,32,50,14,18,-26.0,26.0,0
0022100085,2021-10-30,milwaukee bucks,san antonio spurs,93,102,0.404,0.411,20,28,52,49,19,9,-9.0,9.0,0
0022100086,2021-10-30,golden state warriors,oklahoma city thunder,103,82,0.424,0.349,30,14,56,45,15,15,21.0,-21.0,1
0022100087,2021-10-30,denver nuggets,minnesota timberwolves,93,91,0.409,0.393,24,21,48,46,18,20,2.0,-2.0,1
0022100088,2021-10-30,cleveland cavaliers,phoenix suns,92,101,0.396,0.464,21,27,47,52,19,13,-9.0,9.0,0
0022100089,2021-10-31,dallas mavericks,sacramento kings,105,99,0.444,0.396,24,20,45,56,9,12,6.0,-6.0,1
0022100090,2021-10-31,charlotte hornets,portland trail blazers,125,113,0.517,0.443,36,30,44,47,8,12,12.0,-12.0,1
0022100091,2021-10-31,milwaukee bucks,utah jazz,95,107,0.406,0.467,16,13,44,44,9,12,-12.0,12.0,0
0022100092,2021-10-31,brooklyn nets,detroit pistons,117,91,0.653,0.405,30,21,41,29,19,15,26.0,-26.0,1
0022100093,2021-10-31,houston rockets,los angeles lakers,85,95,0.421,0.406,18,22,55,43,25,12,-10.0,10.0,0
0022100094,2021-11-01,charlotte hornets,cleveland cavaliers,110,113,0.416,0.433,27,21,46,49,17,16,-3.0,3.0,0
0022100095,2021-11-01,indiana pacers,san antonio spurs,131,118,0.571,0.528,37,34,39,36,14,16,13.0,-13.0,1
0022100096,2021-11-01,philadelphia 76ers,portland trail blazers,113,103,0.518,0.476,34,21,34,45,10,14,10.0,-10.0,1
0022100097,2021-11-01,atlanta hawks,washington wizards,118,111,0.458,0.477,24,27,47,36,11,12,7.0,-7.0,1
0022100098,2021-11-01,boston celtics,chicago bulls,114,128,0.438,0.57,20,30,38,50,9,14,-14.0,14.0,0
0022100099,2021-11-01,new york knicks,toronto raptors,104,113,0.461,0.434,20,24,41,48,16,8,-9.0,9.0,0
0022100100,2021-11-01,denver nuggets,memphis grizzlies,97,106,0.443,0.454,27,20,40,55,12,12,-9.0,9.0,0
0022100101,2021-11-01,minnesota timberwolves,orlando magic,97,115,0.371,0.451,21,21,47,51,12,16,-18.0,18.0,0
0022100102,2021-11-01,la clippers,oklahoma city thunder,99,94,0.38,0.389,18,17,51,51,12,16,5.0,-5.0,1
0022100103,2021-11-02,detroit pistons,milwaukee bucks,89,117,0.323,0.5,21,28,43,52,14,15,-28.0,28.0,0
0022100104,2021-11-02,dallas mavericks,miami heat,110,125,0.44,0.518,17,25,41,45,9,6,-15.0,15.0,0
0022100105,2021-11-02,sacramento kings,utah jazz,113,119,0.452,0.439,24,16,38,59,11,16,-6.0,6.0,0
0022100106,2021-11-02,new orleans pelicans,phoenix suns,100,112,0.396,0.524,21,32,43,42,17,19,-12.0,12.0,0
0022100107,2021-11-02,houston rockets,los angeles lakers,117,119,0.527,0.527,27,26,38,43,24,17,-2.0,2.0,0
0022100108,2021-11-03,cleveland cavaliers,portland trail blazers,107,104,0.527,0.444,29,24,43,39,17,9,3.0,-3.0,1
0022100109,2021-11-03,indiana pacers,new york knicks,111,98,0.462,0.414,26,23,49,46,11,10,13.0,-13.0,1
0022100110,2021-11-03,boston celtics,orlando magic,92,79,0.418,0.321,24,15,50,46,11,14,13.0,-13.0,1
0022100111,2021-11-03,chicago bulls,philadelphia 76ers,98,103,0.463,0.494,19,24,47,35,15,14,-5.0,5.0,0
0022100112,2021-11-03,toronto raptors,washington wizards,109,100,0.466,0.436,17,19,42,44,10,13,9.0,-9.0,1
0022100113,2021-11-03,atlanta hawks,brooklyn nets,108,117,0.436,0.489,23,34,52,42,14,14,-9.0,9.0,0
0022100114,2021-11-03,denver nuggets,memphis grizzlies,106,108,0.473,0.519,24,28,44,36,11,11,-2.0,2.0,0
0022100115,2021-11-03,la clippers,minnesota timberwolves,126,115,0.603,0.457,33,27,35,39,20,16,11.0,-11.0,1
0022100116,2021-11-03,dallas mavericks,san antonio spurs,109,108,0.43,0.489,21,25,56,40,19,15,1.0,-1.0,1
0022100117,2021-11-03,charlotte hornets,golden state warriors,92,114,0.374,0.488,18,33,49,53,16,16,-22.0,22.0,0
0022100118,2021-11-03,new orleans pelicans,sacramento kings,99,112,0.43,0.525,24,27,40,37,16,8,-13.0,13.0,0
0022100119,2021-11-04,detroit pistons,philadelphia 76ers,98,109,0.402,0.494,21,22,41,49,11,12,-11.0,11.0,0
0022100120,2021-11-04,atlanta hawks,utah jazz,98,116,0.427,0.506,18,30,32,46,9,14,-18.0,18.0,0
0022100121,2021-11-04,boston celtics,miami heat,95,78,0.397,0.346,16,18,46,45,16,18,17.0,-17.0,1
0022100122,2021-11-04,houston rockets,phoenix suns,111,123,0.432,0.473,25,29,43,46,18,12,-12.0,12.0,0
0022100123,2021-11-04,los angeles lakers,oklahoma city thunder,104,107,0.415,0.425,22,23,49,50,13,16,-3.0,3.0,0
0022100124,2021-11-05,brooklyn nets,detroit pistons,96,90,0.45,0.379,25,17,45,44,16,13,6.0,-6.0,1
0022100125,2021-11-05,orlando magic,san antonio spurs,89,102,0.393,0.444,23,23,43,48,18,13,-13.0,13.0,0
0022100126,2021-11-05,memphis grizzlies,washington wizards,87,115,0.354,0.583,19,34,39,53,9,18,-28.0,28.0,0
0022100127,2021-11-05,cleveland cavaliers,toronto raptors,102,101,0.458,0.424,22,20,39,45,17,9,1.0,-1.0,1
0022100128,2021-11-05,milwaukee bucks,new york knicks,98,113,0.402,0.427,19,16,37,59,15,14,-15.0,15.0,0
0022100129,2021-11-05,la clippers,minnesota timberwolves,104,84,0.409,0.348,18,17,62,42,17,21,20.0,-20.0,1
0022100130,2021-11-05,golden state warriors,new orleans pelicans,126,85,0.516,0.352,36,23,49,42,11,17,41.0,-41.0,1
0022100131,2021-11-05,indiana pacers,portland trail blazers,106,110,0.489,0.488,28,27,40,42,11,13,-4.0,4.0,0
0022100132,2021-11-05,charlotte hornets,sacramento kings,110,140,0.467,0.552,29,29,28,56,10,18,-30.0,30.0,0
0022100133,2021-11-06,denver nuggets,houston rockets,95,94,0.404,0.467,19,19,45,47,11,16,1.0,-1.0,1
0022100134,2021-11-06,miami heat,utah jazz,118,115,0.603,0.518,30,26,36,31,14,6,3.0,-3.0,1
0022100135,2021-11-06,chicago bulls,philadelphia 76ers,105,114,0.402,0.531,20,22,46,41,9,14,-9.0,9.0,0
0022100136,2021-11-06,boston celtics,dallas mavericks,104,107,0.488,0.526,20,19,36,40,11,15,-3.0,3.0,0
0022100137,2021-11-06,atlanta hawks,phoenix suns,117,121,0.433,0.511,18,26,50,42,12,12,-4.0,4.0,0
0022100138,2021-11-06,los angeles lakers,portland trail blazers,90,105,0.344,0.379,20,22,59,52,19,11,-15.0,15.0,0
0022100139,2021-11-07,brooklyn nets,toronto raptors,116,103,0.513,0.471,29,23,48,35,15,8,13.0,-13.0,1
0022100140,2021-11-07,cleveland cavaliers,new york knicks,126,109,0.544,0.459,31,21,48,32,15,10,17.0,-17.0,1
0022100141,2021-11-07,orlando magic,utah jazz,107,100,0.494,0.382,24,21,39,50,13,17,7.0,-7.0,1
0022100142,2021-11-07,milwaukee bucks,washington wizards,94,101,0.394,0.506,17,24,49,42,12,19,-7.0,7.0,0
0022100143,2021-11-07,indiana pacers,sacramento kings,94,91,0.446,0.369,13,20,54,33,19,12,3.0,-3.0,1
0022100144,2021-11-07,oklahoma city thunder,san antonio spurs,99,94,0.372,0.41,21,29,57,46,13,9,5.0,-5.0,1
0022100145,2021-11-07,golden state warriors,houston rockets,120,107,0.518,0.456,31,17,41,42,15,21,13.0,-13.0,1
0022100146,2021-11-07,charlotte hornets,la clippers,106,120,0.406,0.477,20,24,44,50,13,20,-14.0,14.0,0
0022100147,2021-11-08,new york knicks,philadelphia 76ers,103,96,0.44,0.385,25,20,55,47,13,8,7.0,-7.0,1
0022100148,2021-11-08,brooklyn nets,chicago bulls,95,118,0.395,0.469,19,21,42,56,14,9,-23.0,23.0,0
0022100149,2021-11-08,memphis grizzlies,minnesota timberwolves,125,118,0.5,0.423,28,23,51,45,13,13,7.0,-7.0,1
0022100150,2021-11-08,dallas mavericks,new orleans pelicans,108,92,0.506,0.425,27,27,46,39,12,13,16.0,-16.0,1
0022100151,2021-11-08,denver nuggets,miami heat,113,96,0.462,0.397,28,22,49,37,9,13,17.0,-17.0,1
0022100152,2021-11-08,atlanta hawks,golden state warriors,113,127,0.463,0.478,21,31,35,39,18,13,-14.0,14.0,0
0022100153,2021-11-08,phoenix suns,sacramento kings,109,104,0.473,0.451,28,18,38,46,14,24,5.0,-5.0,1
0022100154,2021-11-08,charlotte hornets,los angeles lakers,123,126,0.434,0.484,23,30,55,51,18,15,-3.0,3.0,0
0022100155,2021-11-09,milwaukee bucks,philadelphia 76ers,118,109,0.463,0.408,21,21,52,46,8,7,9.0,-9.0,1
0022100156,2021-11-09,atlanta hawks,utah jazz,98,110,0.435,0.506,22,21,32,44,11,14,-12.0,12.0,0
0022100157,2021-11-09,la clippers,portland trail blazers,117,109,0.518,0.473,25,29,43,43,8,9,8.0,-8.0,1
0022100158,2021-11-10,cleveland cavaliers,washington wizards,94,97,0.461,0.417,21,25,40,49,14,12,-3.0,3.0,0
0022100159,2021-11-10,brooklyn nets,orlando magic,123,90,0.505,0.38,29,19,49,49,15,17,33.0,-33.0,1
0022100160,2021-11-10,boston celtics,toronto raptors,104,88,0.447,0.429,21,20,44,41,15,18,16.0,-16.0,1
0022100161,2021-11-10,milwaukee bucks,new york knicks,112,100,0.444,0.434,29,19,50,38,14,10,12.0,-12.0,1
0022100162,2021-11-10,detroit pistons,houston rockets,112,104,0.433,0.427,23,17,49,42,14,13,8.0,-8.0,1
0022100163,2021-11-10,chicago bulls,dallas mavericks,117,107,0.506,0.458,26,23,46,43,11,12,10.0,-10.0,1
0022100164,2021-11-10,charlotte hornets,memphis grizzlies,118,108,0.456,0.421,32,27,49,57,17,16,10.0,-10.0,1
0022100165,2021-11-10,new orleans pelicans,oklahoma city thunder,100,108,0.351,0.425,24,23,50,56,9,18,-8.0,8.0,0
0022100166,2021-11-10,sacramento kings,san antonio spurs,117,136,0.516,0.533,20,34,44,43,15,8,-19.0,19.0,0
0022100167,2021-11-10,denver nuggets,indiana pacers,101,98,0.429,0.476,19,22,39,48,10,12,3.0,-3.0,1
0022100168,2021-11-10,phoenix suns,portland trail blazers,119,109,0.521,0.484,27,24,39,46,10,14,10.0,-10.0,1
0022100169,2021-11-10,golden state warriors,minnesota timberwolves,123,110,0.471,0.411,23,30,53,40,16,17,13.0,-13.0,1
0022100170,2021-11-10,los angeles lakers,miami heat,120,117,0.5,0.417,26,26,50,47,22,14,3.0,-3.0,1
0022100171,2021-11-11,philadelphia 76ers,toronto raptors,109,115,0.455,0.438,29,25,39,47,12,11,-6.0,6.0,0
0022100172,2021-11-11,indiana pacers,utah jazz,111,100,0.448,0.47,19,22,53,37,10,12,11.0,-11.0,1
0022100173,2021-11-11,la clippers,miami heat,112,109,0.473,0.443,20,18,42,50,12,15,3.0,-3.0,1
0022100174,2021-11-12,charlotte hornets,new york knicks,104,96,0.433,0.387,25,17,49,51,12,19,8.0,-8.0,1
0022100175,2021-11-12,boston celtics,milwaukee bucks,122,113,0.49,0.449,22,23,53,39,16,11,9.0,-9.0,1
0022100176,2021-11-12,cleveland cavaliers,detroit pistons,98,78,0.476,0.367,27,18,40,43,19,23,20.0,-20.0,1
0022100177,2021-11-12,houston rockets,portland trail blazers,92,104,0.4,0.391,13,21,49,52,13,13,-12.0,12.0,0
0022100178,2021-11-12,memphis grizzlies,phoenix suns,94,119,0.378,0.489,19,28,59,46,15,12,-25.0,25.0,0
0022100179,2021-11-12,brooklyn nets,new orleans pelicans,120,112,0.5,0.489,27,26,34,43,12,15,8.0,-8.0,1
0022100180,2021-11-12,oklahoma city thunder,sacramento kings,105,103,0.424,0.4,13,20,52,49,10,13,2.0,-2.0,1
0022100181,2021-11-12,dallas mavericks,san antonio spurs,123,109,0.46,0.488,30,30,48,41,5,13,14.0,-14.0,1
0022100182,2021-11-12,atlanta hawks,denver nuggets,96,105,0.409,0.444,20,26,50,49,8,7,-9.0,9.0,0
0022100183,2021-11-12,chicago bulls,golden state warriors,93,119,0.436,0.484,18,27,38,47,20,16,-26.0,26.0,0
0022100184,2021-11-12,los angeles lakers,minnesota timberwolves,83,107,0.354,0.457,17,24,44,54,19,16,-24.0,24.0,0
0022100185,2021-11-13,miami heat,utah jazz,111,105,0.494,0.412,23,23,48,38,19,16,6.0,-6.0,1
0022100186,2021-11-13,indiana pacers,philadelphia 76ers,118,113,0.573,0.427,33,16,37,46,15,14,5.0,-5.0,1
0022100187,2021-11-13,orlando magic,washington wizards,92,104,0.337,0.5,21,29,44,48,13,15,-12.0,12.0,0
0022100188,2021-11-13,memphis grizzlies,new orleans pelicans,101,112,0.432,0.481,21,29,39,37,9,13,-11.0,11.0,0
0022100189,2021-11-13,detroit pistons,toronto raptors,127,121,0.544,0.506,34,21,34,39,13,13,6.0,-6.0,1
0022100190,2021-11-13,boston celtics,cleveland cavaliers,89,91,0.423,0.383,20,17,47,39,19,11,-2.0,2.0,0
0022100191,2021-11-13,la clippers,minnesota timberwolves,129,102,0.535,0.392,35,25,57,41,14,10,27.0,-27.0,1
0022100192,2021-11-14,los angeles lakers,san antonio spurs,114,106,0.518,0.444,28,28,46,43,14,15,8.0,-8.0,1
0022100193,2021-11-14,atlanta hawks,milwaukee bucks,120,100,0.485,0.452,21,24,51,30,12,11,20.0,-20.0,1
0022100194,2021-11-14,charlotte hornets,golden state warriors,106,102,0.477,0.422,23,31,39,49,11,15,4.0,-4.0,1
0022100195,2021-11-14,houston rockets,phoenix suns,89,115,0.412,0.433,19,19,48,52,23,10,-26.0,26.0,0
0022100196,2021-11-14,brooklyn nets,oklahoma city thunder,120,96,0.5,0.4,31,20,44,44,13,14,24.0,-24.0,1
0022100197,2021-11-14,denver nuggets,portland trail blazers,124,95,0.522,0.438,29,22,49,36,9,12,29.0,-29.0,1
0022100198,2021-11-14,chicago bulls,la clippers,100,90,0.442,0.358,19,16,45,44,15,19,10.0,-10.0,1
0022100199,2021-11-15,boston celtics,cleveland cavaliers,98,92,0.462,0.386,23,18,46,42,14,13,6.0,-6.0,1
0022100200,2021-11-15,detroit pistons,sacramento kings,107,129,0.406,0.531,23,32,47,47,17,13,-22.0,22.0,0
0022100201,2021-11-15,new orleans pelicans,washington wizards,100,105,0.405,0.464,20,23,45,42,12,5,-5.0,5.0,0
0022100202,2021-11-15,atlanta hawks,orlando magic,129,111,0.553,0.453,32,30,46,41,11,16,18.0,-18.0,1
0022100203,2021-11-15,indiana pacers,new york knicks,84,92,0.372,0.43,16,22,44,46,7,10,-8.0,8.0,0
0022100204,2021-11-15,dallas mavericks,denver nuggets,111,101,0.5,0.476,30,20,44,46,8,11,10.0,-10.0,1
0022100205,2021-11-15,houston rockets,memphis grizzlies,102,136,0.379,0.542,24,33,46,49,17,10,-34.0,34.0,0
0022100206,2021-11-15,minnesota timberwolves,phoenix suns,96,99,0.365,0.376,18,21,54,52,18,15,-3.0,3.0,0
0022100207,2021-11-15,miami heat,oklahoma city thunder,103,90,0.451,0.41,22,26,45,42,17,20,13.0,-13.0,1
0022100208,2021-11-15,portland trail blazers,toronto raptors,118,113,0.561,0.461,25,20,39,39,12,11,5.0,-5.0,1
0022100209,2021-11-15,chicago bulls,los angeles lakers,121,103,0.551,0.456,31,19,36,43,16,17,18.0,-18.0,1
0022100210,2021-11-16,brooklyn nets,golden state warriors,99,117,0.386,0.519,21,25,38,53,11,21,-18.0,18.0,0
0022100211,2021-11-16,philadelphia 76ers,utah jazz,85,120,0.367,0.517,19,27,42,56,8,9,-35.0,35.0,0
0022100212,2021-11-16,la clippers,san antonio spurs,106,92,0.435,0.432,16,26,52,41,20,16,14.0,-14.0,1
0022100213,2021-11-17,charlotte hornets,washington wizards,97,87,0.438,0.367,30,23,59,48,11,10,10.0,-10.0,1
0022100214,2021-11-17,detroit pistons,indiana pacers,97,89,0.425,0.418,16,14,42,43,12,18,8.0,-8.0,1
0022100215,2021-11-17,atlanta hawks,boston celtics,110,99,0.506,0.44,28,24,40,42,11,14,11.0,-11.0,1
0022100216,2021-11-17,brooklyn nets,cleveland cavaliers,109,99,0.458,0.393,29,20,47,50,11,13,10.0,-10.0,1
0022100217,2021-11-17,miami heat,new orleans pelicans,113,98,0.483,0.44,29,18,39,38,10,16,15.0,-15.0,1
0022100218,2021-11-17,new york knicks,orlando magic,98,104,0.42,0.406,25,20,45,51,18,12,-6.0,6.0,0
0022100219,2021-11-17,los angeles lakers,milwaukee bucks,102,109,0.417,0.46,24,22,48,52,13,15,-7.0,7.0,0
0022100220,2021-11-17,minnesota timberwolves,sacramento kings,107,97,0.5,0.366,20,19,35,47,17,16,10.0,-10.0,1
0022100221,2021-11-17,houston rockets,oklahoma city thunder,89,101,0.356,0.446,16,18,46,56,14,10,-12.0,12.0,0
0022100222,2021-11-17,dallas mavericks,phoenix suns,98,105,0.418,0.441,28,27,49,49,10,7,-7.0,7.0,0
0022100223,2021-11-17,chicago bulls,portland trail blazers,107,112,0.47,0.44,23,26,36,44,15,16,-5.0,5.0,0
0022100224,2021-11-18,cleveland cavaliers,golden state warriors,89,104,0.425,0.494,22,36,42,34,17,11,-15.0,15.0,0
0022100225,2021-11-18,miami heat,washington wizards,112,97,0.5,0.494,27,25,41,37,6,17,15.0,-15.0,1
0022100226,2021-11-18,la clippers,memphis grizzlies,108,120,0.467,0.542,24,28,34,47,13,11,-12.0,12.0,0
0022100227,2021-11-18,minnesota timberwolves,san antonio spurs,115,90,0.477,0.417,30,26,47,42,12,12,25.0,-25.0,1
0022100228,2021-11-18,denver nuggets,philadelphia 76ers,89,103,0.36,0.506,22,22,46,45,10,9,-14.0,14.0,0
0022100229,2021-11-18,toronto raptors,utah jazz,103,119,0.415,0.55,24,34,35,46,12,23,-16.0,16.0,0
0022100230,2021-11-19,charlotte hornets,indiana pacers,121,118,0.543,0.466,28,19,45,38,17,10,3.0,-3.0,1
0022100231,2021-11-19,detroit pistons,golden state warriors,102,105,0.4,0.475,21,22,35,48,12,18,-3.0,3.0,0
0022100232,2021-11-19,boston celtics,los angeles lakers,130,108,0.5,0.464,22,20,51,33,12,12,22.0,-22.0,1
0022100233,2021-11-19,brooklyn nets,orlando magic,115,113,0.451,0.449,19,26,43,45,11,13,2.0,-2.0,1
0022100234,2021-11-19,milwaukee bucks,oklahoma city thunder,96,89,0.373,0.352,21,17,53,53,12,12,7.0,-7.0,1
0022100235,2021-11-19,la clippers,new orleans pelicans,81,94,0.378,0.437,22,19,43,55,11,13,-13.0,13.0,0
0022100236,2021-11-19,chicago bulls,denver nuggets,114,108,0.441,0.476,19,24,50,38,11,11,6.0,-6.0,1
0022100237,2021-11-19,dallas mavericks,phoenix suns,104,112,0.411,0.518,25,28,40,53,10,17,-8.0,8.0,0
0022100238,2021-11-19,sacramento kings,toronto raptors,89,108,0.381,0.452,15,20,40,53,13,14,-19.0,19.0,0
0022100239,2021-11-20,houston rockets,new york knicks,99,106,0.452,0.423,21,25,48,37,22,12,-7.0,7.0,0
0022100240,2021-11-20,indiana pacers,new orleans pelicans,111,94,0.462,0.398,28,17,46,52,10,16,17.0,-17.0,1
0022100241,2021-11-20,miami heat,washington wizards,100,103,0.469,0.486,21,22,37,35,12,19,-3.0,3.0,0
0022100242,2021-11-20,atlanta hawks,charlotte hornets,115,105,0.524,0.422,24,26,46,51,12,10,10.0,-10.0,1
0022100243,2021-11-20,boston celtics,oklahoma city thunder,111,105,0.466,0.406,28,23,48,54,7,9,6.0,-6.0,1
0022100244,2021-11-20,milwaukee bucks,orlando magic,117,108,0.451,0.398,25,26,60,39,14,10,9.0,-9.0,1
0022100245,2021-11-20,memphis grizzlies,minnesota timberwolves,95,138,0.349,0.538,21,28,33,50,14,13,-43.0,43.0,0
0022100246,2021-11-20,philadelphia 76ers,portland trail blazers,111,118,0.506,0.5,24,23,32,38,11,12,-7.0,7.0,0
0022100247,2021-11-20,sacramento kings,utah jazz,105,123,0.451,0.505,20,20,35,52,8,11,-18.0,18.0,0
0022100248,2021-11-21,dallas mavericks,la clippers,91,97,0.41,0.48,21,18,39,42,10,14,-6.0,6.0,0
0022100249,2021-11-21,detroit pistons,los angeles lakers,116,121,0.443,0.489,27,29,39,51,11,13,-5.0,5.0,0
0022100250,2021-11-21,chicago bulls,new york knicks,109,103,0.42,0.417,21,16,44,44,9,13,6.0,-6.0,1
0022100251,2021-11-21,denver nuggets,phoenix suns,97,126,0.367,0.529,20,34,42,51,10,11,-29.0,29.0,0
0022100252,2021-11-21,golden state warriors,toronto raptors,119,104,0.494,0.394,31,25,47,47,16,10,15.0,-15.0,1
0022100253,2021-11-22,brooklyn nets,cleveland cavaliers,117,112,0.474,0.387,32,24,42,53,9,12,5.0,-5.0,1
0022100254,2021-11-22,charlotte hornets,washington wizards,109,103,0.44,0.383,21,23,36,65,10,18,6.0,-6.0,1
0022100255,2021-11-22,atlanta hawks,oklahoma city thunder,113,101,0.483,0.402,25,24,44,50,7,8,12.0,-12.0,1
0022100256,2021-11-22,boston celtics,houston rockets,108,90,0.424,0.373,19,19,58,42,14,14,18.0,-18.0,1
0022100257,2021-11-22,chicago bulls,indiana pacers,77,109,0.365,0.444,13,27,38,59,9,11,-32.0,32.0,0
0022100258,2021-11-22,milwaukee bucks,orlando magic,123,92,0.468,0.366,28,16,55,47,12,15,31.0,-31.0,1
0022100259,2021-11-22,minnesota timberwolves,new orleans pelicans,110,96,0.4,0.42,21,24,49,48,11,21,14.0,-14.0,1
0022100260,2021-11-22,phoenix suns,san antonio spurs,115,111,0.511,0.527,25,23,44,44,15,15,4.0,-4.0,1
0022100261,2021-11-22,memphis grizzlies,utah jazz,119,118,0.442,0.471,24,26,50,46,7,14,1.0,-1.0,1
0022100262,2021-11-22,philadelphia 76ers,sacramento kings,102,94,0.424,0.413,19,17,45,49,7,13,8.0,-8.0,1
0022100263,2021-11-23,detroit pistons,miami heat,92,100,0.417,0.461,22,22,35,51,14,16,-8.0,8.0,0
0022100264,2021-11-23,los angeles lakers,new york knicks,100,106,0.374,0.451,23,23,50,52,12,14,-6.0,6.0,0
0022100265,2021-11-23,denver nuggets,portland trail blazers,100,119,0.487,0.511,26,25,37,43,17,9,-19.0,19.0,0
0022100266,2021-11-23,dallas mavericks,la clippers,112,104,0.438,0.412,22,17,42,47,14,18,8.0,-8.0,1
0022100267,2021-11-24,cleveland cavaliers,phoenix suns,115,120,0.443,0.523,22,26,44,47,10,15,-5.0,5.0,0
0022100268,2021-11-24,indiana pacers,los angeles lakers,116,124,0.404,0.442,25,20,52,52,11,11,-8.0,8.0,0
0022100269,2021-11-24,charlotte hornets,orlando magic,106,99,0.419,0.409,26,23,49,51,10,14,7.0,-7.0,1
0022100270,2021-11-24,boston celtics,brooklyn nets,104,123,0.374,0.506,25,29,45,50,11,10,-19.0,19.0,0
0022100271,2021-11-24,chicago bulls,houston rockets,113,118,0.458,0.5,26,27,40,46,13,21,-5.0,5.0,0
0022100272,2021-11-24,memphis grizzlies,toronto raptors,113,126,0.512,0.528,25,25,40,34,14,10,-13.0,13.0,0
0022100273,2021-11-24,detroit pistons,milwaukee bucks,93,114,0.358,0.483,16,23,44,56,8,15,-21.0,21.0,0
0022100274,2021-11-24,miami heat,minnesota timberwolves,101,113,0.446,0.409,25,24,40,52,21,16,-12.0,12.0,0
0022100275,2021-11-24,new orleans pelicans,washington wizards,127,102,0.458,0.429,33,23,52,45,10,19,25.0,-25.0,1
0022100276,2021-11-24,oklahoma city thunder,utah jazz,104,110,0.451,0.453,21,19,43,43,12,9,-6.0,6.0,0
0022100277,2021-11-24,atlanta hawks,san antonio spurs,124,106,0.511,0.43,26,27,44,44,9,12,18.0,-18.0,1
0022100278,2021-11-24,golden state warriors,philadelphia 76ers,116,96,0.525,0.425,32,17,41,41,16,19,20.0,-20.0,1
0022100279,2021-11-24,portland trail blazers,sacramento kings,121,125,0.468,0.523,27,21,43,43,13,14,-4.0,4.0,0
0022100280,2021-11-26,detroit pistons,la clippers,96,107,0.367,0.429,17,26,52,54,15,14,-11.0,11.0,0
0022100281,2021-11-26,charlotte hornets,minnesota timberwolves,133,115,0.557,0.45,32,24,44,45,15,12,18.0,-18.0,1
0022100282,2021-11-26,new york knicks,phoenix suns,97,118,0.37,0.557,13,28,51,35,15,11,-21.0,21.0,0
0022100283,2021-11-26,chicago bulls,orlando magic,123,88,0.558,0.375,32,18,47,36,13,13,35.0,-35.0,1
0022100284,2021-11-26,indiana pacers,toronto raptors,114,97,0.485,0.416,31,17,53,41,12,10,17.0,-17.0,1
0022100285,2021-11-26,atlanta hawks,memphis grizzlies,132,100,0.584,0.407,33,27,49,36,12,13,32.0,-32.0,1
0022100286,2021-11-26,oklahoma city thunder,washington wizards,99,101,0.404,0.481,23,17,41,43,9,15,-2.0,2.0,0
0022100287,2021-11-26,boston celtics,san antonio spurs,88,96,0.37,0.437,20,21,51,53,10,10,-8.0,8.0,0
0022100288,2021-11-26,denver nuggets,milwaukee bucks,109,120,0.435,0.63,24,24,31,44,8,19,-11.0,11.0,0
0022100289,2021-11-26,new orleans pelicans,utah jazz,98,97,0.427,0.45,27,17,39,43,13,17,1.0,-1.0,1
0022100290,2021-11-26,golden state warriors,portland trail blazers,118,103,0.54,0.419,31,23,48,37,15,10,15.0,-15.0,1
0022100291,2021-11-26,los angeles lakers,sacramento kings,137,141,0.5,0.45,32,32,51,56,19,13,-4.0,4.0,0
0022100292,2021-11-27,minnesota timberwolves,philadelphia 76ers,121,120,0.5,0.419,22,27,54,44,21,16,1.0,-1.0,1
0022100293,2021-11-27,atlanta hawks,new york knicks,90,99,0.355,0.439,18,20,52,50,6,10,-9.0,9.0,0
0022100294,2021-11-27,brooklyn nets,phoenix suns,107,113,0.5,0.446,25,17,47,41,20,12,-6.0,6.0,0
0022100295,2021-11-27,cleveland cavaliers,orlando magic,105,92,0.456,0.398,28,21,51,43,13,8,13.0,-13.0,1
0022100296,2021-11-27,chicago bulls,miami heat,104,107,0.469,0.43,22,23,47,36,22,10,-3.0,3.0,0
0022100297,2021-11-27,charlotte hornets,houston rockets,143,146,0.466,0.537,31,36,39,41,11,13,-3.0,3.0,0
0022100298,2021-11-27,dallas mavericks,washington wizards,114,120,0.472,0.577,23,28,35,43,7,14,-6.0,6.0,0
0022100299,2021-11-27,new orleans pelicans,utah jazz,105,127,0.43,0.563,27,24,45,41,13,18,-22.0,22.0,0
0022100300,2021-11-28,golden state warriors,la clippers,105,90,0.442,0.4,25,18,43,47,16,24,15.0,-15.0,1
0022100301,2021-11-28,indiana pacers,milwaukee bucks,100,118,0.413,0.511,21,27,45,52,13,13,-18.0,18.0,0
0022100302,2021-11-28,boston celtics,toronto raptors,109,97,0.415,0.376,24,19,53,44,17,10,12.0,-12.0,1
0022100303,2021-11-28,memphis grizzlies,sacramento kings,128,101,0.481,0.34,30,17,68,49,9,8,27.0,-27.0,1
0022100304,2021-11-28,detroit pistons,los angeles lakers,106,110,0.427,0.5,29,32,53,42,17,12,-4.0,4.0,0
0022100305,2021-11-29,orlando magic,philadelphia 76ers,96,101,0.411,0.402,20,24,55,55,12,10,-5.0,5.0,0
0022100306,2021-11-29,denver nuggets,miami heat,120,111,0.581,0.473,32,32,35,39,13,9,9.0,-9.0,1
0022100307,2021-11-29,charlotte hornets,chicago bulls,119,133,0.477,0.596,23,35,34,41,9,10,-14.0,14.0,0
0022100308,2021-11-29,houston rockets,oklahoma city thunder,102,89,0.417,0.356,31,16,60,45,13,12,13.0,-13.0,1
0022100309,2021-11-29,indiana pacers,minnesota timberwolves,98,100,0.396,0.439,27,25,47,47,13,13,-2.0,2.0,0
0022100310,2021-11-29,cleveland cavaliers,dallas mavericks,114,96,0.563,0.438,29,20,48,33,19,10,18.0,-18.0,1
0022100311,2021-11-29,san antonio spurs,washington wizards,116,99,0.533,0.446,28,26,51,40,10,6,17.0,-17.0,1
0022100312,2021-11-29,portland trail blazers,utah jazz,107,129,0.462,0.528,19,30,42,43,8,5,-22.0,22.0,0
0022100313,2021-11-29,la clippers,new orleans pelicans,104,123,0.514,0.511,17,30,35,47,15,7,-19.0,19.0,0
0022100314,2021-11-30,brooklyn nets,new york knicks,112,110,0.482,0.484,27,27,38,42,9,10,2.0,-2.0,1
0022100315,2021-11-30,memphis grizzlies,toronto raptors,98,91,0.387,0.396,18,14,54,44,17,18,7.0,-7.0,1
0022100316,2021-11-30,golden state warriors,phoenix suns,96,104,0.419,0.494,25,28,51,35,22,12,-8.0,8.0,0
0022100317,2021-11-30,detroit pistons,portland trail blazers,92,110,0.382,0.427,17,24,45,43,18,10,-18.0,18.0,0
0022100318,2021-11-30,los angeles lakers,sacramento kings,117,92,0.5,0.443,21,22,47,40,14,19,25.0,-25.0,1
0022100319,2021-12-01,atlanta hawks,indiana pacers,114,111,0.512,0.489,24,23,41,40,13,10,3.0,-3.0,1
0022100320,2021-12-01,denver nuggets,orlando magic,103,108,0.488,0.543,22,26,35,39,14,12,-5.0,5.0,0
0022100321,2021-12-01,minnesota timberwolves,washington wizards,107,115,0.42,0.495,15,34,39,52,12,13,-8.0,8.0,0
0022100322,2021-12-01,boston celtics,philadelphia 76ers,88,87,0.418,0.371,18,20,46,46,13,7,1.0,-1.0,1
0022100323,2021-12-01,cleveland cavaliers,miami heat,111,85,0.544,0.376,27,21,46,28,20,11,26.0,-26.0,1
0022100324,2021-12-01,charlotte hornets,milwaukee bucks,125,127,0.494,0.489,30,29,36,45,16,13,-2.0,2.0,0
0022100325,2021-12-01,dallas mavericks,new orleans pelicans,139,107,0.687,0.449,32,22,34,32,18,13,32.0,-32.0,1
0022100326,2021-12-01,houston rockets,oklahoma city thunder,114,110,0.506,0.471,25,16,40,35,18,13,4.0,-4.0,1
0022100327,2021-12-01,la clippers,sacramento kings,115,124,0.47,0.523,35,28,49,38,11,11,-9.0,9.0,0
0022100328,2021-12-02,chicago bulls,new york knicks,119,115,0.494,0.512,24,19,39,39,15,18,4.0,-4.0,1
0022100329,2021-12-02,milwaukee bucks,toronto raptors,93,97,0.376,0.42,16,23,47,47,13,13,-4.0,4.0,0
0022100330,2021-12-02,memphis grizzlies,oklahoma city thunder,152,79,0.625,0.329,41,14,53,26,10,19,73.0,-73.0,1
0022100331,2021-12-02,detroit pistons,phoenix suns,103,114,0.45,0.544,20,23,36,44,12,14,-11.0,11.0,0
0022100332,2021-12-02,portland trail blazers,san antonio spurs,83,114,0.354,0.484,19,32,41,48,18,12,-31.0,31.0,0
0022100333,2021-12-03,indiana pacers,miami heat,104,113,0.438,0.531,20,24,39,38,12,13,-9.0,9.0,0
0022100334,2021-12-03,cleveland cavaliers,washington wizards,116,101,0.472,0.463,30,21,54,33,14,8,15.0,-15.0,1
0022100335,2021-12-03,atlanta hawks,philadelphia 76ers,96,98,0.408,0.469,20,22,47,40,14,11,-2.0,2.0,0
0022100336,2021-12-03,brooklyn nets,minnesota timberwolves,110,105,0.474,0.387,26,22,41,44,17,15,5.0,-5.0,1
0022100337,2021-12-03,houston rockets,orlando magic,118,116,0.478,0.488,33,24,35,45,10,18,2.0,-2.0,1
0022100338,2021-12-03,dallas mavericks,new orleans pelicans,91,107,0.405,0.411,17,30,42,55,15,10,-16.0,16.0,0
0022100339,2021-12-03,boston celtics,utah jazz,130,137,0.516,0.556,23,26,30,44,6,19,-7.0,7.0,0
0022100340,2021-12-03,golden state warriors,phoenix suns,118,96,0.489,0.383,30,23,51,38,17,14,22.0,-22.0,1
0022100341,2021-12-03,la clippers,los angeles lakers,119,115,0.506,0.5,28,28,34,43,9,11,4.0,-4.0,1
0022100342,2021-12-04,denver nuggets,new york knicks,113,99,0.524,0.398,30,23,42,40,13,11,14.0,-14.0,1
0022100343,2021-12-04,brooklyn nets,chicago bulls,107,111,0.414,0.477,28,22,55,47,5,9,-4.0,4.0,0
0022100344,2021-12-04,miami heat,milwaukee bucks,102,124,0.405,0.449,29,32,39,57,14,14,-22.0,22.0,0
0022100345,2021-12-04,dallas mavericks,memphis grizzlies,90,97,0.337,0.487,19,20,42,52,13,22,-7.0,7.0,0
0022100346,2021-12-04,golden state warriors,san antonio spurs,107,112,0.444,0.477,26,24,45,45,12,12,-5.0,5.0,0
0022100347,2021-12-04,boston celtics,portland trail blazers,145,117,0.563,0.472,26,22,46,32,11,9,28.0,-28.0,1
0022100348,2021-12-04,la clippers,sacramento kings,99,104,0.382,0.419,23,19,47,51,17,15,-5.0,5.0,0
0022100349,2021-12-05,cleveland cavaliers,utah jazz,108,109,0.462,0.444,20,24,45,46,13,17,-1.0,1.0,0
0022100350,2021-12-05,atlanta hawks,charlotte hornets,127,130,0.516,0.535,29,21,45,39,10,6,-3.0,3.0,0
0022100351,2021-12-05,toronto raptors,washington wizards,102,90,0.447,0.411,22,20,47,43,8,10,12.0,-12.0,1
0022100352,2021-12-05,houston rockets,new orleans pelicans,118,108,0.494,0.426,24,19,40,50,14,7,10.0,-10.0,1
0022100353,2021-12-06,charlotte hornets,philadelphia 76ers,124,127,0.449,0.529,31,28,42,49,8,15,-3.0,3.0,0
0022100354,2021-12-06,detroit pistons,oklahoma city thunder,103,114,0.414,0.5,21,22,52,40,16,11,-11.0,11.0,0
0022100355,2021-12-06,indiana pacers,washington wizards,116,110,0.524,0.531,25,25,40,30,15,12,6.0,-6.0,1
0022100356,2021-12-06,memphis grizzlies,miami heat,105,90,0.427,0.461,26,26,47,36,19,23,15.0,-15.0,1
0022100357,2021-12-06,chicago bulls,denver nuggets,109,97,0.451,0.396,25,30,55,50,11,9,12.0,-12.0,1
0022100358,2021-12-06,cleveland cavaliers,milwaukee bucks,104,112,0.389,0.465,27,21,39,53,9,16,-8.0,8.0,0
0022100359,2021-12-06,atlanta hawks,minnesota timberwolves,121,110,0.444,0.398,31,22,49,50,10,8,11.0,-11.0,1
0022100360,2021-12-06,phoenix suns,san antonio spurs,108,104,0.457,0.43,27,31,49,41,17,15,4.0,-4.0,1
0022100361,2021-12-06,golden state warriors,orlando magic,126,95,0.494,0.434,28,18,43,38,15,22,31.0,-31.0,1
0022100362,2021-12-06,la clippers,portland trail blazers,102,90,0.446,0.443,18,16,37,45,13,18,12.0,-12.0,1
0022100363,2021-12-07,brooklyn nets,dallas mavericks,102,99,0.506,0.4,28,21,50,39,12,4,3.0,-3.0,1
0022100364,2021-12-07,new york knicks,san antonio spurs,121,109,0.473,0.446,22,30,52,43,10,10,12.0,-12.0,1
0022100365,2021-12-07,boston celtics,los angeles lakers,102,117,0.439,0.516,27,25,34,51,13,14,-15.0,15.0,0
0022100366,2021-12-08,charlotte hornets,philadelphia 76ers,106,110,0.488,0.48,22,23,35,36,18,15,-4.0,4.0,0
0022100367,2021-12-08,chicago bulls,cleveland cavaliers,92,115,0.417,0.55,21,28,37,42,17,14,-23.0,23.0,0
0022100368,2021-12-08,detroit pistons,washington wizards,116,119,0.468,0.477,22,27,37,45,15,17,-3.0,3.0,0
0022100369,2021-12-08,indiana pacers,new york knicks,122,102,0.535,0.419,27,17,42,36,9,13,20.0,-20.0,1
0022100370,2021-12-08,miami heat,milwaukee bucks,113,104,0.519,0.424,32,18,42,41,20,18,9.0,-9.0,1
0022100371,2021-12-08,oklahoma city thunder,toronto raptors,110,109,0.452,0.452,28,27,40,46,13,13,1.0,-1.0,1
0022100372,2021-12-08,brooklyn nets,houston rockets,104,114,0.393,0.494,18,23,44,38,13,13,-10.0,10.0,0
0022100373,2021-12-08,dallas mavericks,memphis grizzlies,104,96,0.481,0.4,24,23,47,40,18,13,8.0,-8.0,1
0022100374,2021-12-08,minnesota timberwolves,utah jazz,104,136,0.4,0.568,19,26,37,48,15,13,-32.0,32.0,0
0022100375,2021-12-08,denver nuggets,new orleans pelicans,120,114,0.511,0.522,28,32,33,46,11,22,6.0,-6.0,1
0022100376,2021-12-08,golden state warriors,portland trail blazers,104,94,0.398,0.413,22,24,47,42,15,16,10.0,-10.0,1
0022100377,2021-12-08,orlando magic,sacramento kings,130,142,0.495,0.546,29,24,43,43,12,8,-12.0,12.0,0
0022100378,2021-12-08,boston celtics,la clippers,111,114,0.477,0.471,26,20,47,38,22,20,-3.0,3.0,0
0022100379,2021-12-09,philadelphia 76ers,utah jazz,96,118,0.432,0.473,17,22,34,52,9,11,-22.0,22.0,0
0022100380,2021-12-09,los angeles lakers,memphis grizzlies,95,108,0.462,0.436,26,28,45,47,22,11,-13.0,13.0,0
0022100381,2021-12-09,denver nuggets,san antonio spurs,111,123,0.447,0.523,29,32,33,54,8,13,-12.0,12.0,0
0022100382,2021-12-10,charlotte hornets,sacramento kings,124,123,0.552,0.475,29,22,39,48,15,14,1.0,-1.0,1
0022100383,2021-12-10,dallas mavericks,indiana pacers,93,106,0.464,0.471,18,28,37,44,12,11,-13.0,13.0,0
0022100384,2021-12-10,atlanta hawks,brooklyn nets,105,113,0.394,0.495,21,26,49,41,14,13,-8.0,8.0,0
0022100385,2021-12-10,new york knicks,toronto raptors,87,90,0.358,0.345,18,21,55,48,13,8,-3.0,3.0,0
0022100386,2021-12-10,houston rockets,milwaukee bucks,114,123,0.472,0.506,30,19,40,48,16,15,-9.0,9.0,0
0022100387,2021-12-10,cleveland cavaliers,minnesota timberwolves,123,106,0.541,0.391,34,24,47,40,15,14,17.0,-17.0,1
0022100388,2021-12-10,detroit pistons,new orleans pelicans,93,109,0.389,0.432,22,29,38,60,12,14,-16.0,16.0,0
0022100389,2021-12-10,los angeles lakers,oklahoma city thunder,116,95,0.471,0.396,23,21,47,51,16,15,21.0,-21.0,1
0022100390,2021-12-10,boston celtics,phoenix suns,90,111,0.376,0.448,13,25,46,53,13,12,-21.0,21.0,0
0022100391,2021-12-11,la clippers,orlando magic,106,104,0.457,0.438,27,21,45,45,7,11,2.0,-2.0,1
0022100392,2021-12-11,utah jazz,washington wizards,123,98,0.516,0.461,28,17,49,39,8,12,25.0,-25.0,1
0022100393,2021-12-11,cleveland cavaliers,sacramento kings,117,103,0.466,0.441,27,19,47,48,14,17,14.0,-14.0,1
0022100394,2021-12-11,chicago bulls,miami heat,92,118,0.373,0.495,22,37,34,50,14,8,-26.0,26.0,0
0022100395,2021-12-11,houston rockets,memphis grizzlies,106,113,0.494,0.5,25,22,40,38,16,11,-7.0,7.0,0
0022100396,2021-12-11,golden state warriors,philadelphia 76ers,93,102,0.4,0.461,21,19,42,44,13,11,-9.0,9.0,0
0022100397,2021-12-11,denver nuggets,san antonio spurs,127,112,0.505,0.461,33,28,41,45,11,17,15.0,-15.0,1
0022100398,2021-12-12,milwaukee bucks,new york knicks,112,97,0.477,0.427,27,27,46,37,15,16,15.0,-15.0,1
0022100399,2021-12-12,brooklyn nets,detroit pistons,116,104,0.471,0.424,28,24,43,40,17,19,12.0,-12.0,1
0022100400,2021-12-12,dallas mavericks,oklahoma city thunder,103,84,0.422,0.375,25,19,54,39,6,11,19.0,-19.0,1
0022100401,2021-12-12,new orleans pelicans,san antonio spurs,97,112,0.426,0.495,24,31,42,55,14,13,-15.0,15.0,0
0022100402,2021-12-12,minnesota timberwolves,portland trail blazers,116,111,0.447,0.457,23,25,42,45,17,19,5.0,-5.0,1
0022100403,2021-12-12,los angeles lakers,orlando magic,106,94,0.488,0.375,24,17,44,47,13,18,12.0,-12.0,1
0022100404,2021-12-13,cleveland cavaliers,miami heat,105,94,0.444,0.447,24,26,42,39,12,14,11.0,-11.0,1
0022100405,2021-12-13,golden state warriors,indiana pacers,102,100,0.5,0.402,21,16,47,42,17,10,2.0,-2.0,1
0022100406,2021-12-13,sacramento kings,toronto raptors,101,124,0.404,0.541,21,28,53,46,17,8,-23.0,23.0,0
0022100407,2021-12-13,atlanta hawks,houston rockets,126,132,0.494,0.479,20,27,40,45,12,11,-6.0,6.0,0
0022100408,2021-12-13,boston celtics,milwaukee bucks,117,103,0.5,0.444,31,22,40,45,11,13,14.0,-14.0,1
0022100409,2021-12-13,memphis grizzlies,philadelphia 76ers,126,91,0.528,0.446,29,22,50,38,9,15,35.0,-35.0,1
0022100410,2021-12-13,charlotte hornets,dallas mavericks,96,120,0.395,0.518,22,28,38,50,8,9,-24.0,24.0,0
0022100411,2021-12-13,denver nuggets,washington wizards,113,107,0.468,0.456,26,25,49,41,13,10,6.0,-6.0,1
0022100412,2021-12-13,la clippers,phoenix suns,111,95,0.551,0.375,24,22,45,41,16,10,16.0,-16.0,1
0022100413,2021-12-14,brooklyn nets,toronto raptors,131,129,0.485,0.457,28,26,60,41,16,12,2.0,-2.0,1
0022100414,2021-12-14,golden state warriors,new york knicks,105,96,0.455,0.361,28,18,49,35,12,8,9.0,-9.0,1
0022100415,2022-01-11,chicago bulls,detroit pistons,133,87,0.543,0.337,33,17,61,41,17,18,46.0,-46.0,1
0022100416,2021-12-14,phoenix suns,portland trail blazers,111,107,0.473,0.417,30,23,49,48,14,13,4.0,-4.0,1
0022100417,2021-12-15,cleveland cavaliers,houston rockets,124,89,0.563,0.385,26,20,44,41,15,16,35.0,-35.0,1
0022100418,2021-12-15,atlanta hawks,orlando magic,111,99,0.494,0.389,25,25,40,46,13,16,12.0,-12.0,1
0022100419,2021-12-15,miami heat,philadelphia 76ers,101,96,0.449,0.443,25,26,44,35,16,11,5.0,-5.0,1
0022100420,2021-12-15,dallas mavericks,los angeles lakers,104,107,0.398,0.433,22,24,51,46,11,14,-3.0,3.0,0
0022100421,2021-12-15,indiana pacers,milwaukee bucks,99,114,0.47,0.489,24,25,45,38,18,8,-15.0,15.0,0
0022100422,2021-12-15,new orleans pelicans,oklahoma city thunder,113,110,0.488,0.419,23,22,49,42,11,8,3.0,-3.0,1
0022100423,2021-12-15,charlotte hornets,san antonio spurs,131,115,0.593,0.433,34,27,48,38,11,8,16.0,-16.0,1
0022100424,2021-12-15,denver nuggets,minnesota timberwolves,107,124,0.452,0.511,33,24,42,39,17,11,-17.0,17.0,0
0022100425,2021-12-15,la clippers,utah jazz,103,124,0.471,0.528,24,26,42,44,16,9,-21.0,21.0,0
0022100426,2021-12-15,memphis grizzlies,portland trail blazers,113,103,0.476,0.378,22,18,53,38,15,13,10.0,-10.0,1
0022100427,2021-12-15,sacramento kings,washington wizards,119,105,0.549,0.472,25,20,39,39,11,10,14.0,-14.0,1
0022100428,2021-12-16,detroit pistons,indiana pacers,113,122,0.494,0.495,20,26,37,41,12,8,-9.0,9.0,0
0022100429,2021-12-16,brooklyn nets,philadelphia 76ers,114,105,0.494,0.438,21,19,48,38,14,9,9.0,-9.0,1
0022100430,2022-02-03,chicago bulls,toronto raptors,120,127,0.478,0.425,30,30,51,58,17,12,-7.0,7.0,0
0022100431,2021-12-16,houston rockets,new york knicks,103,116,0.5,0.47,29,25,29,40,17,11,-13.0,13.0,0
0022100432,2021-12-16,phoenix suns,washington wizards,118,98,0.532,0.488,25,22,47,32,19,16,20.0,-20.0,1
0022100433,2021-12-17,miami heat,orlando magic,115,105,0.5,0.483,25,23,46,36,15,11,10.0,-10.0,1
0022100434,2021-12-17,atlanta hawks,denver nuggets,115,133,0.466,0.581,22,35,37,38,15,14,-18.0,18.0,0
0022100435,2021-12-17,boston celtics,golden state warriors,107,111,0.439,0.433,20,27,45,45,16,12,-4.0,4.0,0
0022100436,2021-12-17,los angeles lakers,minnesota timberwolves,92,110,0.385,0.418,26,23,36,61,18,15,-18.0,18.0,0
0022100437,2021-12-17,san antonio spurs,utah jazz,128,126,0.5,0.495,27,26,43,50,7,12,2.0,-2.0,1
0022100438,2021-12-17,milwaukee bucks,new orleans pelicans,112,116,0.433,0.472,16,34,44,57,13,20,-4.0,4.0,0
0022100439,2021-12-17,charlotte hornets,portland trail blazers,116,125,0.478,0.518,29,27,38,41,13,15,-9.0,9.0,0
0022100440,2021-12-17,memphis grizzlies,sacramento kings,124,105,0.464,0.409,25,21,50,45,11,18,19.0,-19.0,1
0022100441,2021-12-18,detroit pistons,houston rockets,107,116,0.462,0.495,29,27,42,47,20,19,-9.0,9.0,0
0022100442,2021-12-18,brooklyn nets,orlando magic,93,100,0.382,0.415,24,20,51,50,15,16,-7.0,7.0,0
0022100443,2021-12-18,golden state warriors,toronto raptors,100,119,0.468,0.5,26,26,47,41,20,10,-19.0,19.0,0
0022100444,2021-12-18,la clippers,oklahoma city thunder,103,104,0.446,0.467,26,23,39,55,12,15,-1.0,1.0,0
0022100445,2021-12-18,boston celtics,new york knicks,114,107,0.472,0.438,23,18,45,42,12,14,7.0,-7.0,1
0022100446,2021-12-18,cleveland cavaliers,milwaukee bucks,119,90,0.5,0.393,36,18,46,44,13,17,29.0,-29.0,1
0022100447,2021-12-18,utah jazz,washington wizards,103,109,0.432,0.447,17,27,46,47,15,9,-6.0,6.0,0
0022100448,2021-12-19,chicago bulls,los angeles lakers,115,110,0.43,0.512,20,25,43,46,10,19,5.0,-5.0,1
0022100449,2021-12-19,detroit pistons,miami heat,100,90,0.467,0.378,24,23,47,39,13,13,10.0,-10.0,1
0022100450,2021-12-19,memphis grizzlies,portland trail blazers,100,105,0.385,0.473,22,17,33,51,8,20,-5.0,5.0,0
0022100451,2021-12-19,sacramento kings,san antonio spurs,121,114,0.505,0.495,23,24,40,44,11,14,7.0,-7.0,1
0022100452,2022-03-31,atlanta hawks,cleveland cavaliers,131,107,0.495,0.433,27,19,48,47,8,14,24.0,-24.0,1
0022100453,2022-01-26,brooklyn nets,denver nuggets,118,124,0.489,0.472,26,27,38,48,12,13,-6.0,6.0,0
0022100454,2022-01-25,new orleans pelicans,philadelphia 76ers,107,117,0.482,0.464,26,26,39,44,8,10,-10.0,10.0,0
0022100455,2021-12-19,dallas mavericks,minnesota timberwolves,105,111,0.439,0.468,27,26,41,37,10,9,-6.0,6.0,0
0022100456,2021-12-19,charlotte hornets,phoenix suns,106,137,0.36,0.568,26,35,43,57,9,17,-31.0,31.0,0
0022100457,2021-12-20,boston celtics,philadelphia 76ers,103,108,0.463,0.5,16,20,42,34,18,15,-5.0,5.0,0
0022100458,2022-03-04,orlando magic,toronto raptors,103,97,0.379,0.398,24,22,55,54,8,12,6.0,-6.0,1
0022100459,2021-12-20,chicago bulls,houston rockets,133,118,0.534,0.564,33,27,34,35,8,14,15.0,-15.0,1
0022100460,2021-12-20,memphis grizzlies,oklahoma city thunder,99,102,0.386,0.429,24,24,51,47,12,14,-3.0,3.0,0
0022100461,2021-12-20,charlotte hornets,utah jazz,102,112,0.386,0.354,27,21,51,68,13,17,-10.0,10.0,0
0022100462,2021-12-20,golden state warriors,sacramento kings,113,98,0.523,0.446,28,23,42,37,16,19,15.0,-15.0,1
0022100463,2021-12-20,la clippers,san antonio spurs,92,116,0.391,0.439,18,37,43,66,14,11,-24.0,24.0,0
0022100464,2022-02-17,brooklyn nets,washington wizards,103,117,0.404,0.554,19,26,42,38,15,15,-14.0,14.0,0
0022100465,2021-12-21,indiana pacers,miami heat,96,125,0.356,0.495,22,30,42,53,11,11,-29.0,29.0,0
0022100466,2021-12-21,detroit pistons,new york knicks,91,105,0.362,0.444,22,22,48,52,12,12,-14.0,14.0,0
0022100467,2021-12-21,new orleans pelicans,portland trail blazers,111,97,0.525,0.449,27,18,44,31,15,10,3.0,-3.0,1
0022100468,2021-12-21,dallas mavericks,minnesota timberwolves,114,102,0.488,0.456,30,26,44,39,10,17,12.0,-12.0,1
0022100469,2021-12-21,los angeles lakers,phoenix suns,90,108,0.391,0.441,14,29,47,53,14,16,-18.0,18.0,0
0022100470,2021-12-22,atlanta hawks,orlando magic,98,104,0.4,0.447,21,27,49,40,14,10,-6.0,6.0,0
0022100471,2021-12-22,boston celtics,cleveland cavaliers,111,101,0.467,0.391,24,17,48,53,13,15,10.0,-10.0,1
0022100472,2022-01-26,chicago bulls,toronto raptors,111,105,0.548,0.481,32,24,45,34,13,12,6.0,-6.0,1
0022100473,2021-12-22,houston rockets,milwaukee bucks,106,126,0.419,0.437,23,25,52,48,15,5,-20.0,20.0,0
0022100474,2021-12-22,denver nuggets,oklahoma city thunder,94,108,0.393,0.447,21,22,39,60,11,11,-14.0,14.0,0
0022100475,2021-12-22,la clippers,sacramento kings,105,89,0.512,0.4,26,24,43,40,12,16,16.0,-16.0,1
0022100476,2021-12-23,houston rockets,indiana pacers,106,118,0.438,0.523,16,27,28,47,12,13,-12.0,12.0,0
0022100477,2021-12-23,new orleans pelicans,orlando magic,110,104,0.43,0.432,21,19,46,44,10,8,6.0,-6.0,1
0022100478,2021-12-23,atlanta hawks,philadelphia 76ers,98,96,0.451,0.413,20,20,46,38,10,8,2.0,-2.0,1
0022100479,2021-12-23,detroit pistons,miami heat,112,115,0.45,0.489,23,23,43,43,16,13,-3.0,3.0,0
0022100480,2021-12-23,new york knicks,washington wizards,117,124,0.452,0.56,17,30,44,38,7,11,-7.0,7.0,0
0022100481,2021-12-23,dallas mavericks,milwaukee bucks,95,102,0.407,0.451,25,26,43,47,11,12,-7.0,7.0,0
0022100482,2021-12-23,charlotte hornets,denver nuggets,115,107,0.415,0.417,28,23,50,54,11,15,8.0,-8.0,1
0022100483,2021-12-23,oklahoma city thunder,phoenix suns,101,113,0.385,0.484,17,26,44,52,12,13,-12.0,12.0,0
0022100484,2021-12-23,minnesota timberwolves,utah jazz,116,128,0.446,0.533,29,31,44,45,14,15,-12.0,12.0,0
0022100485,2021-12-23,golden state warriors,memphis grizzlies,113,104,0.488,0.422,30,18,39,42,18,13,9.0,-9.0,1
0022100486,2022-01-10,brooklyn nets,portland trail blazers,108,114,0.462,0.465,23,23,42,47,15,13,-6.0,6.0,0
0022100487,2021-12-23,los angeles lakers,san antonio spurs,110,138,0.468,0.484,21,33,48,50,14,6,-28.0,28.0,0
0022100488,2021-12-25,atlanta hawks,new york knicks,87,101,0.379,0.447,23,28,46,50,12,10,-14.0,14.0,0
0022100489,2021-12-25,boston celtics,milwaukee bucks,113,117,0.427,0.473,24,24,44,48,14,13,-4.0,4.0,0
0022100490,2021-12-25,golden state warriors,phoenix suns,116,107,0.494,0.482,28,20,42,37,9,13,9.0,-9.0,1
0022100491,2021-12-25,brooklyn nets,los angeles lakers,122,115,0.483,0.417,31,29,41,47,10,13,7.0,-7.0,1
0022100492,2021-12-25,dallas mavericks,utah jazz,116,120,0.427,0.444,19,24,43,49,13,14,-4.0,4.0,0
0022100493,2021-12-26,miami heat,orlando magic,93,83,0.404,0.431,28,17,51,43,13,18,10.0,-10.0,1
0022100494,2021-12-26,cleveland cavaliers,toronto raptors,144,99,0.528,0.416,39,24,52,43,12,21,45.0,-45.0,1
0022100495,2021-12-26,philadelphia 76ers,washington wizards,117,96,0.5,0.389,25,22,50,43,12,8,21.0,-21.0,1
0022100496,2021-12-26,memphis grizzlies,sacramento kings,127,102,0.47,0.42,33,22,53,38,11,18,25.0,-25.0,1
0022100497,2021-12-26,new orleans pelicans,oklahoma city thunder,112,117,0.415,0.477,26,24,49,47,10,12,-5.0,5.0,0
0022100498,2021-12-26,detroit pistons,san antonio spurs,109,144,0.388,0.56,16,39,42,52,14,18,-35.0,35.0,0
0022100499,2021-12-26,chicago bulls,indiana pacers,113,105,0.566,0.436,17,23,40,45,15,9,8.0,-8.0,1
0022100500,2021-12-26,denver nuggets,la clippers,103,100,0.411,0.465,29,26,48,46,14,14,3.0,-3.0,1
0022100501,2021-12-27,charlotte hornets,houston rockets,123,99,0.534,0.414,33,20,39,44,16,21,24.0,-24.0,1
0022100502,2021-12-27,atlanta hawks,chicago bulls,118,130,0.449,0.543,22,29,45,44,10,7,-12.0,12.0,0
0022100503,2021-12-27,boston celtics,minnesota timberwolves,103,108,0.371,0.444,23,30,53,53,14,14,-5.0,5.0,0
0022100504,2021-12-27,san antonio spurs,utah jazz,104,110,0.45,0.453,26,19,44,55,10,14,-6.0,6.0,0
0022100505,2021-12-27,memphis grizzlies,phoenix suns,114,113,0.511,0.456,22,25,50,35,18,11,1.0,-1.0,1
0022100506,2021-12-27,dallas mavericks,portland trail blazers,132,117,0.571,0.427,38,19,41,33,13,11,15.0,-15.0,1
0022100507,2021-12-27,brooklyn nets,la clippers,124,108,0.568,0.381,31,25,47,45,13,11,16.0,-16.0,1
0022100508,2021-12-28,milwaukee bucks,orlando magic,127,110,0.553,0.458,31,24,40,37,12,13,17.0,-17.0,1
0022100509,2021-12-28,miami heat,washington wizards,119,112,0.446,0.494,26,27,42,47,7,18,7.0,-7.0,1
0022100510,2021-12-28,philadelphia 76ers,toronto raptors,114,109,0.442,0.437,23,24,42,43,8,10,5.0,-5.0,1
0022100511,2021-12-28,houston rockets,los angeles lakers,123,132,0.53,0.522,24,27,30,48,14,12,-9.0,9.0,0
0022100512,2021-12-28,minnesota timberwolves,new york knicks,88,96,0.4,0.411,22,20,45,54,10,15,-8.0,8.0,0
0022100513,2021-12-28,cleveland cavaliers,new orleans pelicans,104,108,0.42,0.45,27,24,42,44,7,12,-4.0,4.0,0
0022100514,2021-12-28,denver nuggets,golden state warriors,89,86,0.41,0.417,24,20,44,43,15,16,3.0,-3.0,1
0022100515,2021-12-28,oklahoma city thunder,sacramento kings,111,117,0.389,0.421,16,25,45,57,9,10,-6.0,6.0,0
0022100516,2021-12-29,detroit pistons,new york knicks,85,94,0.37,0.383,19,19,43,48,17,16,-9.0,9.0,0
0022100517,2021-12-29,charlotte hornets,indiana pacers,116,108,0.518,0.419,27,25,48,45,13,18,8.0,-8.0,1
0022100518,2021-12-29,boston celtics,la clippers,82,91,0.347,0.407,19,17,50,49,8,14,-9.0,9.0,0
0022100519,2021-12-29,atlanta hawks,chicago bulls,117,131,0.478,0.619,26,38,37,41,11,13,-14.0,14.0,0
0022100520,2021-12-29,los angeles lakers,memphis grizzlies,99,104,0.453,0.412,24,18,39,43,18,12,-5.0,5.0,0
0022100521,2022-02-03,miami heat,san antonio spurs,112,95,0.506,0.375,27,21,42,43,13,17,17.0,-17.0,1
0022100522,2021-12-29,oklahoma city thunder,phoenix suns,97,115,0.396,0.461,19,22,45,56,11,14,-18.0,18.0,0
0022100523,2021-12-29,portland trail blazers,utah jazz,105,120,0.42,0.529,23,22,45,46,10,11,-15.0,15.0,0
0022100524,2021-12-29,dallas mavericks,sacramento kings,94,95,0.469,0.48,23,21,36,38,11,14,-1.0,1.0,0
0022100525,2021-12-30,brooklyn nets,philadelphia 76ers,102,110,0.457,0.42,21,22,52,43,17,7,-8.0,8.0,0
0022100526,2021-12-30,milwaukee bucks,orlando magic,136,118,0.495,0.483,24,26,50,33,13,10,18.0,-18.0,1
0022100527,2021-12-30,cleveland cavaliers,washington wizards,93,110,0.422,0.5,20,27,44,47,12,7,-17.0,17.0,0
0022100528,2022-03-07,denver nuggets,golden state warriors,131,124,0.548,0.511,39,29,41,41,9,14,7.0,-7.0,1
0022100529,2021-12-31,boston celtics,phoenix suns,123,108,0.542,0.41,28,20,51,37,17,9,15.0,-15.0,1
0022100530,2021-12-31,chicago bulls,indiana pacers,108,106,0.407,0.418,22,23,42,55,9,17,2.0,-2.0,1
0022100531,2021-12-31,dallas mavericks,sacramento kings,112,96,0.519,0.418,30,25,47,33,11,10,16.0,-16.0,1
0022100532,2021-12-31,houston rockets,miami heat,110,120,0.441,0.465,21,21,46,43,18,14,-10.0,10.0,0
0022100533,2021-12-31,atlanta hawks,cleveland cavaliers,121,118,0.443,0.571,23,27,44,46,2,9,3.0,-3.0,1
0022100534,2021-12-31,la clippers,toronto raptors,108,116,0.487,0.417,27,19,37,54,12,7,-8.0,8.0,0
0022100535,2021-12-31,memphis grizzlies,san antonio spurs,118,105,0.48,0.433,28,24,58,47,9,11,13.0,-13.0,1
0022100536,2021-12-31,new york knicks,oklahoma city thunder,80,95,0.37,0.414,12,21,48,49,10,9,-15.0,15.0,0
0022100537,2021-12-31,minnesota timberwolves,utah jazz,108,120,0.43,0.474,23,18,41,49,10,17,-12.0,12.0,0
0022100538,2021-12-31,los angeles lakers,portland trail blazers,139,106,0.553,0.353,27,19,47,54,7,9,33.0,-33.0,1
0022100539,2022-01-01,milwaukee bucks,new orleans pelicans,136,113,0.533,0.411,27,28,48,50,13,15,23.0,-23.0,1
0022100540,2022-01-01,detroit pistons,san antonio spurs,117,116,0.406,0.412,18,30,63,48,20,16,1.0,-1.0,1
0022100541,2022-01-01,chicago bulls,washington wizards,120,119,0.488,0.529,17,26,44,43,15,11,1.0,-1.0,1
0022100542,2022-01-01,brooklyn nets,la clippers,116,120,0.433,0.488,26,23,57,40,14,10,-4.0,4.0,0
0022100543,2022-01-01,denver nuggets,houston rockets,124,111,0.535,0.435,33,20,46,36,18,17,13.0,-13.0,1
0022100544,2022-01-01,golden state warriors,utah jazz,123,116,0.535,0.435,39,19,40,45,15,13,7.0,-7.0,1
0022100545,2022-01-02,new york knicks,toronto raptors,105,120,0.449,0.477,22,21,30,44,17,16,-15.0,15.0,0
0022100546,2022-01-02,boston celtics,orlando magic,116,111,0.453,0.421,25,17,46,45,21,14,5.0,-5.0,1
0022100547,2022-01-02,cleveland cavaliers,indiana pacers,108,104,0.466,0.446,26,24,48,39,8,14,4.0,-4.0,1
0022100548,2022-01-02,miami heat,sacramento kings,113,115,0.438,0.513,26,31,49,39,9,16,-2.0,2.0,0
0022100549,2022-01-02,charlotte hornets,phoenix suns,99,133,0.459,0.505,27,36,34,53,17,17,-34.0,34.0,0
0022100550,2022-01-02,dallas mavericks,oklahoma city thunder,95,86,0.447,0.412,28,20,48,41,16,11,9.0,-9.0,1
0022100551,2022-01-02,los angeles lakers,minnesota timberwolves,108,103,0.48,0.446,20,21,28,56,15,23,5.0,-5.0,1
0022100552,2022-01-03,houston rockets,philadelphia 76ers,113,133,0.416,0.521,25,33,42,54,11,12,-20.0,20.0,0
0022100553,2022-01-03,charlotte hornets,washington wizards,121,124,0.481,0.46,28,26,45,51,8,15,-3.0,3.0,0
0022100554,2022-01-03,brooklyn nets,memphis grizzlies,104,118,0.451,0.471,28,24,33,61,12,12,-14.0,14.0,0
0022100555,2022-01-03,chicago bulls,orlando magic,102,98,0.43,0.424,17,24,49,44,13,13,4.0,-4.0,1
0022100556,2022-01-03,detroit pistons,milwaukee bucks,115,106,0.484,0.424,31,21,47,47,13,8,9.0,-9.0,1
0022100557,2022-01-03,new orleans pelicans,utah jazz,104,115,0.402,0.482,21,22,47,43,10,14,-11.0,11.0,0
0022100558,2022-01-03,dallas mavericks,denver nuggets,103,89,0.449,0.463,23,21,28,47,11,25,14.0,-14.0,1
0022100559,2022-01-03,golden state warriors,miami heat,115,108,0.489,0.411,39,24,43,49,12,18,7.0,-7.0,1
0022100560,2022-01-03,atlanta hawks,portland trail blazers,131,136,0.545,0.528,31,29,39,41,12,9,-5.0,5.0,0
0022100561,2022-01-03,la clippers,minnesota timberwolves,104,122,0.5,0.527,22,34,31,40,20,17,-18.0,18.0,0
0022100562,2022-01-04,cleveland cavaliers,memphis grizzlies,106,110,0.435,0.467,28,21,49,45,11,9,-4.0,4.0,0
0022100563,2022-01-04,san antonio spurs,toronto raptors,104,129,0.432,0.469,27,30,50,52,20,12,-25.0,25.0,0
0022100564,2022-01-04,indiana pacers,new york knicks,94,104,0.421,0.488,22,17,35,51,10,9,-10.0,10.0,0
0022100565,2022-01-04,new orleans pelicans,phoenix suns,110,123,0.404,0.541,28,32,48,42,12,10,-13.0,13.0,0
0022100566,2022-01-04,los angeles lakers,sacramento kings,122,114,0.495,0.518,24,31,44,45,5,18,8.0,-8.0,1
0022100567,2022-01-05,charlotte hornets,detroit pistons,140,111,0.593,0.467,39,26,49,36,17,13,29.0,-29.0,1
0022100568,2022-01-05,orlando magic,philadelphia 76ers,106,116,0.444,0.506,22,26,47,42,19,15,-10.0,10.0,0
0022100569,2022-01-05,houston rockets,washington wizards,114,111,0.471,0.44,15,18,48,41,20,15,3.0,-3.0,1
0022100570,2022-01-05,boston celtics,san antonio spurs,97,99,0.444,0.477,19,20,41,48,8,17,-2.0,2.0,0
0022100571,2022-01-05,brooklyn nets,indiana pacers,129,121,0.57,0.5,28,26,38,33,11,15,8.0,-8.0,1
0022100572,2022-01-05,dallas mavericks,golden state warriors,99,82,0.379,0.407,22,20,46,46,12,16,17.0,-17.0,1
0022100573,2022-01-05,milwaukee bucks,toronto raptors,111,117,0.447,0.472,22,24,45,44,17,14,-6.0,6.0,0
0022100574,2022-01-05,minnesota timberwolves,oklahoma city thunder,98,90,0.4,0.367,23,21,55,52,16,17,8.0,-8.0,1
0022100575,2022-01-05,denver nuggets,utah jazz,109,115,0.477,0.467,27,22,42,44,12,7,-6.0,6.0,0
0022100576,2022-01-05,miami heat,portland trail blazers,115,109,0.451,0.423,29,18,50,36,11,5,6.0,-6.0,1
0022100577,2022-01-05,atlanta hawks,sacramento kings,108,102,0.453,0.422,20,15,48,47,10,11,6.0,-6.0,1
0022100578,2022-01-06,boston celtics,new york knicks,105,108,0.475,0.444,22,23,38,42,12,8,-3.0,3.0,0
0022100579,2022-01-06,detroit pistons,memphis grizzlies,88,118,0.343,0.49,23,31,39,61,11,18,-30.0,30.0,0
0022100580,2022-01-06,golden state warriors,new orleans pelicans,96,101,0.425,0.422,22,20,43,46,14,17,-5.0,5.0,0
0022100581,2022-01-06,la clippers,phoenix suns,89,106,0.36,0.411,20,22,49,63,12,8,-17.0,17.0,0
0022100582,2022-01-07,philadelphia 76ers,san antonio spurs,119,100,0.517,0.413,28,22,49,39,13,12,19.0,-19.0,1
0022100583,2022-01-07,brooklyn nets,milwaukee bucks,109,121,0.457,0.458,23,21,49,45,10,10,-10.0,12.4,0
0022100584,2022-01-07,toronto raptors,utah jazz,122,108,0.45,0.481,26,23,48,40,7,21,3.2,-9.2,1
0022100585,2022-01-07,chicago bulls,washington wizards,130,122,0.527,0.511,34,28,41,41,15,15,8.0,-8.0,1
0022100586,2022-01-07,dallas mavericks,houston rockets,130,106,0.544,0.425,34,17,55,40,14,13,24.0,-24.0,1
0022100587,2022-01-07,minnesota timberwolves,oklahoma city thunder,135,105,0.556,0.404,39,26,45,45,15,19,30.0,-30.0,1
0022100588,2022-01-07,denver nuggets,sacramento kings,121,111,0.553,0.435,32,21,41,47,7,11,10.0,-10.0,1
0022100589,2022-01-07,atlanta hawks,los angeles lakers,118,134,0.448,0.495,29,37,54,47,15,8,-16.0,16.0,0
0022100590,2022-01-07,cleveland cavaliers,portland trail blazers,114,101,0.488,0.402,22,22,43,51,8,11,9.2,-9.6,1
0022100591,2022-01-08,la clippers,memphis grizzlies,108,123,0.406,0.44,16,26,49,56,12,9,-15.0,15.0,0
0022100592,2022-01-08,charlotte hornets,milwaukee bucks,114,106,0.444,0.389,29,21,49,53,10,15,8.0,-8.0,1
0022100593,2022-01-08,detroit pistons,orlando magic,97,92,0.437,0.337,23,25,49,44,12,12,5.0,-5.0,1
0022100594,2022-01-08,indiana pacers,utah jazz,125,113,0.55,0.476,30,20,38,39,10,14,12.0,-12.0,1
0022100595,2022-01-08,boston celtics,new york knicks,99,75,0.474,0.367,26,13,45,40,10,12,24.0,-24.0,1
0022100596,2022-01-08,miami heat,phoenix suns,123,100,0.5,0.38,33,24,49,35,14,15,23.0,-23.0,1
0022100597,2022-01-09,atlanta hawks,la clippers,93,106,0.449,0.478,19,24,39,47,13,12,-13.0,13.0,0
0022100598,2022-01-09,orlando magic,washington wizards,100,102,0.4,0.409,18,23,42,54,7,12,-2.0,2.0,0
0022100599,2022-01-09,new orleans pelicans,toronto raptors,101,105,0.453,0.424,20,18,35,46,13,12,-4.0,4.0,0
0022100600,2022-01-09,houston rockets,minnesota timberwolves,123,141,0.474,0.509,31,37,45,56,12,11,-18.0,18.0,0
0022100601,2022-01-09,denver nuggets,oklahoma city thunder,99,95,0.416,0.432,28,29,53,41,15,9,4.0,-4.0,1
0022100602,2022-01-09,brooklyn nets,san antonio spurs,121,119,0.48,0.43,26,33,55,44,21,15,2.0,-2.0,1
0022100603,2022-01-09,chicago bulls,dallas mavericks,99,113,0.433,0.5,23,28,39,48,7,9,-14.0,14.0,0
0022100604,2022-01-09,cleveland cavaliers,golden state warriors,82,96,0.427,0.402,21,24,42,54,18,14,-14.0,14.0,0
0022100605,2022-01-09,portland trail blazers,sacramento kings,103,88,0.42,0.388,26,20,48,46,16,12,15.0,-15.0,1
0022100606,2022-01-09,los angeles lakers,memphis grizzlies,119,127,0.464,0.547,26,33,41,47,12,12,-8.0,8.0,0
0022100607,2022-01-10,charlotte hornets,milwaukee bucks,103,99,0.396,0.44,23,25,48,48,14,20,4.0,-4.0,1
0022100608,2022-01-10,detroit pistons,utah jazz,126,116,0.516,0.512,30,23,39,40,11,16,10.0,-10.0,1
0022100609,2022-01-10,boston celtics,indiana pacers,101,98,0.398,0.383,17,22,53,47,20,17,3.0,-3.0,1
0022100610,2022-01-10,new york knicks,san antonio spurs,111,96,0.488,0.411,23,19,49,43,15,10,15.0,-15.0,1
0022100611,2022-01-10,cleveland cavaliers,sacramento kings,109,108,0.494,0.429,29,20,48,43,16,10,1.0,-1.0,1
0022100612,2022-01-11,oklahoma city thunder,washington wizards,118,122,0.48,0.54,23,29,41,42,5,8,-4.0,4.0,0
0022100613,2022-01-11,phoenix suns,toronto raptors,99,95,0.473,0.404,25,15,39,47,20,14,4.0,-4.0,1
0022100614,2022-01-11,golden state warriors,memphis grizzlies,108,116,0.427,0.44,25,30,45,49,16,11,-8.0,8.0,0
0022100615,2022-01-11,minnesota timberwolves,new orleans pelicans,125,128,0.488,0.553,27,33,32,38,13,20,-3.0,3.0,0
0022100616,2022-01-11,denver nuggets,la clippers,85,87,0.4,0.405,24,23,56,31,19,9,-2.0,2.0,0
0022100617,2022-01-16,detroit pistons,phoenix suns,108,135,0.463,0.586,25,30,32,51,9,14,-27.0,27.0,0
0022100618,2022-01-12,boston celtics,indiana pacers,119,100,0.513,0.465,23,27,37,37,11,11,19.0,-19.0,1
0022100619,2022-01-12,charlotte hornets,philadelphia 76ers,109,98,0.517,0.466,29,18,42,33,10,16,11.0,-11.0,1
0022100620,2022-01-12,orlando magic,washington wizards,106,112,0.414,0.524,31,26,49,42,9,10,-6.0,6.0,0
0022100621,2022-01-12,atlanta hawks,miami heat,91,115,0.378,0.478,20,28,37,54,14,14,-24.0,24.0,0
0022100622,2022-01-12,dallas mavericks,new york knicks,85,108,0.41,0.467,16,24,39,54,13,9,-23.0,23.0,0
0022100623,2022-01-12,houston rockets,san antonio spurs,128,124,0.549,0.434,23,27,48,43,14,9,4.0,-4.0,1
0022100624,2022-01-12,cleveland cavaliers,utah jazz,111,91,0.531,0.4,28,11,50,32,13,7,20.0,-20.0,1
0022100625,2022-01-12,brooklyn nets,chicago bulls,138,112,0.563,0.469,35,22,41,35,9,17,26.0,-26.0,1
0022100626,2022-01-12,los angeles lakers,sacramento kings,116,125,0.429,0.551,25,28,45,45,9,12,-9.0,9.0,0
0022100627,2022-01-13,golden state warriors,milwaukee bucks,99,118,0.347,0.512,20,29,49,54,15,16,-19.0,19.0,0
0022100628,2022-01-13,memphis grizzlies,minnesota timberwolves,116,108,0.457,0.427,22,23,56,46,13,15,8.0,-8.0,1
0022100629,2022-01-13,la clippers,new orleans pelicans,89,113,0.383,0.443,19,23,46,57,15,6,-24.0,24.0,0
0022100630,2022-01-13,brooklyn nets,oklahoma city thunder,109,130,0.418,0.516,16,32,50,38,12,10,-21.0,21.0,0
0022100631,2022-01-13,denver nuggets,portland trail blazers,140,108,0.627,0.453,35,28,40,34,15,15,32.0,-32.0,1
0022100632,2022-01-14,charlotte hornets,orlando magic,109,116,0.412,0.517,28,32,44,43,16,19,-7.0,7.0,0
0022100633,2022-01-14,detroit pistons,toronto raptors,103,87,0.469,0.322,22,18,43,46,8,11,16.0,-16.0,1
0022100634,2022-01-14,indiana pacers,phoenix suns,94,112,0.386,0.455,20,24,42,51,12,14,-18.0,18.0,0
0022100635,2022-01-14,boston celtics,philadelphia 76ers,99,111,0.474,0.447,20,26,44,40,20,9,-12.0,12.0,0
0022100636,2022-01-14,atlanta hawks,miami heat,118,124,0.481,0.532,26,30,34,37,15,15,-6.0,6.0,0
0022100637,2022-01-14,chicago bulls,golden state warriors,96,138,0.425,0.564,26,39,36,47,14,7,-42.0,42.0,0
0022100638,2022-01-14,cleveland cavaliers,san antonio spurs,114,109,0.484,0.457,24,22,46,47,9,15,5.0,-5.0,1
0022100639,2022-01-14,dallas mavericks,memphis grizzlies,112,85,0.516,0.382,30,19,52,41,13,14,27.0,-27.0,1
0022100640,2022-01-14,houston rockets,sacramento kings,114,126,0.436,0.5,25,33,50,53,16,14,-12.0,12.0,0
0022100641,2022-01-15,milwaukee bucks,toronto raptors,96,103,0.338,0.44,19,25,41,50,13,14,-7.0,7.0,0
0022100642,2022-01-15,portland trail blazers,washington wizards,115,110,0.459,0.433,19,20,39,43,12,20,5.0,-5.0,1
0022100643,2022-01-15,atlanta hawks,new york knicks,108,117,0.5,0.506,23,24,31,44,9,8,-9.0,9.0,0
0022100644,2022-01-15,brooklyn nets,new orleans pelicans,120,105,0.548,0.46,30,27,44,35,14,11,15.0,-15.0,1
0022100645,2022-01-15,miami heat,philadelphia 76ers,98,109,0.384,0.506,24,24,43,43,10,15,-11.0,11.0,0
0022100646,2022-01-15,cleveland cavaliers,oklahoma city thunder,107,102,0.46,0.434,28,17,37,51,7,15,5.0,-5.0,1
0022100647,2022-01-15,boston celtics,chicago bulls,114,112,0.489,0.506,27,31,50,32,11,6,2.0,-2.0,1
0022100648,2022-01-15,la clippers,san antonio spurs,94,101,0.38,0.41,24,19,54,54,14,14,-7.0,7.0,0
0022100649,2022-01-15,denver nuggets,los angeles lakers,133,96,0.516,0.439,35,21,51,41,6,10,37.0,-37.0,1
0022100650,2022-01-15,dallas mavericks,orlando magic,108,92,0.41,0.481,16,16,47,37,9,15,16.0,-16.0,1
0022100651,2022-01-16,houston rockets,sacramento kings,118,112,0.539,0.451,22,26,47,37,22,12,6.0,-6.0,1
0022100652,2022-01-16,golden state warriors,minnesota timberwolves,99,119,0.39,0.495,20,30,47,47,15,15,-20.0,20.0,0
0022100653,2022-01-16,denver nuggets,utah jazz,102,125,0.442,0.524,32,26,39,51,9,9,-23.0,23.0,0
0022100654,2022-01-17,boston celtics,new orleans pelicans,104,92,0.475,0.414,22,23,47,41,14,11,12.0,-12.0,1
0022100655,2022-01-17,charlotte hornets,new york knicks,97,87,0.419,0.4,23,22,39,53,7,15,10.0,-10.0,1
0022100656,2022-01-17,philadelphia 76ers,washington wizards,98,117,0.407,0.483,19,25,42,49,12,12,-19.0,19.0,0
0022100657,2022-01-17,brooklyn nets,cleveland cavaliers,107,114,0.494,0.519,27,26,35,40,14,15,-7.0,7.0,0
0022100658,2022-01-17,chicago bulls,memphis grizzlies,106,119,0.435,0.511,24,29,43,48,18,17,-13.0,13.0,0
0022100659,2022-01-17,indiana pacers,la clippers,133,139,0.515,0.549,30,32,41,37,12,11,-6.0,6.0,0
0022100660,2022-01-17,atlanta hawks,milwaukee bucks,121,114,0.442,0.443,25,21,46,42,13,13,7.0,-7.0,1
0022100661,2022-01-17,orlando magic,portland trail blazers,88,98,0.378,0.411,21,20,50,55,16,17,-10.0,10.0,0
0022100662,2022-01-17,miami heat,toronto raptors,104,99,0.458,0.411,20,24,49,45,12,11,5.0,-5.0,1
0022100663,2022-01-17,dallas mavericks,oklahoma city thunder,104,102,0.398,0.434,28,20,47,42,11,13,2.0,-2.0,1
0022100664,2022-01-17,phoenix suns,san antonio spurs,121,107,0.516,0.446,29,21,45,47,5,12,14.0,-14.0,1
0022100665,2022-01-17,los angeles lakers,utah jazz,101,95,0.442,0.373,15,21,45,44,12,15,6.0,-6.0,1
0022100666,2022-01-18,minnesota timberwolves,new york knicks,112,110,0.432,0.463,21,21,38,44,12,18,2.0,-2.0,1
0022100667,2022-01-18,detroit pistons,golden state warriors,86,102,0.353,0.41,18,26,50,54,16,13,-16.0,16.0,0
0022100668,2022-01-19,orlando magic,philadelphia 76ers,110,123,0.444,0.542,26,21,43,44,11,9,-13.0,13.0,0
0022100669,2022-01-19,brooklyn nets,washington wizards,119,118,0.528,0.477,23,23,36,40,12,12,1.0,-1.0,1
0022100670,2022-01-19,atlanta hawks,minnesota timberwolves,134,122,0.523,0.433,34,21,39,45,11,13,12.0,-12.0,1
0022100671,2022-01-19,boston celtics,charlotte hornets,102,111,0.433,0.488,27,27,38,47,14,15,-9.0,9.0,0
0022100672,2022-01-19,miami heat,portland trail blazers,104,92,0.463,0.407,24,19,43,43,14,16,12.0,-12.0,1
0022100673,2022-01-19,chicago bulls,cleveland cavaliers,117,104,0.547,0.519,25,27,37,38,9,14,13.0,-13.0,1
0022100674,2022-01-19,memphis grizzlies,milwaukee bucks,114,126,0.415,0.474,26,29,47,56,9,15,-12.0,9.0,0
0022100675,2022-01-19,dallas mavericks,toronto raptors,102,98,0.487,0.385,23,17,45,44,16,12,4.0,-4.0,1
0022100676,2022-01-19,oklahoma city thunder,san antonio spurs,96,118,0.388,0.49,20,32,46,50,14,9,-22.0,22.0,0
0022100677,2022-01-19,houston rockets,utah jazz,116,111,0.427,0.472,24,26,44,49,8,9,5.0,-5.0,1
0022100678,2022-01-19,denver nuggets,la clippers,130,128,0.49,0.536,32,35,44,47,12,12,2.0,-2.0,1
0022100679,2022-01-19,detroit pistons,sacramento kings,133,131,0.505,0.524,27,22,41,35,8,7,2.0,-2.0,1
0022100680,2022-01-19,indiana pacers,los angeles lakers,111,104,0.489,0.444,28,23,48,40,12,11,7.0,-7.0,1
0022100681,2022-01-20,new orleans pelicans,new york knicks,102,91,0.5,0.377,27,21,35,48,12,15,11.0,-11.0,1
0022100682,2022-01-20,dallas mavericks,phoenix suns,101,109,0.435,0.453,19,25,50,40,19,7,-8.0,8.0,0
0022100683,2022-01-20,golden state warriors,indiana pacers,117,121,0.447,0.432,28,23,53,48,21,14,-4.0,4.0,0
0022100684,2022-01-21,charlotte hornets,oklahoma city thunder,121,98,0.455,0.378,34,20,62,52,12,11,23.0,-23.0,1
0022100685,2022-01-21,los angeles lakers,orlando magic,116,105,0.494,0.444,23,23,45,35,18,17,11.0,-11.0,1
0022100686,2022-01-21,la clippers,philadelphia 76ers,102,101,0.46,0.418,21,23,49,44,10,7,1.0,-1.0,1
0022100687,2022-01-21,atlanta hawks,miami heat,110,108,0.559,0.482,26,30,36,33,16,15,2.0,-2.0,1
0022100688,2022-01-21,boston celtics,portland trail blazers,105,109,0.451,0.474,25,20,42,42,11,13,-4.0,4.0,0
0022100689,2022-01-21,toronto raptors,washington wizards,109,105,0.467,0.506,20,29,40,45,8,17,4.0,-4.0,1
0022100690,2022-01-21,chicago bulls,milwaukee bucks,90,94,0.365,0.386,21,20,49,53,8,8,-4.0,4.0,0
0022100691,2022-01-21,brooklyn nets,san antonio spurs,117,102,0.48,0.389,24,24,53,49,7,6,15.0,-15.0,1
0022100692,2022-01-21,denver nuggets,memphis grizzlies,118,122,0.473,0.524,34,19,37,48,13,15,-4.0,4.0,0
0022100693,2022-01-21,detroit pistons,utah jazz,101,111,0.437,0.456,22,22,40,44,10,10,-10.0,10.0,0
0022100694,2022-01-21,golden state warriors,houston rockets,105,103,0.481,0.427,25,25,41,39,17,12,2.0,-2.0,1
0022100695,2022-01-22,cleveland cavaliers,oklahoma city thunder,94,87,0.461,0.388,22,16,54,41,22,15,7.0,-7.0,1
0022100696,2022-01-22,milwaukee bucks,sacramento kings,133,127,0.495,0.526,19,29,43,48,7,14,6.0,-6.0,1
0022100697,2022-01-22,indiana pacers,phoenix suns,103,113,0.44,0.49,19,34,44,51,17,11,-10.0,10.0,0
0022100698,2022-01-23,la clippers,new york knicks,102,110,0.43,0.429,20,26,40,52,12,12,-8.0,8.0,0
0022100699,2022-01-23,boston celtics,washington wizards,116,87,0.444,0.355,26,20,57,44,13,6,29.0,-29.0,1
0022100700,2022-01-23,los angeles lakers,miami heat,107,113,0.456,0.494,20,31,38,39,17,15,-6.0,6.0,0
0022100701,2022-01-23,chicago bulls,orlando magic,95,114,0.434,0.525,10,31,44,35,21,12,-19.0,19.0,0
0022100702,2022-01-23,portland trail blazers,toronto raptors,114,105,0.529,0.398,31,28,47,43,22,15,9.0,-9.0,1
0022100703,2022-01-23,atlanta hawks,charlotte hornets,113,91,0.455,0.391,25,23,45,54,10,16,22.0,-22.0,1
0022100704,2022-01-23,philadelphia 76ers,san antonio spurs,115,109,0.478,0.472,22,30,47,43,10,8,6.0,-6.0,1
0022100705,2022-01-23,dallas mavericks,memphis grizzlies,104,91,0.486,0.374,22,20,42,50,15,15,13.0,-13.0,1
0022100706,2022-01-23,brooklyn nets,minnesota timberwolves,125,136,0.505,0.522,27,24,48,37,17,9,-11.0,11.0,0
0022100707,2022-01-23,denver nuggets,detroit pistons,117,111,0.518,0.56,29,28,34,34,11,22,9.0,-6.0,1
0022100708,2022-01-23,golden state warriors,utah jazz,94,92,0.434,0.383,19,17,40,51,9,9,2.0,-2.0,1
0022100709,2022-01-24,cleveland cavaliers,new york knicks,95,93,0.432,0.417,29,21,51,45,19,11,2.0,-2.0,1
0022100710,2022-03-03,atlanta hawks,chicago bulls,130,124,0.524,0.591,26,30,33,32,5,13,6.0,-6.0,1
0022100711,2022-01-10,houston rockets,philadelphia 76ers,91,111,0.39,0.457,18,23,39,47,20,14,-20.0,20.0,0
0022100712,2022-01-24,indiana pacers,new orleans pelicans,113,117,0.437,0.466,26,23,41,45,15,11,-4.0,4.0,0
0022100713,2022-01-24,phoenix suns,utah jazz,115,109,0.475,0.494,28,16,51,38,14,13,6.0,-6.0,1
0022100714,2022-01-25,denver nuggets,detroit pistons,110,105,0.429,0.423,25,25,56,36,25,9,5.0,-5.0,1
0022100715,2022-01-25,charlotte hornets,toronto raptors,113,125,0.488,0.524,25,27,37,42,12,14,-12.0,12.0,0
0022100716,2022-01-25,la clippers,washington wizards,116,115,0.415,0.463,28,25,48,52,11,18,1.0,-1.0,1
0022100717,2022-01-25,boston celtics,sacramento kings,128,75,0.495,0.305,32,15,67,45,11,10,53.0,-53.0,1
0022100718,2022-01-25,brooklyn nets,los angeles lakers,96,106,0.42,0.472,20,23,54,33,18,8,-10.0,10.0,0
0022100719,2022-01-25,houston rockets,san antonio spurs,104,134,0.411,0.574,21,38,45,49,15,13,-30.0,30.0,0
0022100720,2022-01-25,dallas mavericks,golden state warriors,92,130,0.352,0.533,17,31,39,58,11,14,-38.0,38.0,0
0022100721,2022-01-25,minnesota timberwolves,portland trail blazers,109,107,0.439,0.394,21,26,49,50,15,14,2.0,-2.0,1
0022100722,2022-01-26,cleveland cavaliers,milwaukee bucks,115,99,0.471,0.463,27,22,41,41,12,19,16.0,-16.0,1
0022100723,2022-01-26,charlotte hornets,indiana pacers,158,126,0.581,0.478,37,33,36,41,13,19,32.0,-32.0,1
0022100724,2022-01-26,la clippers,orlando magic,111,102,0.444,0.452,20,29,49,39,15,13,9.0,-9.0,1
0022100725,2022-01-26,atlanta hawks,sacramento kings,121,104,0.533,0.419,29,23,48,42,8,12,17.0,-17.0,1
0022100726,2022-02-28,brooklyn nets,toronto raptors,97,133,0.384,0.515,23,35,45,47,22,12,-36.0,36.0,0
0022100727,2022-01-26,miami heat,new york knicks,110,96,0.5,0.422,30,24,38,44,17,17,14.0,-14.0,1
0022100728,2022-01-26,memphis grizzlies,san antonio spurs,118,110,0.511,0.457,24,30,44,39,13,13,8.0,-8.0,1
0022100729,2022-01-28,denver nuggets,new orleans pelicans,116,105,0.5,0.389,29,23,43,43,21,13,11.0,-11.0,1
0022100730,2022-01-24,chicago bulls,oklahoma city thunder,111,110,0.461,0.413,31,26,51,44,16,11,1.0,-1.0,1
0022100731,2022-01-26,phoenix suns,utah jazz,105,97,0.488,0.43,14,20,44,39,7,14,8.0,-8.0,1
0022100732,2022-01-26,dallas mavericks,portland trail blazers,132,112,0.545,0.512,35,27,45,38,8,9,20.0,-20.0,1
0022100733,2022-01-27,los angeles lakers,philadelphia 76ers,87,105,0.409,0.5,19,30,42,41,17,14,-18.0,18.0,0
0022100734,2022-01-27,golden state warriors,minnesota timberwolves,124,115,0.537,0.442,31,22,47,41,18,9,9.0,-9.0,1
0022100735,2022-01-28,charlotte hornets,los angeles lakers,117,114,0.518,0.418,25,19,50,44,11,6,3.0,-3.0,1
0022100736,2022-01-28,detroit pistons,orlando magic,103,119,0.368,0.494,23,28,41,47,10,15,-16.0,16.0,0
0022100737,2022-01-28,atlanta hawks,boston celtics,108,92,0.461,0.349,19,15,43,52,11,16,16.0,-16.0,1
0022100738,2022-01-28,la clippers,miami heat,114,121,0.446,0.471,22,28,37,51,13,18,-7.0,7.0,0
0022100739,2022-01-28,houston rockets,portland trail blazers,110,125,0.481,0.568,25,20,38,34,17,13,-15.0,15.0,0
0022100740,2022-01-28,memphis grizzlies,utah jazz,119,109,0.561,0.435,27,20,42,37,15,16,10.0,-10.0,1
0022100741,2022-01-28,indiana pacers,oklahoma city thunder,113,110,0.432,0.453,25,22,60,43,19,13,3.0,-3.0,1
0022100742,2022-01-28,chicago bulls,san antonio spurs,122,131,0.523,0.526,22,35,37,44,6,7,-9.0,9.0,0
0022100743,2022-01-28,minnesota timberwolves,phoenix suns,124,134,0.489,0.512,20,36,38,49,7,12,-10.0,10.0,0
0022100744,2022-01-28,milwaukee bucks,new york knicks,123,108,0.461,0.464,27,21,47,45,12,14,15.0,-15.0,1
0022100745,2022-01-29,boston celtics,new orleans pelicans,107,97,0.531,0.439,31,22,43,40,14,13,10.0,-10.0,1
0022100746,2022-01-29,dallas mavericks,indiana pacers,132,105,0.531,0.44,31,25,46,47,5,11,27.0,-27.0,1
0022100747,2022-01-29,philadelphia 76ers,sacramento kings,103,101,0.514,0.439,24,24,36,43,17,13,2.0,-2.0,1
0022100748,2022-01-29,miami heat,toronto raptors,120,124,0.409,0.439,26,24,61,53,23,16,-4.0,4.0,0
0022100749,2022-01-29,memphis grizzlies,washington wizards,115,95,0.46,0.417,24,27,60,37,9,12,20.0,-20.0,1
0022100750,2022-01-29,brooklyn nets,golden state warriors,106,110,0.398,0.408,21,24,52,55,10,10,-4.0,4.0,0
0022100751,2022-01-30,atlanta hawks,los angeles lakers,129,121,0.583,0.54,31,29,45,38,12,12,8.0,-8.0,1
0022100752,2022-01-30,charlotte hornets,la clippers,90,115,0.327,0.524,24,23,44,60,8,17,-25.0,25.0,0
0022100753,2022-01-30,chicago bulls,portland trail blazers,130,116,0.556,0.518,36,23,44,36,7,12,14.0,-14.0,1
0022100754,2022-01-30,cleveland cavaliers,detroit pistons,105,115,0.463,0.462,25,26,41,48,11,9,-8.0,10.0,0
0022100755,2022-01-30,dallas mavericks,orlando magic,108,110,0.481,0.512,22,26,40,40,18,16,-2.0,2.0,0
0022100756,2022-01-30,denver nuggets,milwaukee bucks,136,100,0.602,0.474,39,23,41,32,9,15,36.0,-36.0,1
0022100757,2022-01-30,minnesota timberwolves,utah jazz,126,106,0.551,0.469,35,23,40,38,16,18,20.0,-20.0,1
0022100758,2022-01-30,phoenix suns,san antonio spurs,115,110,0.495,0.45,31,27,46,43,8,11,5.0,-5.0,1
0022100759,2022-01-31,cleveland cavaliers,new orleans pelicans,93,90,0.429,0.388,26,26,37,51,9,13,3.0,-3.0,1
0022100760,2022-01-31,indiana pacers,la clippers,122,116,0.526,0.469,31,25,50,41,11,9,6.0,-6.0,1
0022100761,2022-01-31,memphis grizzlies,philadelphia 76ers,119,122,0.461,0.49,18,30,48,49,14,21,-4.0,4.0,0
0022100762,2022-01-31,boston celtics,miami heat,122,92,0.524,0.391,24,25,44,38,10,18,30.0,-30.0,1
0022100763,2022-01-31,new york knicks,sacramento kings,116,96,0.5,0.43,25,24,47,36,17,16,20.0,-20.0,1
0022100764,2022-01-31,golden state warriors,houston rockets,122,108,0.538,0.429,23,25,41,37,14,16,14.0,-14.0,1
0022100765,2022-01-31,oklahoma city thunder,portland trail blazers,98,81,0.407,0.42,22,18,50,41,12,14,17.0,-17.0,1
0022100766,2022-02-01,detroit pistons,new orleans pelicans,101,111,0.488,0.438,21,24,35,46,18,15,-10.0,10.0,0
0022100767,2022-01-31,atlanta hawks,toronto raptors,100,106,0.457,0.427,28,21,46,43,15,8,-6.0,6.0,0
0022100768,2022-02-01,milwaukee bucks,washington wizards,112,98,0.5,0.439,26,22,44,40,9,12,14.0,-14.0,1
0022100769,2022-02-01,chicago bulls,orlando magic,126,115,0.511,0.495,25,33,49,36,9,9,11.0,-11.0,1
0022100770,2022-02-01,denver nuggets,minnesota timberwolves,115,130,0.427,0.495,27,35,46,52,12,10,-15.0,15.0,0
0022100771,2022-02-01,golden state warriors,san antonio spurs,124,120,0.448,0.554,30,33,46,34,14,14,4.0,-4.0,1
0022100772,2022-02-01,brooklyn nets,phoenix suns,111,121,0.494,0.553,25,26,33,37,11,15,-10.0,10.0,0
0022100773,2022-02-02,indiana pacers,orlando magic,118,119,0.449,0.442,25,29,46,52,8,12,-1.0,1.0,0
0022100774,2022-02-02,philadelphia 76ers,washington wizards,103,106,0.451,0.456,23,25,41,52,4,8,-3.0,3.0,0
0022100775,2022-02-02,boston celtics,charlotte hornets,113,107,0.512,0.425,31,18,42,46,18,16,6.0,-6.0,1
0022100776,2022-02-02,memphis grizzlies,new york knicks,120,108,0.431,0.432,30,23,51,48,9,15,12.0,-12.0,1
0022100777,2022-02-02,cleveland cavaliers,houston rockets,104,115,0.513,0.476,23,25,48,37,17,12,-11.0,11.0,0
0022100778,2022-02-02,dallas mavericks,oklahoma city thunder,114,120,0.469,0.477,28,25,39,50,13,18,-6.0,6.0,0
0022100779,2022-02-02,denver nuggets,utah jazz,104,108,0.532,0.488,24,21,39,37,14,7,-4.0,4.0,0
0022100780,2022-02-02,brooklyn nets,sacramento kings,101,112,0.488,0.441,22,23,40,48,13,11,-11.0,11.0,0
0022100781,2022-02-02,los angeles lakers,portland trail blazers,99,94,0.423,0.357,25,23,53,55,16,12,5.0,-5.0,1
0022100782,2022-02-03,detroit pistons,minnesota timberwolves,117,128,0.44,0.506,27,29,45,42,15,14,-11.0,11.0,0
0022100783,2022-02-03,atlanta hawks,phoenix suns,124,115,0.524,0.523,25,30,41,39,15,10,9.0,-9.0,1
0022100784,2022-02-01,miami heat,toronto raptors,106,110,0.487,0.481,26,20,38,43,16,15,-4.0,4.0,0
0022100785,2022-02-03,golden state warriors,sacramento kings,126,114,0.56,0.525,27,29,40,25,15,15,12.0,-12.0,1
0022100786,2022-02-03,la clippers,los angeles lakers,111,110,0.517,0.466,29,19,43,44,7,10,1.0,-1.0,1
0022100787,2022-02-04,charlotte hornets,cleveland cavaliers,101,102,0.413,0.4,27,26,52,51,14,12,-1.0,1.0,0
0022100788,2022-02-04,boston celtics,detroit pistons,102,93,0.451,0.327,23,18,55,56,13,11,9.0,-9.0,1
0022100789,2022-02-04,chicago bulls,indiana pacers,122,115,0.544,0.495,30,25,43,37,9,12,7.0,-7.0,1
0022100790,2022-02-04,atlanta hawks,toronto raptors,114,125,0.462,0.568,27,29,40,45,9,14,-11.0,11.0,0
0022100791,2022-02-04,dallas mavericks,philadelphia 76ers,107,98,0.459,0.514,22,23,40,36,10,13,9.0,-9.0,1
0022100792,2022-02-04,houston rockets,san antonio spurs,106,131,0.434,0.573,15,33,35,44,17,12,-25.0,25.0,0
0022100793,2022-02-04,brooklyn nets,utah jazz,102,125,0.414,0.565,25,33,42,50,9,16,-23.0,23.0,0
0022100794,2022-02-04,denver nuggets,new orleans pelicans,105,113,0.449,0.56,22,27,31,38,15,14,-8.0,8.0,0
0022100795,2022-02-04,oklahoma city thunder,portland trail blazers,96,93,0.379,0.396,24,18,52,53,14,12,3.0,-3.0,1
0022100796,2022-02-05,memphis grizzlies,orlando magic,135,115,0.505,0.433,33,27,62,38,8,9,20.0,-20.0,1
0022100797,2022-02-05,charlotte hornets,miami heat,86,104,0.384,0.418,23,27,50,49,19,12,-18.0,18.0,0
0022100798,2022-02-05,phoenix suns,washington wizards,95,80,0.404,0.353,26,14,64,42,10,9,15.0,-15.0,1
0022100799,2022-02-05,los angeles lakers,new york knicks,122,115,0.471,0.398,29,24,57,56,13,14,7.0,-7.0,1
0022100800,2022-02-05,milwaukee bucks,portland trail blazers,137,108,0.533,0.482,36,25,44,38,10,16,29.0,-29.0,1
0022100801,2022-02-05,oklahoma city thunder,sacramento kings,103,113,0.483,0.518,23,30,41,47,14,15,-10.0,10.0,0
0022100802,2022-02-06,chicago bulls,philadelphia 76ers,108,119,0.481,0.536,21,29,38,38,8,9,-11.0,11.0,0
0022100803,2022-02-06,detroit pistons,minnesota timberwolves,105,118,0.421,0.462,28,27,47,51,10,10,-13.0,13.0,0
0022100804,2022-02-06,brooklyn nets,denver nuggets,104,124,0.414,0.521,24,37,36,55,10,10,-20.0,20.0,0
0022100805,2022-02-06,cleveland cavaliers,indiana pacers,98,85,0.405,0.373,25,17,50,47,10,19,13.0,-13.0,1
0022100806,2022-02-06,boston celtics,orlando magic,116,83,0.455,0.358,29,17,55,40,14,17,33.0,-33.0,1
0022100807,2022-02-06,atlanta hawks,dallas mavericks,94,103,0.389,0.432,21,25,50,48,12,14,-9.0,9.0,0
0022100808,2022-02-06,houston rockets,new orleans pelicans,107,120,0.476,0.532,28,29,33,33,16,10,-13.0,13.0,0
0022100809,2022-02-06,la clippers,milwaukee bucks,113,137,0.417,0.545,26,28,44,50,10,10,-24.0,24.0,0
0022100810,2022-02-07,charlotte hornets,toronto raptors,101,116,0.411,0.488,28,21,38,51,13,18,-15.0,15.0,0
0022100811,2022-02-07,miami heat,washington wizards,121,100,0.566,0.45,29,25,37,33,18,16,21.0,-21.0,1
0022100812,2022-02-07,chicago bulls,phoenix suns,124,127,0.478,0.544,18,31,40,44,9,10,-3.0,3.0,0
0022100813,2022-02-07,golden state warriors,oklahoma city thunder,110,98,0.5,0.411,30,21,40,50,15,17,12.0,-12.0,1
0022100814,2022-02-07,new york knicks,utah jazz,104,113,0.379,0.419,18,19,56,49,16,10,-9.0,9.0,0
0022100815,2022-02-08,philadelphia 76ers,phoenix suns,109,114,0.461,0.453,24,27,44,48,14,8,-5.0,5.0,0
0022100816,2022-02-08,atlanta hawks,indiana pacers,133,112,0.578,0.398,36,22,43,43,14,13,21.0,-21.0,1
0022100817,2022-02-08,boston celtics,brooklyn nets,126,91,0.549,0.384,32,22,52,40,13,13,35.0,-35.0,1
0022100818,2022-02-08,la clippers,memphis grizzlies,109,135,0.449,0.515,25,26,40,55,17,13,-26.0,26.0,0
0022100819,2022-02-08,houston rockets,new orleans pelicans,97,110,0.372,0.525,19,27,47,43,21,19,-13.0,13.0,0
0022100820,2022-02-08,dallas mavericks,detroit pistons,116,86,0.506,0.379,24,20,47,45,13,15,30.0,-30.0,1
0022100821,2022-02-08,denver nuggets,new york knicks,132,115,0.541,0.446,31,25,52,41,13,8,17.0,-17.0,1
0022100822,2022-02-08,los angeles lakers,milwaukee bucks,116,131,0.518,0.542,28,31,41,42,16,11,-15.0,15.0,0
0022100823,2022-02-08,orlando magic,portland trail blazers,113,95,0.489,0.352,34,21,50,50,14,13,18.0,-18.0,1
0022100824,2022-02-08,minnesota timberwolves,sacramento kings,134,114,0.481,0.494,34,29,49,38,12,19,20.0,-20.0,1
0022100825,2022-02-09,cleveland cavaliers,san antonio spurs,105,92,0.476,0.384,18,24,51,46,13,13,13.0,-13.0,1
0022100826,2022-02-09,charlotte hornets,chicago bulls,109,121,0.43,0.561,26,27,43,40,8,12,-12.0,12.0,0
0022100827,2022-02-09,oklahoma city thunder,toronto raptors,98,117,0.414,0.511,28,22,45,45,17,16,-19.0,19.0,0
0022100828,2022-02-09,golden state warriors,utah jazz,85,111,0.359,0.461,17,26,35,52,11,9,-26.0,26.0,0
0022100829,2022-02-09,los angeles lakers,portland trail blazers,105,107,0.554,0.472,29,26,38,41,21,11,-2.0,2.0,0
0022100830,2022-02-09,minnesota timberwolves,sacramento kings,119,132,0.449,0.516,28,32,34,51,10,13,-13.0,13.0,0
0022100831,2022-02-10,detroit pistons,memphis grizzlies,107,132,0.436,0.478,27,32,40,60,9,12,-25.0,25.0,0
0022100832,2022-02-10,brooklyn nets,washington wizards,112,113,0.464,0.506,19,29,42,41,10,11,-1.0,1.0,0
0022100833,2022-02-10,miami heat,new orleans pelicans,112,97,0.481,0.424,25,19,43,39,13,17,15.0,-15.0,1
0022100834,2022-02-10,houston rockets,toronto raptors,120,139,0.524,0.546,25,25,41,37,21,11,-19.0,19.0,0
0022100835,2022-02-10,dallas mavericks,la clippers,112,105,0.487,0.481,19,24,41,31,13,10,7.0,-7.0,1
0022100836,2022-02-10,milwaukee bucks,phoenix suns,107,131,0.455,0.567,18,35,39,43,14,8,-24.0,24.0,0
0022100837,2022-02-10,golden state warriors,new york knicks,114,116,0.462,0.433,27,24,38,51,7,13,-2.0,2.0,0
0022100838,2022-02-11,charlotte hornets,detroit pistons,141,119,0.557,0.471,36,32,51,45,18,18,22.0,-22.0,1
0022100839,2022-02-11,cleveland cavaliers,indiana pacers,120,113,0.531,0.472,20,25,32,38,13,20,7.0,-7.0,1
0022100840,2022-02-11,oklahoma city thunder,philadelphia 76ers,87,100,0.389,0.387,21,19,52,55,15,11,-13.0,13.0,0
0022100841,2022-02-11,atlanta hawks,san antonio spurs,121,136,0.456,0.556,28,37,49,41,14,14,-15.0,15.0,0
0022100842,2022-02-11,boston celtics,denver nuggets,108,102,0.396,0.433,24,23,54,52,12,21,6.0,-6.0,1
0022100843,2022-02-11,chicago bulls,minnesota timberwolves,134,122,0.632,0.5,32,32,43,32,13,9,12.0,-12.0,1
0022100844,2022-02-11,orlando magic,utah jazz,99,114,0.44,0.449,23,22,40,50,18,15,-15.0,15.0,0
0022100845,2022-02-12,new york knicks,portland trail blazers,103,112,0.383,0.476,19,29,41,51,12,15,-9.0,9.0,0
0022100846,2022-02-12,charlotte hornets,memphis grizzlies,118,125,0.402,0.49,28,31,53,57,16,17,-7.0,7.0,0
0022100847,2022-02-12,sacramento kings,washington wizards,123,110,0.566,0.466,27,26,42,32,14,9,13.0,-13.0,1
0022100848,2022-02-12,new orleans pelicans,san antonio spurs,114,124,0.494,0.505,22,26,46,34,15,5,-10.0,10.0,0
0022100849,2022-02-12,cleveland cavaliers,philadelphia 76ers,93,103,0.468,0.481,21,24,34,40,15,11,-10.0,10.0,0
0022100850,2022-02-12,denver nuggets,toronto raptors,110,109,0.464,0.489,28,22,50,35,17,7,1.0,-1.0,1
0022100851,2022-02-12,brooklyn nets,miami heat,111,115,0.452,0.5,16,20,41,52,8,15,-4.0,4.0,0
0022100852,2022-02-12,chicago bulls,oklahoma city thunder,106,101,0.449,0.386,20,22,57,43,13,8,5.0,-5.0,1
0022100853,2022-02-12,dallas mavericks,la clippers,97,99,0.412,0.524,16,23,44,42,14,14,-2.0,2.0,0
0022100854,2022-02-12,golden state warriors,los angeles lakers,117,115,0.444,0.466,24,25,50,48,9,8,2.0,-2.0,1
0022100855,2022-02-12,orlando magic,phoenix suns,105,132,0.425,0.524,25,40,44,52,14,7,-27.0,27.0,0
0022100856,2022-02-13,atlanta hawks,boston celtics,95,105,0.366,0.424,18,21,48,54,13,12,-10.0,10.0,0
0022100857,2022-02-13,indiana pacers,minnesota timberwolves,120,129,0.441,0.512,28,23,54,38,13,13,-9.0,9.0,0
0022100858,2022-02-14,detroit pistons,washington wizards,94,103,0.376,0.471,19,21,44,45,11,15,-9.0,9.0,0
0022100859,2022-02-14,brooklyn nets,sacramento kings,109,85,0.512,0.344,25,12,49,43,16,18,24.0,-24.0,1
0022100860,2022-02-14,new york knicks,oklahoma city thunder,123,127,0.417,0.5,28,28,56,46,14,11,-4.0,4.0,0
0022100861,2022-02-14,chicago bulls,san antonio spurs,120,109,0.523,0.478,25,28,53,33,15,7,11.0,-11.0,1
0022100862,2022-02-14,milwaukee bucks,portland trail blazers,107,122,0.427,0.455,18,30,43,58,13,13,-15.0,15.0,0
0022100863,2022-02-14,new orleans pelicans,toronto raptors,120,90,0.584,0.305,36,8,47,44,13,6,30.0,-30.0,1
0022100864,2022-02-14,denver nuggets,orlando magic,121,111,0.477,0.44,25,24,52,42,22,15,10.0,-10.0,1
0022100865,2022-02-14,houston rockets,utah jazz,101,135,0.422,0.551,23,34,33,53,12,13,-34.0,34.0,0
0022100866,2022-02-14,golden state warriors,la clippers,104,119,0.453,0.565,23,25,38,43,14,12,-15.0,15.0,0
0022100867,2022-02-15,atlanta hawks,cleveland cavaliers,124,116,0.538,0.511,25,30,35,39,11,13,8.0,-8.0,1
0022100868,2022-02-15,dallas mavericks,miami heat,107,99,0.447,0.417,27,19,38,48,8,12,8.0,-8.0,1
0022100869,2022-02-15,boston celtics,philadelphia 76ers,135,87,0.561,0.288,28,17,51,40,9,9,48.0,-48.0,1
0022100870,2022-02-15,indiana pacers,milwaukee bucks,119,128,0.505,0.558,32,28,41,47,12,13,-9.0,9.0,0
0022100871,2022-02-15,charlotte hornets,minnesota timberwolves,120,126,0.412,0.394,31,29,62,58,14,13,-6.0,6.0,0
0022100872,2022-02-15,memphis grizzlies,new orleans pelicans,121,109,0.5,0.5,29,20,49,34,12,15,12.0,-12.0,1
0022100873,2022-02-15,la clippers,phoenix suns,96,103,0.412,0.489,26,30,46,52,13,16,-7.0,7.0,0
0022100874,2022-02-16,atlanta hawks,orlando magic,130,109,0.5,0.429,23,23,47,45,11,13,21.0,-21.0,1
0022100875,2022-02-16,boston celtics,detroit pistons,111,112,0.545,0.462,29,28,30,47,15,16,-1.0,1.0,0
0022100876,2022-02-16,indiana pacers,washington wizards,113,108,0.542,0.429,30,25,40,44,11,12,5.0,-5.0,1
0022100877,2022-02-16,brooklyn nets,new york knicks,111,106,0.439,0.435,21,22,51,44,9,9,5.0,-5.0,1
0022100878,2022-02-16,chicago bulls,sacramento kings,125,118,0.5,0.512,25,24,47,36,11,13,7.0,-7.0,1
0022100879,2022-02-16,memphis grizzlies,portland trail blazers,119,123,0.435,0.506,20,23,39,43,9,12,-4.0,4.0,0
0022100880,2022-02-16,minnesota timberwolves,toronto raptors,91,103,0.39,0.455,23,21,42,48,14,13,-12.0,12.0,0
0022100881,2022-02-16,oklahoma city thunder,san antonio spurs,106,114,0.39,0.439,25,29,50,57,8,13,-8.0,8.0,0
0022100882,2022-02-16,houston rockets,phoenix suns,121,124,0.433,0.512,23,27,49,42,16,11,-3.0,3.0,0
0022100883,2022-02-16,denver nuggets,golden state warriors,117,116,0.473,0.517,27,26,48,37,18,10,1.0,-1.0,1
0022100884,2022-02-16,los angeles lakers,utah jazz,106,101,0.477,0.468,24,17,44,41,11,13,5.0,-5.0,1
0022100885,2022-02-17,charlotte hornets,miami heat,107,111,0.4,0.402,27,31,58,56,18,14,-4.0,4.0,0
0022100886,2022-02-17,dallas mavericks,new orleans pelicans,125,118,0.537,0.5,18,22,38,48,8,13,7.0,-7.0,1
0022100887,2022-02-17,milwaukee bucks,philadelphia 76ers,120,123,0.442,0.5,20,21,44,46,7,12,-3.0,3.0,0
0022100888,2022-02-17,houston rockets,la clippers,111,142,0.462,0.554,29,34,35,50,18,16,-31.0,31.0,0
0022100889,2022-02-24,cleveland cavaliers,detroit pistons,103,106,0.442,0.407,20,23,43,49,12,10,-3.0,3.0,0
0022100890,2022-02-24,boston celtics,brooklyn nets,129,106,0.541,0.415,28,25,48,38,13,10,23.0,-23.0,1
0022100891,2022-02-24,atlanta hawks,chicago bulls,108,112,0.423,0.488,20,16,45,43,9,8,-4.0,4.0,0
0022100892,2022-02-24,memphis grizzlies,minnesota timberwolves,114,119,0.388,0.462,25,26,59,42,15,12,-5.0,5.0,0
0022100893,2022-02-24,oklahoma city thunder,phoenix suns,104,124,0.473,0.535,22,32,42,43,16,15,-20.0,20.0,0
0022100894,2022-02-24,golden state warriors,portland trail blazers,132,95,0.511,0.392,36,16,46,31,12,18,37.0,-37.0,1
0022100895,2022-02-24,denver nuggets,sacramento kings,128,110,0.558,0.5,30,25,39,34,16,15,18.0,-18.0,1
0022100896,2022-02-25,charlotte hornets,toronto raptors,125,93,0.553,0.44,34,18,52,36,16,16,32.0,-32.0,1
0022100897,2022-02-25,indiana pacers,oklahoma city thunder,125,129,0.485,0.495,31,23,51,54,14,11,-4.0,4.0,0
0022100898,2022-02-25,houston rockets,orlando magic,111,119,0.468,0.506,22,20,41,54,13,18,-8.0,8.0,0
0022100899,2022-02-25,san antonio spurs,washington wizards,157,153,0.543,0.546,35,36,50,39,17,15,4.0,-4.0,1
0022100900,2022-02-25,miami heat,new york knicks,115,100,0.47,0.4,22,19,44,45,8,18,15.0,-15.0,1
0022100901,2022-02-25,minnesota timberwolves,philadelphia 76ers,102,133,0.419,0.512,23,30,41,42,16,11,-31.0,31.0,0
0022100902,2022-02-25,new orleans pelicans,phoenix suns,117,102,0.437,0.439,21,23,53,37,10,14,15.0,-15.0,1
0022100903,2022-02-25,dallas mavericks,utah jazz,109,114,0.477,0.541,22,22,30,44,11,18,-5.0,5.0,0
0022100904,2022-02-25,la clippers,los angeles lakers,105,102,0.494,0.419,25,18,47,47,15,12,3.0,-3.0,1
0022100905,2022-02-26,boston celtics,detroit pistons,113,104,0.477,0.448,31,18,37,41,10,14,9.0,-9.0,1
0022100906,2022-02-26,atlanta hawks,toronto raptors,127,100,0.578,0.4,27,25,45,42,12,11,27.0,-27.0,1
0022100907,2022-02-26,cleveland cavaliers,washington wizards,92,86,0.386,0.432,22,19,49,42,13,18,6.0,-6.0,1
0022100908,2022-02-26,miami heat,san antonio spurs,133,129,0.566,0.556,25,33,32,46,11,20,4.0,-4.0,1
0022100909,2022-02-26,chicago bulls,memphis grizzlies,110,116,0.419,0.44,17,23,41,61,9,13,-6.0,6.0,0
0022100910,2022-02-26,brooklyn nets,milwaukee bucks,126,123,0.478,0.526,24,24,40,43,7,14,3.0,-3.0,1
0022100911,2022-02-26,denver nuggets,sacramento kings,115,110,0.463,0.427,29,24,45,45,12,12,5.0,-5.0,1
0022100912,2022-02-27,new york knicks,philadelphia 76ers,109,125,0.447,0.487,21,28,47,43,18,10,-16.0,16.0,0
0022100913,2022-02-27,phoenix suns,utah jazz,114,118,0.512,0.468,24,23,36,41,9,9,-4.0,4.0,0
0022100914,2022-02-27,boston celtics,indiana pacers,107,128,0.429,0.522,25,25,40,49,10,14,-21.0,21.0,0
0022100915,2022-02-27,charlotte hornets,detroit pistons,126,127,0.506,0.455,25,30,46,54,17,14,-1.0,1.0,0
0022100916,2022-02-27,houston rockets,la clippers,98,99,0.38,0.442,26,18,37,59,6,18,-1.0,1.0,0
0022100917,2022-02-27,dallas mavericks,golden state warriors,107,101,0.5,0.429,16,27,45,44,18,10,6.0,-6.0,1
0022100918,2022-02-27,denver nuggets,portland trail blazers,124,92,0.512,0.374,28,22,55,42,14,15,32.0,-32.0,1
0022100919,2022-02-27,los angeles lakers,new orleans pelicans,95,123,0.417,0.511,15,29,38,51,23,15,-28.0,28.0,0
0022100920,2022-02-28,cleveland cavaliers,minnesota timberwolves,122,127,0.527,0.547,29,30,38,31,20,13,-5.0,5.0,0
0022100921,2022-02-28,indiana pacers,orlando magic,103,119,0.486,0.469,22,29,39,39,21,10,-16.0,16.0,0
0022100922,2022-02-28,chicago bulls,miami heat,99,112,0.488,0.494,23,28,38,39,14,14,-13.0,13.0,0
0022100923,2022-02-28,memphis grizzlies,san antonio spurs,118,105,0.539,0.414,24,30,55,38,16,9,13.0,-13.0,1
0022100924,2022-02-28,charlotte hornets,milwaukee bucks,106,130,0.387,0.44,22,25,40,62,8,13,-24.0,24.0,0
0022100925,2022-02-28,oklahoma city thunder,sacramento kings,110,131,0.465,0.563,28,30,38,46,16,16,-21.0,21.0,0
0022100926,2022-03-01,detroit pistons,washington wizards,113,116,0.478,0.5,23,29,43,42,12,15,-3.0,3.0,0
0022100927,2022-03-01,atlanta hawks,boston celtics,98,107,0.434,0.47,15,27,37,47,9,12,-9.0,9.0,0
0022100928,2022-03-01,brooklyn nets,toronto raptors,108,109,0.5,0.456,21,27,37,48,12,13,-1.0,1.0,0
0022100929,2022-03-01,houston rockets,la clippers,100,113,0.396,0.438,21,24,45,55,13,15,-13.0,13.0,0
0022100930,2022-03-01,golden state warriors,minnesota timberwolves,114,129,0.456,0.528,26,27,40,42,17,16,-15.0,15.0,0
0022100931,2022-03-01,dallas mavericks,los angeles lakers,109,104,0.5,0.451,24,22,45,37,13,12,5.0,-5.0,1
0022100932,2022-03-02,charlotte hornets,cleveland cavaliers,119,98,0.506,0.468,32,21,45,37,10,14,21.0,-21.0,1
0022100933,2022-03-02,indiana pacers,orlando magic,122,114,0.436,0.454,23,22,54,52,18,18,8.0,-8.0,1
0022100934,2022-03-02,new york knicks,philadelphia 76ers,108,123,0.429,0.52,20,24,40,43,7,14,-15.0,15.0,0
0022100935,2022-03-02,houston rockets,utah jazz,127,132,0.5,0.549,27,32,34,49,16,19,-5.0,5.0,0
0022100936,2022-03-02,miami heat,milwaukee bucks,119,120,0.454,0.451,28,22,48,52,10,12,-1.0,1.0,0
0022100937,2022-03-02,new orleans pelicans,sacramento kings,125,95,0.591,0.393,30,20,50,38,15,11,30.0,-30.0,1
0022100938,2022-03-02,denver nuggets,oklahoma city thunder,107,119,0.444,0.506,25,24,47,50,16,14,-12.0,12.0,0
0022100939,2022-03-02,phoenix suns,portland trail blazers,120,90,0.5,0.385,32,22,46,35,14,18,30.0,-30.0,1
0022100940,2022-03-03,boston celtics,memphis grizzlies,120,107,0.517,0.424,33,24,51,44,14,7,13.0,-13.0,1
0022100941,2022-03-03,brooklyn nets,miami heat,107,113,0.47,0.519,24,27,30,35,13,13,-6.0,6.0,0
0022100942,2022-03-03,detroit pistons,toronto raptors,108,106,0.452,0.434,25,12,42,41,9,10,2.0,-2.0,1
0022100943,2022-03-03,dallas mavericks,golden state warriors,122,113,0.529,0.543,29,26,32,37,9,15,9.0,-9.0,1
0022100944,2022-03-03,sacramento kings,san antonio spurs,115,112,0.459,0.495,26,28,49,40,13,11,3.0,-3.0,1
0022100945,2022-03-03,la clippers,los angeles lakers,132,111,0.548,0.488,32,26,46,36,10,14,21.0,-21.0,1
0022100946,2022-03-04,detroit pistons,indiana pacers,111,106,0.447,0.39,28,24,52,55,13,12,5.0,-5.0,1
0022100947,2022-03-04,cleveland cavaliers,philadelphia 76ers,119,125,0.537,0.547,30,23,41,30,12,11,-6.0,6.0,0
0022100948,2022-03-04,atlanta hawks,washington wizards,117,114,0.418,0.541,18,37,39,41,4,14,3.0,-3.0,1
0022100949,2022-03-04,chicago bulls,milwaukee bucks,112,118,0.5,0.489,25,20,40,50,12,13,-6.0,6.0,0
0022100950,2022-03-04,new orleans pelicans,utah jazz,124,90,0.515,0.348,29,15,52,52,10,20,34.0,-34.0,1
0022100951,2022-03-04,minnesota timberwolves,oklahoma city thunder,138,101,0.538,0.43,35,19,41,39,17,23,37.0,-37.0,1
0022100952,2022-03-04,denver nuggets,houston rockets,116,101,0.453,0.458,27,25,41,44,10,14,15.0,-15.0,1
0022100953,2022-03-04,new york knicks,phoenix suns,114,115,0.465,0.447,23,28,49,33,12,9,-1.0,1.0,0
0022100954,2022-03-05,dallas mavericks,sacramento kings,114,113,0.476,0.489,22,24,39,45,10,14,1.0,-1.0,1
0022100955,2022-03-05,charlotte hornets,san antonio spurs,123,117,0.462,0.459,29,28,50,51,9,10,6.0,-6.0,1
0022100956,2022-03-05,miami heat,philadelphia 76ers,99,82,0.486,0.341,20,13,38,41,13,9,17.0,-17.0,1
0022100957,2022-03-05,memphis grizzlies,orlando magic,124,96,0.5,0.43,25,25,55,41,7,12,28.0,-28.0,1
0022100958,2022-03-05,minnesota timberwolves,portland trail blazers,135,121,0.565,0.471,36,24,42,41,11,15,14.0,-14.0,1
0022100959,2022-03-05,golden state warriors,los angeles lakers,116,124,0.5,0.494,22,25,41,47,16,17,-8.0,8.0,0
0022100960,2022-03-06,boston celtics,brooklyn nets,126,120,0.482,0.506,25,24,37,45,10,15,6.0,-6.0,1
0022100961,2022-03-06,milwaukee bucks,phoenix suns,132,122,0.54,0.538,31,33,48,27,14,11,10.0,-10.0,1
0022100962,2022-03-06,cleveland cavaliers,toronto raptors,104,96,0.459,0.394,24,17,58,45,17,7,11.0,-8.0,1
0022100963,2022-03-06,indiana pacers,washington wizards,123,133,0.518,0.523,28,33,42,36,10,5,-10.0,10.0,0
0022100964,2022-03-06,houston rockets,memphis grizzlies,123,112,0.524,0.454,23,27,45,40,17,11,11.0,-11.0,1
0022100965,2022-03-06,oklahoma city thunder,utah jazz,103,116,0.424,0.449,20,27,47,48,7,11,-13.0,13.0,0
0022100966,2022-03-06,la clippers,new york knicks,93,116,0.375,0.472,17,19,43,57,10,10,-23.0,23.0,0
0022100967,2022-03-06,denver nuggets,new orleans pelicans,138,130,0.54,0.475,32,30,47,49,15,14,8.0,-8.0,1
0022100968,2022-03-07,atlanta hawks,detroit pistons,110,113,0.452,0.462,28,27,48,47,13,12,-3.0,3.0,0
0022100969,2022-03-07,chicago bulls,philadelphia 76ers,106,121,0.448,0.488,22,29,48,38,13,9,-15.0,15.0,0
0022100970,2022-03-07,houston rockets,miami heat,106,123,0.443,0.538,22,26,33,50,10,15,-17.0,17.0,0
0022100971,2022-03-07,minnesota timberwolves,portland trail blazers,124,81,0.413,0.277,21,11,67,42,20,17,43.0,-43.0,1
0022100972,2022-03-07,dallas mavericks,utah jazz,111,103,0.443,0.434,19,22,43,45,9,13,8.0,-8.0,1
0022100973,2022-03-07,los angeles lakers,san antonio spurs,110,117,0.473,0.548,19,28,43,47,15,16,-7.0,7.0,0
0022100974,2022-03-07,new york knicks,sacramento kings,131,115,0.511,0.488,19,23,47,40,8,11,16.0,-16.0,1
0022100975,2022-03-08,brooklyn nets,charlotte hornets,132,121,0.561,0.489,33,26,38,41,16,15,11.0,-11.0,1
0022100976,2022-03-08,cleveland cavaliers,indiana pacers,127,124,0.5,0.538,25,35,40,38,8,17,3.0,-3.0,1
0022100977,2022-03-08,orlando magic,phoenix suns,99,102,0.38,0.38,17,24,53,52,11,10,-3.0,3.0,0
0022100978,2022-03-08,memphis grizzlies,new orleans pelicans,132,111,0.475,0.466,30,24,52,45,11,14,21.0,-21.0,1
0022100979,2022-03-08,milwaukee bucks,oklahoma city thunder,142,115,0.53,0.5,35,26,53,36,13,15,27.0,-27.0,1
0022100980,2022-03-08,golden state warriors,la clippers,112,97,0.478,0.355,33,23,51,47,16,13,15.0,-15.0,1
0022100981,2022-03-09,boston celtics,charlotte hornets,115,101,0.495,0.424,30,18,47,46,11,16,14.0,-14.0,1
0022100982,2022-03-09,chicago bulls,detroit pistons,114,108,0.526,0.512,19,25,33,32,11,16,6.0,-6.0,1
0022100983,2022-03-09,miami heat,phoenix suns,90,111,0.398,0.455,27,26,38,55,14,14,-21.0,21.0,0
0022100984,2022-03-09,atlanta hawks,milwaukee bucks,115,124,0.5,0.5,26,24,44,50,9,8,-9.0,9.0,0
0022100985,2022-03-09,houston rockets,los angeles lakers,139,130,0.51,0.465,25,25,50,48,16,16,9.0,-9.0,1
0022100986,2022-03-09,minnesota timberwolves,oklahoma city thunder,132,102,0.523,0.414,34,26,48,42,14,15,30.0,-30.0,1
0022100987,2022-03-09,new orleans pelicans,orlando magic,102,108,0.441,0.474,23,25,41,45,11,18,-6.0,6.0,0
0022100988,2022-03-09,dallas mavericks,new york knicks,77,107,0.314,0.429,11,20,37,55,8,10,-30.0,30.0,0
0022100989,2022-03-09,san antonio spurs,toronto raptors,104,119,0.452,0.482,24,12,36,47,12,10,-15.0,15.0,0
0022100990,2022-03-09,portland trail blazers,utah jazz,85,123,0.326,0.519,19,31,36,50,9,9,-38.0,38.0,0
0022100991,2022-03-09,denver nuggets,sacramento kings,106,100,0.488,0.447,26,24,51,38,20,16,6.0,-6.0,1
0022100992,2022-03-09,la clippers,washington wizards,115,109,0.5,0.471,21,26,41,41,12,12,6.0,-6.0,1
0022100993,2022-03-10,brooklyn nets,philadelphia 76ers,129,100,0.56,0.323,29,19,45,50,11,18,29.0,-29.0,1
0022100994,2022-03-10,denver nuggets,golden state warriors,102,113,0.417,0.477,19,26,49,36,11,7,-11.0,11.0,0
0022100995,2022-03-11,minnesota timberwolves,orlando magic,110,118,0.456,0.465,24,31,37,49,9,12,-8.0,8.0,0
0022100996,2022-03-11,atlanta hawks,la clippers,112,106,0.478,0.488,28,22,47,36,10,12,6.0,-6.0,1
0022100997,2022-03-11,boston celtics,detroit pistons,114,103,0.467,0.422,23,21,47,42,9,14,11.0,-11.0,1
0022100998,2022-03-11,cleveland cavaliers,miami heat,105,117,0.443,0.477,25,28,40,42,17,9,-12.0,12.0,0
0022100999,2022-03-11,dallas mavericks,houston rockets,113,100,0.455,0.477,20,29,47,39,13,11,13.0,-13.0,1
0022101000,2022-03-11,memphis grizzlies,new york knicks,118,114,0.442,0.422,23,23,54,54,10,16,4.0,-4.0,1
0022101001,2022-03-11,charlotte hornets,new orleans pelicans,142,120,0.598,0.5,41,31,38,40,14,17,22.0,-22.0,1
0022101002,2022-03-11,san antonio spurs,utah jazz,104,102,0.4,0.402,15,20,54,57,13,17,2.0,-2.0,1
0022101003,2022-03-11,phoenix suns,toronto raptors,112,117,0.5,0.447,27,19,40,48,16,15,-5.0,5.0,0
0022101004,2022-03-11,los angeles lakers,washington wizards,122,109,0.527,0.459,25,21,37,47,7,10,13.0,-13.0,1
0022101005,2022-03-12,miami heat,minnesota timberwolves,104,113,0.398,0.422,23,21,53,46,18,14,-9.0,9.0,0
0022101006,2022-03-12,chicago bulls,cleveland cavaliers,101,91,0.443,0.419,20,19,46,40,12,14,10.0,-10.0,1
0022101007,2022-03-12,indiana pacers,san antonio spurs,119,108,0.489,0.412,23,28,47,52,12,10,11.0,-11.0,1
0022101008,2022-03-12,golden state warriors,milwaukee bucks,122,109,0.484,0.413,33,27,55,39,10,4,13.0,-13.0,1
0022101009,2022-03-12,denver nuggets,toronto raptors,115,127,0.551,0.471,32,28,39,50,19,7,-12.0,12.0,0
0022101010,2022-03-12,sacramento kings,utah jazz,125,134,0.5,0.558,27,21,33,44,7,9,-9.0,9.0,0
0022101011,2022-03-12,portland trail blazers,washington wizards,127,118,0.516,0.47,21,26,43,35,11,14,9.0,-9.0,1
0022101012,2022-03-13,brooklyn nets,new york knicks,110,107,0.494,0.47,30,27,39,40,13,16,3.0,-3.0,1
0022101013,2022-03-13,detroit pistons,la clippers,102,106,0.45,0.449,23,25,44,46,10,6,-4.0,4.0,0
0022101014,2022-03-13,boston celtics,dallas mavericks,92,95,0.375,0.446,16,20,45,42,11,17,-3.0,3.0,0
0022101015,2022-03-13,orlando magic,philadelphia 76ers,114,116,0.451,0.38,28,21,50,45,11,8,-2.0,2.0,0
0022101016,2022-03-13,atlanta hawks,indiana pacers,131,128,0.548,0.517,27,23,36,43,11,15,3.0,-3.0,1
0022101017,2022-03-13,houston rockets,new orleans pelicans,105,130,0.506,0.516,24,30,39,45,24,10,-25.0,25.0,0
0022101018,2022-03-13,memphis grizzlies,oklahoma city thunder,125,118,0.471,0.423,30,25,57,44,13,11,7.0,-7.0,1
0022101019,2022-03-13,los angeles lakers,phoenix suns,111,140,0.444,0.569,24,36,37,51,19,9,-29.0,29.0,0
0022101020,2022-03-14,cleveland cavaliers,la clippers,120,111,0.477,0.439,28,29,49,43,11,10,9.0,-9.0,1
0022101021,2022-03-14,atlanta hawks,portland trail blazers,122,113,0.367,0.5,28,25,49,56,4,20,9.0,-9.0,1
0022101022,2022-03-14,denver nuggets,philadelphia 76ers,114,110,0.537,0.429,29,25,42,48,14,13,4.0,-4.0,1
0022101023,2022-03-14,charlotte hornets,oklahoma city thunder,134,116,0.538,0.467,33,31,37,49,6,18,18.0,-18.0,1
0022101024,2022-03-14,minnesota timberwolves,san antonio spurs,149,139,0.578,0.536,28,33,40,36,15,15,10.0,-10.0,1
0022101025,2022-03-14,golden state warriors,washington wizards,126,112,0.536,0.512,26,28,44,35,13,12,14.0,-14.0,1
0022101026,2022-03-14,chicago bulls,sacramento kings,103,112,0.409,0.476,22,25,40,45,13,15,-9.0,9.0,0
0022101027,2022-03-14,milwaukee bucks,utah jazz,117,111,0.465,0.398,21,21,42,45,12,13,6.0,-6.0,1
0022101028,2022-03-14,los angeles lakers,toronto raptors,103,114,0.391,0.406,20,24,43,64,13,12,-11.0,11.0,0
0022101029,2022-03-15,indiana pacers,memphis grizzlies,102,135,0.418,0.514,23,38,49,51,19,10,-33.0,33.0,0
0022101030,2022-03-15,brooklyn nets,orlando magic,150,108,0.602,0.379,35,25,48,37,12,12,42.0,-42.0,1
0022101031,2022-03-15,detroit pistons,miami heat,98,105,0.463,0.403,23,20,39,44,12,11,-7.0,7.0,0
0022101032,2022-03-15,new orleans pelicans,phoenix suns,115,131,0.5,0.544,29,35,45,34,17,8,-16.0,16.0,0
0022101033,2022-03-16,atlanta hawks,charlotte hornets,106,116,0.43,0.494,28,30,43,43,12,9,-10.0,10.0,0
0022101034,2022-03-16,cleveland cavaliers,philadelphia 76ers,114,118,0.488,0.519,25,24,39,39,9,11,-4.0,4.0,0
0022101035,2022-03-16,denver nuggets,washington wizards,127,109,0.511,0.471,30,26,41,48,9,10,18.0,-18.0,1
0022101036,2022-03-16,brooklyn nets,dallas mavericks,111,113,0.495,0.494,28,21,45,37,11,10,-2.0,2.0,0
0022101037,2022-03-16,new york knicks,portland trail blazers,128,98,0.5,0.44,31,26,47,41,10,11,30.0,-30.0,1
0022101038,2022-03-16,houston rockets,phoenix suns,112,129,0.494,0.558,26,32,33,49,11,11,-17.0,17.0,0
0022101039,2022-03-16,los angeles lakers,minnesota timberwolves,104,124,0.419,0.444,23,22,38,51,14,16,-20.0,20.0,0
0022101040,2022-03-16,oklahoma city thunder,san antonio spurs,120,122,0.524,0.439,24,31,47,48,17,12,-2.0,2.0,0
0022101041,2022-03-16,chicago bulls,utah jazz,110,125,0.473,0.506,28,20,37,47,12,16,-15.0,15.0,0
0022101042,2022-03-16,boston celtics,golden state warriors,110,88,0.469,0.372,23,19,53,38,10,8,22.0,-22.0,1
0022101043,2022-03-16,milwaukee bucks,sacramento kings,135,126,0.528,0.489,21,27,47,39,11,15,9.0,-9.0,1
0022101044,2022-03-16,la clippers,toronto raptors,100,103,0.487,0.458,27,14,41,43,14,11,-3.0,3.0,0
0022101045,2022-03-17,detroit pistons,orlando magic,134,120,0.5,0.485,34,24,45,45,7,13,14.0,-14.0,1
0022101046,2022-03-18,dallas mavericks,philadelphia 76ers,101,111,0.463,0.493,21,23,40,38,12,11,-10.0,10.0,0
0022101047,2022-03-18,atlanta hawks,memphis grizzlies,120,105,0.495,0.465,28,18,40,48,9,16,15.0,-15.0,1
0022101048,2022-03-18,brooklyn nets,portland trail blazers,128,123,0.584,0.5,24,29,45,37,21,13,5.0,-5.0,1
0022101049,2022-03-18,cleveland cavaliers,denver nuggets,119,116,0.449,0.5,31,35,46,51,11,18,3.0,-3.0,1
0022101050,2022-03-18,new york knicks,washington wizards,100,97,0.344,0.43,18,19,60,38,12,13,3.0,-3.0,1
0022101051,2022-03-18,los angeles lakers,toronto raptors,128,123,0.49,0.505,33,25,43,46,13,12,5.0,-5.0,1
0022101052,2022-03-18,miami heat,oklahoma city thunder,120,108,0.484,0.476,25,19,46,47,6,10,12.0,-12.0,1
0022101053,2022-03-18,houston rockets,indiana pacers,118,121,0.494,0.465,24,29,42,46,15,13,-3.0,3.0,0
0022101054,2022-03-18,new orleans pelicans,san antonio spurs,124,91,0.5,0.36,24,22,58,40,9,16,33.0,-33.0,1
0022101055,2022-03-18,la clippers,utah jazz,92,121,0.36,0.485,23,30,43,59,12,12,-29.0,29.0,0
0022101056,2022-03-18,chicago bulls,phoenix suns,102,129,0.412,0.56,20,23,37,49,11,11,-27.0,27.0,0
0022101057,2022-03-18,boston celtics,sacramento kings,126,97,0.561,0.418,33,23,43,37,13,16,29.0,-29.0,1
0022101058,2022-03-19,milwaukee bucks,minnesota timberwolves,119,138,0.443,0.511,27,30,51,44,14,11,-19.0,19.0,0
0022101059,2022-03-19,charlotte hornets,dallas mavericks,129,108,0.5,0.438,33,18,46,44,9,13,21.0,-21.0,1
0022101060,2022-03-19,cleveland cavaliers,detroit pistons,113,109,0.511,0.482,28,23,44,38,14,15,4.0,-4.0,1
0022101061,2022-03-19,los angeles lakers,washington wizards,119,127,0.527,0.518,25,30,41,36,12,7,-8.0,8.0,0
0022101062,2022-03-20,indiana pacers,portland trail blazers,129,98,0.571,0.469,38,23,41,32,14,17,31.0,-31.0,1
0022101063,2022-03-20,houston rockets,memphis grizzlies,98,122,0.43,0.479,26,26,45,51,17,13,-24.0,24.0,0
0022101064,2022-03-20,atlanta hawks,new orleans pelicans,112,117,0.471,0.448,22,22,40,54,16,15,-5.0,5.0,0
0022101065,2022-03-20,oklahoma city thunder,orlando magic,85,90,0.326,0.386,19,22,47,60,16,21,-5.0,5.0,0
0022101066,2022-03-20,phoenix suns,sacramento kings,127,124,0.5,0.429,25,27,50,42,17,15,3.0,-3.0,1
0022101067,2022-03-20,new york knicks,utah jazz,93,108,0.373,0.459,20,16,37,49,11,11,-15.0,15.0,0
0022101068,2022-03-20,boston celtics,denver nuggets,124,104,0.573,0.402,29,22,38,41,8,10,20.0,-20.0,1
0022101069,2022-03-20,philadelphia 76ers,toronto raptors,88,93,0.411,0.376,21,16,40,56,10,8,-5.0,5.0,0
0022101070,2022-03-20,golden state warriors,san antonio spurs,108,110,0.456,0.388,26,25,57,44,15,10,-2.0,2.0,0
0022101071,2022-03-21,charlotte hornets,new orleans pelicans,106,103,0.506,0.444,34,23,35,47,17,15,3.0,-3.0,1
0022101072,2022-03-21,cleveland cavaliers,los angeles lakers,120,131,0.523,0.564,29,34,38,41,12,8,-11.0,11.0,0
0022101073,2022-03-21,detroit pistons,portland trail blazers,115,119,0.424,0.42,22,22,48,47,18,9,-4.0,4.0,0
0022101074,2022-03-21,miami heat,philadelphia 76ers,106,113,0.475,0.5,23,26,34,45,12,11,-7.0,7.0,0
0022101075,2022-03-21,brooklyn nets,utah jazz,114,106,0.542,0.446,31,18,41,37,14,13,8.0,1.0,1
0022101076,2022-03-21,chicago bulls,toronto raptors,113,99,0.489,0.44,28,26,42,49,5,12,14.0,-14.0,1
0022101077,2022-03-21,houston rockets,washington wizards,115,97,0.494,0.412,30,24,44,47,12,11,18.0,-18.0,1
0022101078,2022-03-21,boston celtics,oklahoma city thunder,132,123,0.512,0.516,22,23,42,42,8,11,9.0,-9.0,1
0022101079,2022-03-21,dallas mavericks,minnesota timberwolves,110,108,0.482,0.396,27,21,47,50,11,9,2.0,-2.0,1
0022101080,2022-03-22,golden state warriors,orlando magic,90,94,0.4,0.43,21,25,48,39,18,13,-4.0,4.0,0
0022101081,2022-03-22,atlanta hawks,new york knicks,117,111,0.494,0.488,26,20,43,41,14,13,6.0,-6.0,1
0022101082,2022-03-22,chicago bulls,milwaukee bucks,98,126,0.424,0.61,21,26,33,53,7,14,-28.0,28.0,0
0022101083,2022-03-22,denver nuggets,la clippers,127,115,0.542,0.488,31,27,40,35,9,6,12.0,-12.0,1
0022101084,2022-03-23,charlotte hornets,new york knicks,106,121,0.472,0.518,26,30,45,40,9,7,-15.0,15.0,0
0022101085,2022-03-23,atlanta hawks,detroit pistons,101,122,0.402,0.5,21,30,40,54,14,15,-21.0,21.0,0
0022101086,2022-03-23,indiana pacers,sacramento kings,109,110,0.462,0.524,34,26,42,36,15,16,-1.0,1.0,0
0022101087,2022-03-23,boston celtics,utah jazz,125,97,0.595,0.398,37,13,39,40,12,14,28.0,-28.0,1
0022101088,2022-03-23,golden state warriors,miami heat,118,104,0.519,0.435,23,26,45,34,11,9,14.0,-14.0,1
0022101089,2022-03-23,brooklyn nets,memphis grizzlies,120,132,0.494,0.465,18,28,39,46,14,12,-12.0,12.0,0
0022101090,2022-03-23,minnesota timberwolves,phoenix suns,116,125,0.442,0.523,27,30,45,43,12,12,-9.0,9.0,0
0022101091,2022-03-23,oklahoma city thunder,orlando magic,118,102,0.481,0.387,21,24,44,45,11,10,14.0,-14.0,1
0022101092,2022-03-23,dallas mavericks,houston rockets,110,91,0.488,0.402,24,17,42,45,12,15,19.0,-19.0,1
0022101093,2022-03-23,los angeles lakers,philadelphia 76ers,121,126,0.515,0.516,25,26,45,43,12,7,-5.0,5.0,0
0022101094,2022-03-23,portland trail blazers,san antonio spurs,96,133,0.383,0.489,18,34,43,53,16,13,-37.0,37.0,0
0022101095,2022-03-24,cleveland cavaliers,toronto raptors,104,117,0.468,0.472,24,26,36,40,13,8,-13.0,13.0,0
0022101096,2022-03-24,indiana pacers,memphis grizzlies,103,133,0.424,0.538,20,34,31,55,11,14,-30.0,30.0,0
0022101097,2022-03-24,milwaukee bucks,washington wizards,114,102,0.519,0.467,23,25,41,41,15,11,12.0,-12.0,1
0022101098,2022-03-24,chicago bulls,new orleans pelicans,109,126,0.513,0.494,25,23,33,43,15,10,-17.0,17.0,0
0022101099,2022-03-24,denver nuggets,phoenix suns,130,140,0.593,0.605,27,32,37,29,16,8,-10.0,10.0,0
0022101100,2022-03-25,charlotte hornets,utah jazz,107,101,0.466,0.452,26,25,45,38,9,11,6.0,-6.0,1
0022101101,2022-03-25,detroit pistons,washington wizards,97,100,0.411,0.434,19,23,48,45,15,17,-3.0,3.0,0
0022101102,2022-03-25,atlanta hawks,golden state warriors,121,110,0.517,0.478,27,27,44,47,11,16,11.0,-11.0,1
0022101103,2022-03-25,miami heat,new york knicks,103,111,0.5,0.439,18,23,35,42,15,11,-8.0,8.0,0
0022101104,2022-03-25,dallas mavericks,minnesota timberwolves,95,116,0.389,0.512,21,26,45,45,10,9,-21.0,21.0,0
0022101105,2022-03-25,houston rockets,portland trail blazers,125,106,0.518,0.506,27,28,37,38,14,17,19.0,-19.0,1
0022101106,2022-03-25,la clippers,philadelphia 76ers,97,122,0.4,0.467,19,23,39,52,16,11,-25.0,25.0,0
0022101107,2022-03-26,new orleans pelicans,san antonio spurs,103,107,0.444,0.424,23,22,42,49,8,10,-4.0,4.0,0
0022101108,2022-03-26,orlando magic,sacramento kings,110,114,0.425,0.429,27,24,57,59,12,14,-4.0,4.0,0
0022101109,2022-03-26,indiana pacers,toronto raptors,91,131,0.418,0.607,23,34,35,42,13,6,-40.0,40.0,0
0022101110,2022-03-26,chicago bulls,cleveland cavaliers,98,94,0.48,0.415,23,17,37,46,13,13,4.0,-4.0,1
0022101111,2022-03-26,brooklyn nets,miami heat,110,95,0.47,0.44,26,20,40,39,13,21,15.0,-15.0,1
0022101112,2022-03-26,memphis grizzlies,milwaukee bucks,127,102,0.48,0.398,30,19,54,46,8,13,25.0,-25.0,1
0022101113,2022-03-26,denver nuggets,oklahoma city thunder,113,107,0.482,0.464,33,29,47,36,15,16,6.0,-6.0,1
0022101114,2022-03-26,houston rockets,portland trail blazers,115,98,0.524,0.398,34,21,38,51,20,21,17.0,-17.0,1
0022101115,2022-03-27,detroit pistons,new york knicks,102,104,0.459,0.4,23,19,37,51,10,12,-2.0,2.0,0
0022101116,2022-03-27,boston celtics,minnesota timberwolves,134,112,0.563,0.536,27,26,45,30,13,14,22.0,-22.0,1
0022101117,2022-03-27,golden state warriors,washington wizards,115,123,0.427,0.524,20,33,46,42,10,12,-8.0,8.0,0
0022101118,2022-03-27,philadelphia 76ers,phoenix suns,104,114,0.416,0.517,22,24,45,40,10,12,-10.0,10.0,0
0022101119,2022-03-27,los angeles lakers,new orleans pelicans,108,116,0.525,0.484,26,25,39,41,15,7,-8.0,8.0,0
0022101120,2022-03-27,brooklyn nets,charlotte hornets,110,119,0.443,0.429,30,26,50,53,9,11,-9.0,9.0,0
0022101121,2022-03-27,dallas mavericks,utah jazz,114,100,0.519,0.461,21,23,45,36,8,6,14.0,-14.0,1
0022101122,2022-03-28,charlotte hornets,denver nuggets,109,113,0.473,0.465,33,29,40,51,14,16,-4.0,4.0,0
0022101123,2022-03-28,cleveland cavaliers,orlando magic,107,101,0.446,0.483,26,31,41,45,13,17,6.0,-6.0,1
0022101124,2022-03-28,atlanta hawks,indiana pacers,132,123,0.547,0.517,32,32,40,28,13,14,9.0,-9.0,1
0022101125,2022-03-28,miami heat,sacramento kings,123,100,0.544,0.457,30,21,48,32,15,14,23.0,-23.0,1
0022101126,2022-03-28,chicago bulls,new york knicks,104,109,0.43,0.427,16,19,47,46,12,6,-5.0,5.0,0
0022101127,2022-03-28,boston celtics,toronto raptors,112,115,0.411,0.434,23,16,57,52,16,10,-3.0,3.0,0
0022101128,2022-03-28,houston rockets,san antonio spurs,120,123,0.413,0.47,26,28,44,56,12,12,-3.0,3.0,0
0022101129,2022-03-28,golden state warriors,memphis grizzlies,95,123,0.407,0.467,18,26,40,52,15,13,-28.0,28.0,0
0022101130,2022-03-28,oklahoma city thunder,portland trail blazers,134,131,0.533,0.455,32,28,49,47,20,11,3.0,-3.0,1
0022101131,2022-03-29,milwaukee bucks,philadelphia 76ers,118,116,0.5,0.483,26,28,48,40,10,8,2.0,-2.0,1
0022101132,2022-03-29,chicago bulls,washington wizards,107,94,0.506,0.481,26,25,36,37,8,14,13.0,-13.0,1
0022101133,2022-03-29,brooklyn nets,detroit pistons,130,123,0.553,0.485,24,28,41,39,19,12,7.0,-7.0,1
0022101134,2022-03-29,dallas mavericks,los angeles lakers,128,110,0.517,0.449,27,20,46,48,7,9,18.0,-18.0,1
0022101135,2022-03-29,la clippers,utah jazz,121,115,0.494,0.551,21,23,33,38,8,14,6.0,-6.0,1
0022101136,2022-03-30,cleveland cavaliers,dallas mavericks,112,120,0.506,0.523,24,28,39,38,13,11,-8.0,8.0,0
0022101137,2022-03-30,denver nuggets,indiana pacers,125,118,0.625,0.454,33,29,43,37,19,8,7.0,-7.0,1
0022101138,2022-03-30,orlando magic,washington wizards,110,127,0.417,0.511,21,35,42,51,11,11,-17.0,17.0,0
0022101139,2022-03-30,boston celtics,miami heat,98,106,0.412,0.481,27,27,44,42,17,15,-8.0,8.0,0
0022101140,2022-03-30,charlotte hornets,new york knicks,125,114,0.544,0.471,39,23,40,43,11,12,11.0,-11.0,1
0022101141,2022-03-30,minnesota timberwolves,toronto raptors,102,125,0.402,0.5,26,32,48,47,21,17,-23.0,23.0,0
0022101142,2022-03-30,houston rockets,sacramento kings,118,121,0.457,0.463,23,21,51,44,17,9,-3.0,3.0,0
0022101143,2022-03-30,atlanta hawks,oklahoma city thunder,136,118,0.538,0.471,28,31,43,42,12,18,18.0,-18.0,1
0022101144,2022-03-30,memphis grizzlies,san antonio spurs,112,111,0.484,0.506,26,26,40,37,12,14,1.0,-1.0,1
0022101145,2022-03-30,golden state warriors,phoenix suns,103,107,0.422,0.413,26,20,48,46,21,14,-4.0,4.0,0
0022101146,2022-03-30,new orleans pelicans,portland trail blazers,117,107,0.513,0.459,26,30,40,41,14,20,10.0,-10.0,1
0022101147,2022-03-31,detroit pistons,philadelphia 76ers,102,94,0.5,0.449,26,22,38,39,9,15,8.0,-8.0,1
0022101148,2022-03-31,brooklyn nets,milwaukee bucks,119,120,0.464,0.449,31,17,41,57,16,22,-1.0,1.0,0
0022101149,2022-03-31,chicago bulls,la clippers,135,130,0.49,0.5,24,26,50,40,8,12,5.0,-5.0,1
0022101150,2022-03-31,los angeles lakers,utah jazz,109,122,0.494,0.511,18,25,40,41,11,8,-13.0,13.0,0
0022101151,2022-04-01,orlando magic,toronto raptors,89,102,0.43,0.419,24,21,45,41,20,10,-13.0,13.0,0
0022101152,2022-04-01,dallas mavericks,washington wizards,103,135,0.436,0.544,14,33,36,45,13,9,-32.0,32.0,0
0022101153,2022-04-01,boston celtics,indiana pacers,128,123,0.542,0.519,29,25,40,30,15,16,5.0,-5.0,1
0022101154,2022-04-01,houston rockets,sacramento kings,117,122,0.423,0.519,26,29,45,47,10,13,-5.0,5.0,0
0022101155,2022-04-01,memphis grizzlies,phoenix suns,122,114,0.451,0.547,30,27,48,39,11,17,8.0,-8.0,1
0022101156,2022-04-01,la clippers,milwaukee bucks,153,119,0.609,0.532,34,30,36,38,9,15,34.0,-34.0,1
0022101157,2022-04-01,detroit pistons,oklahoma city thunder,110,101,0.426,0.429,29,24,44,54,8,15,9.0,-9.0,1
0022101158,2022-04-01,portland trail blazers,san antonio spurs,111,130,0.446,0.568,27,34,42,44,10,14,-19.0,19.0,0
0022101159,2022-04-01,denver nuggets,minnesota timberwolves,130,136,0.535,0.5,36,26,44,38,18,11,-6.0,6.0,0
0022101160,2022-04-01,los angeles lakers,new orleans pelicans,111,114,0.476,0.519,24,23,40,37,15,13,-3.0,3.0,0
0022101161,2022-04-02,charlotte hornets,philadelphia 76ers,114,144,0.483,0.609,34,38,32,47,17,19,-30.0,30.0,0
0022101162,2022-04-02,cleveland cavaliers,new york knicks,119,101,0.543,0.403,26,19,43,35,9,10,18.0,-18.0,1
0022101163,2022-04-02,atlanta hawks,brooklyn nets,122,115,0.419,0.424,18,17,54,52,6,13,7.0,-7.0,1
0022101164,2022-04-02,chicago bulls,miami heat,109,127,0.43,0.537,21,28,39,41,5,9,-18.0,18.0,0
0022101165,2022-04-02,golden state warriors,utah jazz,111,107,0.476,0.427,30,19,41,47,11,12,4.0,-4.0,1
0022101166,2022-04-03,boston celtics,washington wizards,144,102,0.615,0.463,39,21,39,32,7,12,42.0,-42.0,1
0022101167,2022-04-03,dallas mavericks,milwaukee bucks,118,112,0.513,0.442,28,25,38,36,12,9,6.0,-6.0,1
0022101168,2022-04-03,denver nuggets,los angeles lakers,129,118,0.573,0.533,33,31,38,40,12,12,11.0,-11.0,1
0022101169,2022-04-03,detroit pistons,indiana pacers,121,117,0.434,0.479,31,33,38,58,11,19,4.0,-4.0,1
0022101170,2022-04-03,cleveland cavaliers,philadelphia 76ers,108,112,0.449,0.413,24,23,41,50,9,14,-4.0,4.0,0
0022101171,2022-04-03,new york knicks,orlando magic,118,88,0.484,0.353,29,18,56,40,9,11,30.0,-30.0,1
0022101172,2022-04-03,miami heat,toronto raptors,114,109,0.519,0.422,30,19,38,38,17,14,5.0,-5.0,1
0022101173,2022-04-03,houston rockets,minnesota timberwolves,132,139,0.565,0.593,28,32,36,32,23,19,-7.0,7.0,0
0022101174,2022-04-03,oklahoma city thunder,phoenix suns,117,96,0.494,0.416,33,22,54,33,16,11,21.0,-21.0,1
0022101175,2022-04-03,portland trail blazers,san antonio spurs,92,113,0.393,0.452,22,25,39,51,14,12,-21.0,21.0,0
0022101176,2022-04-03,golden state warriors,sacramento kings,109,90,0.519,0.383,29,19,47,35,15,12,19.0,-19.0,1
0022101177,2022-04-03,la clippers,new orleans pelicans,119,100,0.474,0.402,33,22,41,54,10,15,19.0,-19.0,1
0022101178,2022-04-05,indiana pacers,philadelphia 76ers,122,131,0.474,0.54,29,34,48,36,15,14,-9.0,9.0,0
0022101179,2022-04-05,cleveland cavaliers,orlando magic,115,120,0.488,0.505,25,31,47,43,11,7,-5.0,5.0,0
0022101180,2022-04-05,brooklyn nets,houston rockets,118,105,0.453,0.404,22,18,52,48,16,11,13.0,-13.0,1
0022101181,2022-04-05,charlotte hornets,miami heat,115,144,0.529,0.571,34,29,31,41,13,14,-29.0,29.0,0
0022101182,2022-04-05,atlanta hawks,toronto raptors,108,118,0.457,0.436,31,20,43,60,7,7,-10.0,10.0,0
0022101183,2022-04-05,chicago bulls,milwaukee bucks,106,127,0.429,0.529,22,32,42,47,14,14,-21.0,21.0,0
0022101184,2022-04-05,minnesota timberwolves,washington wizards,114,132,0.451,0.554,27,38,38,52,9,10,-18.0,18.0,0
0022101185,2022-04-05,oklahoma city thunder,portland trail blazers,98,94,0.481,0.422,15,24,47,40,16,17,4.0,-4.0,1
0022101186,2022-04-05,denver nuggets,san antonio spurs,97,116,0.418,0.494,22,31,51,48,11,10,-19.0,19.0,0
0022101187,2022-04-05,memphis grizzlies,utah jazz,115,121,0.386,0.417,26,23,51,61,12,16,-6.0,6.0,0
0022101188,2022-04-05,new orleans pelicans,sacramento kings,123,109,0.511,0.513,26,28,44,34,13,15,14.0,-14.0,1
0022101189,2022-04-05,los angeles lakers,phoenix suns,110,121,0.453,0.49,22,38,46,53,16,14,-11.0,11.0,0
0022101190,2022-04-06,dallas mavericks,detroit pistons,131,113,0.563,0.427,28,26,41,42,10,10,18.0,-18.0,1
0022101191,2022-04-06,brooklyn nets,new york knicks,110,98,0.441,0.386,28,22,49,42,13,11,12.0,-12.0,1
0022101192,2022-04-06,atlanta hawks,washington wizards,118,103,0.467,0.488,26,26,39,44,6,14,15.0,-15.0,1
0022101193,2022-04-06,boston celtics,chicago bulls,117,94,0.489,0.438,29,19,42,40,11,17,23.0,-23.0,1
0022101194,2022-04-06,oklahoma city thunder,utah jazz,101,137,0.411,0.583,27,29,32,55,10,11,-36.0,36.0,0
0022101195,2022-04-06,la clippers,phoenix suns,113,109,0.44,0.389,20,29,55,54,16,12,4.0,-4.0,1
0022101196,2022-04-07,charlotte hornets,orlando magic,128,101,0.522,0.4,29,27,56,43,11,16,27.0,-27.0,1
0022101197,2022-04-07,philadelphia 76ers,toronto raptors,114,119,0.493,0.495,26,22,37,41,16,10,-5.0,5.0,0
0022101198,2022-04-07,boston celtics,milwaukee bucks,121,127,0.494,0.505,30,27,44,48,16,11,-6.0,6.0,0
0022101199,2022-04-07,minnesota timberwolves,san antonio spurs,127,121,0.427,0.483,25,31,47,45,10,12,6.0,-6.0,1
0022101200,2022-04-07,new orleans pelicans,portland trail blazers,127,94,0.473,0.522,31,28,49,27,11,22,33.0,-33.0,1
0022101201,2022-04-07,denver nuggets,memphis grizzlies,122,109,0.55,0.472,27,30,43,34,17,12,13.0,-13.0,1
0022101202,2022-04-07,golden state warriors,los angeles lakers,128,112,0.526,0.446,39,14,45,42,15,18,16.0,-16.0,1
0022101203,2022-04-08,detroit pistons,milwaukee bucks,101,131,0.389,0.495,27,29,43,51,11,7,-30.0,30.0,0
0022101204,2022-04-08,new york knicks,washington wizards,114,92,0.466,0.507,27,21,42,37,10,22,22.0,-22.0,1
0022101205,2022-04-08,brooklyn nets,cleveland cavaliers,118,107,0.467,0.488,30,19,45,31,10,8,11.0,-11.0,1
0022101206,2022-04-08,houston rockets,toronto raptors,115,117,0.531,0.458,24,20,41,41,18,9,-2.0,2.0,0
0022101207,2022-04-08,atlanta hawks,miami heat,109,113,0.477,0.556,17,20,43,33,14,17,-4.0,4.0,0
0022101208,2022-04-08,charlotte hornets,chicago bulls,133,117,0.605,0.537,34,25,38,31,11,12,16.0,-16.0,1
0022101209,2022-04-08,dallas mavericks,portland trail blazers,128,78,0.532,0.373,25,20,51,29,14,16,50.0,-50.0,1
0022101210,2022-04-08,phoenix suns,utah jazz,111,105,0.5,0.398,27,20,46,44,13,11,6.0,-6.0,1
0022101211,2022-04-08,los angeles lakers,oklahoma city thunder,120,101,0.5,0.455,23,21,45,44,9,14,19.0,-19.0,1
0022101212,2022-04-09,la clippers,sacramento kings,117,98,0.488,0.442,29,24,48,42,16,13,19.0,-19.0,1
0022101213,2022-04-09,memphis grizzlies,new orleans pelicans,141,114,0.589,0.451,41,23,48,29,18,16,27.0,-27.0,1
0022101214,2022-04-09,indiana pacers,philadelphia 76ers,120,133,0.526,0.556,28,37,31,42,17,14,-13.0,13.0,0
0022101215,2022-04-09,golden state warriors,san antonio spurs,100,94,0.407,0.4,23,19,51,41,12,12,6.0,-6.0,1
0022101216,2022-04-10,brooklyn nets,indiana pacers,134,126,0.642,0.452,30,32,50,30,20,7,8.0,-8.0,1
0022101217,2022-04-10,charlotte hornets,washington wizards,124,108,0.539,0.447,34,25,48,43,17,10,16.0,-16.0,1
0022101218,2022-04-10,cleveland cavaliers,milwaukee bucks,133,115,0.543,0.443,39,27,48,41,10,12,18.0,-18.0,1
0022101219,2022-04-10,dallas mavericks,san antonio spurs,130,120,0.541,0.483,34,26,43,35,16,8,10.0,-10.0,1
0022101220,2022-04-10,denver nuggets,los angeles lakers,141,146,0.49,0.468,33,26,45,50,14,13,-5.0,5.0,0
0022101221,2022-04-10,atlanta hawks,houston rockets,130,114,0.517,0.461,29,24,50,34,12,5,16.0,-16.0,1
0022101222,2022-04-10,la clippers,oklahoma city thunder,138,88,0.557,0.378,34,17,57,40,9,8,50.0,-50.0,1
0022101223,2022-04-10,boston celtics,memphis grizzlies,139,110,0.545,0.382,34,27,56,45,15,10,29.0,-29.0,1
0022101224,2022-04-10,chicago bulls,minnesota timberwolves,124,120,0.53,0.505,22,30,48,32,21,13,4.0,-4.0,1
0022101225,2022-04-10,golden state warriors,new orleans pelicans,128,107,0.605,0.424,33,24,41,42,17,11,21.0,-21.0,1
0022101226,2022-04-10,new york knicks,toronto raptors,105,94,0.46,0.391,32,27,48,43,15,13,11.0,-11.0,1
0022101227,2022-04-10,miami heat,orlando magic,111,125,0.426,0.495,20,33,47,48,10,8,-14.0,14.0,0
0022101228,2022-04-10,detroit pistons,philadelphia 76ers,106,118,0.458,0.523,26,25,42,42,19,10,-12.0,12.0,0
0022101229,2022-04-10,phoenix suns,sacramento kings,109,116,0.408,0.526,27,26,50,40,10,14,-7.0,7.0,0
0022101230,2022-04-10,portland trail blazers,utah jazz,80,111,0.373,0.451,21,23,32,60,14,17,-31.0,31.0,0
2022100002,2022-03-04,cleveland charge,maine celtics,95,90,0.443,0.333,19,26,62,46,13,4,5.0,-5.0,1
2022100010,2022-03-01,austin spurs,texas legends,94,99,0.4,0.459,24,22,48,43,16,16,-5.0,5.0,0
2022100023,2022-03-21,memphis hustle,rio grande valley vipers,128,126,0.589,0.484,24,29,40,39,12,21,2.0,-2.0,1
2022100051,2022-01-05,grand rapids gold,westchester knicks,127,108,0.524,0.444,26,25,47,38,14,16,16.6,-20.0,1
2022100052,2022-01-05,college park skyhawks,long island nets,107,111,0.444,0.45,23,21,59,44,16,9,-4.0,4.0,0
2022100053,2022-01-05,motor city cruise,windy city bulls,112,108,0.436,0.44,26,22,56,45,12,14,4.0,-4.0,1
2022100054,2022-01-05,delaware blue coats,wisconsin herd,123,124,0.432,0.462,24,33,47,51,16,19,-1.0,1.0,0
2022100055,2022-01-18,memphis hustle,salt lake city stars,106,117,0.438,0.518,31,31,38,50,14,22,-11.0,11.0,0
2022100056,2022-01-05,birmingham squadron,stockton kings,80,103,0.378,0.482,20,29,41,51,8,9,-23.0,23.0,0
2022100057,2022-01-06,fort wayne mad ants,raptors 905,94,103,0.31,0.43,18,23,49,58,14,21,-9.0,9.0,0
2022100058,2022-01-06,iowa wolves,sioux falls skyforce,109,94,0.513,0.357,24,23,50,40,19,19,15.0,-15.0,1
2022100060,2022-01-06,oklahoma city blue,santa cruz warriors,106,116,0.398,0.429,22,25,53,41,21,15,-10.0,10.0,0
2022100061,2022-01-06,birmingham squadron,stockton kings,119,137,0.513,0.58,31,37,30,42,13,11,-18.0,18.0,0
2022100062,2022-01-07,capital city go-go,cleveland charge,106,95,0.535,0.367,30,13,53,45,13,10,11.0,-11.0,1
2022100063,2022-01-07,grand rapids gold,westchester knicks,110,96,0.455,0.382,17,20,45,44,12,19,14.0,-14.0,1
2022100064,2022-01-07,college park skyhawks,lakeland magic,111,100,0.5,0.447,20,23,48,37,20,20,11.0,-11.0,1
2022100065,2022-01-07,greensboro swarm,long island nets,119,114,0.494,0.455,28,24,36,46,9,12,8.2,-5.0,1
2022100066,2022-01-09,delaware blue coats,windy city bulls,85,123,0.347,0.511,19,37,46,56,17,15,-38.0,38.0,0
2022100067,2022-01-19,memphis hustle,salt lake city stars,98,120,0.438,0.444,24,26,50,52,15,8,-22.0,22.0,0
2022100068,2022-01-07,oklahoma city blue,santa cruz warriors,123,127,0.441,0.437,29,28,56,54,17,17,-4.0,4.0,0
2022100069,2022-01-08,fort wayne mad ants,raptors 905,99,114,0.375,0.408,17,22,41,63,13,11,-15.0,15.0,0
2022100070,2022-01-08,capital city go-go,motor city cruise,113,118,0.439,0.471,23,28,44,48,7,11,-5.0,5.0,0
2022100071,2022-01-08,cleveland charge,grand rapids gold,92,99,0.402,0.368,16,23,55,50,13,5,-7.0,6.0,0
2022100072,2022-01-08,college park skyhawks,lakeland magic,102,112,0.452,0.494,17,25,39,41,17,14,-10.0,10.0,0
2022100074,2022-01-08,birmingham squadron,iowa wolves,113,115,0.533,0.483,21,30,37,45,14,13,-2.0,2.0,0
2022100076,2022-01-08,rio grande valley vipers,texas legends,122,105,0.417,0.465,22,24,56,38,14,17,17.0,-17.0,1
2022100077,2022-01-08,salt lake city stars,sioux falls skyforce,95,115,0.453,0.511,23,30,39,46,17,9,-20.0,20.0,0
2022100078,2022-01-09,greensboro swarm,long island nets,111,103,0.482,0.43,23,24,46,41,19,14,8.0,-8.0,1
2022100079,2022-01-09,maine celtics,wisconsin herd,117,89,0.483,0.345,32,19,57,36,16,11,28.0,-28.0,1
2022100080,2022-01-09,oklahoma city blue,stockton kings,118,100,0.53,0.402,35,24,44,44,16,16,18.0,-18.0,1
2022100081,2022-03-08,agua caliente clippers,austin spurs,124,118,0.545,0.489,24,25,44,28,17,10,6.0,-6.0,1
2022100082,2022-01-10,motor city cruise,westchester knicks,107,98,0.488,0.396,30,24,50,38,18,11,9.0,-9.0,1
2022100083,2022-01-10,long island nets,raptors 905,102,103,0.422,0.36,18,25,62,60,19,11,-1.0,1.0,0
2022100084,2022-01-10,memphis hustle,santa cruz warriors,130,132,0.452,0.511,24,31,37,49,12,17,-2.0,2.0,0
2022100085,2022-01-10,salt lake city stars,sioux falls skyforce,93,103,0.412,0.474,21,25,35,42,14,19,-10.0,10.0,0
2022100086,2022-01-11,cleveland charge,windy city bulls,103,94,0.396,0.4,22,18,57,49,15,14,9.0,-9.0,1
2022100087,2022-01-11,college park skyhawks,grand rapids gold,120,94,0.515,0.413,27,17,45,49,10,20,26.0,-26.0,1
2022100088,2022-01-11,capital city go-go,lakeland magic,132,95,0.617,0.38,25,17,47,34,13,15,37.0,-37.0,1
2022100089,2022-01-11,motor city cruise,westchester knicks,105,110,0.47,0.489,25,24,43,44,21,15,-5.0,5.0,0
2022100090,2022-01-12,long island nets,wisconsin herd,133,104,0.505,0.402,31,23,56,50,13,16,29.0,-29.0,1
2022100091,2022-01-12,agua caliente clippers,sioux falls skyforce,96,95,0.449,0.412,18,23,44,40,21,16,1.0,-1.0,1
2022100092,2022-01-13,capital city go-go,raptors 905,113,104,0.482,0.448,28,17,47,43,16,14,9.0,-9.0,1
2022100093,2022-01-13,delaware blue coats,maine celtics,111,107,0.408,0.478,25,33,43,55,6,16,4.0,-4.0,1
2022100094,2022-01-13,iowa wolves,memphis hustle,117,102,0.544,0.411,26,25,47,41,21,12,15.0,-15.0,1
2022100095,2022-01-13,rio grande valley vipers,south bay lakers,121,130,0.449,0.462,29,27,52,49,19,16,-9.0,8.6,0
2022100096,2022-01-14,college park skyhawks,greensboro swarm,124,111,0.534,0.532,32,28,36,30,13,17,13.0,-13.0,1
2022100097,2022-01-14,long island nets,wisconsin herd,112,133,0.419,0.543,22,24,40,55,14,18,-21.0,21.0,0
2022100098,2022-01-14,austin spurs,oklahoma city blue,108,126,0.422,0.495,21,31,49,43,20,16,-18.0,18.0,0
2022100099,2022-01-14,santa cruz warriors,texas legends,121,126,0.455,0.495,35,28,43,56,9,12,-5.0,5.0,0
2022100100,2022-01-14,salt lake city stars,south bay lakers,135,125,0.545,0.49,27,31,46,47,14,16,10.0,-10.0,1
2022100101,2022-01-14,agua caliente clippers,stockton kings,106,91,0.427,0.368,27,22,60,44,12,10,15.0,-15.0,1
2022100102,2022-01-15,cleveland charge,maine celtics,86,98,0.357,0.442,18,27,41,50,18,23,-12.0,12.0,0
2022100103,2022-01-15,lakeland magic,raptors 905,82,88,0.316,0.375,16,19,49,46,14,12,-6.0,6.0,0
2022100104,2022-01-15,fort wayne mad ants,westchester knicks,132,104,0.528,0.427,30,25,48,46,15,24,28.0,-28.0,1
2022100105,2022-01-15,capital city go-go,greensboro swarm,116,109,0.489,0.5,29,23,43,46,12,22,7.0,-7.0,1
2022100106,2022-01-15,memphis hustle,sioux falls skyforce,113,105,0.468,0.409,21,22,42,45,16,18,8.0,-8.0,1
2022100107,2022-01-15,santa cruz warriors,texas legends,132,136,0.533,0.505,37,27,39,45,12,11,-4.0,4.0,0
2022100108,2022-01-15,agua caliente clippers,rio grande valley vipers,117,115,0.446,0.389,20,27,52,49,30,19,2.0,-2.0,1
2022100109,2022-01-16,delaware blue coats,grand rapids gold,115,111,0.449,0.427,31,25,34,56,13,26,4.0,-4.0,1
2022100110,2022-01-16,college park skyhawks,motor city cruise,114,133,0.474,0.544,26,29,42,48,9,13,-20.2,19.0,0
2022100111,2022-01-16,memphis hustle,sioux falls skyforce,107,99,0.413,0.47,29,20,47,44,12,18,8.0,-8.0,1
2022100112,2022-01-16,birmingham squadron,salt lake city stars,123,110,0.473,0.523,32,23,47,38,15,11,11.6,-13.0,1
2022100113,2022-01-16,windy city bulls,wisconsin herd,109,113,0.483,0.471,26,26,41,49,14,11,-4.0,4.0,0
2022100114,2022-01-16,iowa wolves,south bay lakers,113,99,0.414,0.404,28,25,61,52,17,15,14.0,-14.0,1
2022100115,2022-01-16,lakeland magic,raptors 905,99,111,0.405,0.432,20,27,41,42,21,22,-12.0,12.0,0
2022100116,2022-01-17,delaware blue coats,grand rapids gold,125,118,0.485,0.455,29,25,47,59,14,20,7.0,-7.0,1
2022100117,2022-01-17,capital city go-go,greensboro swarm,94,108,0.452,0.494,28,27,42,30,19,12,-14.0,14.0,0
2022100118,2022-01-17,long island nets,maine celtics,118,108,0.455,0.47,21,30,49,40,20,17,10.0,-10.0,1
2022100119,2022-01-17,oklahoma city blue,texas legends,94,117,0.415,0.46,19,26,46,48,20,13,-23.0,23.0,0
2022100120,2022-01-17,santa cruz warriors,stockton kings,124,91,0.536,0.423,39,25,42,36,14,17,33.0,-33.0,1
2022100121,2022-01-17,austin spurs,rio grande valley vipers,127,124,0.489,0.453,19,18,54,47,24,24,3.0,-3.0,1
2022100122,2022-01-18,college park skyhawks,motor city cruise,113,123,0.473,0.558,26,28,33,47,12,19,-10.0,10.0,0
2022100123,2022-01-18,sioux falls skyforce,south bay lakers,113,117,0.432,0.518,19,20,38,50,17,21,-4.0,4.0,0
2022100124,2022-01-18,raptors 905,windy city bulls,114,125,0.416,0.556,24,21,36,46,16,28,-11.0,11.0,0
2022100125,2022-01-18,agua caliente clippers,iowa wolves,113,92,0.43,0.354,23,24,61,54,8,12,21.0,-21.0,1
2022100126,2022-01-19,lakeland magic,wisconsin herd,103,104,0.448,0.432,24,21,41,47,14,11,-1.0,1.0,0
2022100127,2022-01-19,fort wayne mad ants,long island nets,125,115,0.465,0.489,24,22,44,55,10,21,10.0,-10.0,1
2022100128,2022-01-19,maine celtics,westchester knicks,99,126,0.44,0.484,28,32,38,44,22,15,-27.4,28.2,0
2022100129,2022-01-19,oklahoma city blue,texas legends,113,103,0.5,0.38,29,22,47,45,18,15,10.2,-10.0,1
2022100130,2022-01-19,austin spurs,rio grande valley vipers,100,112,0.382,0.482,15,24,50,44,31,23,-12.0,12.0,0
2022100131,2022-01-20,grand rapids gold,motor city cruise,98,113,0.448,0.5,27,19,38,41,6,8,-15.0,15.0,0
2022100132,2022-01-20,fort wayne mad ants,long island nets,112,115,0.406,0.442,25,26,49,52,14,13,-3.0,3.0,0
2022100133,2022-01-20,maine celtics,windy city bulls,111,97,0.443,0.434,25,25,53,43,21,19,14.0,-14.0,1
2022100134,2022-01-20,cleveland charge,raptors 905,114,116,0.457,0.494,28,21,37,56,14,24,-2.0,2.0,0
2022100135,2022-01-20,lakeland magic,wisconsin herd,110,109,0.512,0.452,27,25,40,45,14,16,1.0,-1.0,1
2022100136,2022-01-20,agua caliente clippers,santa cruz warriors,115,101,0.478,0.413,27,27,57,41,16,12,14.0,-14.0,1
2022100137,2022-01-20,sioux falls skyforce,stockton kings,107,117,0.512,0.573,24,37,28,49,18,24,-10.0,10.0,0
2022100138,2022-01-21,birmingham squadron,south bay lakers,109,123,0.465,0.512,26,30,38,48,12,13,-14.0,14.0,0
2022100139,2022-01-21,oklahoma city blue,texas legends,107,110,0.471,0.385,23,20,45,62,23,21,-3.0,3.0,0
2022100140,2022-01-21,austin spurs,memphis hustle,114,107,0.505,0.387,28,21,51,46,17,14,7.0,-7.0,1
2022100141,2022-01-21,rio grande valley vipers,salt lake city stars,130,93,0.511,0.382,30,22,54,41,20,26,37.0,-37.0,1
2022100142,2022-01-22,cleveland charge,raptors 905,102,119,0.474,0.527,16,28,38,50,11,12,-17.0,17.0,0
2022100143,2022-01-22,capital city go-go,windy city bulls,111,108,0.5,0.439,27,23,45,40,16,16,3.0,-3.0,1
2022100144,2022-01-22,fort wayne mad ants,grand rapids gold,122,124,0.435,0.463,27,23,34,49,8,17,-2.0,2.0,0
2022100145,2022-01-22,delaware blue coats,greensboro swarm,118,109,0.484,0.458,31,21,44,40,15,21,9.0,-9.0,1
2022100146,2022-01-22,maine celtics,westchester knicks,142,117,0.533,0.538,41,22,51,27,10,9,25.0,-25.0,1
2022100147,2022-01-22,lakeland magic,motor city cruise,100,113,0.4,0.441,20,22,41,59,9,15,-13.0,13.0,0
2022100148,2022-01-22,oklahoma city blue,santa cruz warriors,117,113,0.494,0.393,29,25,40,60,17,17,4.0,-4.0,1
2022100149,2022-01-22,rio grande valley vipers,salt lake city stars,146,122,0.561,0.5,30,25,46,42,13,15,24.0,-24.0,1
2022100150,2022-01-23,sioux falls skyforce,stockton kings,75,91,0.35,0.453,22,20,39,52,15,19,-16.0,16.0,0
2022100151,2022-01-23,college park skyhawks,wisconsin herd,107,117,0.394,0.458,27,20,45,61,9,19,-10.0,10.0,0
2022100152,2022-01-23,iowa wolves,texas legends,111,85,0.523,0.353,24,17,59,39,19,14,26.0,-26.0,1
2022100153,2022-01-23,austin spurs,birmingham squadron,106,113,0.4,0.436,24,26,62,51,19,14,-7.0,7.0,0
2022100154,2022-01-24,capital city go-go,windy city bulls,101,103,0.481,0.417,26,19,44,45,21,12,-2.0,2.0,0
2022100155,2022-01-24,grand rapids gold,motor city cruise,122,111,0.516,0.466,31,20,55,30,22,8,11.0,-11.0,1
2022100156,2022-01-24,raptors 905,westchester knicks,112,105,0.467,0.443,24,19,48,44,10,11,7.0,-7.0,1
2022100157,2022-01-24,birmingham squadron,oklahoma city blue,117,124,0.481,0.518,25,28,42,41,18,14,-7.0,7.0,0
2022100158,2022-01-24,memphis hustle,south bay lakers,116,124,0.447,0.511,24,29,45,40,11,11,-8.0,8.0,0
2022100159,2022-01-24,agua caliente clippers,stockton kings,94,103,0.392,0.481,22,20,41,41,17,13,-9.0,9.0,0
2022100160,2022-01-25,fort wayne mad ants,maine celtics,130,129,0.505,0.489,34,32,40,51,17,26,1.0,-1.0,1
2022100161,2022-01-25,college park skyhawks,long island nets,105,102,0.409,0.394,18,17,49,52,13,8,3.0,-3.0,1
2022100162,2022-01-25,iowa wolves,texas legends,118,135,0.472,0.566,29,29,36,43,17,19,-17.0,17.0,0
2022100163,2022-01-25,lakeland magic,windy city bulls,88,98,0.365,0.443,22,23,42,53,14,18,-10.0,10.0,0
2022100164,2022-01-25,rio grande valley vipers,santa cruz warriors,134,110,0.476,0.414,34,27,50,54,14,24,24.0,-24.0,1
2022100165,2022-01-25,agua caliente clippers,sioux falls skyforce,129,101,0.541,0.398,30,22,50,38,15,7,28.0,-28.0,1
2022100166,2022-01-26,motor city cruise,raptors 905,116,123,0.457,0.494,23,29,47,40,18,16,-7.0,7.0,0
2022100167,2022-01-26,capital city go-go,westchester knicks,112,115,0.557,0.435,28,25,45,40,21,16,-3.0,3.0,0
2022100168,2022-01-26,birmingham squadron,oklahoma city blue,100,97,0.457,0.435,27,27,48,43,18,16,3.0,-3.0,1
2022100169,2022-01-26,memphis hustle,south bay lakers,124,127,0.41,0.431,27,31,45,61,8,14,-3.0,3.0,0
2022100170,2022-01-26,cleveland charge,wisconsin herd,113,121,0.385,0.434,24,33,57,56,12,13,-8.0,10.0,0
2022100171,2022-01-27,fort wayne mad ants,maine celtics,126,138,0.417,0.538,28,36,44,52,15,18,-12.0,12.0,0
2022100172,2022-01-27,delaware blue coats,greensboro swarm,106,94,0.443,0.413,31,20,51,42,17,18,12.0,-12.0,1
2022100173,2022-01-27,austin spurs,sioux falls skyforce,119,97,0.48,0.381,37,17,60,42,13,15,22.0,-22.0,1
2022100174,2022-01-27,rio grande valley vipers,santa cruz warriors,126,111,0.394,0.477,28,28,56,49,9,18,15.0,-17.2,1
2022100175,2022-01-27,agua caliente clippers,iowa wolves,116,108,0.462,0.429,22,22,42,57,14,18,8.0,-8.0,1
2022100176,2022-01-27,salt lake city stars,stockton kings,118,123,0.495,0.57,21,30,39,35,7,10,-6.6,5.6,0
2022100177,2022-01-28,cleveland charge,grand rapids gold,82,94,0.381,0.404,18,27,50,48,21,14,-12.0,12.0,0
2022100178,2022-01-28,college park skyhawks,delaware blue coats,127,111,0.48,0.412,32,26,57,41,18,16,16.0,-16.0,1
2022100179,2022-01-28,lakeland magic,long island nets,93,94,0.43,0.352,19,19,39,51,16,12,0.8,0.0,0
2022100180,2022-01-28,oklahoma city blue,salt lake city stars,114,112,0.517,0.459,29,23,44,45,14,10,2.0,-2.0,1
2022100181,2022-01-28,iowa wolves,stockton kings,82,76,0.41,0.378,13,16,45,47,16,18,6.0,-6.0,1
2022100182,2022-01-29,cleveland charge,grand rapids gold,82,98,0.365,0.44,16,24,48,57,14,8,-16.0,16.0,0
2022100183,2022-01-29,lakeland magic,long island nets,121,124,0.528,0.5,33,22,41,43,12,12,-3.0,3.0,0
2022100184,2022-01-29,fort wayne mad ants,windy city bulls,102,104,0.38,0.483,20,32,59,41,16,13,-3.0,4.4,0
2022100185,2022-01-29,greensboro swarm,wisconsin herd,115,108,0.43,0.413,30,23,48,59,9,15,7.0,-7.0,1
2022100186,2022-01-29,birmingham squadron,rio grande valley vipers,117,116,0.477,0.378,26,25,47,53,17,19,1.0,-1.0,1
2022100187,2022-01-29,south bay lakers,texas legends,117,100,0.469,0.354,24,26,59,45,9,11,17.0,-17.0,1
2022100188,2022-01-29,agua caliente clippers,oklahoma city blue,113,116,0.489,0.46,31,25,41,50,16,21,-3.0,3.0,0
2022100189,2022-01-30,maine celtics,motor city cruise,112,126,0.448,0.512,31,24,39,58,11,20,-14.0,14.0,0
2022100190,2022-01-30,austin spurs,santa cruz warriors,110,123,0.548,0.473,26,36,49,45,26,12,-13.0,13.0,0
2022100191,2022-01-31,oklahoma city blue,south bay lakers,113,100,0.506,0.438,28,23,44,42,20,21,13.0,-13.0,1
2022100192,2022-01-31,capital city go-go,raptors 905,116,112,0.453,0.447,27,27,51,45,16,16,4.0,-4.0,1
2022100193,2022-01-31,agua caliente clippers,birmingham squadron,102,107,0.44,0.411,17,18,48,51,11,10,-5.0,5.0,0
2022100194,2022-02-01,cleveland charge,greensboro swarm,105,96,0.519,0.363,18,17,52,36,24,20,9.0,-9.0,1
2022100195,2022-02-01,delaware blue coats,westchester knicks,107,117,0.406,0.433,22,20,52,46,20,18,-10.0,10.0,0
2022100196,2022-02-01,raptors 905,windy city bulls,130,93,0.516,0.341,37,20,56,40,13,12,37.0,-37.0,1
2022100197,2022-02-01,birmingham squadron,santa cruz warriors,122,110,0.561,0.481,32,27,40,35,21,22,12.0,-12.0,1
2022100198,2022-02-01,rio grande valley vipers,salt lake city stars,111,109,0.446,0.435,24,19,57,48,14,14,2.0,-2.0,1
2022100199,2022-02-02,capital city go-go,fort wayne mad ants,126,121,0.538,0.43,35,28,49,45,18,13,5.0,-5.0,1
2022100200,2022-02-02,cleveland charge,long island nets,105,109,0.44,0.438,15,23,56,39,24,14,-5.0,4.0,0
2022100201,2022-02-02,iowa wolves,memphis hustle,103,111,0.432,0.471,24,27,57,36,25,13,-8.0,8.0,0
2022100202,2022-02-02,stockton kings,texas legends,109,99,0.43,0.448,22,24,55,49,10,17,10.0,-10.0,1
2022100203,2022-02-03,delaware blue coats,greensboro swarm,109,105,0.392,0.424,22,25,57,45,12,20,4.0,-4.0,1
2022100204,2022-02-03,lakeland magic,wisconsin herd,134,115,0.505,0.523,37,17,52,37,13,13,19.0,-19.0,1
2022100205,2022-02-03,raptors 905,windy city bulls,104,89,0.47,0.368,25,18,45,41,14,20,15.0,-15.0,1
2022100206,2022-02-03,agua caliente clippers,sioux falls skyforce,109,116,0.419,0.483,30,21,41,48,12,12,-7.0,7.0,0
2022100207,2022-02-03,salt lake city stars,south bay lakers,120,132,0.444,0.576,25,28,36,48,12,21,-12.0,12.0,0
2022100208,2022-02-04,capital city go-go,fort wayne mad ants,106,117,0.446,0.512,28,26,48,41,20,17,-11.0,11.0,0
2022100209,2022-02-04,college park skyhawks,motor city cruise,124,127,0.486,0.448,32,20,45,50,19,24,-3.0,3.0,0
2022100210,2022-02-04,greensboro swarm,wisconsin herd,127,109,0.5,0.402,29,22,51,37,17,13,18.0,-18.0,1
2022100211,2022-02-04,cleveland charge,long island nets,113,118,0.43,0.451,17,27,46,49,19,15,-5.0,5.0,0
2022100212,2022-02-04,grand rapids gold,maine celtics,116,108,0.524,0.471,27,27,44,35,19,14,8.0,-8.0,1
2022100213,2022-02-04,westchester knicks,windy city bulls,90,107,0.361,0.425,20,23,43,57,13,16,-17.0,17.0,0
2022100214,2022-02-04,birmingham squadron,memphis hustle,129,116,0.547,0.476,33,16,36,38,14,15,13.0,-13.0,1
2022100215,2022-02-04,austin spurs,oklahoma city blue,109,104,0.476,0.425,28,19,48,48,16,17,5.0,-5.0,1
2022100216,2022-02-04,stockton kings,texas legends,91,99,0.402,0.429,18,17,41,49,11,13,-8.0,8.0,0
2022100217,2022-02-04,rio grande valley vipers,santa cruz warriors,127,115,0.484,0.459,28,31,59,38,22,12,12.0,-12.0,1
2022100218,2022-02-04,salt lake city stars,south bay lakers,117,116,0.488,0.466,26,28,35,51,16,15,1.0,-1.0,1
2022100219,2022-02-05,delaware blue coats,raptors 905,126,121,0.511,0.456,31,27,44,50,18,14,5.0,-5.0,1
2022100220,2022-02-05,long island nets,motor city cruise,101,117,0.427,0.447,26,24,37,52,14,21,-16.0,16.0,0
2022100221,2022-02-05,agua caliente clippers,iowa wolves,133,111,0.526,0.464,32,21,45,46,6,16,22.0,-22.0,1
2022100222,2022-02-06,memphis hustle,texas legends,110,97,0.494,0.374,17,27,51,47,18,14,13.0,-13.0,1
2022100223,2022-02-06,grand rapids gold,maine celtics,111,97,0.481,0.381,32,27,51,40,17,16,14.0,-14.0,1
2022100224,2022-02-06,greensboro swarm,lakeland magic,97,107,0.391,0.418,20,26,48,48,14,12,-9.4,8.4,0
2022100225,2022-02-06,fort wayne mad ants,wisconsin herd,113,110,0.406,0.361,25,21,56,55,19,13,3.0,-3.0,1
2022100226,2022-02-06,birmingham squadron,sioux falls skyforce,104,111,0.448,0.488,30,18,40,46,12,12,-7.0,7.0,0
2022100227,2022-02-07,austin spurs,iowa wolves,115,121,0.436,0.505,32,20,37,56,11,21,-6.0,6.0,0
2022100228,2022-02-06,westchester knicks,windy city bulls,117,111,0.422,0.506,24,22,46,38,16,17,6.0,-6.0,1
2022100229,2022-02-06,santa cruz warriors,south bay lakers,110,112,0.5,0.448,25,28,47,36,23,12,-2.0,2.0,0
2022100230,2022-02-07,agua caliente clippers,oklahoma city blue,108,100,0.476,0.481,25,21,40,34,19,14,8.0,-8.0,1
2022100231,2022-02-07,long island nets,motor city cruise,105,116,0.421,0.489,20,27,47,52,13,14,-11.0,11.0,0
2022100232,2022-02-08,austin spurs,iowa wolves,118,115,0.474,0.551,32,32,39,48,12,32,3.0,-3.0,1
2022100233,2022-02-08,delaware blue coats,fort wayne mad ants,129,117,0.48,0.444,38,32,48,58,16,18,12.0,-12.0,1
2022100234,2022-02-08,cleveland charge,raptors 905,99,110,0.389,0.43,19,26,49,53,14,12,-11.0,11.0,0
2022100235,2022-02-07,lakeland magic,westchester knicks,105,114,0.461,0.488,24,28,43,47,8,14,-9.0,9.0,0
2022100236,2022-02-08,birmingham squadron,memphis hustle,122,110,0.544,0.47,32,18,43,34,18,21,28.8,-24.8,1
2022100237,2022-02-08,rio grande valley vipers,stockton kings,121,103,0.529,0.454,28,28,56,37,26,16,18.0,-18.0,1
2022100238,2022-02-09,capital city go-go,college park skyhawks,113,120,0.441,0.483,23,20,50,42,15,10,-7.0,7.0,0
2022100239,2022-02-09,oklahoma city blue,sioux falls skyforce,108,97,0.43,0.398,28,19,53,45,10,12,11.0,-11.0,1
2022100240,2022-02-09,greensboro swarm,motor city cruise,120,102,0.505,0.422,32,26,56,41,11,13,18.0,-18.0,1
2022100241,2022-02-09,agua caliente clippers,texas legends,121,115,0.479,0.443,29,21,53,48,15,13,6.0,-6.0,1
2022100242,2022-02-09,salt lake city stars,stockton kings,97,111,0.453,0.494,19,30,40,48,14,14,-14.0,14.0,0
2022100243,2022-02-10,college park skyhawks,westchester knicks,123,118,0.484,0.45,32,26,51,43,13,6,5.0,-5.0,1
2022100244,2022-02-10,iowa wolves,memphis hustle,111,106,0.465,0.406,23,22,55,45,26,12,5.0,-5.0,1
2022100245,2022-02-10,delaware blue coats,fort wayne mad ants,134,121,0.515,0.443,30,23,54,43,19,23,13.0,-13.0,1
2022100246,2022-02-10,austin spurs,rio grande valley vipers,127,139,0.56,0.522,24,29,36,41,20,16,-13.6,12.0,0
2022100247,2022-03-23,greensboro swarm,lakeland magic,123,112,0.506,0.453,27,27,42,34,10,13,11.0,-11.0,1
2022100248,2022-02-10,maine celtics,wisconsin herd,121,117,0.489,0.475,37,30,48,51,16,13,4.0,-4.0,1
2022100249,2022-02-10,santa cruz warriors,south bay lakers,117,111,0.49,0.476,38,26,43,41,16,19,6.0,-6.0,1
2022100250,2022-02-11,capital city go-go,grand rapids gold,117,114,0.456,0.506,25,34,44,40,13,17,3.0,-3.0,1
2022100251,2022-02-11,sioux falls skyforce,stockton kings,113,101,0.512,0.513,30,26,37,36,14,20,12.0,-12.0,1
2022100252,2022-02-11,long island nets,windy city bulls,110,107,0.467,0.464,29,24,46,40,12,15,3.0,-3.0,1
2022100253,2022-02-11,agua caliente clippers,texas legends,127,111,0.531,0.506,32,28,43,33,13,18,16.0,-16.0,1
2022100254,2022-02-12,college park skyhawks,fort wayne mad ants,97,112,0.375,0.476,20,26,50,41,23,16,-15.0,15.0,0
2022100255,2022-02-12,delaware blue coats,raptors 905,104,109,0.391,0.387,21,22,43,63,16,21,-5.0,5.0,0
2022100256,2022-02-01,lakeland magic,motor city cruise,104,118,0.392,0.5,25,27,43,57,10,16,-14.0,14.0,0
2022100257,2022-02-12,greensboro swarm,maine celtics,99,105,0.43,0.473,24,28,41,49,14,11,-6.0,6.0,0
2022100258,2022-02-12,birmingham squadron,rio grande valley vipers,120,140,0.472,0.545,28,30,39,45,14,17,-20.0,20.0,0
2022100259,2022-02-12,salt lake city stars,sioux falls skyforce,107,119,0.481,0.489,21,27,35,45,18,15,-10.0,10.0,0
2022100260,2022-02-12,long island nets,windy city bulls,112,98,0.494,0.443,24,21,44,39,16,12,14.0,-14.0,1
2022100261,2022-02-12,santa cruz warriors,south bay lakers,89,127,0.375,0.481,20,38,39,56,22,9,-38.0,38.0,0
2022100262,2022-02-13,cleveland charge,westchester knicks,100,141,0.416,0.591,16,33,40,42,17,12,-41.0,41.0,0
2022100263,2022-02-14,agua caliente clippers,austin spurs,116,78,0.563,0.33,26,16,53,36,14,15,38.0,-38.0,1
2022100264,2022-02-13,memphis hustle,oklahoma city blue,104,97,0.34,0.407,19,23,57,58,9,20,7.0,-7.0,1
2022100265,2022-02-13,capital city go-go,grand rapids gold,106,103,0.402,0.457,21,21,41,48,14,20,3.0,-3.0,1
2022100266,2022-02-14,college park skyhawks,fort wayne mad ants,128,137,0.459,0.505,25,27,49,47,14,14,-9.0,9.0,0
2022100267,2022-02-14,grand rapids gold,long island nets,86,115,0.337,0.483,14,24,44,57,10,15,-29.0,29.0,0
2022100268,2022-02-14,iowa wolves,santa cruz warriors,113,119,0.418,0.409,30,28,52,47,12,7,-6.0,6.0,0
2022100269,2022-02-14,memphis hustle,oklahoma city blue,87,116,0.333,0.462,17,29,50,61,15,17,-29.0,29.0,0
2022100271,2022-02-15,rio grande valley vipers,sioux falls skyforce,119,130,0.511,0.588,23,31,43,36,16,12,-11.0,11.0,0
2022100272,2022-02-15,windy city bulls,wisconsin herd,111,101,0.511,0.429,25,22,46,41,13,20,10.0,-10.0,1
2022100273,2022-02-16,austin spurs,salt lake city stars,125,104,0.533,0.411,33,27,49,47,16,18,21.0,-21.0,1
2022100274,2022-02-15,stockton kings,texas legends,107,113,0.462,0.547,26,24,35,41,11,20,-6.0,6.0,0
2022100275,2022-02-16,birmingham squadron,oklahoma city blue,102,96,0.457,0.422,25,22,48,46,13,11,6.0,-6.0,1
2022100276,2022-02-16,capital city go-go,greensboro swarm,106,85,0.423,0.411,27,19,57,34,11,19,21.0,-21.0,1
2022100277,2022-02-16,grand rapids gold,long island nets,102,115,0.455,0.563,23,23,34,45,10,16,-13.0,13.0,0
2022100278,2022-02-16,raptors 905,westchester knicks,106,119,0.453,0.505,26,30,52,40,19,16,-13.0,13.0,0
2022100279,2022-02-16,agua caliente clippers,south bay lakers,98,111,0.451,0.468,21,31,42,48,19,16,-13.0,13.0,0
2022100280,2022-02-17,delaware blue coats,windy city bulls,115,96,0.537,0.444,29,24,43,46,21,20,19.0,-19.0,1
2022100281,2022-02-17,college park skyhawks,maine celtics,113,122,0.448,0.475,22,34,54,48,23,15,-9.0,9.0,0
2022100282,2022-02-17,fort wayne mad ants,motor city cruise,120,132,0.431,0.414,25,29,59,61,11,7,-12.0,12.0,0
2022100283,2022-02-17,raptors 905,wisconsin herd,124,133,0.444,0.548,30,26,43,47,17,21,-9.0,9.0,0
2022100284,2022-02-17,rio grande valley vipers,sioux falls skyforce,127,117,0.565,0.489,24,25,45,30,19,11,10.0,-10.0,1
2022100285,2022-02-17,memphis hustle,stockton kings,121,114,0.5,0.51,29,31,40,44,18,16,7.0,-7.0,1
2022100286,2022-02-17,santa cruz warriors,texas legends,97,112,0.404,0.484,19,31,50,41,16,9,-15.0,15.0,0
2022100287,2022-02-23,grand rapids gold,windy city bulls,116,117,0.456,0.474,21,28,50,42,18,14,-1.0,1.0,0
2022100288,2022-02-23,south bay lakers,stockton kings,118,112,0.523,0.479,35,32,45,42,19,20,6.0,-6.0,1
2022100289,2022-02-23,cleveland charge,fort wayne mad ants,110,133,0.446,0.505,26,33,52,57,14,7,-23.0,23.0,0
2022100290,2022-02-23,capital city go-go,college park skyhawks,132,106,0.554,0.47,28,23,41,37,13,18,26.0,-26.0,1
2022100291,2022-02-23,greensboro swarm,raptors 905,98,100,0.453,0.394,19,23,39,57,21,20,-2.0,2.0,0
2022100292,2022-02-23,iowa wolves,salt lake city stars,116,109,0.529,0.447,32,25,47,43,17,15,7.0,-7.0,1
2022100293,2022-02-23,austin spurs,memphis hustle,142,116,0.528,0.441,31,20,57,47,10,10,26.0,-26.0,1
2022100294,2022-02-23,oklahoma city blue,sioux falls skyforce,111,115,0.441,0.474,27,21,42,42,12,16,-4.0,4.0,0
2022100295,2022-02-23,rio grande valley vipers,texas legends,141,95,0.51,0.352,29,20,59,44,16,19,46.0,-46.0,1
2022100296,2022-02-23,motor city cruise,wisconsin herd,110,107,0.418,0.426,25,26,53,50,20,24,3.0,-3.0,1
2022100297,2022-02-24,agua caliente clippers,stockton kings,107,119,0.471,0.588,24,28,39,33,13,11,-12.0,12.0,0
2022100298,2022-02-24,delaware blue coats,fort wayne mad ants,131,108,0.515,0.358,39,21,53,53,21,19,23.0,-23.0,1
2022100299,2022-02-24,grand rapids gold,maine celtics,129,118,0.485,0.465,26,22,52,32,14,13,11.0,-11.0,1
2022100300,2022-02-24,lakeland magic,long island nets,107,111,0.494,0.444,26,16,30,54,13,23,-4.0,4.0,0
2022100301,2022-02-24,westchester knicks,wisconsin herd,125,86,0.523,0.375,33,11,56,48,14,19,39.0,-39.0,1
2022100302,2022-02-24,birmingham squadron,santa cruz warriors,126,120,0.5,0.523,29,28,40,38,14,15,6.0,-6.0,1
2022100303,2022-02-25,capital city go-go,cleveland charge,112,111,0.453,0.473,24,23,39,60,10,17,1.0,-1.0,1
2022100304,2022-02-25,greensboro swarm,raptors 905,115,130,0.528,0.577,22,32,33,34,17,12,-15.0,15.0,0
2022100305,2022-02-25,austin spurs,memphis hustle,114,105,0.394,0.412,25,23,60,47,15,18,9.0,-9.0,1
2022100306,2022-02-25,oklahoma city blue,rio grande valley vipers,118,126,0.489,0.444,27,31,46,44,15,14,-8.0,8.0,0
2022100307,2022-02-26,college park skyhawks,delaware blue coats,102,113,0.418,0.451,23,26,48,53,16,15,-11.0,11.0,0
2022100308,2022-02-26,grand rapids gold,greensboro swarm,122,106,0.519,0.447,26,28,44,40,15,17,16.0,-16.0,1
2022100309,2022-02-26,memphis hustle,sioux falls skyforce,96,101,0.398,0.429,23,19,52,47,14,17,-5.0,5.0,0
2022100310,2022-02-26,westchester knicks,wisconsin herd,105,100,0.416,0.448,24,27,48,51,13,18,5.0,-5.0,1
2022100311,2022-02-26,maine celtics,windy city bulls,94,127,0.368,0.505,21,37,45,57,15,18,-33.0,33.0,0
2022100312,2022-02-26,south bay lakers,stockton kings,105,119,0.457,0.469,25,24,41,39,19,15,-14.0,14.0,0
2022100313,2022-02-26,rio grande valley vipers,texas legends,137,110,0.545,0.484,35,27,54,36,14,15,27.0,-27.0,1
2022100314,2022-02-26,birmingham squadron,santa cruz warriors,94,118,0.407,0.512,19,26,34,46,13,12,-24.0,24.0,0
2022100315,2022-02-28,capital city go-go,cleveland charge,114,105,0.427,0.422,29,16,52,46,6,14,9.0,-9.0,1
2022100316,2022-02-27,fort wayne mad ants,lakeland magic,111,122,0.44,0.547,23,26,42,35,18,11,-10.0,11.0,0
2022100317,2022-02-27,long island nets,motor city cruise,113,109,0.439,0.473,21,19,53,38,13,8,4.0,-4.0,1
2022100318,2022-02-27,maine celtics,windy city bulls,99,110,0.442,0.4,30,23,48,47,17,12,-11.0,11.0,0
2022100319,2022-02-28,austin spurs,oklahoma city blue,100,108,0.362,0.419,23,19,64,58,15,14,-8.0,8.0,0
2022100320,2022-02-28,iowa wolves,salt lake city stars,109,113,0.513,0.541,29,23,38,31,19,14,-4.0,4.0,0
2022100321,2022-02-28,agua caliente clippers,birmingham squadron,121,105,0.527,0.44,23,23,48,36,12,12,16.0,-16.0,1
2022100322,2022-03-01,grand rapids gold,wisconsin herd,131,127,0.558,0.505,27,32,44,41,16,11,4.0,-4.0,1
2022100323,2022-03-01,greensboro swarm,westchester knicks,108,115,0.476,0.456,32,34,47,37,17,9,-7.0,7.0,0
2022100324,2022-03-01,maine celtics,raptors 905,92,128,0.374,0.55,18,25,42,42,18,15,-36.0,36.0,0
2022100325,2022-03-01,agua caliente clippers,birmingham squadron,109,101,0.532,0.443,23,24,45,40,18,18,8.0,-8.0,1
2022100326,2022-03-02,memphis hustle,oklahoma city blue,114,109,0.437,0.506,23,20,47,42,12,21,5.0,-5.0,1
2022100327,2022-03-02,delaware blue coats,long island nets,113,119,0.426,0.476,26,26,34,59,13,26,-6.0,6.0,0
2022100328,2022-03-02,college park skyhawks,raptors 905,104,128,0.406,0.452,26,33,40,68,9,15,-24.0,24.0,0
2022100329,2022-03-02,iowa wolves,salt lake city stars,122,126,0.452,0.469,27,23,46,54,18,14,-4.0,4.0,0
2022100330,2022-03-02,santa cruz warriors,stockton kings,109,97,0.471,0.395,25,18,52,39,19,16,12.0,-12.0,1
2022100331,2022-03-03,motor city cruise,westchester knicks,121,116,0.495,0.488,23,31,59,30,19,11,5.0,-5.0,1
2022100332,2022-03-25,cleveland charge,delaware blue coats,101,116,0.449,0.478,16,25,49,40,19,10,-15.0,15.0,0
2022100333,2022-03-03,sioux falls skyforce,texas legends,117,120,0.529,0.5,23,24,43,37,14,8,-3.0,2.2,0
2022100334,2022-03-03,rio grande valley vipers,south bay lakers,115,111,0.411,0.365,23,22,60,54,20,14,4.0,-4.0,1
2022100335,2022-03-04,iowa wolves,oklahoma city blue,107,103,0.44,0.402,20,27,58,45,15,12,4.0,-4.0,1
2022100336,2022-03-04,college park skyhawks,greensboro swarm,99,88,0.41,0.381,24,23,59,45,11,16,11.0,-11.0,1
2022100337,2022-03-04,fort wayne mad ants,lakeland magic,130,137,0.543,0.517,38,34,36,38,15,18,-7.0,7.0,0
2022100338,2022-03-04,motor city cruise,windy city bulls,103,115,0.419,0.479,27,26,50,47,15,9,-12.0,6.8,0
2022100339,2022-03-04,sioux falls skyforce,texas legends,110,92,0.5,0.444,34,20,45,39,17,15,18.0,-18.0,1
2022100340,2022-03-04,capital city go-go,wisconsin herd,129,131,0.49,0.544,31,32,50,36,14,12,-2.0,2.0,0
2022100341,2022-03-04,austin spurs,salt lake city stars,136,126,0.58,0.529,34,29,41,37,9,13,10.0,-10.0,1
2022100342,2022-03-04,rio grande valley vipers,south bay lakers,100,126,0.426,0.51,26,29,53,46,30,17,-26.0,26.0,0
2022100343,2022-03-04,memphis hustle,santa cruz warriors,117,120,0.435,0.485,20,35,46,44,14,13,-3.0,3.0,0
2022100344,2022-03-05,delaware blue coats,westchester knicks,146,111,0.542,0.477,43,29,45,47,11,27,35.0,-35.0,1
2022100345,2022-03-05,austin spurs,salt lake city stars,110,100,0.424,0.48,31,20,46,47,10,19,10.0,-10.0,1
2022100346,2022-03-05,capital city go-go,wisconsin herd,128,114,0.483,0.444,32,23,52,35,13,13,14.0,-14.0,1
2022100347,2022-03-05,memphis hustle,santa cruz warriors,107,99,0.435,0.407,16,26,45,50,15,15,8.0,-8.0,1
2022100348,2022-03-06,cleveland charge,long island nets,119,120,0.477,0.484,23,30,55,42,20,13,-1.0,1.0,0
2022100349,2022-03-06,college park skyhawks,greensboro swarm,120,107,0.526,0.422,26,21,52,29,20,11,13.0,-13.0,1
2022100350,2022-03-06,grand rapids gold,lakeland magic,109,119,0.513,0.529,24,33,39,35,14,13,-10.0,10.2,0
2022100351,2022-03-06,iowa wolves,sioux falls skyforce,89,115,0.345,0.456,16,27,47,56,12,13,-26.0,26.0,0
2022100352,2022-03-06,fort wayne mad ants,windy city bulls,116,108,0.453,0.506,28,27,46,39,16,18,8.0,-8.0,1
2022100353,2022-03-06,maine celtics,raptors 905,125,118,0.478,0.5,22,18,45,49,8,16,7.0,-7.0,1
2022100354,2022-03-06,agua caliente clippers,south bay lakers,100,108,0.372,0.429,25,21,48,56,8,11,-8.0,8.0,0
2022100355,2022-03-07,birmingham squadron,texas legends,123,109,0.523,0.526,30,29,43,34,11,15,14.0,-14.0,1
2022100356,2022-03-08,oklahoma city blue,rio grande valley vipers,107,117,0.466,0.412,27,22,38,55,15,11,-10.0,10.0,0
2022100357,2022-03-08,cleveland charge,motor city cruise,120,126,0.495,0.484,22,31,40,51,14,17,-6.0,6.0,0
2022100358,2022-03-08,delaware blue coats,lakeland magic,128,118,0.527,0.474,30,27,44,49,16,24,10.0,-10.0,1
2022100359,2022-03-08,greensboro swarm,westchester knicks,102,106,0.519,0.427,27,23,42,38,20,15,-4.0,4.0,0
2022100360,2022-03-17,fort wayne mad ants,raptors 905,106,131,0.364,0.5,15,31,42,48,19,15,-25.0,25.0,0
2022100361,2022-03-08,salt lake city stars,texas legends,108,102,0.442,0.451,19,30,51,48,17,18,6.0,-6.0,1
2022100362,2022-03-08,memphis hustle,stockton kings,106,98,0.425,0.448,21,26,47,39,9,12,8.0,-8.0,1
2022100363,2022-03-09,grand rapids gold,long island nets,96,89,0.41,0.343,19,18,48,62,9,15,7.0,-7.0,1
2022100364,2022-03-09,birmingham squadron,iowa wolves,117,113,0.449,0.453,26,23,44,51,7,11,4.0,-4.0,1
2022100365,2022-03-10,oklahoma city blue,rio grande valley vipers,135,140,0.526,0.494,31,24,39,45,19,25,-5.0,5.0,0
2022100366,2022-03-10,college park skyhawks,raptors 905,121,126,0.43,0.516,29,28,44,49,11,14,-5.0,5.0,0
2022100367,2022-03-10,grand rapids gold,windy city bulls,117,116,0.464,0.524,27,24,51,44,14,15,1.0,-1.0,1
2022100368,2022-03-10,fort wayne mad ants,greensboro swarm,126,113,0.54,0.494,27,26,41,35,17,13,13.0,-13.0,1
2022100369,2022-03-10,delaware blue coats,lakeland magic,144,139,0.521,0.516,33,36,47,41,15,13,5.0,-5.0,1
2022100370,2022-03-10,maine celtics,motor city cruise,107,87,0.451,0.313,31,20,57,55,17,18,20.0,-20.0,1
2022100371,2022-03-10,capital city go-go,westchester knicks,108,92,0.513,0.373,27,21,45,44,17,17,16.0,-16.0,1
2022100372,2022-03-10,austin spurs,sioux falls skyforce,116,112,0.494,0.419,25,25,54,41,19,13,4.0,-4.0,1
2022100373,2022-03-10,salt lake city stars,texas legends,101,115,0.425,0.477,16,33,42,50,18,18,-14.0,14.0,0
2022100374,2022-03-10,memphis hustle,south bay lakers,119,129,0.554,0.52,27,35,40,40,20,15,-10.0,10.0,0
2022100375,2022-03-10,santa cruz warriors,stockton kings,99,109,0.405,0.416,21,21,51,49,14,9,-10.0,10.0,0
2022100376,2022-03-11,cleveland charge,wisconsin herd,129,119,0.548,0.427,22,32,52,45,13,8,9.4,-10.0,1
2022100377,2022-03-11,maine celtics,motor city cruise,98,105,0.429,0.45,26,19,37,53,12,17,-7.0,7.0,0
2022100378,2022-03-11,austin spurs,sioux falls skyforce,112,97,0.422,0.458,23,21,51,51,12,19,15.0,-15.0,1
2022100379,2022-03-11,iowa wolves,rio grande valley vipers,106,124,0.444,0.553,25,32,36,45,18,22,-18.0,18.0,0
2022100380,2022-03-12,college park skyhawks,windy city bulls,116,112,0.47,0.495,24,24,43,43,15,17,4.0,-4.0,1
2022100382,2022-03-12,delaware blue coats,long island nets,130,120,0.51,0.474,31,23,42,50,10,20,10.0,-10.0,1
2022100383,2022-03-12,cleveland charge,fort wayne mad ants,99,110,0.46,0.414,20,26,54,51,19,14,-11.0,11.0,0
2022100384,2022-03-12,lakeland magic,raptors 905,109,112,0.471,0.44,25,19,35,54,18,19,-3.0,3.0,0
2022100385,2022-03-12,south bay lakers,stockton kings,120,110,0.5,0.506,28,29,49,33,17,12,10.0,-10.0,1
2022100386,2022-03-12,birmingham squadron,texas legends,104,110,0.429,0.429,23,25,47,52,12,14,-6.0,6.0,0
2022100387,2022-03-12,agua caliente clippers,memphis hustle,104,116,0.457,0.479,28,25,39,53,16,20,-12.0,12.0,0
2022100388,2022-03-13,maine celtics,wisconsin herd,125,103,0.531,0.38,28,25,56,38,22,10,22.0,-22.0,1
2022100389,2022-03-13,austin spurs,iowa wolves,91,97,0.352,0.443,22,18,48,55,17,19,-6.0,6.0,0
2022100390,2022-03-13,agua caliente clippers,memphis hustle,114,118,0.455,0.517,16,18,52,46,12,11,-4.0,2.8,0
2022100391,2022-03-14,oklahoma city blue,salt lake city stars,130,117,0.521,0.455,23,28,55,42,13,8,13.0,-13.0,1
2022100392,2022-03-14,lakeland magic,windy city bulls,116,107,0.511,0.469,35,27,47,34,11,10,9.0,-9.0,1
2022100393,2022-03-14,college park skyhawks,westchester knicks,126,101,0.551,0.513,29,17,46,35,9,15,25.0,-25.0,1
2022100394,2022-03-14,birmingham squadron,rio grande valley vipers,114,135,0.488,0.527,26,33,28,51,8,12,-21.0,21.0,0
2022100395,2022-03-14,iowa wolves,texas legends,109,115,0.469,0.476,22,30,50,45,13,13,-6.0,6.0,0
2022100396,2022-03-15,cleveland charge,delaware blue coats,118,130,0.477,0.45,22,30,57,49,23,7,-12.0,12.0,0
2022100397,2022-03-15,grand rapids gold,greensboro swarm,117,109,0.512,0.452,32,23,44,40,16,14,8.0,-8.0,1
2022100398,2022-03-15,austin spurs,birmingham squadron,99,103,0.402,0.45,22,26,44,54,6,16,-4.0,4.0,0
2022100399,2022-03-15,sioux falls skyforce,texas legends,128,99,0.521,0.43,23,29,49,48,9,10,29.0,-29.0,1
2022100400,2022-03-15,agua caliente clippers,santa cruz warriors,118,103,0.422,0.47,33,24,50,52,6,18,15.0,-15.0,1
2022100401,2022-03-16,long island nets,westchester knicks,114,118,0.39,0.531,19,22,63,30,14,13,-4.0,4.0,0
2022100402,2022-03-16,cleveland charge,delaware blue coats,95,84,0.579,0.477,26,34,32,33,12,5,-94.0,-116.0,1
2022100403,2022-03-16,college park skyhawks,wisconsin herd,131,124,0.5,0.431,37,21,53,56,16,15,7.0,-7.0,1
2022100404,2022-03-16,capital city go-go,motor city cruise,111,125,0.408,0.484,28,27,47,52,14,14,-14.0,14.0,0
2022100405,2022-03-16,iowa wolves,south bay lakers,106,114,0.494,0.467,26,24,46,46,25,18,-8.0,8.0,0
2022100406,2022-03-16,memphis hustle,salt lake city stars,124,112,0.536,0.462,30,24,44,44,15,9,12.0,-12.0,1
2022100407,2022-03-16,greensboro swarm,windy city bulls,108,117,0.391,0.455,23,32,44,55,12,13,-9.0,9.0,0
2022100408,2022-03-17,lakeland magic,maine celtics,101,130,0.411,0.58,26,33,34,51,10,18,-29.0,29.0,0
2022100409,2022-03-17,austin spurs,birmingham squadron,100,98,0.481,0.416,26,27,49,42,14,12,2.0,-2.0,1
2022100410,2022-03-17,rio grande valley vipers,sioux falls skyforce,83,55,0.477,0.355,29,20,43,32,10,11,-48.0,-104.0,1
2022100411,2022-03-17,agua caliente clippers,texas legends,107,114,0.456,0.471,21,22,52,42,14,9,-7.0,7.0,0
2022100412,2022-03-17,oklahoma city blue,stockton kings,99,114,0.409,0.506,20,22,54,41,18,10,-15.0,15.0,0
2022100413,2022-03-18,college park skyhawks,wisconsin herd,142,124,0.514,0.484,29,29,54,36,11,8,18.0,-18.0,1
2022100414,2022-03-18,delaware blue coats,grand rapids gold,112,107,0.432,0.467,29,23,40,56,14,24,5.0,-5.0,1
2022100415,2022-03-18,cleveland charge,greensboro swarm,117,104,0.506,0.449,25,24,46,36,13,15,14.0,-13.0,1
2022100416,2022-03-18,lakeland magic,maine celtics,106,103,0.418,0.48,19,31,46,43,8,18,3.0,-3.0,1
2022100417,2022-03-18,capital city go-go,motor city cruise,140,133,0.567,0.494,40,29,36,39,11,17,7.0,-7.0,1
2022100418,2022-03-18,iowa wolves,south bay lakers,125,121,0.488,0.489,27,26,52,29,25,19,4.0,-4.0,1
2022100419,2022-03-19,memphis hustle,rio grande valley vipers,139,131,0.495,0.376,27,22,67,56,15,8,8.0,-8.0,1
2022100420,2022-03-19,oklahoma city blue,salt lake city stars,102,73,0.376,0.321,21,20,69,48,13,17,29.0,-29.0,1
2022100421,2022-03-19,agua caliente clippers,santa cruz warriors,131,108,0.539,0.429,32,27,45,44,9,14,23.0,-23.0,1
2022100422,2022-03-19,austin spurs,stockton kings,96,101,0.429,0.437,13,18,43,45,16,12,-5.0,5.0,0
2022100423,2022-03-20,cleveland charge,college park skyhawks,108,118,0.432,0.442,21,27,50,46,13,11,-9.8,10.0,0
2022100424,2022-03-20,capital city go-go,wisconsin herd,131,100,0.46,0.456,35,23,61,43,9,14,31.0,-31.0,1
2022100425,2022-03-20,delaware blue coats,maine celtics,141,145,0.563,0.575,32,40,34,38,14,19,-4.0,4.0,0
2022100426,2022-03-20,greensboro swarm,motor city cruise,84,125,0.381,0.515,21,31,35,58,20,21,-41.0,41.0,0
2022100427,2022-03-20,iowa wolves,sioux falls skyforce,110,105,0.488,0.402,30,23,48,45,23,15,5.0,-5.0,1
2022100428,2022-03-20,westchester knicks,windy city bulls,118,124,0.473,0.494,34,34,40,44,9,13,-6.0,6.0,0
2022100429,2022-03-20,fort wayne mad ants,long island nets,116,108,0.39,0.412,24,19,48,59,12,23,8.0,-7.8,1
2022100430,2022-03-20,south bay lakers,texas legends,110,122,0.421,0.483,20,28,48,44,11,11,-12.0,12.0,0
2022100431,2022-03-20,salt lake city stars,santa cruz warriors,106,94,0.36,0.418,20,25,45,48,15,24,12.0,-11.8,1
2022100432,2022-03-21,grand rapids gold,westchester knicks,94,113,0.425,0.419,20,29,55,44,25,9,-19.0,19.0,0
2022100433,2022-03-21,austin spurs,stockton kings,100,119,0.416,0.61,21,26,41,34,13,9,-19.0,19.0,0
2022100434,2022-03-22,college park skyhawks,maine celtics,136,127,0.533,0.49,30,26,44,45,9,11,9.0,-9.0,1
2022100435,2022-03-22,birmingham squadron,sioux falls skyforce,129,143,0.541,0.547,33,34,33,45,15,9,-14.0,14.0,0
2022100436,2022-03-22,south bay lakers,texas legends,112,113,0.5,0.518,26,28,48,33,18,19,-1.0,1.0,0
2022100437,2022-03-23,oklahoma city blue,stockton kings,118,121,0.506,0.524,25,23,39,37,17,14,-3.0,1.6,0
2022100438,2022-03-23,capital city go-go,delaware blue coats,140,120,0.577,0.462,36,25,58,26,20,17,20.0,-20.0,1
2022100439,2022-03-02,grand rapids gold,lakeland magic,124,119,0.551,0.489,23,29,37,38,15,12,5.0,-5.0,1
2022100440,2022-03-23,birmingham squadron,sioux falls skyforce,136,95,0.533,0.361,33,24,49,41,11,20,41.0,-41.0,1
2022100441,2022-03-23,cleveland charge,windy city bulls,99,117,0.395,0.453,21,29,53,48,17,8,-18.0,18.0,0
2022100442,2022-03-23,raptors 905,wisconsin herd,130,115,0.449,0.466,25,29,59,53,14,22,15.0,-15.0,1
2022100443,2022-03-23,agua caliente clippers,austin spurs,125,111,0.528,0.5,23,29,51,34,12,15,14.0,-14.0,1
2022100444,2022-03-23,iowa wolves,santa cruz warriors,102,111,0.391,0.478,20,33,52,48,16,14,-9.0,9.0,0
2022100445,2022-03-24,fort wayne mad ants,motor city cruise,115,112,0.461,0.435,24,23,50,47,17,18,3.0,-3.0,1
2022100446,2022-03-24,agua caliente clippers,salt lake city stars,111,108,0.477,0.422,26,16,52,38,19,9,3.0,-3.0,1
2022100447,2022-03-25,capital city go-go,lakeland magic,120,82,0.561,0.274,30,20,56,35,17,10,38.0,-38.0,1
2022100448,2022-03-25,fort wayne mad ants,motor city cruise,111,113,0.482,0.439,21,25,41,56,17,16,-2.0,2.0,0
2022100449,2022-03-25,greensboro swarm,westchester knicks,112,100,0.494,0.366,28,21,51,48,23,16,12.0,-12.0,1
2022100450,2022-03-25,college park skyhawks,windy city bulls,123,117,0.495,0.469,28,24,43,48,10,13,6.0,-6.0,1
2022100451,2022-03-25,raptors 905,wisconsin herd,123,105,0.462,0.44,35,25,64,33,17,9,18.0,-18.0,1
2022100452,2022-03-25,rio grande valley vipers,stockton kings,110,100,0.44,0.5,22,16,52,38,20,13,10.0,-10.0,1
2022100453,2022-03-25,memphis hustle,texas legends,112,121,0.511,0.511,22,28,42,41,18,9,-10.0,9.0,0
2022100454,2022-03-25,iowa wolves,santa cruz warriors,112,116,0.448,0.482,23,23,49,40,14,17,-4.0,2.4,0
2022100455,2022-03-25,austin spurs,south bay lakers,101,124,0.425,0.529,22,26,39,49,16,14,-23.0,23.0,0
2022100456,2022-03-26,capital city go-go,lakeland magic,114,103,0.457,0.456,24,29,46,38,11,12,11.0,-11.0,1
2022100457,2022-03-26,greensboro swarm,long island nets,136,119,0.593,0.447,26,27,43,38,15,7,14.0,-20.0,1
2022100458,2022-03-26,oklahoma city blue,sioux falls skyforce,106,117,0.4,0.5,20,36,52,47,14,17,-11.0,11.0,0
2022100459,2022-03-26,rio grande valley vipers,stockton kings,114,99,0.478,0.365,24,17,61,29,23,9,15.0,-15.0,1
2022100460,2022-03-26,austin spurs,santa cruz warriors,112,116,0.469,0.518,26,31,35,50,6,16,-4.0,4.0,0
2022100461,2022-03-27,fort wayne mad ants,maine celtics,107,110,0.435,0.46,26,33,47,49,13,21,-3.0,3.0,0
2022100462,2022-03-27,cleveland charge,westchester knicks,110,120,0.488,0.474,22,28,51,45,22,15,-10.0,10.0,0
2022100463,2022-03-27,delaware blue coats,motor city cruise,125,118,0.459,0.459,22,29,53,41,12,19,7.0,-7.0,1
2022100464,2022-03-27,grand rapids gold,wisconsin herd,111,107,0.506,0.467,31,27,54,43,14,9,4.0,-4.0,1
2022100465,2022-03-27,college park skyhawks,windy city bulls,127,110,0.565,0.41,27,22,48,42,13,8,17.0,-17.0,1
2022100466,2022-03-27,birmingham squadron,texas legends,127,97,0.543,0.372,35,25,50,43,12,8,30.0,-30.0,1
2022100467,2022-03-27,agua caliente clippers,south bay lakers,120,126,0.5,0.565,31,30,39,38,14,16,-6.0,6.0,0
2022100468,2022-03-28,memphis hustle,rio grande valley vipers,115,128,0.425,0.495,25,27,37,58,10,21,-13.0,13.0,0
2022100469,2022-03-29,delaware blue coats,motor city cruise,111,122,0.452,0.44,22,26,44,50,9,7,-11.0,11.0,0
2022100470,2022-03-29,cleveland charge,westchester knicks,100,116,0.443,0.495,18,29,44,48,15,10,-16.0,16.0,0
2022100471,2022-03-29,college park skyhawks,lakeland magic,140,136,0.543,0.58,27,30,35,34,12,15,4.0,-4.0,1
2022100472,2022-03-29,grand rapids gold,raptors 905,103,111,0.442,0.468,27,22,34,49,15,17,-8.0,8.0,0
2022100473,2022-03-29,greensboro swarm,maine celtics,107,144,0.381,0.554,22,32,47,52,10,11,-37.0,37.0,0
2022100474,2022-03-29,long island nets,windy city bulls,116,105,0.527,0.465,25,19,43,38,17,12,11.0,-11.0,1
2022100475,2022-03-29,birmingham squadron,iowa wolves,114,106,0.529,0.451,31,28,44,44,16,14,8.0,-8.0,1
2022100476,2022-03-29,memphis hustle,stockton kings,123,115,0.464,0.511,25,28,49,42,14,10,8.0,-8.0,1
2022100477,2022-03-29,salt lake city stars,santa cruz warriors,115,118,0.398,0.532,22,35,48,56,10,21,-3.0,3.0,0
2022100478,2022-03-30,capital city go-go,fort wayne mad ants,121,130,0.476,0.484,38,27,53,43,19,17,-9.8,9.0,0
2022100479,2022-03-30,agua caliente clippers,rio grande valley vipers,106,98,0.47,0.368,18,21,49,48,16,11,-5.0,-21.0,1
2022100480,2022-03-31,cleveland charge,lakeland magic,91,129,0.355,0.511,16,38,43,58,9,9,-38.0,38.0,0
2022100481,2022-03-31,greensboro swarm,maine celtics,117,122,0.495,0.494,27,31,39,48,12,13,-5.0,5.0,0
2022100482,2022-03-31,long island nets,raptors 905,114,99,0.511,0.394,29,21,59,43,14,9,15.0,-15.0,1
2022100483,2022-03-31,fort wayne mad ants,westchester knicks,110,131,0.378,0.551,26,31,51,51,20,14,-21.0,21.0,0
2022100484,2022-03-31,birmingham squadron,stockton kings,116,106,0.517,0.512,28,27,37,39,12,13,10.0,-10.0,1
2022100485,2022-03-31,iowa wolves,oklahoma city blue,111,106,0.453,0.394,21,27,49,52,11,10,5.0,-5.0,1
2022100486,2022-03-31,sioux falls skyforce,south bay lakers,126,139,0.53,0.588,29,31,41,37,17,7,-13.0,13.0,0
2022100487,2022-04-01,capital city go-go,long island nets,86,77,0.36,0.311,16,17,56,59,14,18,8.8,-9.0,1
2022100488,2022-04-01,delaware blue coats,wisconsin herd,144,110,0.524,0.436,38,31,64,40,14,14,34.0,-34.0,1
2022100489,2022-04-01,college park skyhawks,grand rapids gold,118,115,0.448,0.495,21,28,49,47,8,13,3.0,-3.0,1
2022100490,2022-04-01,iowa wolves,oklahoma city blue,124,114,0.57,0.466,30,25,44,41,14,11,10.0,-10.0,1
2022100491,2022-04-01,austin spurs,santa cruz warriors,112,118,0.438,0.435,22,22,47,55,15,16,-6.0,6.0,0
2022100492,2022-04-01,salt lake city stars,texas legends,91,103,0.364,0.453,24,17,53,49,12,16,-12.0,12.0,0
2022100493,2022-04-02,greensboro swarm,raptors 905,113,119,0.5,0.469,23,27,47,49,23,17,-6.0,6.0,0
2022100494,2022-04-02,delaware blue coats,wisconsin herd,132,114,0.495,0.484,30,29,58,35,16,15,18.0,-18.0,1
2022100495,2022-04-02,college park skyhawks,grand rapids gold,118,111,0.478,0.489,29,31,48,43,8,12,7.0,-7.0,1
2022100496,2022-04-02,lakeland magic,maine celtics,121,118,0.511,0.443,30,30,35,44,10,16,3.0,-3.0,1
2022100497,2022-04-02,cleveland charge,motor city cruise,106,118,0.452,0.5,20,31,41,47,13,11,-12.0,12.0,0
2022100498,2022-04-02,fort wayne mad ants,westchester knicks,114,99,0.494,0.482,25,21,39,40,21,23,12.0,-18.0,1
2022100499,2022-04-02,birmingham squadron,memphis hustle,126,111,0.545,0.406,35,20,48,47,9,8,15.0,-15.0,1
2022100500,2022-04-02,capital city go-go,windy city bulls,99,106,0.402,0.506,21,24,50,36,13,13,-7.0,7.0,0
2022100501,2022-04-02,sioux falls skyforce,south bay lakers,125,128,0.505,0.534,28,29,41,38,21,18,-3.0,3.0,0
2022100502,2022-04-02,agua caliente clippers,rio grande valley vipers,130,128,0.479,0.46,26,31,53,46,20,15,2.0,-2.0,1
2022100503,2022-04-02,austin spurs,texas legends,97,106,0.402,0.458,20,22,45,49,9,15,-11.0,7.0,0
2022100504,2022-04-02,salt lake city stars,stockton kings,104,101,0.429,0.488,23,20,41,43,11,12,3.0,-3.0,1
2022100505,2022-02-15,salt lake city stars,south bay lakers,115,116,0.471,0.469,21,31,49,42,19,13,-1.0,1.0,0
2022100506,2022-02-22,oklahoma city blue,sioux falls skyforce,130,89,0.541,0.314,27,18,55,36,18,20,41.0,-41.0,1
2022100507,2022-03-27,oklahoma city blue,sioux falls skyforce,111,87,0.494,0.326,23,15,56,44,21,7,24.0,-24.0,1
2022100508,2022-03-28,agua caliente clippers,south bay lakers,109,106,0.467,0.477,27,23,45,38,15,17,3.0,-3.0,1
2022100509,2022-03-08,fort wayne mad ants,windy city bulls,131,127,0.424,0.527,25,23,36,47,18,31,4.0,-4.0,1
2022100510,2022-03-21,fort wayne mad ants,long island nets,100,80,0.425,0.302,23,20,48,53,22,24,20.0,-20.0,1
0042100101,2022-04-17,atlanta hawks,miami heat,91,115,0.387,0.524,16,35,38,40,18,15,-24.0,24.0,0
0042100102,2022-04-19,atlanta hawks,miami heat,105,115,0.471,0.481,21,21,40,34,19,14,-10.0,10.0,0
0042100103,2022-04-22,atlanta hawks,miami heat,111,110,0.513,0.441,23,30,36,45,11,14,1.0,-1.0,1
0042100104,2022-04-24,atlanta hawks,miami heat,86,110,0.4,0.435,18,22,41,48,15,6,-24.0,24.0,0
0042100105,2022-04-26,atlanta hawks,miami heat,94,97,0.419,0.451,15,19,42,33,19,14,-3.0,3.0,0
0042100111,2022-04-17,boston celtics,brooklyn nets,115,114,0.472,0.538,24,20,43,29,14,16,1.0,-1.0,1
0042100112,2022-04-20,boston celtics,brooklyn nets,114,107,0.52,0.461,27,16,36,36,14,14,7.0,-7.0,1
0042100113,2022-04-23,boston celtics,brooklyn nets,109,103,0.5,0.506,26,25,34,33,14,18,6.0,-6.0,1
0042100114,2022-04-25,boston celtics,brooklyn nets,116,112,0.472,0.506,26,28,45,38,13,10,4.0,-4.0,1
0042100121,2022-04-17,chicago bulls,milwaukee bucks,86,93,0.323,0.405,17,19,53,58,11,21,-7.0,7.0,0
0042100122,2022-04-20,chicago bulls,milwaukee bucks,114,110,0.494,0.463,25,27,43,44,12,15,4.0,-4.0,1
0042100123,2022-04-22,chicago bulls,milwaukee bucks,81,111,0.393,0.473,22,27,43,55,13,9,-30.0,30.0,0
0042100124,2022-04-24,chicago bulls,milwaukee bucks,95,119,0.389,0.523,27,21,44,51,11,14,-24.0,24.0,0
0042100125,2022-04-27,chicago bulls,milwaukee bucks,100,116,0.424,0.494,24,23,37,51,16,16,-16.0,16.0,0
0042100131,2022-04-16,philadelphia 76ers,toronto raptors,131,111,0.512,0.488,29,27,39,35,3,8,20.0,-20.0,1
0042100132,2022-04-18,philadelphia 76ers,toronto raptors,112,97,0.522,0.427,20,16,41,35,14,9,15.0,-15.0,1
0042100133,2022-04-20,philadelphia 76ers,toronto raptors,104,101,0.514,0.442,18,23,46,32,22,10,3.0,-3.0,1
0042100134,2022-04-23,philadelphia 76ers,toronto raptors,102,110,0.425,0.42,24,19,41,46,15,11,-8.0,8.0,0
0042100135,2022-04-25,philadelphia 76ers,toronto raptors,88,103,0.383,0.512,21,24,37,40,15,8,-15.0,15.0,0
0042100136,2022-04-28,philadelphia 76ers,toronto raptors,132,97,0.58,0.393,32,15,47,37,11,9,35.0,-35.0,1
0042100141,2022-04-17,new orleans pelicans,phoenix suns,99,110,0.379,0.538,20,25,55,35,13,9,-11.0,11.0,0
0042100142,2022-04-19,new orleans pelicans,phoenix suns,125,114,0.548,0.5,32,26,43,33,17,12,11.0,-11.0,1
0042100143,2022-04-22,new orleans pelicans,phoenix suns,111,114,0.481,0.506,17,26,45,35,14,5,-3.0,3.0,0
0042100144,2022-04-24,new orleans pelicans,phoenix suns,118,103,0.471,0.506,20,33,48,39,8,12,15.0,-15.0,1
0042100145,2022-04-26,new orleans pelicans,phoenix suns,97,112,0.4,0.5,14,28,47,40,15,9,-15.0,15.0,0
0042100146,2022-04-28,new orleans pelicans,phoenix suns,109,115,0.506,0.6,25,23,36,32,16,14,-6.0,6.0,0
0042100151,2022-04-16,memphis grizzlies,minnesota timberwolves,117,130,0.453,0.5,25,32,35,46,12,18,-13.0,13.0,0
0042100152,2022-04-19,memphis grizzlies,minnesota timberwolves,124,96,0.478,0.395,29,16,48,40,9,19,28.0,-28.0,1
0042100153,2022-04-21,memphis grizzlies,minnesota timberwolves,104,95,0.422,0.388,22,21,48,41,18,16,9.0,-9.0,1
0042100154,2022-04-23,memphis grizzlies,minnesota timberwolves,118,119,0.488,0.473,31,23,39,34,17,15,-1.0,1.0,0
0042100155,2022-04-26,memphis grizzlies,minnesota timberwolves,111,109,0.415,0.446,24,23,53,42,16,22,2.0,-2.0,1
0042100156,2022-04-29,memphis grizzlies,minnesota timberwolves,114,106,0.465,0.452,24,22,55,37,18,11,8.0,-8.0,1
0042100161,2022-04-16,denver nuggets,golden state warriors,107,123,0.462,0.524,26,33,35,41,10,12,-16.0,16.0,0
0042100162,2022-04-18,denver nuggets,golden state warriors,106,126,0.425,0.548,20,27,47,35,16,9,-20.0,20.0,0
0042100163,2022-04-21,denver nuggets,golden state warriors,113,118,0.5,0.554,25,29,44,30,17,16,-5.0,5.0,0
0042100164,2022-04-24,denver nuggets,golden state warriors,126,121,0.562,0.5,28,26,33,36,20,15,5.0,-5.0,1
0042100165,2022-04-27,denver nuggets,golden state warriors,98,102,0.444,0.451,26,28,50,37,14,9,-4.0,4.0,0
0042100171,2022-04-16,dallas mavericks,utah jazz,93,99,0.382,0.434,17,15,34,53,7,14,-6.0,6.0,0
0042100172,2022-04-18,dallas mavericks,utah jazz,110,104,0.47,0.463,22,19,31,50,3,10,6.0,-6.0,1
0042100173,2022-04-21,dallas mavericks,utah jazz,126,118,0.494,0.565,24,20,32,32,8,14,8.0,-8.0,1
0042100174,2022-04-23,dallas mavericks,utah jazz,99,100,0.429,0.405,15,17,43,46,11,8,-1.0,1.0,0
0042100175,2022-04-25,dallas mavericks,utah jazz,102,77,0.435,0.377,16,12,49,40,10,13,25.0,-25.0,1
0042100176,2022-04-28,dallas mavericks,utah jazz,98,96,0.45,0.429,22,20,37,48,9,11,2.0,-2.0,1
0042100201,2022-05-02,miami heat,philadelphia 76ers,106,92,0.435,0.43,21,18,47,37,11,14,14.0,-14.0,1
0042100202,2022-05-04,miami heat,philadelphia 76ers,119,103,0.513,0.452,25,17,44,34,14,8,16.0,-16.0,1
0042100203,2022-05-06,miami heat,philadelphia 76ers,79,99,0.351,0.478,14,22,36,43,12,18,-20.0,20.0,0
0042100204,2022-05-08,miami heat,philadelphia 76ers,108,116,0.463,0.544,24,25,33,32,13,16,-8.0,8.0,0
0042100205,2022-05-10,miami heat,philadelphia 76ers,120,85,0.536,0.365,26,14,46,36,11,15,35.0,-35.0,1
0042100206,2022-05-12,miami heat,philadelphia 76ers,99,90,0.483,0.414,19,21,49,35,12,13,9.0,-9.0,1
0042100211,2022-05-01,boston celtics,milwaukee bucks,89,101,0.333,0.411,21,22,48,54,18,13,-12.0,12.0,0
0042100212,2022-05-03,boston celtics,milwaukee bucks,109,86,0.475,0.466,28,16,40,37,11,16,23.0,-23.0,1
0042100213,2022-05-07,boston celtics,milwaukee bucks,101,103,0.368,0.404,23,20,47,53,12,10,-2.0,2.0,0
0042100214,2022-05-09,boston celtics,milwaukee bucks,116,108,0.5,0.415,25,18,38,48,11,7,8.0,-8.0,1
0042100215,2022-05-11,boston celtics,milwaukee bucks,107,110,0.512,0.435,25,22,36,49,10,13,-3.0,3.0,0
0042100216,2022-05-13,boston celtics,milwaukee bucks,108,95,0.437,0.409,22,15,42,49,8,10,13.0,-13.0,1
0042100217,2022-05-15,boston celtics,milwaukee bucks,109,81,0.42,0.367,29,20,48,56,12,13,28.0,-28.0,1
0042100221,2022-05-02,dallas mavericks,phoenix suns,114,121,0.471,0.505,16,27,36,51,8,9,-7.0,7.0,0
0042100222,2022-05-04,dallas mavericks,phoenix suns,109,129,0.456,0.645,19,28,25,34,14,16,-20.0,20.0,0
0042100223,2022-05-06,dallas mavericks,phoenix suns,103,94,0.444,0.447,25,23,36,45,8,17,9.0,-9.0,1
0042100224,2022-05-08,dallas mavericks,phoenix suns,111,101,0.447,0.464,22,27,37,44,11,17,10.0,-10.0,1
0042100225,2022-05-10,dallas mavericks,phoenix suns,80,110,0.38,0.494,9,28,38,50,16,12,-30.0,30.0,0
0042100226,2022-05-12,dallas mavericks,phoenix suns,113,86,0.455,0.397,18,18,39,45,6,22,27.0,-27.0,1
0042100227,2022-05-15,dallas mavericks,phoenix suns,123,90,0.568,0.379,14,22,43,39,11,12,33.0,-33.0,1
0042100231,2022-05-01,golden state warriors,memphis grizzlies,117,116,0.484,0.432,31,26,52,46,18,14,1.0,-1.0,1
0042100232,2022-05-03,golden state warriors,memphis grizzlies,101,106,0.421,0.396,27,17,52,49,18,14,-5.0,5.0,0
0042100233,2022-05-07,golden state warriors,memphis grizzlies,142,112,0.624,0.435,34,21,38,30,16,10,30.0,-30.0,1
0042100234,2022-05-09,golden state warriors,memphis grizzlies,101,98,0.4,0.417,25,25,54,48,16,12,3.0,-3.0,1
0042100235,2022-05-11,golden state warriors,memphis grizzlies,95,134,0.45,0.475,22,37,37,55,22,9,-39.0,39.0,0
0042100236,2022-05-13,golden state warriors,memphis grizzlies,110,96,0.394,0.354,24,21,70,44,17,6,14.0,-14.0,1
0042100301,2022-05-17,boston celtics,miami heat,107,118,0.456,0.488,22,18,38,39,16,12,-11.0,11.0,0
0042100302,2022-05-19,boston celtics,miami heat,127,102,0.512,0.442,28,21,41,42,9,14,25.0,-25.0,1
0042100303,2022-05-21,boston celtics,miami heat,103,109,0.486,0.467,21,22,44,34,23,8,-6.0,6.0,0
0042100304,2022-05-23,boston celtics,miami heat,102,82,0.397,0.333,21,22,60,39,9,9,20.0,-20.0,1
0042100305,2022-05-25,boston celtics,miami heat,93,80,0.465,0.319,24,14,46,49,15,12,13.0,-13.0,1
0042100306,2022-05-27,boston celtics,miami heat,103,111,0.444,0.462,22,25,34,37,17,17,-8.0,8.0,0
0042100307,2022-05-29,boston celtics,miami heat,100,96,0.412,0.42,22,16,51,44,13,8,4.0,-4.0,1
0042100311,2022-05-18,dallas mavericks,golden state warriors,87,112,0.36,0.561,14,24,35,51,13,15,-25.0,25.0,0
0042100312,2022-05-20,dallas mavericks,golden state warriors,117,126,0.474,0.561,22,33,30,43,12,13,-9.0,9.0,0
0042100313,2022-05-22,dallas mavericks,golden state warriors,100,109,0.4,0.469,18,28,33,47,7,10,-9.0,9.0,0
0042100314,2022-05-24,dallas mavericks,golden state warriors,119,109,0.5,0.488,30,26,45,42,8,8,10.0,-10.0,1
0042100315,2022-05-26,dallas mavericks,golden state warriors,110,120,0.451,0.511,22,36,34,51,7,10,-10.0,10.0,0
0042100401,2022-06-02,boston celtics,golden state warriors,120,108,0.506,0.443,33,24,39,39,12,14,12.0,-12.0,1
0042100402,2022-06-05,boston celtics,golden state warriors,88,107,0.375,0.453,24,25,43,42,18,12,-19.0,19.0,0
0042100403,2022-06-08,boston celtics,golden state warriors,116,100,0.483,0.462,28,22,47,31,12,16,16.0,-16.0,1
0042100404,2022-06-10,boston celtics,golden state warriors,97,107,0.4,0.44,22,20,42,55,15,16,-10.0,10.0,0
0042100405,2022-06-13,boston celtics,golden state warriors,94,104,0.413,0.466,18,23,47,39,18,6,-10.0,10.0,0
0042100406,2022-06-16,boston celtics,golden state warriors,90,103,0.425,0.413,27,27,41,44,22,15,-13.0,13.0,0
2042100101,2022-04-05,delaware blue coats,long island nets,133,116,0.506,0.471,27,25,39,41,11,20,17.0,-17.0,1
2042100111,2022-04-05,capital city go-go,college park skyhawks,131,122,0.532,0.479,30,31,42,42,13,15,9.0,-9.0,1
2042100121,2022-04-05,santa cruz warriors,south bay lakers,123,134,0.465,0.51,36,32,40,58,12,17,-11.0,11.0,0
2042100131,2022-04-05,birmingham squadron,texas legends,100,115,0.411,0.462,26,28,48,49,13,7,-15.0,15.0,0
2042100201,2022-04-07,capital city go-go,raptors 905,126,131,0.505,0.436,27,25,44,55,13,12,-5.0,5.0,0
2042100211,2022-04-08,delaware blue coats,motor city cruise,124,116,0.455,0.442,24,28,50,49,10,18,8.0,-8.0,1
2042100221,2022-04-07,rio grande valley vipers,texas legends,120,103,0.479,0.375,31,22,61,44,21,9,12.8,-16.2,1
2042100231,2022-04-07,agua caliente clippers,south bay lakers,112,110,0.426,0.433,24,25,48,52,7,13,6.6,-3.6,1
2042100301,2022-04-10,delaware blue coats,raptors 905,143,139,0.5,0.468,34,27,35,61,10,20,4.6,-4.2,1
2042100311,2022-04-09,agua caliente clippers,rio grande valley vipers,114,125,0.452,0.474,20,31,47,47,13,7,-11.0,11.0,0
2042100401,2022-04-12,delaware blue coats,rio grande valley vipers,128,145,0.415,0.434,27,33,53,70,16,18,-17.0,17.0,0
2042100402,2022-04-14,delaware blue coats,rio grande valley vipers,114,131,0.388,0.451,20,25,41,59,18,19,-18.4,17.4,0
0052100101,2022-04-12,brooklyn nets,cleveland cavaliers,115,108,0.536,0.446,33,26,43,40,14,15,7.0,-7.0,1
0052100111,2022-04-13,atlanta hawks,charlotte hornets,132,103,0.521,0.378,31,22,54,41,10,14,29.0,-29.0,1
0052100121,2022-04-12,la clippers,minnesota timberwolves,104,109,0.436,0.434,19,19,39,49,17,11,-5.0,5.0,0
0052100131,2022-04-13,new orleans pelicans,san antonio spurs,113,103,0.543,0.407,25,19,53,34,13,6,10.0,-10.0,1
0052100201,2022-04-15,atlanta hawks,cleveland cavaliers,107,101,0.488,0.457,15,23,42,36,13,11,6.0,-6.0,1
0052100211,2022-04-15,la clippers,new orleans pelicans,101,105,0.412,0.489,20,20,45,54,7,8,-4.0,4.0,0
